age,gender,cancelled_trips,days_since_last_trip,churned,signup_channel,income_level,total_cancelled_trips,net_platform_revenue,avg_duration_min,promo_used_avg,total_promo_cost,avg_discount_value,avg_driver_burden,driver_borne_total,driver_burden_ratio,promo_used_rate,promo_dependency,revenue_quartile,promo_intensity_q,signup_month,last_trip_month,is_inactive_20d,is_inactive_30d,recency_bucket,is_high_value,high_value_and_inactive,low_engagement_and_recent,usage_intensity_score
19,Other,7,20,0,Ads,high,9,264.26,25.865079365079364,0.1428571428571428,63.76,11.586666666666666,0.9599999999999996,5.759999999999998,0.0828538550057537,0.0952380952380952,1,Q4,Mid-High,2024-04,2025-12,1,0,Mid-Inactive,1,1,0,0.5705128205128205
61,Other,0,44,0,Partnership,high,4,227.65,24.996153846153845,0.1538461538461538,66.14999999999999,14.035000000000002,3.01,18.06,0.2144638403990025,0.1153846153846153,1,Q4,Mid-High,2023-10,2025-12,1,1,Inactive,1,1,0,0.530448717948718
31,Male,1,4,0,Ads,high,2,204.98,24.81914893617021,0.2553191489361702,57.6,9.81875,2.67875,21.43,0.2711628495508035,0.1702127659574468,1,Q4,High,2025-01,2025-12,0,0,Recent,1,0,1,0.31463675213675213
55,Female,3,7,0,Ads,low,6,111.27,26.46136363636364,0.2272727272727272,99.69,18.787142857142857,4.767142857142858,33.370000000000005,0.2507891176912671,0.1590909090909091,1,Q2,High,2025-03,2025-12,0,0,Recent,0,0,1,0.4893162393162393
27,Male,2,33,0,Referral,medium,4,84.84,25.716666666666665,0.1,33.38,12.253333333333332,1.1266666666666667,3.38,0.0919477693144722,0.1,1,Q1,Mid-High,2025-09,2025-12,1,1,Inactive,0,0,0,0.36004273504273504
40,Female,3,1,0,Referral,high,3,128.95,21.88387096774193,0.2258064516129032,36.95,17.393333333333334,5.076666666666667,15.23,0.2918742813338443,0.0967741935483871,1,Q3,Mid-High,2024-01,2025-11,0,0,Recent,0,0,1,0.3504273504273504
42,Male,5,12,0,Organic,high,4,205.14,25.182222222222222,0.1333333333333333,13.95,8.365,1.39,2.78,0.1661685594739987,0.0444444444444444,0,Q4,Low,2024-10,2025-12,0,0,Mid-Recent,1,0,1,0.25747863247863245
20,Other,0,52,0,Organic,high,8,210.08,23.078000000000003,0.08,0.0,0.0,0.0,0.0,0.0,0.0,0,Q4,Low,2024-06,2025-12,1,1,Inactive,1,1,0,0.5357905982905983
42,Female,5,4,0,Organic,high,10,243.59,26.82241379310345,0.1724137931034483,55.13,18.06,4.2775,17.11,0.2368493909191583,0.0689655172413793,0,Q4,Mid-Low,2024-06,2025-12,0,0,Recent,1,0,1,0.5213675213675213
31,Other,3,49,1,Referral,medium,3,58.96,25.794117647058822,0.1764705882352941,23.44,11.66,0.145,0.29,0.012220817530552,0.1176470588235294,1,Q1,High,2025-01,2025-12,1,1,Inactive,0,0,0,0.18643162393162394
28,Female,2,6,0,Organic,medium,6,137.7,24.846666666666664,0.2222222222222222,74.58,12.872857142857145,2.3485714285714283,16.439999999999998,0.1806196440342781,0.1555555555555555,1,Q3,High,2025-04,2025-12,0,0,Recent,0,0,1,0.3060897435897436
67,Male,2,17,0,Referral,medium,9,100.72,27.944736842105264,0.1578947368421052,75.71000000000001,14.863333333333337,2.2999999999999994,13.799999999999995,0.1541727181320522,0.1578947368421052,1,Q2,High,2024-01,2025-12,0,0,Mid-Inactive,0,0,0,0.42895299145299143
22,Male,0,37,0,Ads,medium,4,91.78,22.7,0.1515151515151515,26.03,11.323333333333332,2.646666666666666,7.939999999999999,0.2337356491021489,0.0909090909090909,1,Q2,Mid-High,2025-02,2025-12,1,1,Inactive,0,0,0,0.4284188034188034
27,Female,5,1,0,Ads,low,5,109.44,24.661363636363635,0.0909090909090909,9.6,3.376666666666667,0.2766666666666668,0.8300000000000005,0.0795781399808246,0.0681818181818181,0,Q2,Mid-Low,2024-05,2025-12,0,0,Recent,0,0,1,0.517094017094017
45,Other,2,1,0,Organic,medium,9,95.82,23.575000000000003,0.0,0.0,0.0,0.0,0.0,0.0,0.0,0,Q2,Low,2025-09,2025-12,0,0,Recent,0,0,1,0.28846153846153844
49,Male,6,22,0,Referral,medium,6,113.16,23.152380952380952,0.2142857142857142,53.16,13.36,2.776,13.88,0.2070405727923627,0.119047619047619,1,Q2,High,2023-05,2025-11,1,0,Mid-Inactive,0,0,0,0.3210470085470085
68,Other,5,18,0,Referral,medium,8,163.68,26.490384615384617,0.1346153846153846,33.02,11.0675,2.8400000000000003,11.36,0.2559711581793601,0.0769230769230769,0,Q3,Mid-Low,2023-11,2025-11,0,0,Mid-Inactive,0,0,0,0.6346153846153846
47,Other,2,12,0,Referral,medium,7,70.83,28.515384615384612,0.2307692307692307,64.91,18.312,5.33,26.65,0.2910659676714722,0.1923076923076923,1,Q1,High,2025-08,2025-12,0,0,Mid-Recent,0,0,1,0.32905982905982906
66,Female,2,15,0,Referral,medium,4,94.59,25.37878787878788,0.0606060606060606,5.970000000000001,4.109999999999999,1.1249999999999998,2.25,0.2737226277372262,0.0606060606060606,0,Q2,Mid-Low,2024-10,2025-11,0,0,Mid-Inactive,0,0,0,0.5256410256410255
47,Male,2,30,0,Ads,medium,4,152.8,24.03333333333333,0.119047619047619,25.1,10.92,2.553333333333333,7.659999999999999,0.2338217338217338,0.0714285714285714,0,Q3,Mid-Low,2024-01,2025-12,1,1,Inactive,0,0,0,0.4391025641025641
58,Other,5,36,1,Ads,medium,6,83.4,26.135483870967743,0.0967741935483871,29.29,21.5,6.855,13.71,0.3188372093023256,0.064516129032258,0,Q1,Mid-Low,2023-04,2025-10,1,1,Inactive,0,0,0,0.4615384615384615
67,Other,4,4,0,Organic,medium,4,76.06,24.7,0.1428571428571428,21.77,8.24,0.983333333333333,2.949999999999999,0.1193365695792879,0.1071428571428571,1,Q1,Mid-High,2023-11,2025-11,0,0,Recent,0,0,1,0.2889957264957265
41,Female,1,12,1,Referral,high,5,191.98,23.374418604651165,0.1627906976744186,45.86,11.616,2.58,12.9,0.2195371000680735,0.1162790697674418,1,Q4,Mid-High,2025-08,2025-12,0,0,Mid-Recent,1,0,1,0.26976495726495725
23,Other,0,15,0,Referral,high,8,199.7,28.155102040816324,0.2244897959183673,50.3,11.752,1.7979999999999996,8.989999999999998,0.1516275931860347,0.1020408163265306,1,Q4,Mid-High,2024-07,2025-12,0,0,Mid-Inactive,1,0,0,0.5870726495726496
53,Male,5,8,0,Partnership,low,3,99.69,25.194117647058825,0.1764705882352941,6.39,9.0,2.6100000000000003,2.6100000000000003,0.29,0.0294117647058823,0,Q2,Low,2023-01,2025-11,0,0,Mid-Recent,0,0,1,0.35630341880341876
63,Female,1,78,0,Organic,medium,0,128.93,25.202857142857145,0.1714285714285714,39.7,13.355,3.43,13.72,0.2568326469487083,0.1142857142857142,1,Q3,Mid-High,2023-09,2025-11,1,1,Inactive,0,0,0,0.5133547008547008
25,Male,0,0,0,Referral,low,2,36.03,22.975,0.0,0.0,0.0,0.0,0.0,0.0,0.0,0,Q1,Low,2024-12,2025-12,0,0,Recent,0,0,1,0.1752136752136752
53,Male,0,7,0,Referral,medium,3,100.67,27.575,0.1875,43.64,11.2875,0.4549999999999999,1.82,0.0400351957765068,0.125,1,Q2,High,2025-08,2025-12,0,0,Recent,0,0,1,0.35470085470085466
32,Male,9,6,0,Organic,high,9,209.69,24.66296296296296,0.1851851851851851,80.3,14.86285714285714,3.424285714285714,23.97,0.2298839551165244,0.1296296296296296,1,Q4,High,2025-09,2025-12,0,0,Recent,1,0,1,0.43482905982905984
35,Other,1,28,0,Ads,medium,4,85.49,27.71333333333333,0.1333333333333333,25.7,11.586666666666666,3.02,9.06,0.260644418872267,0.1,1,Q1,Mid-High,2024-08,2025-11,1,0,Inactive,0,0,0,0.42254273504273504
54,Female,0,39,0,Partnership,medium,5,121.89,23.468421052631577,0.1578947368421052,39.32,15.746666666666668,2.64,7.92,0.1676545300592718,0.0789473684210526,0,Q3,Mid-Low,2023-03,2025-12,1,1,Inactive,0,0,0,0.5539529914529914
24,Other,0,19,0,Organic,high,9,390.64,24.006593406593407,0.1538461538461538,135.19,16.67818181818182,4.388181818181819,48.27,0.2631091246048185,0.1208791208791208,1,Q4,High,2023-02,2025-11,0,0,Mid-Inactive,1,0,0,0.4540598290598291
64,Male,2,4,0,Referral,low,6,42.35,29.130000000000003,0.15,11.44,16.0,4.5600000000000005,4.5600000000000005,0.285,0.05,0,Q1,Low,2025-05,2025-12,0,0,Recent,0,0,1,0.3242521367521367
24,Male,7,3,0,Ads,medium,6,128.28,25.94285714285714,0.0952380952380952,42.870000000000005,13.3025,2.585,10.34,0.1943243751174591,0.0952380952380952,1,Q3,Mid-High,2025-01,2025-12,0,0,Recent,0,0,1,0.3835470085470085
29,Female,6,17,0,Ads,low,5,115.37,24.8936170212766,0.1702127659574468,31.61,9.1225,1.3050000000000002,5.220000000000001,0.1417322834645669,0.0851063829787234,0,Q2,Mid-Low,2024-09,2025-12,0,0,Mid-Inactive,0,0,0,0.32852564102564097
24,Male,0,50,0,Referral,medium,6,42.59,24.575,0.15,0.0,0.0,0.0,0.0,0.0,0.0,0,Q1,Low,2024-10,2025-12,1,1,Inactive,0,0,0,0.20619658119658119
49,Female,2,50,1,Partnership,low,2,57.010000000000005,25.86086956521739,0.1739130434782608,26.23,9.9225,3.365,13.46,0.3391282438901487,0.1739130434782608,1,Q1,High,2024-09,2025-12,1,1,Inactive,0,0,0,0.42735042735042733
18,Female,2,1,0,Partnership,low,1,51.27,24.245454545454542,0.2727272727272727,16.1,7.8,0.3299999999999998,0.6599999999999997,0.0393794749403341,0.0909090909090909,1,Q1,Mid-High,2024-04,2025-10,0,0,Recent,0,0,1,0.3814102564102564
60,Other,0,3,0,Ads,medium,6,99.48,27.194285714285712,0.1142857142857142,40.0,11.44,1.6875,6.75,0.1443850267379679,0.1142857142857142,1,Q2,Mid-High,2024-09,2025-11,0,0,Recent,0,0,1,0.22863247863247863
21,Other,3,5,0,Organic,medium,7,105.23,24.336111111111112,0.2222222222222222,53.79,13.024,2.4179999999999997,12.089999999999996,0.1835154826958105,0.1388888888888889,1,Q2,High,2025-11,2025-12,0,0,Recent,0,0,1,0.17735042735042733
48,Other,5,41,0,Referral,medium,9,114.28,23.86818181818182,0.0227272727272727,14.62,26.0,11.38,11.38,0.4376923076923077,0.0227272727272727,0,Q2,Low,2024-11,2025-11,1,1,Inactive,0,0,0,0.579594017094017
56,Male,0,10,0,Partnership,high,5,169.86,27.626829268292685,0.1707317073170731,3.26,3.18,0.0,0.0,0.0,0.024390243902439,0,Q4,Low,2024-01,2025-11,0,0,Mid-Recent,1,0,1,0.24038461538461536
55,Other,6,21,0,Referral,medium,6,143.33,24.80444444444445,0.1111111111111111,42.55,13.295,2.6575,10.63,0.199887175629936,0.0888888888888888,1,Q3,Mid-High,2023-01,2025-12,1,0,Mid-Inactive,0,0,0,0.5908119658119658
54,Other,4,14,0,Organic,medium,2,103.16,26.450000000000003,0.0555555555555555,21.26,11.89,1.815,3.63,0.1458417034953796,0.0555555555555555,0,Q2,Low,2024-09,2025-12,0,0,Mid-Recent,0,0,1,0.39262820512820507
33,Female,5,67,0,Ads,medium,5,79.23,30.353571428571428,0.0714285714285714,0.0,0.0,0.0,0.0,0.0,0.0,0,Q1,Low,2024-10,2025-10,1,1,Inactive,0,0,0,0.44871794871794873
66,Male,0,57,1,Partnership,medium,7,135.34,23.527083333333334,0.0833333333333333,35.54,12.486666666666666,0.6500000000000004,1.950000000000001,0.0520138703654308,0.0625,0,Q3,Mid-Low,2024-08,2025-12,1,1,Inactive,0,0,0,0.27724358974358976
31,Other,4,8,0,Ads,medium,3,56.32,23.079166666666666,0.25,74.55,16.051666666666666,3.826666666666666,22.96,0.2354630294328787,0.25,1,Q1,High,2024-11,2025-11,0,0,Mid-Recent,0,0,1,0.5010683760683761
41,Female,3,26,0,Partnership,medium,2,93.17,26.76,0.08,9.15,12.28,3.129999999999999,3.129999999999999,0.2548859934853419,0.04,0,Q2,Low,2024-02,2025-11,1,0,Mid-Inactive,0,0,0,0.4567307692307692
18,Other,5,29,0,Referral,medium,3,100.11,25.709090909090907,0.0606060606060606,15.17,29.0,13.83,13.83,0.4768965517241379,0.0303030303030303,0,Q2,Low,2024-12,2025-12,1,0,Inactive,0,0,0,0.5256410256410255
24,Other,2,7,1,Organic,high,2,160.56,23.797222222222224,0.1388888888888889,15.64,9.745,1.925,3.85,0.1975371985633658,0.0555555555555555,0,Q3,Low,2023-11,2025-12,0,0,Recent,0,0,1,0.20512820512820512
63,Female,6,23,1,Organic,medium,4,174.33,23.840740740740745,0.1481481481481481,48.42,12.606666666666667,4.536666666666666,27.22,0.3598625066102591,0.1111111111111111,1,Q4,Mid-High,2025-05,2025-12,1,0,Mid-Inactive,1,1,0,0.5042735042735043
23,Other,17,9,0,Organic,high,21,449.43,24.03220338983051,0.1440677966101695,162.73000000000002,20.66888888888889,2.9066666666666663,26.16,0.1384933029805706,0.0762711864406779,0,Q4,Mid-Low,2023-08,2025-12,0,0,Mid-Recent,1,0,1,0.7847222222222223
67,Male,3,17,0,Ads,medium,3,108.77,26.61142857142857,0.2,43.25,13.4375,2.625,10.499999999999998,0.1953488372093023,0.1142857142857142,1,Q2,Mid-High,2024-04,2025-11,0,0,Mid-Inactive,0,0,0,0.22863247863247863
53,Male,0,0,0,Referral,low,8,94.77,24.539473684210527,0.0526315789473684,22.54,12.38,1.125,2.25,0.09076240419524,0.0526315789473684,0,Q2,Low,2024-10,2025-12,0,0,Recent,0,0,1,0.5122863247863247
41,Other,7,5,0,Partnership,high,8,228.34,24.485714285714288,0.1607142857142857,56.52,10.241428571428573,2.2985714285714285,16.09,0.2215948216499104,0.125,1,Q4,High,2023-09,2025-11,0,0,Recent,1,0,1,0.32532051282051283
41,Male,0,16,0,Ads,medium,4,67.53999999999999,26.37857142857143,0.2142857142857142,72.91,14.553333333333333,2.4516666666666667,14.71,0.1678840447386441,0.2142857142857142,1,Q1,High,2024-10,2025-12,0,0,Mid-Inactive,0,0,0,0.38621794871794873
40,Other,2,6,0,Ads,high,5,64.34,25.41428571428572,0.238095238095238,55.05,23.666666666666668,5.316666666666666,15.95,0.2246478873239436,0.1428571428571428,1,Q1,High,2025-01,2025-12,0,0,Recent,0,0,1,0.1965811965811966
44,Male,0,72,1,Organic,medium,8,148.66,27.84081632653061,0.1632653061224489,37.38,12.28,0.0633333333333325,0.1899999999999977,0.0050572265105136,0.0612244897959183,0,Q3,Mid-Low,2025-11,2025-12,1,1,Inactive,0,0,0,0.2329059829059829
35,Male,0,6,0,Partnership,medium,2,101.0,20.313333333333333,0.2,23.71,11.533333333333331,3.63,10.89,0.3147398843930635,0.1,1,Q2,Mid-High,2025-04,2025-11,0,0,Recent,0,0,1,0.31837606837606836
30,Female,4,7,0,Organic,medium,4,137.37,24.07619047619048,0.0952380952380952,10.43,5.3133333333333335,1.836666666666667,5.51,0.3456712672521957,0.0714285714285714,0,Q3,Mid-Low,2024-04,2025-12,0,0,Recent,0,0,1,0.5571581196581197
60,Male,6,6,0,Organic,high,10,376.85,26.19,0.1555555555555555,64.44,13.758571428571427,4.671428571428572,32.7,0.336627547869055,0.0777777777777777,0,Q4,Mid-Low,2024-07,2025-12,0,0,Recent,1,0,1,0.5470085470085471
40,Other,0,2,0,Organic,medium,5,156.79,22.21636363636364,0.2181818181818181,114.37,15.066666666666666,2.5244444444444443,22.72,0.1657305419797213,0.1636363636363636,1,Q3,High,2025-07,2025-12,0,0,Recent,0,0,1,0.5085470085470085
29,Other,4,2,0,Referral,medium,5,132.58,23.425531914893615,0.1063829787234042,67.53,17.439999999999998,1.005,4.0200000000000005,0.0561844863731656,0.0851063829787234,0,Q3,Mid-Low,2023-08,2025-12,0,0,Recent,0,0,1,0.37713675213675213
40,Other,1,12,0,Partnership,low,5,130.8,27.808695652173917,0.1521739130434782,49.74,12.472,2.524,12.62,0.2023733162283515,0.108695652173913,1,Q3,Mid-High,2025-09,2025-12,0,0,Mid-Recent,0,0,1,0.2617521367521367
30,Female,2,21,1,Partnership,medium,5,72.81,23.478571428571428,0.0357142857142857,12.72,21.0,8.28,8.28,0.3942857142857142,0.0357142857142857,0,Q1,Low,2023-04,2025-11,1,0,Mid-Inactive,0,0,0,0.21955128205128205
61,Other,4,3,0,Organic,medium,4,82.23,26.529411764705884,0.2352941176470588,27.72,13.083333333333334,3.8433333333333337,11.53,0.2937579617834395,0.088235294117647,1,Q1,Mid-High,2024-09,2025-10,0,0,Recent,0,0,1,0.30769230769230765
57,Female,7,18,0,Organic,medium,4,121.32,24.26904761904762,0.1428571428571428,51.5,17.57,4.695,18.78,0.2672168468981218,0.0952380952380952,1,Q2,Mid-High,2025-06,2025-12,0,0,Mid-Inactive,0,0,0,0.4738247863247863
38,Female,2,17,0,Ads,low,4,86.39,24.363636363636363,0.2424242424242424,81.35,17.543333333333333,4.293333333333334,25.76,0.2405004201288395,0.1818181818181818,1,Q1,High,2024-01,2025-12,0,0,Mid-Inactive,0,0,0,0.3520299145299145
61,Other,0,8,0,Organic,low,3,104.01,27.02439024390244,0.2195121951219512,73.38,16.290000000000003,4.06,24.36,0.249232658072437,0.1463414634146341,1,Q2,High,2023-03,2025-12,0,0,Mid-Recent,0,0,1,0.33066239316239315
37,Female,6,7,0,Partnership,high,5,165.18,23.029545454545453,0.2272727272727272,134.38,19.25,2.671250000000001,21.370000000000005,0.137207062600321,0.1818181818181818,1,Q3,High,2023-09,2025-12,0,0,Recent,0,0,1,0.3295940170940171
46,Other,5,35,0,Partnership,low,5,117.22,25.51875,0.1458333333333333,40.84,12.3575,2.1474999999999995,8.589999999999998,0.1737811045923528,0.0833333333333333,0,Q2,Mid-Low,2023-02,2025-12,1,1,Inactive,0,0,0,0.3327991452991453
36,Other,7,36,0,Referral,high,7,269.98,22.611666666666668,0.15,39.09,10.806,2.988,14.94,0.2765130483064963,0.0833333333333333,0,Q4,Mid-Low,2023-06,2025-12,1,1,Inactive,1,1,0,0.3979700854700855
32,Male,3,58,0,Referral,medium,9,154.88,24.53448275862069,0.0689655172413793,8.29,14.0,5.710000000000001,5.710000000000001,0.4078571428571429,0.0172413793103448,0,Q3,Low,2024-03,2025-12,1,1,Inactive,0,0,0,0.6810897435897436
57,Male,3,30,1,Partnership,low,5,75.19,25.56451612903226,0.1935483870967742,28.75,14.176666666666668,4.593333333333333,13.779999999999998,0.3240065835880554,0.0967741935483871,1,Q1,Mid-High,2025-07,2025-12,1,1,Inactive,0,0,0,0.45459401709401703
49,Female,2,49,0,Ads,low,3,150.86,25.23076923076923,0.173076923076923,76.36,13.558571428571428,2.7414285714285715,19.19,0.2008372579801151,0.1346153846153846,1,Q3,High,2024-08,2025-12,1,1,Inactive,0,0,0,0.34294871794871795
32,Male,5,2,1,Referral,low,5,100.43,25.097368421052632,0.2105263157894736,33.99,12.473333333333334,1.3500000000000003,4.050000000000001,0.1064668769716088,0.0789473684210526,0,Q2,Mid-Low,2023-10,2025-11,0,0,Recent,0,0,1,0.5122863247863247
26,Female,3,13,0,Partnership,low,8,85.53,24.164102564102564,0.1025641025641025,36.7,16.593333333333334,4.36,13.08,0.2627561269586179,0.0769230769230769,0,Q1,Mid-Low,2023-09,2025-11,0,0,Mid-Recent,0,0,1,0.530448717948718
28,Other,4,30,1,Partnership,low,5,119.03,24.38636363636364,0.1590909090909091,27.6,15.5,1.7000000000000002,3.4000000000000004,0.1096774193548387,0.0454545454545454,0,Q2,Low,2025-03,2025-12,1,1,Inactive,0,0,0,0.3157051282051282
67,Other,0,17,1,Ads,medium,4,128.89,23.941463414634143,0.0975609756097561,68.28,18.695,1.83,7.32,0.0968253968253968,0.0975609756097561,1,Q3,Mid-High,2024-01,2025-11,0,0,Mid-Inactive,0,0,0,0.45566239316239315
63,Female,2,2,0,Organic,high,5,152.78,25.922500000000003,0.15,49.620000000000005,12.704,2.78,13.9,0.2188287153652392,0.125,1,Q3,High,2024-03,2025-12,0,0,Recent,0,0,1,0.43055555555555547
23,Male,0,26,0,Ads,medium,6,66.6,24.558333333333334,0.125,37.09,16.413333333333334,4.05,12.15,0.2467506092607636,0.125,1,Q1,High,2025-03,2025-12,1,0,Mid-Inactive,0,0,0,0.39690170940170943
63,Male,5,1,1,Partnership,medium,3,171.33,25.308000000000003,0.14,54.25,12.292,1.568,7.84,0.1262683201803833,0.1,1,Q4,Mid-High,2024-12,2025-12,0,0,Recent,1,0,1,0.3899572649572649
47,Female,2,64,1,Ads,medium,1,46.61,25.866666666666667,0.1666666666666666,11.25,22.0,10.75,10.75,0.4886363636363636,0.0555555555555555,0,Q1,Low,2023-09,2025-11,1,1,Inactive,0,0,0,0.3573717948717949
62,Male,1,1,0,Partnership,medium,4,54.16,28.957894736842107,0.0526315789473684,0.0,0.0,0.0,0.0,0.0,0.0,0,Q1,Low,2023-12,2025-12,0,0,Recent,0,0,1,0.34081196581196577
66,Female,1,14,0,Ads,medium,6,140.5,26.79038461538461,0.1923076923076923,52.71,18.4925,5.315,21.26,0.2874138164120589,0.0769230769230769,0,Q3,Mid-Low,2023-02,2025-12,0,0,Mid-Recent,0,0,1,0.530448717948718
45,Female,0,2,0,Partnership,medium,8,107.09,26.03333333333333,0.2051282051282051,45.33,14.445,3.38,13.52,0.2297366185216652,0.1025641025641025,1,Q2,Mid-High,2023-08,2025-12,0,0,Recent,0,0,1,0.41239316239316237
64,Male,6,10,0,Ads,low,8,122.87,22.495348837209303,0.2558139534883721,104.06,15.37875,2.5175,20.14,0.1621578099838969,0.1860465116279069,1,Q3,High,2025-02,2025-12,0,0,Mid-Recent,0,0,1,0.34615384615384615
54,Other,2,72,1,Referral,medium,9,113.13,25.94375,0.1666666666666666,36.49,17.5,0.0,0.0,0.0,0.0416666666666666,0,Q2,Low,2024-11,2025-12,1,1,Inactive,0,0,0,0.2911324786324786
29,Male,0,17,0,Partnership,low,3,118.16,27.18,0.1,49.8,15.4375,3.37,13.48,0.2130214917825537,0.1,1,Q2,Mid-High,2024-11,2025-11,0,0,Mid-Inactive,0,0,0,0.35416666666666663
38,Female,3,26,0,Organic,low,3,104.34,24.397368421052636,0.1578947368421052,9.18,11.75,2.5700000000000003,2.5700000000000003,0.2187234042553191,0.0263157894736842,0,Q2,Low,2025-01,2025-12,1,0,Mid-Inactive,0,0,0,0.5192307692307692
48,Male,0,7,1,Organic,high,8,268.56,25.67391304347826,0.1739130434782608,110.4,13.97,1.83,16.47,0.1298179238590683,0.1304347826086956,1,Q4,High,2023-04,2025-11,0,0,Recent,1,0,1,0.5267094017094017
67,Other,4,21,0,Referral,high,5,238.62,24.486206896551725,0.1551724137931034,82.99,14.295714285714284,2.471428571428571,17.299999999999997,0.1724997507229035,0.1206896551724138,1,Q4,High,2025-02,2025-12,1,0,Mid-Inactive,1,1,0,0.5213675213675213
57,Male,1,1,1,Ads,high,3,72.54,26.889473684210525,0.1578947368421052,2.92,3.18,0.2600000000000002,0.2600000000000002,0.0817610062893082,0.0526315789473684,0,Q1,Low,2024-05,2025-11,0,0,Recent,0,0,1,0.24358974358974356
54,Male,5,16,0,Organic,high,7,204.32,24.52173913043478,0.2391304347826087,51.02,12.168,1.964,9.82,0.1614069690992767,0.108695652173913,1,Q4,Mid-High,2025-02,2025-12,0,0,Mid-Inactive,1,0,0,0.2825854700854701
56,Other,4,38,1,Ads,medium,0,75.69,23.97083333333333,0.25,27.04,13.5,0.5699999999999998,1.1399999999999997,0.0404542228530872,0.0833333333333333,0,Q1,Mid-Low,2023-11,2025-12,1,1,Inactive,0,0,0,0.4732905982905983
19,Female,4,11,1,Partnership,medium,9,96.09,23.635135135135137,0.2162162162162162,106.69,22.248,1.2699999999999996,6.349999999999998,0.056174805378627,0.1351351351351351,1,Q2,High,2023-12,2025-12,0,0,Mid-Recent,0,0,1,0.45245726495726496
62,Other,8,3,0,Referral,medium,8,114.85,22.16590909090909,0.1818181818181818,39.52,12.2325,2.5325,10.13,0.2040281973816717,0.0909090909090909,1,Q2,Mid-High,2023-12,2025-12,0,0,Recent,0,0,1,0.4268162393162393
25,Other,5,40,0,Organic,medium,8,66.81,23.232142857142858,0.1428571428571428,42.54,16.676666666666666,2.496666666666666,7.489999999999998,0.1497101738956625,0.1071428571428571,1,Q1,Mid-High,2024-11,2025-11,1,1,Inactive,0,0,0,0.21260683760683763
22,Other,0,44,1,Referral,medium,3,50.18,25.95714285714286,0.1904761904761904,13.54,12.495,5.725,11.45,0.4581832733093237,0.0952380952380952,1,Q1,Mid-High,2025-05,2025-12,1,1,Inactive,0,0,0,0.37713675213675213
45,Female,7,17,1,Ads,high,6,174.53,23.92,0.1555555555555555,48.83,17.613999999999997,7.848000000000001,39.24,0.4455546724196662,0.1111111111111111,1,Q4,Mid-High,2025-03,2025-12,0,0,Mid-Inactive,1,0,0,0.31997863247863245
59,Female,2,3,0,Partnership,medium,2,86.2,27.392857142857142,0.1071428571428571,30.26,12.6,2.613333333333333,7.839999999999999,0.205774278215223,0.1071428571428571,1,Q1,Mid-High,2025-10,2025-12,0,0,Recent,0,0,1,0.24038461538461542
35,Female,1,24,0,Referral,medium,4,121.22,25.58205128205128,0.2564102564102564,50.37,13.69,1.3775000000000004,5.510000000000002,0.098604151753758,0.1025641025641025,1,Q2,Mid-High,2023-07,2025-11,1,0,Mid-Inactive,0,0,0,0.454059829059829
66,Female,3,32,1,Organic,medium,8,155.3,26.031372549019608,0.1372549019607843,27.01,11.173333333333332,2.1699999999999995,6.509999999999998,0.1942124105011932,0.0588235294117647,0,Q3,Mid-Low,2024-09,2025-12,1,1,Inactive,0,0,0,0.5539529914529915
29,Female,3,18,0,Organic,medium,7,87.36,23.403125,0.125,31.4,14.093333333333334,3.6266666666666665,10.88,0.2573320719016083,0.09375,1,Q1,Mid-High,2023-02,2025-11,0,0,Mid-Inactive,0,0,0,0.5213675213675213
56,Other,6,5,0,Referral,medium,5,152.2,25.822,0.16,20.840000000000003,7.756666666666667,0.8233333333333329,2.469999999999999,0.1059631059631059,0.06,0,Q3,Mid-Low,2024-01,2025-12,0,0,Recent,0,0,1,0.6191239316239316
64,Female,3,19,0,Ads,medium,4,221.96,25.966666666666665,0.1212121212121212,68.6,15.784,2.258,11.29,0.1413193140568281,0.0757575757575757,0,Q4,Mid-Low,2023-06,2025-12,0,0,Mid-Inactive,1,0,0,0.638888888888889
46,Male,2,33,0,Organic,low,3,93.59,22.59705882352941,0.0588235294117647,27.15,25.0,0.0,0.0,0.0,0.0294117647058823,0,Q2,Low,2023-11,2025-11,1,1,Inactive,0,0,0,0.25213675213675213
37,Other,7,65,1,Partnership,medium,4,191.21,26.922807017543857,0.1228070175438596,43.46,10.552,2.03,10.15,0.1893303488155194,0.087719298245614,1,Q4,Mid-High,2024-07,2025-12,1,1,Inactive,1,1,0,0.5101495726495726
39,Female,1,86,0,Organic,medium,1,48.11,23.70625,0.0625,0.0,0.0,0.0,0.0,0.0,0.0,0,Q1,Low,2025-02,2025-12,1,1,Inactive,0,0,0,0.19604700854700852
25,Other,4,6,0,Organic,medium,1,165.31,26.921739130434784,0.0434782608695652,20.27,12.38,2.245,4.49,0.1813408723747981,0.0434782608695652,0,Q3,Low,2024-06,2025-12,0,0,Recent,0,0,1,0.5395299145299145
66,Other,1,9,0,Ads,medium,7,97.79,25.938888888888886,0.1111111111111111,15.92,19.0,3.08,3.08,0.1621052631578947,0.0277777777777777,0,Q2,Low,2024-03,2025-11,0,0,Mid-Recent,0,0,1,0.344017094017094
35,Other,2,4,0,Referral,low,6,58.73,25.503703703703703,0.037037037037037,0.0,0.0,0.0,0.0,0.0,0.0,0,Q1,Low,2023-01,2025-11,0,0,Recent,0,0,1,0.35416666666666663
41,Male,1,2,0,Referral,medium,6,126.2,25.3025641025641,0.1282051282051282,27.81,12.226666666666668,2.956666666666667,8.870000000000001,0.2418211559432933,0.0769230769230769,0,Q3,Mid-Low,2024-10,2025-12,0,0,Recent,0,0,1,0.26655982905982906
21,Other,1,9,0,Ads,high,7,157.62,26.178048780487803,0.1707317073170731,18.83,7.276666666666666,1.0,3.0,0.1374255611543747,0.073170731707317,0,Q3,Mid-Low,2024-09,2025-11,0,0,Mid-Recent,0,0,1,0.4348290598290598
54,Female,6,55,0,Partnership,high,1,192.2,21.095348837209304,0.1395348837209302,85.61,16.168333333333333,2.088333333333333,12.529999999999998,0.1276747503566333,0.1395348837209302,1,Q4,High,2023-06,2025-12,1,1,Inactive,1,1,0,0.49893162393162394
21,Female,6,30,0,Referral,medium,8,159.46,26.798,0.06,11.54,13.24,1.700000000000001,1.700000000000001,0.1283987915407855,0.02,0,Q3,Low,2024-09,2025-12,1,1,Inactive,0,0,0,0.27190170940170943
22,Other,3,10,0,Ads,low,3,79.86,25.61764705882353,0.0588235294117647,21.1,21.0,0.0,0.0,0.0,0.0294117647058823,0,Q1,Low,2023-02,2025-12,0,0,Mid-Recent,0,0,1,0.49519230769230765
23,Male,0,6,1,Partnership,medium,3,27.94,25.058333333333334,0.0833333333333333,11.18,19.0,7.82,7.82,0.411578947368421,0.0833333333333333,0,Q1,Mid-Low,2025-03,2025-10,0,0,Recent,0,0,1,0.3942307692307692
46,Female,1,13,0,Partnership,low,6,208.87,26.269863013698632,0.1232876712328767,67.58,11.218571428571428,1.604285714285714,11.229999999999997,0.1424946072833396,0.0958904109589041,1,Q4,Mid-High,2025-07,2025-12,0,0,Mid-Recent,1,0,1,0.48130341880341887
21,Other,2,10,0,Ads,medium,7,120.66,22.345454545454547,0.1818181818181818,63.57,11.603333333333332,1.1900000000000002,7.140000000000001,0.1009758167161646,0.1363636363636363,1,Q2,High,2025-08,2025-12,0,0,Mid-Recent,0,0,1,0.5240384615384615
28,Male,0,48,0,Referral,high,6,188.07,22.66590909090909,0.1818181818181818,56.59,13.964,2.694,13.47,0.1922637739080787,0.1136363636363636,1,Q4,Mid-High,2024-02,2025-12,1,1,Inactive,1,1,0,0.2601495726495726
46,Other,3,15,0,Organic,low,8,50.57,23.448,0.04,14.98,19.0,4.02,4.02,0.211578947368421,0.04,0,Q1,Low,2025-10,2025-12,0,0,Mid-Inactive,0,0,0,0.1997863247863248
63,Female,5,3,0,Referral,medium,6,183.32,23.8344262295082,0.2295081967213114,95.04,14.178,4.674,46.74,0.3296656792213288,0.1639344262295081,1,Q4,High,2023-01,2025-11,0,0,Recent,1,0,1,0.561965811965812
60,Male,4,18,1,Referral,medium,5,103.92,26.95,0.1578947368421052,42.02,12.76,2.425,9.7,0.1875483372003093,0.1052631578947368,1,Q2,Mid-High,2025-10,2025-12,0,0,Mid-Inactive,0,0,0,0.3317307692307692
35,Male,0,3,0,Referral,medium,4,88.73,23.885185185185183,0.1481481481481481,24.04,14.0,1.9799999999999995,3.959999999999999,0.1414285714285714,0.074074074074074,0,Q1,Mid-Low,2023-06,2025-09,0,0,Recent,0,0,1,0.16666666666666669
65,Other,1,7,0,Partnership,medium,10,96.49,25.87894736842105,0.1578947368421052,19.39,9.135,0.1500000000000001,0.3000000000000002,0.0152361604875571,0.0526315789473684,0,Q2,Low,2024-06,2025-12,0,0,Recent,0,0,1,0.547008547008547
62,Female,3,88,0,Partnership,medium,5,119.15,26.735714285714288,0.1428571428571428,35.97,10.81,1.8175,7.27,0.1681313598519889,0.0952380952380952,1,Q2,Mid-High,2024-04,2025-11,1,1,Inactive,0,0,0,0.577991452991453
20,Female,4,44,0,Organic,medium,3,71.57000000000001,25.175,0.0833333333333333,0.0,0.0,0.0,0.0,0.0,0.0,0,Q1,Low,2023-02,2025-12,1,1,Inactive,0,0,0,0.30662393162393164
61,Other,7,17,0,Organic,medium,3,169.67,26.874074074074077,0.1851851851851851,47.78,10.403333333333334,2.5583333333333336,15.35,0.243149057500396,0.1111111111111111,1,Q4,Mid-High,2023-04,2025-12,0,0,Mid-Inactive,1,0,0,0.6362179487179487
51,Other,3,4,0,Organic,low,1,64.92999999999999,23.930769230769236,0.2692307692307692,51.31,11.576,1.6020000000000003,8.010000000000002,0.135030343897505,0.1923076923076923,1,Q1,High,2025-01,2025-11,0,0,Recent,0,0,1,0.2110042735042735
58,Female,0,20,0,Partnership,low,1,52.75,24.83157894736842,0.1578947368421052,28.55,16.12,1.8500000000000003,3.700000000000001,0.1147286821705426,0.1052631578947368,1,Q1,Mid-High,2025-07,2025-12,1,0,Mid-Inactive,0,0,0,0.30608974358974356
38,Other,1,14,0,Ads,medium,3,111.74,25.15952380952381,0.0714285714285714,2.37,3.46,1.09,1.09,0.315028901734104,0.0238095238095238,0,Q2,Low,2023-07,2025-12,0,0,Mid-Recent,0,0,1,0.4460470085470085
36,Other,0,101,1,Referral,low,5,68.47,23.88214285714286,0.2857142857142857,72.15,20.6,6.17,30.85,0.2995145631067961,0.1785714285714285,1,Q1,High,2023-06,2025-11,1,1,Inactive,0,0,0,0.23344017094017094
34,Female,1,25,0,Partnership,medium,5,110.89,24.1027027027027,0.1621621621621621,37.5,13.32,1.5399999999999998,4.619999999999999,0.1096866096866096,0.081081081081081,0,Q2,Mid-Low,2023-12,2025-11,1,0,Mid-Inactive,0,0,0,0.22329059829059827
47,Female,0,58,1,Ads,medium,2,17.93,34.4875,0.125,0.0,0.0,0.0,0.0,0.0,0.0,0,Q1,Low,2023-07,2025-11,1,1,Inactive,0,0,0,0.2799145299145299
58,Female,0,28,0,Ads,low,3,72.63,23.975,0.0714285714285714,23.62,29.0,5.379999999999999,5.379999999999999,0.1855172413793103,0.0357142857142857,0,Q1,Low,2023-12,2025-11,1,0,Inactive,0,0,0,0.49732905982905984
36,Female,4,40,0,Referral,medium,5,169.6,25.016666666666666,0.1458333333333333,79.12,20.31,1.0350000000000006,4.140000000000002,0.0497237569060773,0.0833333333333333,0,Q4,Mid-Low,2023-11,2025-12,1,1,Inactive,1,1,0,0.5272435897435896
33,Other,1,3,0,Organic,medium,4,86.64,25.574193548387097,0.2258064516129032,45.98,11.768,2.572,12.86,0.2185588035350101,0.1612903225806451,1,Q1,High,2025-09,2025-12,0,0,Recent,0,0,1,0.3990384615384615
23,Male,2,46,1,Partnership,low,6,104.23,25.54390243902439,0.0975609756097561,19.62,14.345,4.534999999999999,9.07,0.3161380271871732,0.048780487804878,0,Q2,Low,2024-01,2025-12,1,1,Inactive,0,0,0,0.42788461538461536
49,Other,5,10,0,Organic,medium,2,282.86,24.46578947368421,0.1973684210526315,106.56,14.65,2.946666666666667,26.520000000000003,0.1992786293958521,0.1184210526315789,1,Q4,High,2023-07,2025-12,0,0,Mid-Recent,1,0,1,0.6260683760683761
33,Female,1,50,0,Partnership,low,6,91.78,25.089473684210525,0.131578947368421,32.9,11.33,0.7066666666666667,2.12,0.0605368360936607,0.0789473684210526,0,Q2,Mid-Low,2024-11,2025-12,1,1,Inactive,0,0,0,0.5122863247863247
65,Male,8,21,1,Organic,medium,11,118.32,26.636734693877557,0.2040816326530612,37.14,8.968,1.552,7.76,0.1728285077951002,0.1020408163265306,1,Q2,Mid-High,2025-06,2025-12,1,0,Mid-Inactive,0,0,0,0.3787393162393162
35,Male,0,34,0,Organic,medium,1,50.64,24.80555555555556,0.1111111111111111,21.95,29.0,7.050000000000001,7.050000000000001,0.243103448275862,0.0555555555555555,0,Q1,Low,2024-09,2025-11,1,1,Inactive,0,0,0,0.280982905982906
52,Female,7,34,0,Organic,low,4,131.1,26.17058823529412,0.1764705882352941,63.13,15.556,3.002,15.009999999999998,0.1920911185052469,0.0980392156862745,1,Q3,Mid-High,2025-01,2025-12,1,1,Inactive,0,0,0,0.3108974358974359
30,Other,0,18,1,Partnership,medium,8,157.06,26.430769230769236,0.2307692307692307,96.66,15.915,3.88875,31.11,0.2434843860061047,0.1538461538461538,1,Q3,High,2023-03,2025-12,0,0,Mid-Inactive,0,0,0,0.34989316239316237
38,Other,2,37,1,Partnership,high,3,177.82,25.335,0.075,31.71,13.52,2.95,8.85,0.2181952662721893,0.075,0,Q4,Mid-Low,2025-04,2025-12,1,1,Inactive,1,1,0,0.3472222222222222
49,Male,5,3,0,Organic,medium,5,145.22,25.867441860465117,0.0465116279069767,8.53,9.0,0.4700000000000006,0.4700000000000006,0.0522222222222222,0.0232558139534883,0,Q3,Low,2023-04,2025-11,0,0,Recent,0,0,1,0.422542735042735
51,Female,4,22,0,Ads,high,5,131.37,25.01842105263158,0.2105263157894736,26.82,30.0,3.18,3.18,0.106,0.0263157894736842,0,Q3,Low,2024-03,2025-12,1,0,Mid-Inactive,0,0,0,0.38728632478632474
22,Female,0,52,0,Organic,medium,4,123.56,25.072222222222223,0.1388888888888889,30.92,21.0,5.54,11.08,0.2638095238095238,0.0555555555555555,0,Q3,Low,2024-03,2025-12,1,1,Inactive,0,0,0,0.6009615384615384
39,Other,2,64,0,Organic,high,4,148.85,21.87058823529412,0.1470588235294117,31.28,16.176666666666666,5.75,17.25,0.3554502369668246,0.088235294117647,1,Q3,Mid-High,2023-10,2025-12,1,1,Inactive,0,0,0,0.33547008547008544
57,Male,0,45,0,Organic,high,10,392.84,25.34526315789474,0.1157894736842105,80.79,13.368571428571428,1.827142857142857,12.79,0.1366745030989527,0.0736842105263157,0,Q4,Mid-Low,2023-01,2025-12,1,1,Inactive,1,1,0,0.7836538461538463
45,Male,6,56,0,Partnership,high,10,220.87,26.50526315789473,0.2456140350877192,137.16,18.096,4.423,44.23,0.2438392414135289,0.175438596491228,1,Q4,High,2025-04,2025-12,1,1,Inactive,1,1,0,0.4476495726495726
19,Male,5,29,1,Referral,medium,7,182.39,28.173846153846156,0.1692307692307692,61.27,14.041666666666666,3.83,22.98,0.2727596439169139,0.0923076923076923,1,Q4,Mid-High,2024-09,2025-12,1,0,Inactive,1,1,0,0.45405982905982906
45,Male,4,2,1,Partnership,medium,9,162.35,26.13448275862069,0.1724137931034483,66.64,13.025,1.9583333333333328,11.749999999999996,0.1498915678020155,0.1034482758620689,1,Q3,Mid-High,2024-11,2025-12,0,0,Recent,0,0,1,0.3616452991452992
23,Other,4,11,0,Ads,medium,7,140.74,27.406382978723403,0.1276595744680851,55.67,21.5,7.5825,30.33,0.3526744186046512,0.0851063829787234,0,Q3,Mid-Low,2024-08,2025-11,0,0,Mid-Recent,0,0,1,0.4674145299145299
32,Female,7,0,0,Partnership,medium,5,209.9,26.4741935483871,0.1290322580645161,63.45,11.496666666666668,1.115,6.69,0.0953806672369546,0.0967741935483871,1,Q4,Mid-High,2024-10,2025-12,0,0,Recent,1,0,1,0.5037393162393162
47,Female,4,9,0,Referral,high,11,251.13,24.333823529411767,0.1029411764705882,62.22,11.376666666666669,1.1216666666666666,6.73,0.0976069615663524,0.088235294117647,1,Q4,Mid-High,2025-01,2025-12,0,0,Mid-Recent,1,0,1,0.6613247863247864
37,Other,1,13,0,Organic,medium,7,87.73,28.31212121212121,0.0303030303030303,0.0,0.0,0.0,0.0,0.0,0.0,0,Q1,Low,2023-05,2025-10,0,0,Mid-Recent,0,0,1,0.23397435897435898
42,Female,1,9,0,Ads,medium,1,30.84,26.7875,0.0,0.0,0.0,0.0,0.0,0.0,0.0,0,Q1,Low,2023-10,2025-07,0,0,Mid-Recent,0,0,1,0.16880341880341881
54,Female,0,23,1,Referral,medium,3,115.92,22.87560975609756,0.2439024390243902,68.57,12.153333333333334,0.9716666666666668,5.83,0.0783602150537634,0.1463414634146341,1,Q2,High,2024-11,2025-11,1,0,Mid-Inactive,0,0,0,0.4348290598290598
54,Other,0,126,0,Partnership,high,8,183.0,26.212,0.18,64.62,11.165714285714284,1.9342857142857135,13.539999999999996,0.1732343909928351,0.14,1,Q4,High,2025-06,2025-12,1,1,Inactive,1,1,0,0.2927350427350427
40,Male,0,30,1,Organic,medium,4,67.42,24.095454545454547,0.1363636363636363,2.36,3.18,0.8200000000000003,0.8200000000000003,0.2578616352201258,0.0454545454545454,0,Q1,Low,2023-10,2025-12,1,1,Inactive,0,0,0,0.46474358974358976
58,Other,0,14,0,Organic,high,2,209.42,27.38,0.1333333333333333,7.64,8.0,0.3600000000000003,0.3600000000000003,0.045,0.0222222222222222,0,Q4,Low,2024-11,2025-12,0,0,Mid-Recent,1,0,1,0.5074786324786325
41,Other,4,13,0,Referral,medium,4,73.73,31.0962962962963,0.2222222222222222,22.11,5.984999999999999,0.5225,2.09,0.0863636363636363,0.1481481481481481,1,Q1,High,2023-11,2025-12,0,0,Mid-Recent,0,0,1,0.5277777777777778
29,Male,1,4,1,Organic,low,6,145.95,26.734615384615385,0.1153846153846153,11.18,8.34,2.75,5.5,0.329736211031175,0.0384615384615384,0,Q3,Low,2025-01,2025-12,0,0,Recent,0,0,1,0.41239316239316237
48,Female,1,6,0,Referral,medium,2,42.8,24.69333333333333,0.3333333333333333,31.410000000000004,18.5,2.794999999999999,5.589999999999998,0.151081081081081,0.1333333333333333,1,Q1,High,2023-12,2025-11,0,0,Recent,0,0,1,0.37927350427350426
66,Male,0,5,0,Organic,medium,6,200.23,26.026666666666664,0.1666666666666666,67.56,16.856,3.4159999999999995,17.08,0.2017958412098298,0.0833333333333333,0,Q4,Mid-Low,2025-06,2025-12,0,0,Recent,1,0,1,0.6340811965811965
34,Other,0,2,0,Partnership,high,8,320.83,23.56533333333333,0.1733333333333333,99.9,14.093333333333334,3.201111111111111,28.81,0.2238365317380156,0.12,1,Q4,High,2023-08,2025-11,0,0,Recent,1,0,1,0.5731837606837606
55,Female,0,6,1,Referral,medium,5,64.44,23.226923076923075,0.1538461538461538,25.83,9.81,3.3525,13.41,0.3417431192660551,0.1538461538461538,1,Q1,High,2024-03,2025-08,0,0,Recent,0,0,1,0.4610042735042735
57,Other,9,11,0,Ads,high,4,289.15,24.796969696969697,0.1212121212121212,15.88,10.64,2.6999999999999997,5.399999999999999,0.2537593984962405,0.0303030303030303,0,Q4,Low,2025-02,2025-12,0,0,Mid-Recent,1,0,1,0.6180555555555556
62,Female,0,1,0,Referral,low,4,124.04,24.43636363636364,0.1363636363636363,24.32,7.805,1.725,6.9,0.2210121716848174,0.0909090909090909,1,Q3,Mid-High,2025-02,2025-12,0,0,Recent,0,0,1,0.530982905982906
37,Female,1,19,1,Referral,high,6,209.94,23.420408163265304,0.1020408163265306,20.77,21.0,0.2300000000000004,0.2300000000000004,0.0109523809523809,0.0204081632653061,0,Q4,Low,2023-03,2025-12,0,0,Mid-Inactive,1,0,0,0.6217948717948718
42,Female,1,10,0,Partnership,medium,5,132.62,26.86923076923077,0.1538461538461538,40.65,15.583333333333334,2.0333333333333337,6.100000000000001,0.1304812834224599,0.0769230769230769,0,Q3,Mid-Low,2024-02,2025-12,0,0,Mid-Recent,0,0,1,0.5582264957264956
49,Other,7,11,0,Organic,high,6,293.2,23.9625,0.0833333333333333,28.37,7.403999999999999,1.944,9.72,0.2551850879495931,0.0694444444444444,0,Q4,Mid-Low,2025-09,2025-12,0,0,Mid-Recent,1,0,1,0.6645299145299146
31,Female,6,3,0,Ads,medium,5,123.82,26.44090909090909,0.1136363636363636,24.93,10.92,2.61,7.829999999999999,0.239010989010989,0.0681818181818181,0,Q3,Mid-Low,2024-10,2025-12,0,0,Recent,0,0,1,0.579594017094017
52,Other,6,35,0,Referral,medium,4,120.3,25.0075,0.15,35.02,15.76,4.086666666666666,12.259999999999998,0.259306260575296,0.075,0,Q2,Mid-Low,2025-10,2025-12,1,1,Inactive,0,0,0,0.2708333333333333
25,Female,4,6,0,Ads,medium,3,175.68,25.45098039215686,0.2352941176470588,105.06,16.94,3.8575,30.86,0.2270453207769275,0.1568627450980392,1,Q4,High,2024-05,2025-12,0,0,Recent,1,0,1,0.484508547008547
33,Male,3,16,0,Referral,medium,1,60.98,24.415,0.1,13.81,16.0,2.1899999999999995,2.1899999999999995,0.1368749999999999,0.05,0,Q1,Low,2024-04,2025-12,0,0,Mid-Inactive,0,0,0,0.4214743589743589
32,Female,2,17,1,Referral,medium,5,158.45,21.912244897959184,0.2244897959183673,93.68,12.75,2.545555555555555,22.91,0.1965005575092203,0.1836734693877551,1,Q3,High,2025-02,2025-12,0,0,Mid-Inactive,0,0,0,0.2954059829059829
52,Female,1,0,0,Referral,medium,1,109.13,21.51212121212121,0.1212121212121212,10.6,17.0,6.4,6.4,0.3764705882352941,0.0303030303030303,0,Q2,Low,2023-04,2025-11,0,0,Recent,0,0,1,0.49786324786324787
40,Male,6,24,1,Referral,high,8,247.63,24.538983050847456,0.1694915254237288,92.15,15.418571428571427,2.4257142857142853,16.979999999999997,0.1555942453953999,0.1186440677966101,1,Q4,High,2025-01,2025-12,1,0,Mid-Inactive,1,1,0,0.37286324786324787
26,Other,5,10,0,Referral,high,9,300.41,25.25774647887324,0.2535211267605634,93.93,13.775555555555556,3.441111111111111,30.97,0.2479583666933546,0.1267605633802817,1,Q4,High,2024-11,2025-12,0,0,Mid-Recent,1,0,1,0.5908119658119658
67,Female,0,20,0,Partnership,low,3,122.75,24.525581395348837,0.3023255813953488,69.94,10.36111111111111,2.6244444444444444,23.62,0.2524583155194527,0.2093023255813953,1,Q3,High,2025-06,2025-12,1,0,Mid-Inactive,0,0,0,0.5544871794871795
64,Other,2,9,0,Partnership,high,4,172.82,26.93720930232558,0.1162790697674418,34.85,13.0075,4.295,17.18,0.3301941187776283,0.0930232558139534,1,Q4,Mid-High,2025-07,2025-12,0,0,Mid-Recent,1,0,1,0.5544871794871795
43,Female,2,60,0,Partnership,low,2,77.9,26.6962962962963,0.1851851851851851,22.37,14.14,2.954999999999999,5.909999999999998,0.2089816124469589,0.074074074074074,0,Q1,Mid-Low,2025-09,2025-12,1,1,Inactive,0,0,0,0.2638888888888889
38,Other,0,6,0,Referral,high,12,415.94,24.498979591836736,0.1938775510204081,131.6,15.069090909090908,3.183636363636364,35.02,0.2101788500780218,0.1122448979591836,1,Q4,Mid-High,2023-07,2025-12,0,0,Recent,1,0,1,0.49091880341880345
58,Other,3,32,0,Partnership,medium,12,152.24,23.68448275862069,0.1379310344827586,58.7,11.67,1.8866666666666667,11.32,0.1616680948300485,0.1034482758620689,1,Q3,Mid-High,2024-11,2025-12,1,1,Inactive,0,0,0,0.4033119658119658
56,Female,4,15,0,Referral,medium,4,96.86,27.421875,0.15625,22.95,12.666666666666666,5.016666666666667,15.05,0.3960526315789474,0.09375,1,Q2,Mid-High,2024-10,2025-12,0,0,Mid-Inactive,0,0,0,0.25747863247863245
32,Female,5,26,0,Partnership,low,6,117.1,26.53478260869565,0.1304347826086956,58.75,17.25,2.5625000000000004,10.250000000000002,0.1485507246376811,0.0869565217391304,0,Q2,Mid-Low,2023-09,2025-11,1,0,Mid-Inactive,0,0,0,0.5256410256410257
38,Female,2,2,0,Organic,high,9,158.12,24.564444444444447,0.1777777777777777,23.83,13.44,5.496666666666667,16.490000000000002,0.4089781746031746,0.0666666666666666,0,Q3,Mid-Low,2025-05,2025-12,0,0,Recent,0,0,1,0.24358974358974358
22,Male,1,17,0,Referral,low,3,100.38,26.30540540540541,0.1621621621621621,24.09,10.413333333333334,2.383333333333334,7.150000000000002,0.2288732394366198,0.081081081081081,0,Q2,Mid-Low,2024-12,2025-12,0,0,Mid-Inactive,0,0,0,0.5010683760683761
26,Other,7,23,1,Organic,medium,3,151.32,25.018367346938778,0.0816326530612244,29.54,14.926666666666668,5.079999999999999,15.239999999999998,0.3403305046895935,0.0612244897959183,0,Q3,Mid-Low,2024-02,2025-11,1,0,Mid-Inactive,0,0,0,0.594017094017094
60,Female,1,96,0,Organic,medium,6,113.57,26.148780487804878,0.0975609756097561,33.68,15.76,4.533333333333334,13.6,0.2876480541455161,0.073170731707317,0,Q2,Mid-Low,2025-02,2025-12,1,1,Inactive,0,0,0,0.41399572649572647
54,Other,3,57,0,Ads,high,3,101.12,23.74814814814815,0.1481481481481481,42.16,12.52,1.9799999999999995,7.919999999999997,0.1581469648562299,0.1481481481481481,1,Q2,High,2025-08,2025-12,1,1,Inactive,0,0,0,0.40277777777777773
40,Other,5,77,0,Referral,high,5,159.86,23.44324324324324,0.027027027027027,0.0,0.0,0.0,0.0,0.0,0.0,0,Q3,Low,2023-07,2025-12,1,1,Inactive,0,0,0,0.3482905982905983
45,Other,7,40,1,Organic,medium,9,197.12,25.62295081967213,0.180327868852459,74.56,14.553333333333333,2.2616666666666663,13.57,0.1539770793146488,0.0983606557377049,1,Q4,Mid-High,2024-01,2025-12,1,1,Inactive,1,1,0,0.6800213675213675
62,Female,1,2,0,Organic,medium,7,133.11,26.665116279069764,0.1627906976744186,40.75,11.636,3.486,17.43,0.2995874871089721,0.1162790697674418,1,Q3,Mid-High,2023-01,2025-11,0,0,Recent,0,0,1,0.3878205128205128
54,Other,2,28,0,Referral,medium,1,135.28,24.1725,0.2,23.39,12.28,0.96,1.92,0.0758593441327538,0.05,0,Q3,Low,2025-10,2025-12,1,0,Inactive,0,0,0,0.3402777777777778
23,Other,4,21,0,Partnership,high,10,304.78,26.123076923076923,0.0897435897435897,20.37,13.38,3.1950000000000003,6.390000000000001,0.2387892376681614,0.0256410256410256,0,Q4,Low,2024-11,2025-12,1,0,Mid-Inactive,1,1,0,0.6346153846153846
28,Female,1,0,0,Organic,medium,2,139.65,25.872727272727275,0.1818181818181818,91.71,18.556,0.756,3.78,0.0395852968897266,0.1136363636363636,1,Q3,Mid-High,2024-01,2025-10,0,0,Recent,0,0,1,0.3920940170940171
28,Other,6,35,0,Referral,medium,1,168.15,25.910416666666663,0.1666666666666666,29.6,12.28,2.433333333333333,7.299999999999999,0.1978319783197831,0.0625,0,Q4,Mid-Low,2025-07,2025-12,1,1,Inactive,1,1,0,0.3466880341880342
49,Other,6,11,0,Partnership,low,8,132.28,25.642,0.16,44.22,11.186,2.342,11.71,0.2093688539245485,0.1,1,Q3,Mid-High,2023-08,2025-12,0,0,Mid-Recent,0,0,1,0.3830128205128205
25,Female,2,29,0,Referral,medium,3,85.03,21.90714285714285,0.1428571428571428,51.58,12.7425,0.4374999999999999,1.7499999999999996,0.0328145509094318,0.1428571428571428,1,Q1,High,2024-09,2025-11,1,0,Inactive,0,0,0,0.46260683760683763
49,Other,3,7,0,Referral,medium,13,115.09,24.919148936170213,0.1489361702127659,63.46,19.57,3.705,14.82,0.1893203883495145,0.0851063829787234,0,Q2,Mid-Low,2025-01,2025-12,0,0,Recent,0,0,1,0.5993589743589743
21,Male,2,25,1,Organic,medium,4,87.6,24.146875,0.1875,58.22,15.8025,1.5,6.0,0.0934288383681096,0.125,1,Q1,High,2025-07,2025-12,1,0,Mid-Inactive,0,0,0,0.35470085470085466
36,Female,6,2,0,Referral,medium,3,143.41,25.672727272727272,0.1136363636363636,52.0,14.562,4.35,21.75,0.2949152542372881,0.1136363636363636,1,Q3,Mid-High,2025-06,2025-12,0,0,Recent,0,0,1,0.4337606837606838
29,Male,3,4,0,Ads,low,7,83.21000000000001,25.33783783783784,0.1351351351351351,35.03,10.6825,2.215,8.86,0.201868307131465,0.1081081081081081,1,Q1,Mid-High,2025-04,2025-12,0,0,Recent,0,0,1,0.29967948717948717
65,Male,6,23,0,Referral,low,6,117.58,22.46,0.1777777777777777,57.1,13.386666666666663,3.936666666666666,23.62,0.2926164519326065,0.1333333333333333,1,Q2,High,2025-07,2025-12,1,0,Mid-Inactive,0,0,0,0.5213675213675213
54,Female,1,4,0,Partnership,medium,3,87.85,24.8969696969697,0.1818181818181818,40.120000000000005,13.45,3.53,14.119999999999996,0.2603244837758111,0.1212121212121212,1,Q1,High,2025-09,2025-12,0,0,Recent,0,0,1,0.38675213675213677
19,Female,0,76,1,Partnership,low,4,79.59,24.97741935483871,0.0967741935483871,21.98,14.14,3.1499999999999995,6.299999999999999,0.2227722772277227,0.064516129032258,0,Q1,Mid-Low,2025-10,2025-12,1,1,Inactive,0,0,0,0.2115384615384615
24,Male,6,3,0,Partnership,low,8,143.19,24.185185185185187,0.0925925925925925,34.35,18.64,1.5549999999999995,3.1099999999999994,0.083021890016017,0.037037037037037,0,Q3,Low,2025-05,2025-12,0,0,Recent,0,0,1,0.6153846153846153
65,Female,1,16,0,Organic,medium,6,82.37,26.96176470588236,0.1764705882352941,12.76,12.28,0.0,0.0,0.0,0.0294117647058823,0,Q1,Low,2025-05,2025-12,0,0,Mid-Inactive,0,0,0,0.5090811965811965
58,Male,4,68,1,Organic,medium,4,81.8,22.950000000000003,0.1153846153846153,8.75,11.75,3.0,3.0,0.2553191489361702,0.0384615384615384,0,Q1,Low,2025-07,2025-12,1,1,Inactive,0,0,0,0.39155982905982906
33,Male,4,17,0,Organic,medium,5,134.46,23.88048780487805,0.1219512195121951,29.93,13.26,3.3800000000000003,10.14,0.2530571499875218,0.073170731707317,0,Q3,Mid-Low,2023-09,2025-11,0,0,Mid-Inactive,0,0,0,0.45566239316239315
27,Other,2,15,0,Ads,medium,6,54.24,24.405263157894737,0.0526315789473684,3.26,3.18,0.0,0.0,0.0,0.0526315789473684,0,Q1,Low,2023-09,2025-10,0,0,Mid-Inactive,0,0,0,0.23664529914529914
66,Other,3,1,0,Organic,medium,0,68.5,24.876,0.08,21.64,30.0,8.36,8.36,0.2786666666666667,0.04,0,Q1,Low,2024-08,2025-12,0,0,Recent,0,0,1,0.3247863247863248
22,Female,8,9,0,Organic,low,9,178.21,23.91060606060606,0.1212121212121212,82.46,15.794285714285715,4.014285714285714,28.1,0.2541606367583213,0.106060606060606,1,Q4,Mid-High,2024-07,2025-12,0,0,Mid-Recent,1,0,1,0.6458333333333334
40,Other,2,46,0,Organic,high,4,194.1,24.958695652173912,0.108695652173913,48.38,15.26,3.325,13.3,0.2156290531776913,0.0869565217391304,0,Q4,Mid-Low,2023-08,2025-12,1,1,Inactive,1,1,0,0.3242521367521367
21,Female,8,25,0,Referral,high,10,258.69,25.170588235294115,0.0735294117647058,26.43,8.0275,1.4475000000000002,5.790000000000001,0.1797020484171322,0.0588235294117647,0,Q4,Mid-Low,2024-10,2025-12,1,0,Mid-Inactive,1,1,0,0.5154914529914529
50,Female,1,46,0,Referral,medium,4,113.08,24.74473684210526,0.2368421052631578,69.82000000000001,15.708333333333334,4.071666666666666,24.43,0.2592042440318302,0.1578947368421052,1,Q2,High,2023-12,2025-12,1,1,Inactive,0,0,0,0.297008547008547
38,Other,2,29,0,Ads,medium,3,157.17,24.46590909090909,0.1136363636363636,46.84,13.6875,2.1975,8.790000000000001,0.1580082689196476,0.0909090909090909,1,Q3,Mid-High,2023-04,2025-12,1,0,Inactive,0,0,0,0.4893162393162393
39,Other,8,15,0,Ads,high,11,221.6,26.16140350877193,0.1052631578947368,27.950000000000003,10.07,3.0825,12.329999999999998,0.3061072492552134,0.0701754385964912,0,Q4,Mid-Low,2023-01,2025-12,0,0,Mid-Inactive,1,0,0,0.33653846153846156
46,Other,4,6,0,Organic,low,5,110.72,26.4325,0.1,42.84,18.0,3.72,11.16,0.2066666666666666,0.075,0,Q2,Mid-Low,2023-09,2025-10,0,0,Recent,0,0,1,0.21527777777777776
44,Female,4,2,0,Organic,low,5,103.64,23.394736842105264,0.2894736842105263,22.83,11.76,4.15,12.45,0.352891156462585,0.0789473684210526,0,Q2,Mid-Low,2024-03,2025-12,0,0,Recent,0,0,1,0.3456196581196581
53,Other,5,59,1,Organic,high,8,232.05,24.7245283018868,0.3018867924528302,148.17,14.396666666666668,2.0700000000000003,24.840000000000003,0.1435755158661349,0.2264150943396226,1,Q4,High,2023-10,2025-12,1,1,Inactive,1,1,0,0.48611111111111105
27,Female,4,1,0,Ads,medium,8,88.8,25.185714285714287,0.2,50.39,13.407999999999998,3.33,16.65,0.2483591885441527,0.1428571428571428,1,Q1,High,2025-10,2025-12,0,0,Recent,0,0,1,0.22168803418803418
26,Other,2,21,0,Organic,low,4,102.78,27.5948717948718,0.1282051282051282,13.46,12.59,5.859999999999999,11.72,0.4654487688641778,0.0512820512820512,0,Q2,Low,2024-09,2025-12,1,0,Mid-Inactive,0,0,0,0.4818376068376068
26,Other,6,76,0,Partnership,medium,2,103.17,23.63939393939394,0.2121212121212121,31.81,10.175,2.2225,8.889999999999999,0.2184275184275183,0.1212121212121212,1,Q2,High,2025-03,2025-12,1,1,Inactive,0,0,0,0.4909188034188034
37,Male,7,12,1,Organic,medium,9,176.34,27.962295081967213,0.1311475409836065,49.27,13.75,4.006,20.03,0.2890331890331891,0.081967213114754,0,Q4,Mid-Low,2024-12,2025-12,0,0,Mid-Recent,1,0,1,0.5272435897435898
26,Male,2,13,0,Organic,medium,5,132.88,24.58478260869565,0.1521739130434782,59.14,15.32,0.6324999999999998,2.53,0.0410248094697583,0.0869565217391304,0,Q3,Mid-Low,2023-10,2025-12,0,0,Mid-Recent,0,0,1,0.2686965811965812
65,Other,0,25,0,Organic,medium,4,65.27,26.91818181818182,0.0909090909090909,6.18,12.28,6.1,6.1,0.496742671009772,0.0454545454545454,0,Q1,Low,2025-10,2025-12,1,0,Mid-Inactive,0,0,0,0.22168803418803418
27,Male,6,3,1,Ads,low,3,128.7,26.247826086956525,0.1739130434782608,39.53,13.26,3.3775,13.51,0.2547134238310709,0.0869565217391304,0,Q3,Mid-Low,2023-11,2025-12,0,0,Recent,0,0,1,0.5186965811965811
41,Other,3,7,0,Partnership,low,4,162.61,23.57118644067797,0.1525423728813559,69.93,16.436,2.45,12.249999999999998,0.1490630323679727,0.0847457627118644,0,Q3,Mid-Low,2024-03,2025-12,0,0,Recent,0,0,1,0.40064102564102566
32,Other,3,5,0,Organic,low,3,72.12,24.668000000000003,0.12,10.89,6.16,0.8049999999999999,1.61,0.1288,0.08,0,Q1,Mid-Low,2023-06,2025-11,0,0,Recent,0,0,1,0.4567307692307692
61,Other,4,14,0,Partnership,medium,2,82.16,24.29615384615385,0.1538461538461538,9.68,9.0,0.0,0.0,0.0,0.0384615384615384,0,Q1,Low,2024-04,2025-12,0,0,Mid-Recent,0,0,1,0.37767094017094016
51,Female,8,32,1,Ads,medium,6,134.05,29.46170212765957,0.1276595744680851,76.25999999999999,13.089999999999998,0.8383333333333333,5.029999999999999,0.0618772296715463,0.1276595744680851,1,Q3,High,2025-06,2025-12,1,1,Inactive,0,0,0,0.4882478632478632
59,Female,1,0,0,Referral,high,7,272.68,25.42,0.2461538461538461,149.73000000000002,14.925384615384615,3.491538461538461,45.39,0.2326260762607626,0.2,1,Q4,High,2023-06,2025-12,0,0,Recent,1,0,1,0.41933760683760685
66,Male,10,14,0,Partnership,high,9,299.08,23.726315789473684,0.1710526315789473,54.44,10.59,1.6983333333333337,10.19,0.1576667182423023,0.0789473684210526,0,Q4,Mid-Low,2025-04,2025-12,0,0,Mid-Recent,1,0,1,0.7302350427350428
32,Female,1,14,0,Referral,high,4,193.11,26.390697674418604,0.0930232558139534,40.4,15.0,1.5666666666666669,4.7,0.1042128603104212,0.0697674418604651,0,Q4,Mid-Low,2023-02,2025-12,0,0,Mid-Recent,1,0,1,0.3947649572649572
50,Female,2,35,0,Partnership,low,11,150.19,27.91379310344828,0.1896551724137931,132.32999999999998,24.83333333333333,2.9450000000000003,17.67,0.1178,0.1034482758620689,1,Q3,Mid-High,2024-11,2025-12,1,1,Inactive,0,0,0,0.500534188034188
19,Female,3,7,1,Organic,medium,3,122.14,23.765,0.075,10.95,7.745,2.27,4.54,0.2930923176242737,0.05,0,Q3,Low,2024-02,2025-12,0,0,Recent,0,0,1,0.5069444444444444
36,Female,1,0,0,Partnership,high,1,80.58,24.82,0.1333333333333333,22.86,22.0,0.0,0.0,0.0,0.0666666666666666,0,Q1,Mid-Low,2023-10,2025-10,0,0,Recent,0,0,1,0.4001068376068376
23,Male,5,26,0,Ads,high,4,242.34,25.046296296296298,0.074074074074074,38.79,14.916666666666666,2.1566666666666667,6.470000000000001,0.1429518338488732,0.0555555555555555,0,Q4,Low,2023-09,2025-12,1,0,Mid-Inactive,1,1,0,0.4487179487179487
51,Female,1,16,0,Organic,medium,3,58.54,16.4,0.1904761904761904,26.86,17.14,3.71,7.42,0.2164527421236872,0.0952380952380952,1,Q1,Mid-High,2023-03,2025-12,0,0,Mid-Inactive,0,0,0,0.3840811965811966
21,Male,3,25,0,Partnership,high,6,146.22,24.02368421052632,0.131578947368421,19.33,15.64,5.975,11.95,0.3820332480818414,0.0526315789473684,0,Q3,Low,2025-11,2025-12,1,0,Mid-Inactive,0,0,0,0.19284188034188032
56,Other,0,2,0,Ads,low,2,90.26,22.905882352941177,0.1176470588235294,47.870000000000005,17.76,1.803333333333332,5.409999999999997,0.1015390390390389,0.088235294117647,1,Q1,Mid-High,2025-03,2025-12,0,0,Recent,0,0,1,0.266025641025641
18,Other,4,45,1,Ads,low,5,113.5,23.50263157894737,0.0789473684210526,38.59,15.656666666666666,3.2099999999999995,9.63,0.1997096640398175,0.0789473684210526,0,Q2,Mid-Low,2025-07,2025-12,1,1,Inactive,0,0,0,0.5053418803418803
51,Female,2,37,1,Referral,high,9,158.07,23.377272727272725,0.1363636363636363,64.57,15.992,3.078,15.39,0.1924712356178089,0.1136363636363636,1,Q3,Mid-High,2023-12,2025-11,1,1,Inactive,0,0,0,0.30181623931623935
58,Female,5,22,0,Organic,high,10,315.93,25.89605263157895,0.131578947368421,37.84,9.546666666666669,3.24,19.44,0.3393854748603351,0.0789473684210526,0,Q4,Mid-Low,2025-09,2025-12,1,0,Mid-Inactive,1,1,0,0.45940170940170943
40,Male,0,1,0,Organic,high,5,232.47,24.38448275862069,0.1379310344827586,14.2,6.786666666666666,2.106666666666666,6.319999999999999,0.3079922027290448,0.0517241379310344,0,Q4,Low,2024-03,2025-12,0,0,Recent,1,0,1,0.5491452991452992
52,Female,6,9,0,Partnership,medium,6,115.69,27.24054054054054,0.1351351351351351,29.49,10.026666666666666,0.5433333333333333,1.63,0.0523778920308483,0.081081081081081,0,Q2,Mid-Low,2024-12,2025-12,0,0,Mid-Recent,0,0,1,0.5010683760683761
26,Male,5,15,0,Referral,medium,4,170.0,21.944230769230767,0.1538461538461538,48.21,11.612,2.032,10.16,0.1740620181600136,0.0961538461538461,1,Q4,Mid-High,2025-04,2025-12,0,0,Mid-Inactive,1,0,0,0.4332264957264957
68,Male,1,25,0,Organic,high,5,249.85,26.20727272727273,0.2,93.25,14.122857142857145,1.1328571428571423,7.929999999999997,0.0783751729590828,0.1272727272727272,1,Q4,High,2023-05,2025-10,1,0,Mid-Inactive,1,1,0,0.4668803418803419
52,Female,1,13,0,Referral,low,3,100.04,25.01794871794872,0.1538461538461538,28.8,9.2725,2.0725,8.290000000000001,0.2235103801563764,0.1025641025641025,1,Q2,Mid-High,2024-09,2025-12,0,0,Mid-Recent,0,0,1,0.3221153846153846
67,Male,2,10,0,Organic,medium,3,105.71,21.322857142857146,0.1428571428571428,29.91,15.62,0.6650000000000009,1.3300000000000018,0.0425736235595391,0.0571428571428571,0,Q2,Low,2025-07,2025-12,0,0,Mid-Recent,0,0,1,0.3189102564102564
43,Other,7,19,0,Partnership,low,8,146.05,25.59454545454545,0.109090909090909,64.15,15.704000000000002,2.91,14.55,0.1848792884371029,0.0909090909090909,1,Q3,Mid-High,2023-03,2025-12,0,0,Mid-Inactive,0,0,0,0.5779914529914529
62,Female,7,12,0,Organic,low,4,148.68,24.236,0.18,64.62,19.82,3.665,14.659999999999998,0.1849142280524722,0.08,0,Q3,Mid-Low,2025-03,2025-12,0,0,Mid-Recent,0,0,1,0.29967948717948717
23,Female,5,5,0,Organic,low,5,101.25,24.95675675675676,0.0,0.0,0.0,0.0,0.0,0.0,0.0,0,Q2,Low,2024-08,2025-11,0,0,Recent,0,0,1,0.23023504273504272
38,Other,5,52,0,Organic,high,6,156.16,24.50909090909091,0.1363636363636363,56.69,17.380000000000003,3.7375,14.95,0.2086823003908431,0.0909090909090909,1,Q3,Mid-High,2025-07,2025-12,1,1,Inactive,0,0,0,0.4129273504273504
28,Other,6,4,0,Organic,low,7,118.49,27.995238095238093,0.0952380952380952,52.02,16.333333333333332,0.0,0.0,0.0,0.0714285714285714,0,Q2,Mid-Low,2024-07,2025-12,0,0,Recent,0,0,1,0.5016025641025641
57,Female,4,15,0,Referral,medium,4,156.89,22.56458333333333,0.1666666666666666,54.32,20.666666666666668,2.56,7.68,0.1238709677419354,0.0625,0,Q3,Mid-Low,2023-10,2025-11,0,0,Mid-Inactive,0,0,0,0.5202991452991452
41,Other,0,10,0,Referral,low,6,77.06,27.433333333333334,0.1818181818181818,29.05,10.8925,3.675,14.7,0.3359999999999999,0.1212121212121212,1,Q1,High,2025-01,2025-12,0,0,Mid-Recent,0,0,1,0.5256410256410255
20,Male,2,3,0,Ads,low,1,69.1,22.460869565217397,0.1304347826086956,26.49,14.14,1.1349999999999998,2.27,0.0789290681502086,0.0869565217391304,0,Q1,Mid-Low,2025-08,2025-11,0,0,Recent,0,0,1,0.30929487179487175
54,Male,1,1,0,Partnership,low,3,138.9,21.76078431372549,0.1372549019607843,67.23,20.4,6.953999999999999,34.77,0.3408823529411764,0.0980392156862745,1,Q3,Mid-High,2024-02,2025-12,0,0,Recent,0,0,1,0.5470085470085471
66,Male,3,6,0,Organic,low,5,120.35,28.297959183673463,0.1020408163265306,47.61,12.856,3.334,16.669999999999998,0.2593341630367143,0.1020408163265306,1,Q2,Mid-High,2025-10,2025-12,0,0,Recent,0,0,1,0.2745726495726496
33,Male,1,4,0,Ads,medium,3,102.32,25.085714285714285,0.2857142857142857,97.04,16.2775,4.38875,35.11,0.2656829360575104,0.2285714285714285,1,Q2,High,2024-03,2025-11,0,0,Recent,0,0,1,0.5341880341880342
53,Male,4,36,1,Organic,low,5,90.76,22.673529411764704,0.2352941176470588,50.14,13.424,3.4099999999999997,17.049999999999997,0.2537579997023366,0.1470588235294117,1,Q2,High,2025-11,2025-12,1,1,Inactive,0,0,0,0.18963675213675213
36,Other,2,2,0,Ads,medium,6,143.88,28.496226415094338,0.1132075471698113,27.520000000000003,10.72,1.7033333333333331,5.109999999999999,0.1566043518234753,0.0566037735849056,0,Q3,Low,2024-11,2025-12,0,0,Recent,0,0,1,0.33333333333333337
46,Male,0,2,1,Referral,high,7,245.09,23.711940298507464,0.1343283582089552,76.73,15.584,0.918,4.59,0.0564436792916871,0.0746268656716417,0,Q4,Mid-Low,2023-11,2025-12,0,0,Recent,1,0,1,0.5251068376068376
63,Male,2,15,0,Organic,medium,8,107.89,23.497619047619047,0.119047619047619,43.51,14.0625,3.2625,13.05,0.2307284299858557,0.0952380952380952,1,Q2,Mid-High,2025-02,2025-12,0,0,Mid-Inactive,0,0,0,0.5016025641025641
68,Female,4,15,0,Referral,medium,7,185.94,23.735593220338984,0.0847457627118644,37.24,9.8775,0.8474999999999997,3.389999999999999,0.0834358848141766,0.0677966101694915,0,Q4,Mid-Low,2023-11,2025-12,0,0,Mid-Inactive,1,0,0,0.35202991452991456
68,Female,1,0,0,Organic,medium,4,183.72,25.780392156862742,0.0980392156862745,32.65,12.685,4.522500000000001,18.090000000000003,0.3565234528971226,0.0784313725490196,0,Q4,Mid-Low,2025-04,2025-12,0,0,Recent,1,0,1,0.5470085470085471
26,Other,7,2,0,Referral,medium,5,114.52,29.37692307692308,0.0769230769230769,32.370000000000005,21.5,5.315,10.63,0.2472093023255813,0.0512820512820512,0,Q2,Low,2023-08,2025-09,0,0,Recent,0,0,1,0.40544871794871795
51,Female,3,4,1,Referral,low,3,75.04,24.336,0.24,65.16,17.6,4.604,23.02,0.2610569290088456,0.2,1,Q1,High,2024-02,2025-11,0,0,Recent,0,0,1,0.2761752136752137
46,Female,4,21,0,Ads,high,6,241.1,23.91578947368421,0.0701754385964912,26.98,14.186666666666667,5.1933333333333325,15.579999999999998,0.3660714285714285,0.0526315789473684,0,Q4,Low,2025-09,2025-12,1,0,Mid-Inactive,1,1,0,0.2948717948717949
50,Male,0,58,1,Ads,low,7,111.87,23.59285714285714,0.119047619047619,20.130000000000003,6.833333333333333,0.5166666666666666,1.5499999999999998,0.0714944649446494,0.0714285714285714,0,Q2,Mid-Low,2023-12,2025-12,1,1,Inactive,0,0,0,0.4738247863247863
38,Other,3,23,0,Organic,medium,6,177.81,23.664285714285715,0.1785714285714285,73.0,13.254285714285714,2.95,20.65,0.2205018686599038,0.125,1,Q4,High,2025-07,2025-12,1,0,Mid-Inactive,1,1,0,0.4642094017094017
30,Other,5,1,0,Ads,medium,4,69.17,23.366666666666667,0.1111111111111111,17.3,13.0,4.35,8.7,0.3346153846153846,0.074074074074074,0,Q1,Mid-Low,2024-09,2025-12,0,0,Recent,0,0,1,0.19444444444444442
23,Other,4,29,0,Ads,medium,2,111.15,24.25555555555556,0.3055555555555556,90.51,13.585,2.53375,20.27,0.1829752662935548,0.2222222222222222,1,Q2,High,2024-01,2025-12,1,0,Inactive,0,0,0,0.406517094017094
64,Other,2,24,1,Referral,medium,5,99.99,26.25675675675676,0.1351351351351351,44.45,15.795,4.682499999999999,18.73,0.2964545742323519,0.1081081081081081,1,Q2,Mid-High,2023-02,2025-12,1,0,Mid-Inactive,0,0,0,0.26495726495726496
59,Other,6,2,0,Ads,high,5,202.31,23.148000000000003,0.08,8.98,5.66,1.17,2.34,0.2067137809187278,0.04,0,Q4,Low,2024-07,2025-12,0,0,Recent,1,0,1,0.3621794871794872
49,Other,4,10,0,Organic,high,10,322.57,27.04025974025974,0.1558441558441558,90.56,13.213333333333331,3.2488888888888883,29.239999999999995,0.2440734557595993,0.1168831168831168,1,Q4,High,2025-10,2025-12,0,0,Mid-Recent,1,0,1,0.41506410256410264
37,Female,0,10,0,Referral,low,3,62.11,24.707692307692305,0.1538461538461538,38.14,14.06,1.3466666666666665,4.039999999999999,0.0957799905168326,0.1153846153846153,1,Q1,Mid-High,2024-04,2025-10,0,0,Mid-Recent,0,0,1,0.25961538461538464
48,Female,1,24,0,Organic,low,1,30.04,26.32307692307692,0.0,0.0,0.0,0.0,0.0,0.0,0.0,0,Q1,Low,2023-02,2025-10,1,0,Mid-Inactive,0,0,0,0.14155982905982906
64,Female,5,14,0,Ads,medium,8,154.65,25.95740740740741,0.1296296296296296,28.2,18.5,4.77,9.54,0.2527821939586646,0.037037037037037,0,Q3,Low,2023-05,2025-12,0,0,Mid-Recent,0,0,1,0.5389957264957265
24,Female,2,11,0,Partnership,medium,5,78.78,26.582758620689653,0.1034482758620689,11.17,12.28,1.1099999999999994,1.1099999999999994,0.0903908794788273,0.0344827586206896,0,Q1,Low,2024-08,2025-12,0,0,Mid-Recent,0,0,1,0.5224358974358975
33,Male,6,27,0,Referral,low,3,136.81,22.85283018867925,0.1132075471698113,35.75,13.52,1.93,5.79,0.139383726528647,0.0566037735849056,0,Q3,Low,2025-10,2025-12,1,0,Mid-Inactive,0,0,0,0.2777777777777778
44,Male,1,0,1,Organic,medium,7,97.52,23.836842105263155,0.1052631578947368,48.14,14.05,2.04,8.16,0.1449378330373001,0.1052631578947368,1,Q2,Mid-High,2024-05,2025-12,0,0,Recent,0,0,1,0.44978632478632474
49,Other,0,59,0,Partnership,medium,4,152.22,25.272916666666664,0.2083333333333333,58.8,10.493333333333334,0.9583333333333334,5.75,0.0890782339271882,0.125,1,Q3,High,2024-10,2025-12,1,1,Inactive,0,0,0,0.561965811965812
23,Female,4,6,0,Ads,high,3,241.2,25.833962264150944,0.1132075471698113,23.87,20.5,8.565,17.13,0.4178048780487804,0.0377358490566037,0,Q4,Low,2025-04,2025-12,0,0,Recent,1,0,1,0.45833333333333337
21,Male,2,20,0,Partnership,medium,4,130.92,24.661363636363635,0.1136363636363636,32.31,13.44,2.6733333333333333,8.02,0.1988594098685842,0.0681818181818181,0,Q3,Mid-Low,2025-06,2025-12,1,0,Mid-Inactive,0,0,0,0.38514957264957267
18,Male,3,2,0,Ads,medium,10,122.92,23.73695652173913,0.1521739130434782,21.02,8.073333333333332,1.0666666666666669,3.2,0.1321222130470685,0.0652173913043478,0,Q3,Mid-Low,2023-06,2025-11,0,0,Recent,0,0,1,0.6089743589743589
66,Female,5,2,0,Referral,medium,8,126.13,22.51860465116279,0.0930232558139534,34.2,17.14,0.3449999999999997,0.6899999999999995,0.0197764402407566,0.0465116279069767,0,Q3,Low,2023-01,2025-12,0,0,Recent,0,0,1,0.44337606837606836
53,Male,3,14,0,Organic,medium,2,56.3,24.6,0.1052631578947368,0.0,0.0,0.0,0.0,0.0,0.0,0,Q1,Low,2024-11,2025-12,0,0,Mid-Recent,0,0,1,0.35470085470085466
46,Other,6,20,1,Referral,medium,4,99.93,26.97058823529412,0.088235294117647,12.9,17.0,4.1,4.1,0.2411764705882352,0.0294117647058823,0,Q2,Low,2023-09,2025-11,1,0,Mid-Inactive,0,0,0,0.18963675213675213
41,Female,1,5,0,Ads,low,5,84.02,24.55454545454545,0.1212121212121212,13.52,16.0,2.4800000000000004,2.4800000000000004,0.155,0.0303030303030303,0,Q1,Low,2025-08,2025-12,0,0,Recent,0,0,1,0.22702991452991453
43,Other,3,7,0,Referral,medium,3,53.43,23.395,0.2,49.44,18.41333333333333,2.086666666666668,6.260000000000002,0.1123877917414721,0.15,1,Q1,High,2023-02,2025-10,0,0,Recent,0,0,1,0.4561965811965812
48,Other,4,2,0,Ads,medium,3,90.55,28.954545454545453,0.2121212121212121,82.56,18.312,1.9099999999999997,9.549999999999995,0.103680382151775,0.1515151515151515,1,Q2,High,2024-11,2025-11,0,0,Recent,0,0,1,0.28952991452991456
38,Male,3,43,0,Organic,medium,4,62.38,22.51904761904762,0.0952380952380952,11.7,6.23,0.3899999999999997,0.7799999999999994,0.0624999999999999,0.0952380952380952,1,Q1,Mid-High,2024-03,2025-12,1,1,Inactive,0,0,0,0.14102564102564102
52,Female,0,22,0,Partnership,medium,5,100.58,25.875,0.1666666666666666,48.7,13.8025,1.6274999999999995,6.509999999999998,0.1179134214816156,0.1111111111111111,1,Q2,Mid-High,2024-07,2025-12,1,0,Mid-Inactive,0,0,0,0.3370726495726496
61,Male,3,15,0,Organic,medium,2,101.37,24.53529411764706,0.1470588235294117,31.48,11.83,3.959999999999999,15.839999999999996,0.334742180896027,0.1176470588235294,1,Q2,High,2025-08,2025-12,0,0,Mid-Inactive,0,0,0,0.48130341880341876
34,Other,2,11,0,Referral,low,3,59.97,26.595454545454547,0.3181818181818182,37.09,12.26,0.1666666666666666,0.5,0.0133014099494546,0.1363636363636363,1,Q1,High,2023-09,2025-10,0,0,Mid-Recent,0,0,1,0.4161324786324786
58,Other,2,1,0,Ads,medium,4,109.03,22.539473684210527,0.1578947368421052,12.11,12.0,0.0,0.0,0.0,0.0263157894736842,0,Q2,Low,2023-04,2025-11,0,0,Recent,0,0,1,0.30395299145299143
62,Male,1,8,0,Referral,medium,16,108.19,26.006122448979596,0.2040816326530612,92.25,12.351111111111113,2.101111111111111,18.91,0.1701151493342929,0.1836734693877551,1,Q2,High,2025-08,2025-12,0,0,Mid-Recent,0,0,1,0.5801282051282052
27,Female,0,35,0,Partnership,low,5,95.77,26.31578947368421,0.2105263157894736,44.8,13.96,2.76,11.039999999999996,0.1977077363896847,0.1052631578947368,1,Q2,Mid-High,2025-10,2025-12,1,1,Inactive,0,0,0,0.2831196581196581
63,Male,6,23,0,Organic,high,5,178.05,26.935714285714283,0.119047619047619,61.04,20.56,5.3,21.2,0.2577821011673152,0.0952380952380952,1,Q4,Mid-High,2023-03,2025-11,1,0,Mid-Inactive,1,1,0,0.4738247863247863
38,Male,8,23,0,Organic,low,3,140.43,25.4078431372549,0.1372549019607843,22.58,6.82,2.304,11.52,0.3378299120234604,0.0980392156862745,1,Q3,Mid-High,2024-05,2025-12,1,0,Mid-Inactive,0,0,0,0.4706196581196581
57,Female,2,1,1,Ads,medium,2,72.78,29.607692307692307,0.1153846153846153,20.71,18.38,8.025,16.05,0.4366158868335146,0.0769230769230769,0,Q1,Mid-Low,2024-05,2025-12,0,0,Recent,0,0,1,0.34294871794871795
32,Female,1,16,0,Ads,medium,6,152.6,25.75625,0.1458333333333333,18.97,12.28,2.794999999999999,5.589999999999998,0.2276058631921823,0.0416666666666666,0,Q3,Low,2024-11,2025-12,0,0,Mid-Inactive,0,0,0,0.3327991452991453
40,Other,3,9,0,Organic,low,3,70.6,26.34444444444444,0.1481481481481481,17.91,12.28,3.3249999999999997,6.649999999999999,0.2707654723127035,0.074074074074074,0,Q1,Mid-Low,2025-06,2025-12,0,0,Mid-Recent,0,0,1,0.3611111111111111
42,Female,4,57,1,Ads,medium,4,50.38,26.11818181818182,0.2272727272727272,29.58,18.5,3.71,7.42,0.2005405405405405,0.0909090909090909,1,Q1,Mid-High,2023-12,2025-12,1,1,Inactive,0,0,0,0.2702991452991453
63,Male,3,21,0,Partnership,medium,4,121.19,23.973684210526315,0.1578947368421052,6.93,8.0,1.0700000000000005,1.0700000000000005,0.13375,0.0263157894736842,0,Q2,Low,2024-08,2025-11,1,0,Mid-Inactive,0,0,0,0.2761752136752137
31,Male,4,27,0,Organic,low,3,107.06,27.828205128205127,0.1538461538461538,56.23,19.33333333333333,0.7333333333333337,2.200000000000001,0.0376518911518055,0.0769230769230769,0,Q2,Mid-Low,2024-10,2025-12,1,0,Mid-Inactive,0,0,0,0.5096153846153846
65,Other,1,9,0,Ads,medium,5,83.96,22.580645161290324,0.1612903225806451,44.5,13.3,2.24,8.959999999999999,0.1676019453797231,0.1290322580645161,1,Q1,High,2023-08,2025-11,0,0,Mid-Recent,0,0,1,0.3504273504273504
32,Other,1,13,0,Referral,medium,3,33.78,26.857142857142858,0.2142857142857142,26.04,15.0,2.1,4.199999999999999,0.1388888888888888,0.1428571428571428,1,Q1,High,2025-01,2025-12,0,0,Mid-Recent,0,0,1,0.2152777777777778
63,Female,8,15,1,Ads,medium,7,133.17,25.6625,0.1041666666666666,24.28,13.503333333333332,5.41,16.23,0.4006418168353493,0.0625,0,Q3,Mid-Low,2023-08,2025-12,0,0,Mid-Inactive,0,0,0,0.3675213675213675
44,Other,2,46,1,Partnership,medium,5,155.76,23.25625,0.2083333333333333,74.1,17.798000000000002,3.204,16.02,0.177762982689747,0.1041666666666666,1,Q3,Mid-High,2025-02,2025-12,1,1,Inactive,0,0,0,0.33974358974358976
36,Other,6,7,0,Referral,medium,6,109.78,26.345,0.2,49.15,18.48,6.1925,24.77,0.3350919913419913,0.1,1,Q2,Mid-High,2023-06,2025-12,0,0,Recent,0,0,1,0.5694444444444444
29,Female,3,81,1,Referral,high,5,251.57,21.71904761904762,0.1587301587301587,82.08,15.78,4.054285714285714,28.380000000000003,0.2569255839217816,0.1111111111111111,1,Q4,Mid-High,2024-01,2025-12,1,1,Inactive,1,1,0,0.6469017094017094
65,Female,0,43,0,Referral,medium,1,122.98,24.46764705882353,0.2058823529411764,14.56,13.24,0.0,0.0,0.0,0.0294117647058823,0,Q3,Low,2024-08,2025-12,1,1,Inactive,0,0,0,0.46047008547008544
24,Female,1,15,0,Partnership,medium,3,136.65,26.60652173913044,0.108695652173913,62.0,14.96,0.04,0.1600000000000001,0.0025740025740025,0.0869565217391304,0,Q3,Mid-Low,2025-07,2025-12,0,0,Mid-Inactive,0,0,0,0.296474358974359
47,Female,2,1,0,Referral,medium,4,113.31,23.321052631578947,0.131578947368421,55.48,13.39,2.6980000000000004,13.490000000000002,0.1955922865013774,0.131578947368421,1,Q2,High,2023-05,2025-11,0,0,Recent,0,0,1,0.5886752136752137
59,Female,5,12,0,Referral,low,1,108.01,25.45263157894737,0.131578947368421,20.15,10.853333333333332,4.136666666666666,12.409999999999998,0.381142506142506,0.0789473684210526,0,Q2,Mid-Low,2025-05,2025-12,0,0,Mid-Recent,0,0,1,0.3108974358974359
61,Male,3,2,0,Partnership,medium,5,106.03,26.471052631578942,0.1578947368421052,40.1,16.25,6.225,24.9,0.383076923076923,0.1052631578947368,1,Q2,Mid-High,2023-01,2025-11,0,0,Recent,0,0,1,0.32478632478632474
23,Female,1,1,0,Ads,medium,13,181.61,24.039344262295085,0.2295081967213114,128.31,16.183,3.3520000000000003,33.52,0.2071309398751776,0.1639344262295081,1,Q4,High,2025-01,2025-12,0,0,Recent,1,0,1,0.5411324786324787
33,Male,0,115,1,Partnership,medium,10,152.32999999999998,24.026315789473685,0.1052631578947368,46.84,10.986,1.868,9.34,0.16625133499466,0.087719298245614,1,Q3,Mid-High,2024-12,2025-12,1,1,Inactive,0,0,0,0.3782051282051282
39,Female,4,1,1,Organic,medium,5,98.22,24.705882352941178,0.1764705882352941,27.13,11.98,3.0333333333333328,9.099999999999998,0.2511730609991719,0.088235294117647,1,Q2,Mid-High,2024-02,2025-12,0,0,Recent,0,0,1,0.46047008547008544
21,Other,5,21,0,Partnership,medium,5,122.33,24.82857142857143,0.1666666666666666,32.81,15.346666666666666,4.556666666666666,13.669999999999998,0.294104991394148,0.0714285714285714,0,Q3,Mid-Low,2024-06,2025-12,1,0,Mid-Inactive,0,0,0,0.45993589743589747
61,Other,0,47,0,Referral,low,1,24.7,23.2875,0.0,0.0,0.0,0.0,0.0,0.0,0.0,0,Q1,Low,2024-02,2025-10,1,1,Inactive,0,0,0,0.32158119658119655
32,Male,3,11,0,Partnership,medium,10,107.74,21.54523809523809,0.1666666666666666,19.79,16.5,6.605,13.21,0.4003030303030302,0.0476190476190476,0,Q2,Low,2023-07,2025-12,0,0,Mid-Recent,0,0,1,0.4738247863247863
41,Female,0,6,0,Ads,medium,4,73.98,26.307407407407407,0.2222222222222222,36.2,17.333333333333332,5.403333333333333,16.21,0.309292119824461,0.1111111111111111,1,Q1,Mid-High,2023-11,2025-11,0,0,Recent,0,0,1,0.4097222222222222
68,Male,0,5,0,Organic,medium,1,21.68,19.842857142857145,0.1428571428571428,0.0,0.0,0.0,0.0,0.0,0.0,0,Q1,Low,2024-03,2025-09,0,0,Recent,0,0,1,0.37286324786324787
21,Other,1,17,0,Ads,high,7,206.64,21.80185185185185,0.2222222222222222,78.89,15.753333333333332,2.6049999999999995,15.629999999999995,0.1653618281845112,0.1111111111111111,1,Q4,Mid-High,2024-12,2025-12,0,0,Mid-Inactive,1,0,0,0.5528846153846153
46,Male,0,14,0,Partnership,medium,8,105.33,28.292105263157893,0.1578947368421052,21.66,6.9875,1.5925,6.37,0.2272565108811987,0.1052631578947368,1,Q2,Mid-High,2023-12,2025-12,0,0,Mid-Recent,0,0,1,0.3803418803418803
21,Female,2,11,0,Partnership,low,5,82.57,27.65,0.1666666666666666,42.59,14.6875,4.04,16.16,0.275063829787234,0.1111111111111111,1,Q1,Mid-High,2023-05,2025-12,0,0,Mid-Recent,0,0,1,0.469017094017094
53,Female,12,68,0,Referral,high,9,326.62,25.89036144578313,0.1927710843373494,128.84,12.653076923076924,2.842307692307692,36.95,0.2228723083418782,0.1566265060240964,1,Q4,High,2023-05,2025-12,1,1,Inactive,1,1,0,0.6698717948717949
65,Male,1,40,1,Referral,high,5,173.14,23.93777777777778,0.1555555555555555,57.4,23.33333333333333,4.2,12.6,0.18,0.0666666666666666,0,Q4,Mid-Low,2024-06,2025-12,1,1,Inactive,1,1,0,0.48664529914529914
52,Male,6,22,1,Partnership,high,10,355.0,27.883529411764705,0.2,77.67,15.285714285714286,4.19,29.33,0.2741121495327103,0.0823529411764705,0,Q4,Mid-Low,2024-10,2025-12,1,0,Mid-Inactive,1,1,0,0.671474358974359
29,Male,0,16,0,Organic,low,4,137.19,23.56153846153846,0.2115384615384615,50.33,11.3,2.911666666666666,17.47,0.257669616519174,0.1153846153846153,1,Q3,Mid-High,2024-12,2025-12,0,0,Mid-Inactive,0,0,0,0.34294871794871795
42,Male,4,25,0,Organic,low,10,136.57,25.69272727272727,0.1454545454545454,62.54,15.344,2.932,14.66,0.1898963730569948,0.0909090909090909,1,Q3,Mid-High,2024-01,2025-12,1,0,Mid-Inactive,0,0,0,0.3141025641025641
43,Other,0,0,0,Ads,medium,4,73.73,27.406896551724135,0.1724137931034483,60.41,15.0,0.2374999999999998,0.9499999999999992,0.0154823989569752,0.1379310344827586,1,Q1,High,2024-02,2025-12,0,0,Recent,0,0,1,0.23771367521367523
47,Other,2,7,0,Partnership,medium,7,116.21,24.85454545454545,0.1818181818181818,47.5,10.708333333333334,2.7916666666666665,16.75,0.2607003891050584,0.1363636363636363,1,Q2,High,2025-01,2025-12,0,0,Recent,0,0,1,0.3990384615384615
40,Male,0,2,0,Ads,low,4,67.3,27.71538461538461,0.2307692307692307,73.03,20.945,2.6875,10.75,0.128312246359513,0.1538461538461538,1,Q1,High,2023-07,2025-09,0,0,Recent,0,0,1,0.5373931623931625
57,Male,1,0,0,Ads,low,4,123.3,24.83636363636364,0.1590909090909091,39.68000000000001,17.76,4.533333333333332,13.599999999999998,0.2552552552552552,0.0681818181818181,0,Q3,Mid-Low,2024-11,2025-12,0,0,Recent,0,0,1,0.3782051282051282
20,Female,5,10,0,Ads,medium,7,111.46,22.23095238095238,0.1428571428571428,41.57,14.2675,4.16,16.64,0.2858615358185878,0.0952380952380952,1,Q2,Mid-High,2024-12,2025-12,0,0,Mid-Recent,0,0,1,0.36271367521367526
32,Other,2,32,0,Referral,low,2,88.92,26.589655172413792,0.1724137931034483,39.31,11.2525,1.4249999999999998,5.699999999999999,0.1266385247722728,0.1379310344827586,1,Q1,High,2025-07,2025-12,1,1,Inactive,0,0,0,0.3835470085470085
32,Other,6,20,0,Organic,medium,9,76.52,25.175757575757576,0.2424242424242424,48.59,10.5,2.481666666666667,14.89,0.2345620667926906,0.1818181818181818,1,Q1,High,2023-09,2025-11,1,0,Mid-Inactive,0,0,0,0.27564102564102566
60,Other,7,23,0,Partnership,medium,8,180.08,24.745,0.15,84.29,16.924285714285713,4.882857142857143,34.18,0.2885118595425002,0.1166666666666666,1,Q4,High,2025-05,2025-12,1,0,Mid-Inactive,1,1,0,0.5021367521367521
53,Other,2,20,0,Partnership,high,2,172.93,23.7027027027027,0.1621621621621621,47.07,13.9325,2.4825,9.93,0.1742105263157894,0.1081081081081081,1,Q4,Mid-High,2023-04,2025-12,1,0,Mid-Inactive,1,1,0,0.6121794871794871
59,Other,0,4,0,Organic,medium,4,36.19,27.264705882352946,0.1764705882352941,10.66,7.8,2.47,4.94,0.3166666666666666,0.1176470588235294,1,Q1,High,2024-12,2025-11,0,0,Recent,0,0,1,0.20726495726495728
37,Female,7,41,0,Partnership,medium,6,200.67,24.708474576271183,0.135593220338983,48.17,11.655,3.803333333333333,22.82,0.321453725876884,0.1016949152542373,1,Q4,Mid-High,2024-05,2025-11,1,1,Inactive,1,1,0,0.33119658119658124
63,Male,4,13,0,Referral,medium,6,87.6,27.53235294117647,0.1470588235294117,25.77,17.14,4.255000000000001,8.510000000000002,0.2482497082847141,0.0588235294117647,0,Q1,Mid-Low,2025-02,2025-12,0,0,Mid-Recent,0,0,1,0.47435897435897434
51,Male,1,17,1,Ads,medium,7,106.73,24.943589743589744,0.1282051282051282,36.75,14.333333333333334,2.69,8.07,0.180053547523427,0.0769230769230769,0,Q2,Mid-Low,2024-02,2025-12,0,0,Mid-Inactive,0,0,0,0.5860042735042734
59,Male,0,3,0,Organic,medium,10,164.08,27.21964285714285,0.125,54.7,13.454,2.676,13.38,0.1965334900117509,0.0892857142857142,1,Q3,Mid-High,2025-04,2025-12,0,0,Recent,0,0,1,0.43643162393162394
21,Female,2,40,0,Referral,medium,5,123.19,29.46410256410256,0.0769230769230769,42.21,19.96,0.0,0.0,0.0,0.0512820512820512,0,Q3,Low,2024-09,2025-12,1,1,Inactive,0,0,0,0.4193376068376068
64,Other,4,15,0,Partnership,medium,5,104.09,24.602631578947367,0.1578947368421052,74.24,15.712,1.55,7.75,0.0945237224051713,0.131578947368421,1,Q2,High,2024-02,2025-12,0,0,Mid-Inactive,0,0,0,0.33867521367521364
18,Male,6,31,0,Referral,medium,11,130.31,23.137254901960784,0.0784313725490196,35.09,14.253333333333332,2.556666666666667,7.670000000000002,0.1793732460243218,0.0588235294117647,0,Q3,Mid-Low,2023-08,2025-10,1,1,Inactive,0,0,0,0.4983974358974359
63,Male,0,6,1,Ads,medium,8,89.62,26.87777777777778,0.1111111111111111,24.06,9.92,1.9,5.7,0.1915322580645161,0.0833333333333333,0,Q1,Mid-Low,2024-07,2025-11,0,0,Recent,0,0,1,0.35096153846153844
47,Other,4,5,0,Organic,low,8,79.71,25.5,0.0857142857142857,21.69,14.14,3.294999999999999,6.589999999999998,0.2330268741159829,0.0571428571428571,0,Q1,Low,2023-07,2025-12,0,0,Recent,0,0,1,0.4091880341880342
49,Female,2,4,0,Partnership,medium,2,71.12,21.28333333333333,0.0833333333333333,8.02,9.0,0.9800000000000004,0.9800000000000004,0.1088888888888889,0.0416666666666666,0,Q1,Low,2023-05,2025-12,0,0,Recent,0,0,1,0.24412393162393162
38,Female,5,0,0,Ads,medium,5,112.88,26.705,0.075,21.85,15.64,4.715,9.43,0.3014705882352941,0.05,0,Q2,Low,2025-11,2025-12,0,0,Recent,0,0,1,0.20138888888888887
53,Other,7,10,0,Organic,medium,4,120.85,24.67619047619048,0.119047619047619,52.32,12.664,2.2,11.0,0.1737207833228048,0.119047619047619,1,Q2,High,2023-02,2025-12,0,0,Mid-Recent,0,0,1,0.4668803418803419
32,Female,9,10,0,Partnership,medium,10,137.55,24.249019607843135,0.1372549019607843,45.42,17.919999999999998,2.7800000000000007,8.340000000000002,0.1551339285714285,0.0588235294117647,0,Q3,Mid-Low,2023-10,2025-12,0,0,Mid-Recent,0,0,1,0.4428418803418803
64,Other,4,19,0,Partnership,low,3,99.9,25.21212121212121,0.1212121212121212,50.09,14.64,2.1174999999999997,8.469999999999997,0.1446379781420764,0.1212121212121212,1,Q2,High,2025-07,2025-12,0,0,Mid-Inactive,0,0,0,0.4075854700854701
28,Male,3,2,0,Ads,medium,2,72.19,27.181818181818183,0.0454545454545454,2.43,3.18,0.75,0.75,0.2358490566037735,0.0454545454545454,0,Q1,Low,2024-12,2025-11,0,0,Recent,0,0,1,0.3327991452991453
22,Other,8,1,0,Referral,high,9,286.67,23.768,0.16,94.55,17.53,2.013333333333333,12.079999999999998,0.1132889430741817,0.08,0,Q4,Mid-Low,2024-03,2025-12,0,0,Recent,1,0,1,0.6148504273504274
22,Other,7,35,1,Referral,medium,4,251.08,24.01184210526316,0.131578947368421,76.73,13.421428571428573,2.4600000000000004,17.220000000000002,0.1832889835018627,0.0921052631578947,1,Q4,Mid-High,2023-08,2025-11,1,1,Inactive,1,1,0,0.6052350427350428
41,Male,4,1,0,Partnership,low,6,133.47,24.358823529411765,0.1568627450980392,45.83,10.151666666666666,2.526666666666667,15.16,0.2485653385800951,0.1176470588235294,1,Q3,High,2023-08,2025-12,0,0,Recent,0,0,1,0.3317307692307693
53,Female,6,16,0,Referral,medium,9,98.4,25.03333333333333,0.0256410256410256,14.91,18.0,3.09,3.09,0.1716666666666666,0.0256410256410256,0,Q2,Low,2025-10,2025-12,0,0,Mid-Inactive,0,0,0,0.3221153846153846
19,Other,3,12,0,Ads,medium,6,158.33,27.17222222222222,0.0925925925925925,15.74,16.0,0.2599999999999998,0.2599999999999998,0.0162499999999999,0.0185185185185185,0,Q3,Low,2025-04,2025-11,0,0,Mid-Recent,0,0,1,0.3237179487179487
27,Male,9,59,0,Organic,medium,5,131.38,25.38936170212766,0.1276595744680851,40.21,16.323333333333334,2.92,8.76,0.1788850316520318,0.0638297872340425,0,Q3,Mid-Low,2023-11,2025-12,1,1,Inactive,0,0,0,0.4326923076923077
23,Female,4,33,0,Partnership,low,5,114.54,27.202222222222225,0.1777777777777777,78.73,16.25,3.173333333333334,19.040000000000003,0.194742763628925,0.1333333333333333,1,Q2,High,2025-01,2025-12,1,1,Inactive,0,0,0,0.5144230769230769
37,Other,3,19,0,Referral,medium,3,132.32,23.058536585365854,0.0975609756097561,46.8,18.666666666666668,3.066666666666668,9.200000000000005,0.1642857142857143,0.073170731707317,0,Q3,Mid-Low,2025-01,2025-11,0,0,Mid-Inactive,0,0,0,0.532051282051282
42,Other,2,0,0,Referral,low,8,143.39,25.802,0.2,63.96,16.586666666666666,5.926666666666667,35.56,0.3573151125401929,0.12,1,Q3,High,2023-05,2025-11,0,0,Recent,0,0,1,0.5705128205128205
23,Female,2,62,0,Organic,medium,3,157.47,23.820833333333336,0.125,37.67,11.82,0.0,0.0,0.0,0.0625,0,Q3,Mid-Low,2024-08,2025-11,1,1,Inactive,0,0,0,0.27724358974358976
32,Male,3,40,0,Organic,high,6,101.64,23.052,0.08,0.0,0.0,0.0,0.0,0.0,0.0,0,Q2,Low,2023-03,2025-11,1,1,Inactive,0,0,0,0.3386752136752137
52,Other,0,1,0,Ads,medium,6,76.06,23.58888888888889,0.2222222222222222,8.7,13.97,5.270000000000001,5.270000000000001,0.3772369362920544,0.037037037037037,0,Q1,Low,2023-01,2025-12,0,0,Recent,0,0,1,0.1736111111111111
55,Male,0,28,0,Referral,medium,1,15.95,25.23333333333333,0.1666666666666666,8.99,13.97,4.98,4.98,0.3564781675017895,0.1666666666666666,1,Q1,High,2023-10,2025-11,1,0,Inactive,0,0,0,0.4172008547008546
33,Other,3,23,0,Organic,medium,3,68.36,26.321739130434786,0.0434782608695652,13.75,14.0,0.25,0.25,0.0178571428571428,0.0434782608695652,0,Q1,Low,2024-10,2025-12,1,0,Mid-Inactive,0,0,0,0.47596153846153844
68,Other,0,7,0,Organic,medium,3,162.43,24.89607843137255,0.2156862745098039,59.7,16.022,4.082,20.41,0.2547746848083885,0.0980392156862745,1,Q3,Mid-High,2024-02,2025-12,0,0,Recent,0,0,1,0.5192307692307692
32,Male,1,31,0,Partnership,low,2,101.34,24.24571428571429,0.2285714285714285,32.77,13.013333333333334,2.0899999999999994,6.269999999999999,0.1606045081967213,0.0857142857142857,0,Q2,Mid-Low,2025-01,2025-12,1,1,Inactive,0,0,0,0.4508547008547008
68,Female,0,14,0,Ads,medium,12,126.0,23.830434782608695,0.108695652173913,25.33,13.67,5.226666666666667,15.68,0.382345769324555,0.0652173913043478,0,Q3,Mid-Low,2025-01,2025-12,0,0,Mid-Recent,0,0,1,0.49091880341880345
45,Male,0,50,0,Referral,low,0,28.57,23.94,0.1,4.91,9.0,4.09,4.09,0.4544444444444444,0.1,1,Q1,Mid-High,2023-04,2025-09,1,1,Inactive,0,0,0,0.2745726495726496
23,Female,11,18,0,Partnership,high,6,293.1,23.557971014492757,0.0579710144927536,11.08,8.715,3.1750000000000003,6.3500000000000005,0.3643144004589788,0.0289855072463768,0,Q4,Low,2024-10,2025-12,0,0,Mid-Inactive,1,0,0,0.5683760683760684
38,Female,2,87,1,Referral,low,2,50.35,22.35,0.2,49.61,20.33333333333333,3.7966666666666655,11.39,0.1867213114754098,0.15,1,Q1,High,2023-05,2025-11,1,1,Inactive,0,0,0,0.3798076923076923
41,Female,0,18,1,Ads,low,3,85.2,28.212903225806453,0.1290322580645161,27.13,9.89,1.16,3.4800000000000004,0.1136883371447239,0.0967741935483871,1,Q1,Mid-High,2023-07,2025-11,0,0,Mid-Inactive,0,0,0,0.2948717948717948
46,Other,0,3,0,Referral,low,1,58.48,26.43684210526316,0.3157894736842105,12.7,16.0,3.3000000000000007,3.3000000000000007,0.20625,0.0526315789473684,0,Q1,Low,2024-03,2025-07,0,0,Recent,0,0,1,0.43108974358974356
53,Male,9,18,0,Partnership,medium,8,155.07,25.832142857142856,0.1964285714285714,45.78,14.3025,3.0475,12.19,0.2102811799206486,0.0714285714285714,0,Q3,Mid-Low,2023-09,2025-11,0,0,Mid-Inactive,0,0,0,0.2905982905982906
42,Male,0,27,0,Ads,low,3,114.17,23.154761904761905,0.119047619047619,38.66,15.306666666666668,2.7433333333333336,8.23,0.1755171678396246,0.0714285714285714,0,Q2,Mid-Low,2024-10,2025-12,1,0,Mid-Inactive,0,0,0,0.42521367521367526
35,Female,3,14,1,Partnership,medium,9,201.96,24.228571428571428,0.2142857142857142,46.2,11.752,2.6779999999999995,13.389999999999995,0.2247021312300721,0.0892857142857142,1,Q4,Mid-High,2023-09,2025-11,0,0,Mid-Recent,1,0,1,0.5822649572649573
45,Female,3,11,0,Organic,medium,4,165.93,26.5377358490566,0.0943396226415094,51.67,19.295,6.3775,25.51,0.3305260430163254,0.0754716981132075,0,Q3,Mid-Low,2023-07,2025-12,0,0,Mid-Recent,0,0,1,0.5694444444444444
34,Male,0,15,0,Ads,medium,10,121.51,24.21698113207547,0.1509433962264151,36.52,11.53,4.226,21.13,0.3665221162185602,0.0943396226415094,1,Q2,Mid-High,2023-01,2025-12,0,0,Mid-Inactive,0,0,0,0.3402777777777778
37,Male,0,8,0,Organic,medium,6,110.44,26.745945945945948,0.1351351351351351,46.67,13.07,1.59,6.36,0.1199321138977937,0.1081081081081081,1,Q2,Mid-High,2024-10,2025-11,0,0,Mid-Recent,0,0,1,0.35523504273504275
39,Female,0,46,1,Organic,low,5,70.18,21.125,0.1428571428571428,30.74,22.0,6.629999999999999,13.259999999999998,0.3013636363636363,0.0714285714285714,0,Q1,Mid-Low,2024-03,2025-12,1,1,Inactive,0,0,0,0.2681623931623932
48,Female,6,32,0,Partnership,medium,4,146.2,25.450000000000003,0.1904761904761904,59.74,11.495,1.91,11.46,0.1609550561797753,0.1428571428571428,1,Q3,High,2023-12,2025-12,1,1,Inactive,0,0,0,0.3071581196581197
54,Male,1,52,0,Partnership,low,4,52.45,23.905,0.0,0.0,0.0,0.0,0.0,0.0,0.0,0,Q1,Low,2025-02,2025-12,1,1,Inactive,0,0,0,0.2895299145299145
25,Other,7,10,1,Ads,medium,6,150.02,25.38666666666667,0.2666666666666666,63.78,14.475,3.845,23.07,0.2656303972366148,0.1333333333333333,1,Q3,High,2023-08,2025-12,0,0,Mid-Recent,0,0,1,0.31303418803418803
63,Male,0,16,0,Organic,low,2,74.19,22.089655172413792,0.2068965517241379,55.16,12.472,1.9,9.499999999999998,0.1469223631302195,0.1724137931034483,1,Q1,High,2025-10,2025-12,0,0,Mid-Inactive,0,0,0,0.2516025641025641
26,Other,7,11,0,Ads,low,8,168.76,23.120338983050846,0.135593220338983,65.74,13.013333333333334,2.205,13.23,0.1675319741674053,0.1016949152542373,1,Q4,Mid-High,2025-03,2025-12,0,0,Mid-Recent,1,0,1,0.5325854700854701
63,Female,1,26,0,Referral,medium,8,186.14,25.05967741935484,0.1290322580645161,26.32,9.19,2.6100000000000003,10.44,0.2840043525571273,0.064516129032258,0,Q4,Mid-Low,2023-05,2025-10,1,0,Mid-Inactive,1,1,0,0.4967948717948718
55,Female,1,49,0,Referral,low,5,95.82,25.96764705882353,0.1470588235294117,36.09,10.2475,1.2400000000000002,4.960000000000001,0.1208282582216808,0.1176470588235294,1,Q2,High,2024-10,2025-12,1,1,Inactive,0,0,0,0.516025641025641
56,Other,2,21,0,Referral,medium,8,75.34,26.86551724137931,0.3103448275862069,44.74,11.326666666666666,3.87,23.22,0.3416715715126545,0.2068965517241379,1,Q1,High,2023-04,2025-12,1,0,Mid-Inactive,0,0,0,0.4668803418803419
28,Other,7,11,0,Partnership,medium,14,101.76,25.37857142857143,0.0714285714285714,51.39,21.666666666666668,4.536666666666666,13.609999999999998,0.2093846153846153,0.0714285714285714,0,Q2,Mid-Low,2023-09,2025-12,0,0,Mid-Recent,0,0,1,0.5293803418803419
18,Male,8,3,0,Ads,high,14,323.76,22.59230769230769,0.2179487179487179,155.05,16.875833333333333,4.0,48.0,0.2363949766067471,0.1538461538461538,1,Q4,High,2024-12,2025-12,0,0,Recent,1,0,1,0.6485042735042735
43,Female,7,48,0,Organic,medium,6,153.64,25.7,0.1428571428571428,90.33,13.748571428571427,1.0285714285714285,7.199999999999999,0.073823438941864,0.125,1,Q3,High,2023-04,2025-11,1,1,Inactive,0,0,0,0.40865384615384615
36,Female,3,42,0,Referral,high,5,436.74,23.68041237113402,0.1443298969072164,118.46,14.025454545454544,3.3,36.3,0.2345567330059446,0.1134020618556701,1,Q4,Mid-High,2024-09,2025-12,1,1,Inactive,1,1,0,0.7644230769230769
39,Female,2,37,0,Partnership,medium,5,80.04,22.686206896551724,0.1034482758620689,17.689999999999998,8.333333333333334,2.436666666666667,7.31,0.2924,0.1034482758620689,1,Q1,Mid-High,2024-10,2025-12,1,1,Inactive,0,0,0,0.1891025641025641
46,Other,6,38,0,Organic,high,8,311.66,26.45068493150685,0.1232876712328767,49.34,12.42,4.196666666666666,25.18,0.3378958668813741,0.0821917808219178,0,Q4,Mid-Low,2024-05,2025-12,1,1,Inactive,1,1,0,0.38408119658119666
63,Male,1,6,0,Organic,high,14,262.75,25.022058823529413,0.2058823529411764,56.220000000000006,12.893333333333333,3.523333333333333,21.14,0.2732678386763185,0.088235294117647,1,Q4,Mid-High,2024-11,2025-12,0,0,Recent,1,0,1,0.6682692307692308
65,Male,3,30,0,Ads,medium,3,187.66,26.4,0.1481481481481481,37.46,13.1825,3.8175,15.27,0.2895884695619192,0.074074074074074,0,Q4,Mid-Low,2024-06,2025-12,1,1,Inactive,1,1,0,0.5876068376068376
47,Male,3,85,0,Ads,low,1,139.9,24.23877551020408,0.1428571428571428,53.24,9.476666666666668,0.7266666666666667,4.36,0.0756944444444444,0.1224489795918367,1,Q3,High,2024-11,2025-12,1,1,Inactive,0,0,0,0.594017094017094
43,Male,3,8,0,Partnership,low,3,84.1,26.89090909090909,0.1818181818181818,10.65,12.28,1.629999999999999,1.629999999999999,0.1327361563517914,0.0303030303030303,0,Q1,Low,2025-07,2025-12,0,0,Mid-Recent,0,0,1,0.43536324786324787
63,Male,2,39,0,Organic,high,8,233.16,25.694915254237287,0.1186440677966101,33.36,8.7275,0.54,2.16,0.0608108108108108,0.0677966101694915,0,Q4,Mid-Low,2024-08,2025-11,1,1,Inactive,1,1,0,0.6367521367521367
52,Male,5,15,0,Organic,high,3,239.13,25.504,0.1,44.84,13.1275,1.9174999999999995,7.669999999999998,0.146067415730337,0.08,0,Q4,Mid-Low,2024-02,2025-12,0,0,Mid-Inactive,1,0,0,0.5566239316239316
34,Other,9,31,0,Organic,high,11,249.56,26.2031746031746,0.0952380952380952,28.48,9.74,0.4666666666666662,1.3999999999999986,0.0468540829986612,0.0476190476190476,0,Q4,Low,2024-04,2025-11,1,1,Inactive,1,1,0,0.6260683760683761
55,Male,1,52,0,Organic,low,5,104.17,24.8825,0.25,38.19,12.8625,3.315,13.26,0.2577259475218659,0.1,1,Q2,Mid-High,2025-09,2025-12,1,1,Inactive,0,0,0,0.36111111111111105
61,Other,3,43,0,Referral,medium,7,139.49,26.122222222222224,0.1555555555555555,16.89,8.506666666666666,2.8766666666666665,8.629999999999999,0.3381661442006269,0.0666666666666666,0,Q3,Mid-Low,2024-08,2025-12,1,1,Inactive,0,0,0,0.5352564102564102
33,Female,6,2,0,Ads,high,4,157.03,27.060526315789478,0.0789473684210526,30.76,10.44,0.2833333333333332,0.8499999999999996,0.0268902246124644,0.0789473684210526,0,Q3,Mid-Low,2025-01,2025-12,0,0,Recent,0,0,1,0.297008547008547
50,Female,2,42,1,Ads,medium,10,159.38,24.02156862745098,0.0784313725490196,48.06,15.8775,4.154999999999999,16.619999999999997,0.2569573283858997,0.0784313725490196,0,Q3,Mid-Low,2023-11,2025-11,1,1,Inactive,0,0,0,0.297008547008547
49,Other,5,35,1,Ads,medium,3,178.41,23.76530612244898,0.1428571428571428,39.27,15.1875,5.37,21.48,0.3535802469135802,0.0816326530612244,0,Q4,Mid-Low,2023-11,2025-11,1,1,Inactive,1,1,0,0.35096153846153844
29,Female,4,7,0,Referral,medium,3,105.03,26.3969696969697,0.2727272727272727,72.73,18.046666666666667,5.925,35.55,0.3283154783893608,0.1818181818181818,1,Q2,High,2023-08,2025-11,0,0,Recent,0,0,1,0.2548076923076923
26,Male,5,17,0,Partnership,low,7,122.47,23.46,0.14,39.35,11.752,3.882,19.41,0.3303267528931246,0.1,1,Q3,Mid-High,2023-07,2025-12,0,0,Mid-Inactive,0,0,0,0.3552350427350427
44,Other,1,20,0,Partnership,low,2,104.37,22.74324324324324,0.081081081081081,36.56,18.375,0.2400000000000002,0.4800000000000004,0.0129589632829373,0.054054054054054,0,Q2,Low,2025-03,2025-12,1,0,Mid-Inactive,0,0,0,0.4177350427350427
19,Male,4,1,1,Referral,medium,6,91.13,27.13448275862069,0.0689655172413793,29.59,16.875,2.08,4.16,0.1232592592592592,0.0689655172413793,0,Q2,Mid-Low,2024-10,2025-11,0,0,Recent,0,0,1,0.5293803418803419
36,Male,7,4,0,Partnership,medium,6,114.87,22.72142857142857,0.119047619047619,10.4,9.92,0.0,0.0,0.0,0.0238095238095238,0,Q2,Low,2023-08,2025-12,0,0,Recent,0,0,1,0.4738247863247863
35,Other,11,0,1,Referral,high,19,308.03,24.7710843373494,0.1325301204819277,106.53,17.114285714285714,2.3528571428571428,16.47,0.1339024390243902,0.0843373493975903,0,Q4,Mid-Low,2025-06,2025-12,0,0,Recent,1,0,1,0.6490384615384616
45,Male,0,39,0,Organic,medium,7,147.23,25.46170212765957,0.2127659574468085,60.71,12.26,2.141666666666667,12.85,0.1746873300706906,0.1276595744680851,1,Q3,High,2024-09,2025-12,1,1,Inactive,0,0,0,0.4326923076923077
40,Male,0,52,1,Referral,medium,8,148.78,23.935714285714287,0.1785714285714285,61.41,13.593333333333334,3.358333333333333,20.15,0.2470573810691515,0.1071428571428571,1,Q3,Mid-High,2024-01,2025-12,1,1,Inactive,0,0,0,0.5058760683760684
62,Female,3,12,0,Ads,medium,4,91.26,24.805882352941172,0.1176470588235294,21.86,12.76,2.3999999999999995,4.799999999999999,0.1800450112528132,0.0588235294117647,0,Q2,Mid-Low,2025-09,2025-12,0,0,Mid-Recent,0,0,1,0.3424145299145299
21,Other,7,20,0,Organic,medium,7,187.72,25.43606557377049,0.1475409836065573,61.51,14.085,3.9066666666666663,23.44,0.275927015891701,0.0983606557377049,1,Q4,Mid-High,2023-05,2025-12,1,0,Mid-Inactive,1,1,0,0.32585470085470086
36,Other,6,26,0,Referral,medium,12,159.32,29.55322580645161,0.2258064516129032,77.44,13.582857142857142,2.588571428571428,18.12,0.189619087484303,0.1129032258064516,1,Q3,Mid-High,2024-11,2025-12,1,0,Mid-Inactive,0,0,0,0.406517094017094
35,Other,1,10,0,Ads,high,5,333.89,24.542105263157897,0.1973684210526315,94.41,14.71125,2.945,23.56,0.1997117911333389,0.1052631578947368,1,Q4,Mid-High,2023-03,2025-11,0,0,Mid-Recent,1,0,1,0.48717948717948717
33,Other,6,15,0,Partnership,medium,5,133.17,28.12093023255814,0.2325581395348837,90.06,17.038571428571426,4.172857142857144,29.210000000000004,0.2449065146306699,0.1627906976744186,1,Q3,High,2025-01,2025-12,0,0,Mid-Inactive,0,0,0,0.47115384615384615
58,Female,2,9,0,Partnership,medium,10,134.91,24.59375,0.0833333333333333,23.59,8.486666666666666,0.6233333333333334,1.87,0.0734485467399842,0.0625,0,Q3,Mid-Low,2024-07,2025-12,0,0,Mid-Recent,0,0,1,0.4786324786324786
43,Other,7,8,0,Organic,high,8,191.67,25.825531914893617,0.0851063829787234,46.77,16.013333333333332,1.3499999999999996,4.049999999999999,0.0796930342384887,0.0638297872340425,0,Q4,Mid-Low,2024-01,2025-12,0,0,Mid-Recent,1,0,1,0.27297008547008544
55,Male,3,7,0,Partnership,medium,5,97.46,21.16060606060606,0.2121212121212121,29.96,14.093333333333334,4.1066666666666665,12.32,0.2913907284768212,0.0909090909090909,1,Q2,Mid-High,2024-07,2025-11,0,0,Recent,0,0,1,0.3520299145299145
43,Male,4,18,0,Ads,medium,5,82.48,26.627586206896552,0.1724137931034483,33.79,13.96,5.512499999999999,22.05,0.394878223495702,0.1379310344827586,1,Q1,High,2025-10,2025-12,0,0,Mid-Inactive,0,0,0,0.23771367521367523
36,Female,5,11,0,Partnership,medium,2,94.14,25.9625,0.0625,11.65,12.28,0.629999999999999,0.629999999999999,0.0513029315960911,0.03125,0,Q2,Low,2024-02,2025-12,0,0,Mid-Recent,0,0,1,0.43803418803418803
20,Male,4,45,0,Referral,high,6,208.0,26.39591836734694,0.2653061224489796,82.6,12.92,2.7875,22.3,0.2125834127740705,0.1632653061224489,1,Q4,High,2024-01,2025-12,1,1,Inactive,1,1,0,0.406517094017094
47,Male,4,3,0,Ads,low,4,72.86,25.49642857142857,0.1071428571428571,12.84,16.0,3.16,3.16,0.1975,0.0357142857142857,0,Q1,Low,2024-01,2025-11,0,0,Recent,0,0,1,0.28205128205128205
28,Female,3,27,0,Organic,medium,0,74.15,23.24736842105263,0.1578947368421052,0.0,0.0,0.0,0.0,0.0,0.0,0,Q1,Low,2023-03,2025-11,1,0,Mid-Inactive,0,0,0,0.45886752136752135
60,Other,3,68,0,Referral,medium,2,61.04,23.35454545454545,0.2272727272727272,48.91,25.5,1.045,2.09,0.0409803921568627,0.0909090909090909,1,Q1,Mid-High,2023-05,2025-11,1,1,Inactive,0,0,0,0.3952991452991453
64,Other,1,1,0,Partnership,medium,9,82.47,25.568571428571428,0.0857142857142857,29.92,12.013333333333334,2.04,6.119999999999998,0.1698113207547169,0.0857142857142857,0,Q1,Mid-Low,2024-01,2025-12,0,0,Recent,0,0,1,0.423076923076923
18,Male,1,10,0,Referral,high,8,243.23,25.010526315789477,0.087719298245614,12.51,12.28,0.0,0.0,0.0,0.0175438596491228,0,Q4,Low,2024-02,2025-11,0,0,Mid-Recent,1,0,1,0.6143162393162394
51,Other,4,1,0,Referral,medium,5,137.02,23.404545454545453,0.1363636363636363,30.8,13.25,2.983333333333333,8.95,0.2251572327044025,0.0681818181818181,0,Q3,Mid-Low,2024-04,2025-11,0,0,Recent,0,0,1,0.32264957264957267
25,Female,5,24,0,Partnership,medium,7,75.04,26.079310344827583,0.1034482758620689,11.28,13.24,1.9600000000000009,1.9600000000000009,0.1480362537764351,0.0344827586206896,0,Q1,Low,2024-04,2025-12,1,0,Mid-Inactive,0,0,0,0.4599358974358974
23,Other,3,53,1,Referral,low,4,87.5,23.541666666666668,0.2222222222222222,40.72,10.954,2.8240000000000003,14.12,0.2574762946754194,0.1388888888888889,1,Q1,High,2024-08,2025-11,1,1,Inactive,0,0,0,0.4967948717948718
26,Female,5,2,0,Ads,medium,9,110.07,22.26666666666667,0.0952380952380952,38.04,15.333333333333334,2.9933333333333336,8.98,0.1909825606125053,0.0714285714285714,0,Q2,Mid-Low,2023-09,2025-12,0,0,Recent,0,0,1,0.45993589743589747
18,Other,0,12,0,Partnership,medium,1,68.63,29.05714285714286,0.238095238095238,23.85,12.6,4.65,13.95,0.369047619047619,0.1428571428571428,1,Q1,High,2025-09,2025-12,0,0,Mid-Recent,0,0,1,0.21741452991452992
58,Other,4,0,0,Partnership,medium,7,168.64,26.183333333333334,0.125,16.74,9.46,1.0900000000000003,2.1800000000000006,0.1152219873150106,0.0416666666666666,0,Q4,Low,2025-01,2025-11,0,0,Recent,1,0,1,0.5689102564102564
24,Male,8,41,0,Partnership,high,8,328.27,24.45866666666667,0.0533333333333333,33.910000000000004,14.666666666666666,3.63,10.89,0.243080357142857,0.04,0,Q4,Low,2024-04,2025-12,1,1,Inactive,1,1,0,0.6426282051282051
68,Male,3,7,0,Organic,medium,6,94.05,24.651612903225807,0.1290322580645161,7.82,5.745,1.835,3.67,0.31940818102698,0.064516129032258,0,Q2,Mid-Low,2025-04,2025-11,0,0,Recent,0,0,1,0.2948717948717948
56,Other,7,42,0,Referral,medium,7,140.43,27.03478260869565,0.2391304347826087,78.35,13.37142857142857,2.1785714285714284,15.249999999999998,0.1629273504273504,0.1521739130434782,1,Q3,High,2025-09,2025-12,1,1,Inactive,0,0,0,0.27564102564102566
56,Other,1,19,0,Partnership,medium,5,81.17999999999999,21.146666666666665,0.1666666666666666,61.66,20.57,5.529999999999999,22.12,0.2640248269276676,0.1333333333333333,1,Q1,High,2025-01,2025-12,0,0,Mid-Inactive,0,0,0,0.5197649572649572
68,Male,4,4,0,Partnership,high,9,283.84,24.32638888888889,0.2083333333333333,113.18,16.8075,2.8312500000000003,22.65,0.16675255834499,0.1111111111111111,1,Q4,Mid-High,2024-06,2025-11,0,0,Recent,1,0,1,0.49786324786324787
58,Other,7,9,0,Referral,low,5,135.05,25.972,0.14,41.86,14.333333333333334,0.6966666666666667,2.09,0.0475540386803185,0.06,0,Q3,Mid-Low,2024-04,2025-12,0,0,Mid-Recent,0,0,1,0.5427350427350427
42,Other,3,1,0,Organic,medium,8,227.37,23.64307692307692,0.1846153846153846,64.26,13.523333333333332,2.8483333333333327,17.089999999999996,0.2100799016594959,0.0923076923076923,1,Q4,Mid-High,2024-01,2025-11,0,0,Recent,1,0,1,0.31517094017094016
19,Other,8,20,0,Referral,high,8,324.47,24.194871794871798,0.1025641025641025,81.04,20.456,4.3,21.5,0.2096742734542617,0.0641025641025641,0,Q4,Mid-Low,2023-12,2025-12,1,0,Mid-Inactive,1,1,0,0.6971153846153846
21,Female,6,3,0,Partnership,high,4,224.05,25.114814814814817,0.2222222222222222,102.38,16.64428571428571,2.204285714285714,15.43,0.1309736015618368,0.1296296296296296,1,Q4,High,2023-03,2025-12,0,0,Recent,1,0,1,0.43482905982905984
23,Other,3,73,0,Organic,low,5,111.51,26.51219512195122,0.2195121951219512,52.82,12.204,1.722,8.61,0.1401595311736936,0.1219512195121951,1,Q2,High,2025-07,2025-12,1,1,Inactive,0,0,0,0.39316239316239315
50,Male,1,0,0,Organic,high,5,229.34,23.841509433962266,0.1698113207547169,30.94,8.9225,1.2724999999999995,5.089999999999999,0.141271162919789,0.0754716981132075,0,Q4,Mid-Low,2023-10,2025-12,0,0,Recent,1,0,1,0.36111111111111116
37,Other,2,50,1,Ads,high,5,213.56,23.535416666666663,0.1458333333333333,31.03,11.06,0.7166666666666668,2.1500000000000004,0.064798071127185,0.0625,0,Q4,Mid-Low,2023-07,2025-12,1,1,Inactive,1,1,0,0.38835470085470086
45,Male,6,38,0,Referral,high,5,271.65,25.674242424242426,0.1969696969696969,39.83,8.883333333333333,2.245,13.47,0.2527204502814259,0.0909090909090909,1,Q4,Mid-High,2024-11,2025-12,1,1,Inactive,1,1,0,0.5972222222222223
25,Male,6,10,0,Referral,medium,2,139.83,23.95952380952381,0.1428571428571428,22.42,7.66,2.055,8.219999999999999,0.2682767624020887,0.0952380952380952,1,Q3,Mid-High,2024-05,2025-12,0,0,Mid-Recent,0,0,1,0.39049145299145294
51,Other,2,17,1,Ads,medium,1,81.22,22.646153846153844,0.1153846153846153,23.49,18.5,6.755,13.51,0.3651351351351351,0.0769230769230769,0,Q1,Mid-Low,2024-06,2025-12,0,0,Mid-Inactive,0,0,0,0.29433760683760685
64,Male,3,7,0,Organic,medium,9,112.53,20.22558139534884,0.1162790697674418,20.76,12.495,2.115,4.23,0.1692677070828331,0.0465116279069767,0,Q2,Low,2024-11,2025-12,0,0,Recent,0,0,1,0.3322649572649573
22,Female,1,74,0,Partnership,medium,6,89.13,24.206451612903223,0.1612903225806451,34.2,13.01,4.46,17.84,0.3428132205995388,0.1290322580645161,1,Q1,High,2025-08,2025-12,1,1,Inactive,0,0,0,0.280982905982906
21,Female,3,3,0,Organic,medium,6,98.28,23.76388888888889,0.1111111111111111,20.89,11.173333333333332,4.21,12.63,0.3767899761336515,0.0833333333333333,0,Q2,Mid-Low,2023-07,2025-12,0,0,Recent,0,0,1,0.2676282051282051
54,Other,2,46,0,Ads,high,1,54.72,24.084615384615383,0.1538461538461538,6.11,9.0,2.89,2.89,0.321111111111111,0.0769230769230769,0,Q1,Mid-Low,2024-12,2025-12,1,1,Inactive,0,0,0,0.2596153846153846
33,Male,5,4,0,Organic,high,5,205.05,23.962,0.12,52.71,13.448000000000002,2.906,14.53,0.2160916121356335,0.1,1,Q4,Mid-High,2024-08,2025-12,0,0,Recent,1,0,1,0.3552350427350427
20,Other,2,73,1,Ads,medium,12,277.45,26.014285714285712,0.1428571428571428,20.81,6.89,1.6875,6.75,0.2449201741654572,0.0476190476190476,0,Q4,Low,2024-05,2025-12,1,1,Inactive,1,1,0,0.7088675213675214
64,Female,1,44,0,Referral,low,2,51.41,26.62,0.1,31.58,16.12,1.1450000000000005,2.290000000000001,0.0676114555653971,0.1,1,Q1,Mid-High,2025-08,2025-12,1,1,Inactive,0,0,0,0.4423076923076923
61,Male,1,46,0,Ads,medium,5,83.78,26.94,0.1142857142857142,28.17,9.84,0.9933333333333332,2.98,0.0956661316211878,0.0857142857142857,0,Q1,Mid-Low,2024-01,2025-12,1,1,Inactive,0,0,0,0.45779914529914534
47,Female,3,87,1,Organic,high,8,202.47,24.585714285714285,0.0816326530612244,31.28,11.833333333333334,1.4066666666666665,4.219999999999999,0.1188732394366196,0.0612244897959183,0,Q4,Mid-Low,2024-10,2025-12,1,1,Inactive,1,1,0,0.2954059829059829
18,Female,0,4,0,Organic,low,2,41.79,23.394117647058824,0.1176470588235294,9.76,9.0,0.0,0.0,0.0,0.0588235294117647,0,Q1,Mid-Low,2024-04,2025-11,0,0,Recent,0,0,1,0.2767094017094017
33,Female,4,14,1,Partnership,medium,6,127.3,24.335555555555555,0.1111111111111111,20.53,16.0,5.735,11.47,0.3584375,0.0444444444444444,0,Q3,Low,2023-12,2025-11,0,0,Mid-Recent,0,0,1,0.27136752136752135
66,Male,5,31,1,Referral,medium,4,92.42,25.196875,0.15625,16.32,9.09,3.65,10.95,0.4015401540154015,0.09375,1,Q2,Mid-High,2024-01,2025-11,1,1,Inactive,0,0,0,0.26442307692307687
52,Female,1,2,0,Organic,medium,5,167.35,25.249019607843135,0.0784313725490196,37.43,11.76,2.4025,9.61,0.2042942176870748,0.0784313725490196,0,Q4,Mid-Low,2024-12,2025-12,0,0,Recent,1,0,1,0.3039529914529915
65,Other,4,57,0,Referral,low,5,129.97,24.94090909090909,0.1363636363636363,22.14,11.14,3.76,11.28,0.3375224416517056,0.0681818181818181,0,Q3,Mid-Low,2024-01,2025-12,1,1,Inactive,0,0,0,0.5379273504273504
44,Female,0,28,0,Ads,medium,0,15.06,31.34,0.2,11.05,14.0,2.9499999999999997,2.9499999999999997,0.2107142857142856,0.2,1,Q1,High,2024-03,2025-06,1,0,Inactive,0,0,0,0.3573717948717948
32,Other,5,7,1,Organic,high,3,166.94,25.49736842105263,0.1052631578947368,11.63,8.28,2.4650000000000003,4.930000000000001,0.2977053140096619,0.0526315789473684,0,Q4,Low,2024-07,2025-12,0,0,Recent,1,0,1,0.3942307692307692
55,Male,0,134,1,Partnership,high,6,133.51,22.415625,0.09375,7.5,3.33,0.8300000000000001,2.49,0.2492492492492492,0.09375,1,Q3,Mid-High,2023-04,2025-10,1,1,Inactive,0,0,0,0.4310897435897436
21,Female,5,3,0,Ads,medium,4,128.35,25.4675,0.275,87.86,16.064285714285713,3.7928571428571423,26.55,0.2320601346036185,0.175,1,Q3,High,2024-08,2025-12,0,0,Recent,0,0,1,0.2777777777777778
43,Other,6,31,0,Organic,medium,9,131.6,24.885416666666668,0.1666666666666666,50.92,12.93,2.8759999999999994,14.379999999999995,0.2202143950995405,0.1041666666666666,1,Q3,Mid-High,2024-02,2025-11,1,1,Inactive,0,0,0,0.5272435897435896
22,Male,0,11,0,Referral,medium,4,164.06,27.065217391304348,0.1521739130434782,63.83,16.248,3.5780000000000003,17.89,0.218918257464513,0.108695652173913,1,Q3,Mid-High,2024-06,2025-12,0,0,Mid-Recent,0,0,1,0.46314102564102566
46,Female,1,2,1,Partnership,medium,1,107.07,21.605882352941176,0.0294117647058823,7.94,12.28,4.339999999999999,4.339999999999999,0.3534201954397393,0.0294117647058823,0,Q2,Low,2024-11,2025-11,0,0,Recent,0,0,1,0.5438034188034189
67,Male,0,15,0,Organic,medium,1,59.47,19.633333333333333,0.2222222222222222,15.14,7.605,0.135,0.27,0.017521090201168,0.1111111111111111,1,Q1,Mid-High,2024-03,2025-10,0,0,Mid-Inactive,0,0,0,0.1768162393162393
23,Male,0,1,0,Referral,high,3,259.76,29.04310344827586,0.0862068965517241,59.69,14.798000000000002,2.86,14.3,0.1932693607244222,0.0862068965517241,0,Q4,Mid-Low,2024-03,2025-12,0,0,Recent,1,0,1,0.6533119658119658
23,Other,4,58,1,Organic,medium,4,107.77,25.450000000000003,0.1111111111111111,14.39,22.0,7.609999999999999,7.609999999999999,0.3459090909090909,0.0277777777777777,0,Q2,Low,2024-02,2025-11,1,1,Inactive,0,0,0,0.3162393162393162
61,Female,2,14,0,Ads,high,3,167.96,22.210256410256413,0.1282051282051282,49.61,21.093333333333334,4.556666666666667,13.67,0.21602402022756,0.0769230769230769,0,Q4,Mid-Low,2025-07,2025-12,0,0,Mid-Recent,1,0,1,0.4262820512820512
53,Other,2,22,0,Referral,low,6,106.29,25.321052631578947,0.1052631578947368,31.33,15.92,5.476666666666667,16.43,0.3440117252931323,0.0789473684210526,0,Q2,Mid-Low,2023-02,2025-12,1,0,Mid-Inactive,0,0,0,0.49839743589743585
25,Male,3,13,0,Ads,medium,2,188.55,27.322,0.16,43.89,13.4375,2.5649999999999995,10.259999999999998,0.1894736842105263,0.08,0,Q4,Mid-Low,2023-05,2025-11,0,0,Mid-Recent,1,0,1,0.3621794871794872
41,Other,1,27,1,Organic,low,6,105.14,21.8925,0.1,17.04,10.14,1.6199999999999997,3.2399999999999998,0.1597633136094674,0.05,0,Q2,Low,2025-08,2025-12,1,0,Mid-Inactive,0,0,0,0.548611111111111
30,Other,4,16,0,Ads,high,5,166.16,25.57608695652174,0.1739130434782608,66.32,14.18,3.315,19.89,0.2307156942350075,0.1304347826086956,1,Q4,High,2025-10,2025-12,0,0,Mid-Inactive,1,0,0,0.24091880341880342
20,Female,2,3,0,Ads,high,4,232.66,23.294444444444448,0.1481481481481481,36.57,10.8575,1.715,6.859999999999999,0.1579553304167626,0.074074074074074,0,Q4,Mid-Low,2023-05,2025-12,0,0,Recent,1,0,1,0.5042735042735043
49,Male,2,8,0,Partnership,low,1,42.35,22.929411764705883,0.0588235294117647,0.0,0.0,0.0,0.0,0.0,0.0,0,Q1,Low,2023-02,2025-10,0,0,Mid-Recent,0,0,1,0.4642094017094016
29,Female,5,0,0,Partnership,medium,6,122.91,24.919047619047618,0.2142857142857142,69.26,16.95,3.3559999999999994,16.779999999999998,0.1950255695025569,0.119047619047619,1,Q3,High,2023-09,2025-11,0,0,Recent,0,0,1,0.4668803418803419
57,Other,2,2,0,Organic,medium,3,116.33,23.926470588235293,0.1764705882352941,25.05,8.93,2.6675,10.67,0.2987122060470324,0.1176470588235294,1,Q2,High,2023-05,2025-11,0,0,Recent,0,0,1,0.46741452991452986
48,Male,4,48,1,Organic,medium,3,88.77,28.682142857142857,0.25,50.19,12.664,2.868,14.34,0.2222222222222222,0.1785714285714285,1,Q1,High,2025-10,2025-12,1,1,Inactive,0,0,0,0.2542735042735043
30,Other,2,73,0,Referral,low,3,128.73,28.195744680851064,0.1276595744680851,26.84,13.36,4.413333333333333,13.24,0.3303393213572854,0.0638297872340425,0,Q3,Mid-Low,2024-03,2025-12,1,1,Inactive,0,0,0,0.39102564102564097
48,Other,1,26,0,Organic,medium,3,30.38,30.1,0.0909090909090909,0.0,0.0,0.0,0.0,0.0,0.0,0,Q1,Low,2024-06,2025-11,1,0,Mid-Inactive,0,0,0,0.23023504273504275
29,Male,5,24,1,Ads,medium,6,111.69,27.847500000000004,0.05,18.6,14.73,5.43,10.86,0.3686354378818737,0.05,0,Q2,Low,2024-09,2025-11,1,0,Mid-Inactive,0,0,0,0.4097222222222222
48,Other,2,2,0,Ads,high,5,236.81,24.435714285714287,0.1785714285714285,63.26,15.598000000000004,3.012,15.06,0.1922880490296221,0.0892857142857142,1,Q4,Mid-High,2025-01,2025-11,0,0,Recent,1,0,1,0.49893162393162394
60,Male,0,9,0,Referral,medium,8,151.66,26.51428571428572,0.1428571428571428,61.82,19.57,4.484999999999999,17.939999999999998,0.2249247743229689,0.0816326530612244,0,Q3,Mid-Low,2023-07,2025-12,0,0,Mid-Recent,0,0,1,0.6495726495726496
40,Male,0,10,0,Ads,low,1,59.01,25.67142857142857,0.238095238095238,19.18,15.0,5.41,10.82,0.3606666666666667,0.0952380952380952,1,Q1,Mid-High,2025-02,2025-12,0,0,Mid-Recent,0,0,1,0.31463675213675213
55,Male,1,11,1,Ads,medium,3,30.22,26.77692307692308,0.1538461538461538,7.220000000000001,3.97,0.54,1.08,0.1301204819277108,0.1538461538461538,1,Q1,High,2023-11,2025-09,0,0,Mid-Recent,0,0,1,0.3151709401709401
37,Male,3,46,0,Referral,medium,12,99.84,23.24871794871795,0.1282051282051282,12.25,9.66,3.5349999999999997,7.069999999999999,0.3659420289855071,0.0512820512820512,0,Q2,Low,2023-08,2025-12,1,1,Inactive,0,0,0,0.37072649572649574
56,Male,2,7,0,Partnership,medium,0,118.85,26.446666666666665,0.2666666666666666,35.66,9.416,2.3359999999999994,11.679999999999998,0.2467258132657372,0.1666666666666666,1,Q2,High,2024-02,2025-11,0,0,Recent,0,0,1,0.47115384615384615
30,Male,3,11,0,Ads,medium,4,73.58,24.008333333333336,0.0833333333333333,6.53,8.0,1.4699999999999998,1.4699999999999998,0.1837499999999999,0.0416666666666666,0,Q1,Low,2024-04,2025-11,0,0,Mid-Recent,0,0,1,0.23023504273504272
27,Other,11,7,0,Referral,high,8,272.88,24.60958904109589,0.1780821917808219,107.92,13.175555555555556,1.663333333333333,14.97,0.1218162584425095,0.1232876712328767,1,Q4,High,2024-12,2025-12,0,0,Recent,1,0,1,0.6618589743589745
63,Other,2,39,0,Referral,medium,6,115.7,25.285714285714285,0.1904761904761904,86.33999999999999,15.077142857142858,2.845714285714286,19.92,0.1874647092038396,0.1666666666666666,1,Q2,High,2024-08,2025-12,1,1,Inactive,0,0,0,0.5641025641025641
26,Male,1,0,0,Partnership,medium,8,73.35,25.334482758620688,0.2068965517241379,28.11,12.413333333333334,3.0433333333333343,9.130000000000004,0.2451664876476907,0.1034482758620689,1,Q1,Mid-High,2025-04,2025-12,0,0,Recent,0,0,1,0.3974358974358974
62,Other,0,19,0,Ads,medium,0,20.83,19.8,0.0,0.0,0.0,0.0,0.0,0.0,0.0,0,Q1,Low,2024-10,2025-10,0,0,Mid-Inactive,0,0,0,0.3034188034188034
64,Other,7,16,0,Ads,medium,7,113.02,22.2948717948718,0.1025641025641025,40.16,14.839999999999998,1.9333333333333336,5.800000000000001,0.1261966927763272,0.0769230769230769,0,Q2,Mid-Low,2025-05,2025-12,0,0,Mid-Inactive,0,0,0,0.454059829059829
62,Other,5,82,0,Referral,high,7,260.48,27.065151515151516,0.1363636363636363,86.27,15.495,1.3916666666666668,8.350000000000001,0.0882477277531177,0.0909090909090909,1,Q4,Mid-High,2025-03,2025-12,1,1,Inactive,1,1,0,0.3680555555555556
57,Male,7,36,0,Partnership,medium,11,132.48,22.65686274509804,0.1568627450980392,46.48,12.808000000000002,3.5340000000000003,17.67,0.2754481683554169,0.0980392156862745,1,Q3,Mid-High,2024-03,2025-12,1,1,Inactive,0,0,0,0.47756410256410253
33,Female,3,10,0,Ads,high,7,235.48,27.65714285714285,0.1964285714285714,104.12,15.011111111111113,3.598888888888889,32.39,0.2372719947256611,0.1607142857142857,1,Q4,High,2023-12,2025-12,0,0,Mid-Recent,1,0,1,0.6308760683760684
46,Male,7,80,0,Ads,medium,8,165.41,24.49344262295082,0.0983606557377049,42.99,14.69,3.9425,15.769999999999998,0.2683798502382573,0.0655737704918032,0,Q3,Mid-Low,2024-06,2025-12,1,1,Inactive,0,0,0,0.45085470085470086
40,Female,7,13,0,Referral,high,11,211.52,22.289473684210527,0.1578947368421052,70.81,13.86285714285714,3.788571428571428,26.52,0.2724750847631768,0.1228070175438596,1,Q4,High,2023-06,2025-11,0,0,Mid-Recent,1,0,1,0.5726495726495726
64,Female,0,5,0,Partnership,low,5,104.44,27.1125,0.2,69.24,15.798333333333332,4.258333333333334,25.55,0.2695432007595738,0.15,1,Q2,High,2024-08,2025-12,0,0,Recent,0,0,1,0.5277777777777778
52,Female,0,69,1,Partnership,medium,9,104.56,29.91025641025641,0.1794871794871795,17.95,12.76,3.785,7.57,0.2966300940438872,0.0512820512820512,0,Q2,Low,2025-10,2025-12,1,1,Inactive,0,0,0,0.30822649572649574
22,Male,8,17,0,Referral,low,10,128.0,23.932142857142857,0.1607142857142857,30.5,11.545,3.92,15.68,0.3395409268081421,0.0714285714285714,0,Q3,Mid-Low,2024-05,2025-12,0,0,Mid-Inactive,0,0,0,0.4642094017094017
22,Female,1,3,0,Partnership,high,1,161.87,22.323529411764707,0.2058823529411764,44.99,15.5075,4.26,17.04,0.2747057875221667,0.1176470588235294,1,Q3,High,2025-04,2025-12,0,0,Recent,0,0,1,0.48824786324786323
53,Male,4,3,0,Partnership,high,6,178.59,24.125,0.1818181818181818,49.57,11.262,1.5360000000000005,7.6800000000000015,0.1341484716157205,0.1136363636363636,1,Q4,Mid-High,2023-03,2025-10,0,0,Recent,1,0,1,0.2879273504273504
56,Female,2,9,0,Referral,medium,7,210.9,26.694202898550724,0.1594202898550724,89.35,18.755714285714284,5.991428571428571,41.94,0.3194455023231015,0.1014492753623188,1,Q4,Mid-High,2024-11,2025-12,0,0,Mid-Recent,1,0,1,0.5892094017094017
30,Female,2,48,0,Organic,medium,2,119.09,26.540625,0.125,38.57,15.506666666666666,2.7266666666666666,8.18,0.1749732620320855,0.09375,1,Q2,Mid-High,2025-06,2025-12,1,1,Inactive,0,0,0,0.5352564102564102
21,Female,0,69,0,Ads,high,3,179.16,27.141463414634146,0.0975609756097561,24.1,10.64,2.606666666666667,7.82,0.2449874686716792,0.073170731707317,0,Q4,Mid-Low,2023-02,2025-11,1,1,Inactive,1,1,0,0.2264957264957265
45,Male,7,25,0,Partnership,high,11,362.51,24.23483146067416,0.1797752808988764,109.92,12.430909090909092,2.438181818181818,26.82,0.1961386573058358,0.1235955056179775,1,Q4,High,2024-04,2025-12,1,0,Mid-Inactive,1,1,0,0.7510683760683761
31,Male,4,12,0,Referral,high,4,239.47,25.396153846153844,0.1538461538461538,45.57,11.59,2.522,12.61,0.21674114816088,0.0961538461538461,1,Q4,Mid-High,2023-07,2025-10,0,0,Mid-Recent,1,0,1,0.6346153846153846
68,Female,4,5,0,Partnership,medium,7,178.52,24.36271186440678,0.1864406779661017,68.19,15.756,2.2220000000000004,11.11,0.1401008827238335,0.0847457627118644,0,Q4,Mid-Low,2023-11,2025-11,0,0,Recent,1,0,1,0.5534188034188035
42,Male,5,4,1,Partnership,medium,5,85.39,26.75357142857143,0.1428571428571428,21.32,9.82,2.7133333333333334,8.14,0.2763068567549219,0.1071428571428571,1,Q1,Mid-High,2023-05,2025-12,0,0,Recent,0,0,1,0.37927350427350426
20,Female,5,87,0,Partnership,low,6,105.79,28.713636363636365,0.2272727272727272,82.55,17.322857142857142,5.664285714285714,39.65,0.324468085106383,0.1590909090909091,1,Q2,High,2025-03,2025-12,1,1,Inactive,0,0,0,0.3782051282051282
54,Male,0,21,0,Referral,medium,10,194.72,25.838805970149256,0.1641791044776119,54.24,14.551999999999998,3.738,18.69,0.2562731386260797,0.0746268656716417,0,Q4,Mid-Low,2023-02,2025-12,1,0,Mid-Inactive,1,1,0,0.3514957264957265
52,Female,3,52,1,Referral,medium,2,70.63,27.179166666666664,0.0833333333333333,14.93,14.0,0.0,0.0,0.0,0.0416666666666666,0,Q1,Low,2023-07,2025-11,1,1,Inactive,0,0,0,0.45940170940170943
52,Other,5,3,0,Ads,low,3,119.34,27.08571428571428,0.119047619047619,35.63,17.493333333333336,5.616666666666667,16.85,0.3210746951219512,0.0714285714285714,0,Q2,Mid-Low,2023-08,2025-11,0,0,Recent,0,0,1,0.5432692307692307
43,Other,2,22,0,Ads,high,6,214.8,26.934545454545457,0.0363636363636363,18.47,14.66,5.425000000000001,10.85,0.3700545702592088,0.0363636363636363,0,Q4,Low,2025-02,2025-12,1,0,Mid-Inactive,1,1,0,0.5154914529914529
28,Male,5,0,0,Ads,medium,8,219.86,24.1910447761194,0.1641791044776119,82.11,13.2175,2.96,23.68,0.2238396823896398,0.1194029850746268,1,Q4,High,2023-04,2025-12,0,0,Recent,1,0,1,0.4139957264957265
61,Female,9,5,0,Ads,high,7,232.12,24.045,0.0833333333333333,24.89,10.506666666666666,2.2766666666666664,6.829999999999999,0.2153215636822194,0.05,0,Q4,Low,2024-12,2025-12,0,0,Recent,1,0,1,0.3285256410256411
23,Female,8,2,0,Organic,high,10,265.06,24.30434782608696,0.144927536231884,91.89,11.56111111111111,1.596666666666667,14.37,0.1352343308865047,0.1304347826086956,1,Q4,High,2024-02,2025-12,0,0,Recent,1,0,1,0.5822649572649572
18,Other,2,23,0,Referral,low,3,77.27,24.325,0.125,18.08,9.09,3.063333333333333,9.19,0.337000366703337,0.09375,1,Q1,Mid-High,2023-03,2025-11,1,0,Mid-Inactive,0,0,0,0.38942307692307687
54,Other,8,1,0,Referral,medium,3,181.9,25.080701754385963,0.2280701754385964,96.8,12.695555555555556,2.2977777777777777,20.68,0.1760299625468165,0.1578947368421052,1,Q4,High,2023-08,2025-12,0,0,Recent,1,0,1,0.5101495726495726
40,Female,2,30,1,Partnership,medium,4,74.26,22.22258064516129,0.1935483870967742,62.04,14.512,2.112,10.56,0.1454545454545454,0.1612903225806451,1,Q1,High,2025-10,2025-12,1,1,Inactive,0,0,0,0.1768162393162393
48,Male,2,6,0,Organic,medium,0,41.64,16.5,0.1428571428571428,0.0,0.0,0.0,0.0,0.0,0.0,0,Q1,Low,2025-07,2025-11,0,0,Recent,0,0,1,0.2847222222222222
56,Other,5,6,1,Referral,medium,8,103.91,26.56190476190476,0.1428571428571428,42.8,14.08,3.51,14.04,0.247009148486981,0.0952380952380952,1,Q2,Mid-High,2025-07,2025-12,0,0,Recent,0,0,1,0.3835470085470085
21,Other,1,0,0,Organic,medium,5,143.89,22.0,0.1276595744680851,12.57,21.0,8.43,8.43,0.4014285714285714,0.0212765957446808,0,Q3,Low,2025-02,2025-12,0,0,Recent,0,0,1,0.5993589743589743
68,Female,4,7,0,Organic,medium,4,78.21000000000001,25.910344827586208,0.1724137931034483,34.9,15.253333333333332,3.7266666666666666,11.18,0.2426215277777778,0.1034482758620689,1,Q1,Mid-High,2024-03,2025-12,0,0,Recent,0,0,1,0.3418803418803419
32,Male,7,31,0,Partnership,high,14,365.07,25.65632183908046,0.1839080459770115,61.66,12.78,3.971428571428572,27.8,0.3107534093449586,0.0804597701149425,0,Q4,Mid-Low,2023-02,2025-11,1,1,Inactive,1,1,0,0.6383547008547008
56,Other,2,64,0,Ads,low,3,57.02,27.87,0.2,27.18,11.18,2.12,6.359999999999999,0.1896243291592128,0.15,1,Q1,High,2024-08,2025-12,1,1,Inactive,0,0,0,0.4423076923076923
65,Female,2,5,0,Referral,low,5,91.7,24.66111111111111,0.0833333333333333,28.380000000000003,13.663333333333334,4.203333333333333,12.61,0.3076360087826298,0.0833333333333333,0,Q2,Mid-Low,2024-12,2025-12,0,0,Recent,0,0,1,0.406517094017094
63,Other,3,42,0,Ads,medium,3,185.03,25.536065573770493,0.2622950819672131,75.78,9.795555555555556,1.4355555555555553,12.919999999999998,0.1456595264937993,0.1475409836065573,1,Q4,High,2024-05,2025-12,1,1,Inactive,1,1,0,0.5480769230769231
30,Male,1,39,0,Referral,medium,2,26.03,30.56,0.1,0.0,0.0,0.0,0.0,0.0,0.0,0,Q1,Low,2024-07,2025-11,1,1,Inactive,0,0,0,0.406517094017094
63,Male,6,23,1,Organic,medium,5,130.25,25.588636363636365,0.0909090909090909,31.78,22.0,6.11,12.22,0.2777272727272727,0.0454545454545454,0,Q3,Low,2024-09,2025-12,1,0,Mid-Inactive,0,0,0,0.3504273504273504
58,Male,1,0,0,Ads,low,3,38.91,26.552941176470583,0.1176470588235294,0.0,0.0,0.0,0.0,0.0,0.0,0,Q1,Low,2025-03,2025-12,0,0,Recent,0,0,1,0.34615384615384615
46,Male,0,11,0,Organic,medium,5,111.08,26.16111111111111,0.1111111111111111,61.46,20.07,4.705,18.82,0.2344294967613353,0.1111111111111111,1,Q2,Mid-High,2025-01,2025-12,0,0,Mid-Recent,0,0,1,0.4967948717948718
65,Other,1,0,1,Organic,medium,5,75.67999999999999,25.760714285714283,0.1071428571428571,12.6,12.28,0.0,0.0,0.0,0.0357142857142857,0,Q1,Low,2023-07,2025-12,0,0,Recent,0,0,1,0.18482905982905984
28,Other,1,23,1,Ads,high,4,161.04,26.043243243243243,0.1621621621621621,40.68,15.916666666666666,2.73,8.19,0.1675874769797421,0.081081081081081,0,Q3,Mid-Low,2023-09,2025-12,1,0,Mid-Inactive,0,0,0,0.4316239316239316
35,Other,1,27,0,Referral,medium,3,69.13,25.75909090909091,0.1363636363636363,37.36,17.093333333333334,4.64,13.92,0.2714508580343213,0.1363636363636363,1,Q1,High,2025-03,2025-12,1,0,Mid-Inactive,0,0,0,0.21474358974358976
59,Male,2,51,1,Ads,medium,4,116.69,28.31891891891892,0.1621621621621621,50.68,24.666666666666668,7.773333333333333,23.32,0.3151351351351351,0.081081081081081,0,Q2,Mid-Low,2023-04,2025-09,1,1,Inactive,0,0,0,0.2857905982905983
63,Other,3,23,0,Partnership,medium,3,93.72,23.96764705882353,0.2058823529411764,48.33,12.355,0.3625000000000002,1.450000000000001,0.0291281639212535,0.1176470588235294,1,Q2,High,2024-02,2025-12,1,0,Mid-Inactive,0,0,0,0.32158119658119655
34,Male,6,4,0,Organic,low,9,131.93,26.23148148148148,0.1851851851851851,73.13,13.131666666666666,1.1083333333333332,6.649999999999999,0.0833542241163198,0.1111111111111111,1,Q3,Mid-High,2024-12,2025-12,0,0,Recent,0,0,1,0.4209401709401709
18,Other,3,27,0,Organic,high,9,267.95,21.666153846153847,0.123076923076923,53.870000000000005,14.485,1.3924999999999996,5.569999999999999,0.093707940780619,0.0615384615384615,0,Q4,Mid-Low,2024-03,2025-12,1,0,Mid-Inactive,1,1,0,0.3915598290598291
48,Male,2,15,1,Organic,high,1,137.8,24.06,0.1666666666666666,40.92,15.726666666666668,2.086666666666668,6.260000000000002,0.1326833403984739,0.1,1,Q3,Mid-High,2023-09,2025-11,0,0,Mid-Inactive,0,0,0,0.29754273504273504
59,Other,6,13,0,Ads,medium,11,132.9,24.29375,0.1041666666666666,91.27,23.4,5.306,26.53,0.2252122241086587,0.1041666666666666,1,Q3,Mid-High,2024-09,2025-12,0,0,Mid-Recent,0,0,1,0.5758547008547008
21,Other,6,43,1,Organic,medium,3,219.62,26.05593220338983,0.1525423728813559,49.98,12.472,2.4759999999999995,12.379999999999995,0.1985246953175111,0.0847457627118644,0,Q4,Mid-Low,2025-09,2025-12,1,1,Inactive,1,1,0,0.36591880341880345
59,Female,2,84,1,Organic,high,7,152.15,28.044444444444444,0.1777777777777777,33.8,20.916666666666668,9.65,28.95,0.4613545816733068,0.0666666666666666,0,Q3,Mid-Low,2024-05,2025-12,1,1,Inactive,0,0,0,0.43803418803418803
65,Male,2,18,0,Organic,low,1,74.71,26.22,0.12,22.06,14.14,3.52,7.039999999999999,0.2419243986254295,0.08,0,Q1,Mid-Low,2025-08,2025-12,0,0,Mid-Inactive,0,0,0,0.3317307692307692
58,Female,3,29,0,Organic,medium,0,68.63,22.6,0.1363636363636363,13.04,16.0,2.960000000000001,2.960000000000001,0.185,0.0454545454545454,0,Q1,Low,2023-01,2025-11,1,0,Inactive,0,0,0,0.38835470085470086
29,Female,4,0,1,Partnership,medium,2,96.3,21.66896551724138,0.2413793103448276,37.27,11.09,1.8400000000000003,7.360000000000001,0.164911494510419,0.1379310344827586,1,Q2,High,2024-04,2025-12,0,0,Recent,0,0,1,0.3002136752136752
64,Other,2,37,1,Organic,medium,3,58.97,26.20909090909091,0.2272727272727272,16.05,12.5,4.475,8.95,0.358,0.0909090909090909,1,Q1,Mid-High,2024-04,2025-12,1,1,Inactive,0,0,0,0.3952991452991453
32,Other,0,15,1,Partnership,medium,6,113.22,24.227027027027027,0.1351351351351351,26.12,8.02,1.49,5.96,0.185785536159601,0.1081081081081081,1,Q2,Mid-High,2024-04,2025-12,0,0,Mid-Inactive,0,0,0,0.3344017094017094
55,Female,5,11,0,Referral,medium,2,142.91,25.710416666666664,0.1041666666666666,21.79,9.4375,3.99,15.96,0.4227814569536424,0.0833333333333333,0,Q3,Mid-Low,2025-04,2025-12,0,0,Mid-Recent,0,0,1,0.6314102564102564
55,Other,0,8,0,Partnership,medium,4,77.3,24.85925925925926,0.2222222222222222,45.35,13.57,2.5749999999999997,10.299999999999995,0.1850853548966756,0.1481481481481481,1,Q1,High,2024-02,2025-12,0,0,Mid-Recent,0,0,1,0.49999999999999994
61,Female,3,21,1,Partnership,high,12,259.33,23.33194444444445,0.1805555555555555,122.04,17.444444444444443,3.8844444444444446,34.96,0.2226751592356688,0.125,1,Q4,High,2023-07,2025-12,1,0,Mid-Inactive,1,1,0,0.5325854700854701
30,Female,7,0,0,Partnership,medium,2,192.4,25.62545454545455,0.109090909090909,58.08,13.535999999999998,1.9359999999999995,9.679999999999998,0.1428571428571428,0.0909090909090909,1,Q4,Mid-High,2025-07,2025-12,0,0,Recent,1,0,1,0.6127136752136753
67,Male,0,9,0,Organic,medium,2,63.23,25.476190476190474,0.2857142857142857,79.47,15.588333333333331,2.5,15.0,0.1587805652588123,0.2857142857142857,1,Q1,High,2024-08,2025-12,0,0,Mid-Recent,0,0,1,0.37713675213675213
18,Female,7,11,0,Ads,high,6,267.33,24.118032786885248,0.1639344262295081,53.05,10.188333333333334,1.4933333333333334,8.96,0.1444928237381067,0.0983606557377049,1,Q4,Mid-High,2023-08,2025-11,0,0,Mid-Recent,1,0,1,0.43696581196581197
49,Male,4,8,0,Partnership,medium,5,141.23,24.343589743589742,0.1538461538461538,14.64,17.0,2.3599999999999994,2.3599999999999994,0.1388235294117646,0.0256410256410256,0,Q3,Low,2023-04,2025-12,0,0,Mid-Recent,0,0,1,0.41239316239316237
48,Female,2,22,0,Referral,low,2,43.16,21.52777777777778,0.2222222222222222,20.82,14.14,3.729999999999999,7.459999999999998,0.2637906647807637,0.1111111111111111,1,Q1,Mid-High,2025-09,2025-12,1,0,Mid-Inactive,0,0,0,0.2045940170940171
18,Female,5,2,0,Referral,medium,7,96.89,24.835135135135136,0.1081081081081081,38.89,14.253333333333332,1.4500000000000002,4.3500000000000005,0.1006012950971323,0.081081081081081,0,Q2,Mid-Low,2023-01,2025-12,0,0,Recent,0,0,1,0.34134615384615385
32,Other,1,86,0,Organic,medium,2,104.42,24.0,0.1071428571428571,8.7,9.0,0.3000000000000007,0.3000000000000007,0.0333333333333334,0.0357142857142857,0,Q2,Low,2024-03,2025-12,1,1,Inactive,0,0,0,0.46955128205128205
50,Other,4,26,0,Ads,low,1,112.14,24.757142857142856,0.2857142857142857,103.76,20.87333333333333,3.7916666666666665,22.75,0.1798276816061971,0.1714285714285714,1,Q2,High,2025-07,2025-12,1,0,Mid-Inactive,0,0,0,0.3536324786324786
36,Female,2,6,0,Partnership,medium,4,78.59,25.89,0.2,24.75,11.06,2.8100000000000005,8.430000000000001,0.2540687160940326,0.1,1,Q1,Mid-High,2024-05,2025-11,0,0,Recent,0,0,1,0.5197649572649572
40,Male,2,76,0,Partnership,low,3,66.62,26.61111111111111,0.2962962962962963,34.83,9.26,0.6974999999999998,2.789999999999999,0.0741626794258373,0.1481481481481481,1,Q1,High,2023-09,2025-12,1,1,Inactive,0,0,0,0.3611111111111111
64,Male,0,66,0,Referral,medium,1,111.1,23.53125,0.09375,25.25,16.0,3.375,6.75,0.2109375,0.0625,0,Q2,Mid-Low,2023-02,2025-12,1,1,Inactive,0,0,0,0.4658119658119658
63,Other,7,6,1,Partnership,medium,7,190.12,26.82857142857143,0.1746031746031746,58.57,10.583333333333334,0.925,5.55,0.0865564566437928,0.0952380952380952,1,Q4,Mid-High,2023-12,2025-12,0,0,Recent,1,0,1,0.5705128205128205
21,Other,2,24,0,Referral,medium,11,124.0,22.35217391304348,0.1304347826086956,41.62,13.0,2.93,11.72,0.2197225346831646,0.0869565217391304,0,Q3,Mid-Low,2023-12,2025-11,1,0,Mid-Inactive,0,0,0,0.2825854700854701
44,Female,3,44,0,Referral,high,5,138.96,27.288888888888888,0.0833333333333333,24.11,15.375,3.3199999999999994,6.639999999999999,0.2159349593495934,0.0555555555555555,0,Q3,Low,2025-07,2025-12,1,1,Inactive,0,0,0,0.4342948717948718
31,Other,0,63,1,Organic,medium,5,127.07,29.88529411764706,0.2352941176470588,35.690000000000005,8.706,1.624,8.120000000000001,0.1853458114585711,0.1470588235294117,1,Q3,High,2025-01,2025-12,1,1,Inactive,0,0,0,0.5021367521367521
60,Other,7,25,0,Ads,high,6,248.88,25.06065573770492,0.1147540983606557,81.74000000000001,18.856,2.712,13.56,0.1422875131164742,0.081967213114754,0,Q4,Mid-Low,2023-10,2025-12,1,0,Mid-Inactive,1,1,0,0.5689102564102564
64,Other,2,6,1,Organic,medium,3,52.1,25.68421052631579,0.0526315789473684,3.16,3.32,0.1599999999999997,0.1599999999999997,0.0481927710843372,0.0526315789473684,0,Q1,Low,2023-11,2025-10,0,0,Recent,0,0,1,0.33386752136752135
30,Other,1,24,0,Organic,low,5,138.26,27.63,0.18,64.93,12.946666666666664,2.15,12.9,0.1657458563535911,0.12,1,Q3,High,2023-08,2025-11,1,0,Mid-Inactive,0,0,0,0.4732905982905983
36,Male,0,12,0,Partnership,low,4,89.46,23.45,0.1764705882352941,29.46,12.365,5.0,20.0,0.4043671653861706,0.1176470588235294,1,Q1,High,2023-11,2025-12,0,0,Mid-Recent,0,0,1,0.5299145299145298
39,Male,1,12,0,Referral,low,4,98.32,22.59722222222222,0.1111111111111111,27.04,16.12,2.6,5.199999999999999,0.1612903225806451,0.0555555555555555,0,Q2,Low,2024-03,2025-11,0,0,Mid-Recent,0,0,1,0.5037393162393162
60,Female,4,20,0,Referral,medium,7,118.36,25.304878048780488,0.2195121951219512,76.29,20.206666666666667,7.491666666666667,44.95,0.3707522269877928,0.1463414634146341,1,Q2,High,2024-02,2025-12,1,0,Mid-Inactive,0,0,0,0.532051282051282
34,Other,1,46,0,Partnership,high,2,196.73,21.77173913043478,0.1521739130434782,59.06,16.15,4.337999999999999,21.69,0.2686068111455108,0.108695652173913,1,Q4,Mid-High,2023-04,2025-12,1,1,Inactive,1,1,0,0.5603632478632479
21,Male,1,5,0,Referral,low,4,113.36,24.05609756097561,0.1219512195121951,16.32,9.66,1.4999999999999998,3.0,0.15527950310559,0.048780487804878,0,Q2,Low,2025-06,2025-12,0,0,Recent,0,0,1,0.5667735042735043
45,Other,5,20,0,Referral,medium,7,123.62,25.585365853658537,0.1463414634146341,43.38,18.686666666666667,4.226666666666667,12.68,0.2261862290403139,0.073170731707317,0,Q3,Mid-Low,2024-01,2025-12,1,0,Mid-Inactive,0,0,0,0.5945512820512819
60,Other,5,40,1,Organic,medium,6,108.7,27.655555555555555,0.25,45.93,15.25,4.07,16.28,0.2616942613727697,0.1111111111111111,1,Q2,Mid-High,2023-02,2025-12,1,1,Inactive,0,0,0,0.42040598290598286
35,Other,1,21,0,Organic,medium,4,90.49,23.866666666666667,0.2121212121212121,68.86,20.19,2.975,11.9,0.1473501733531451,0.1212121212121212,1,Q2,High,2023-11,2025-12,1,0,Mid-Inactive,0,0,0,0.5048076923076923
43,Female,5,1,1,Organic,high,9,290.97,25.3,0.1492537313432835,41.76,10.404,2.1179999999999994,10.589999999999998,0.2022922636103151,0.0746268656716417,0,Q4,Mid-Low,2023-05,2025-12,0,0,Recent,1,0,1,0.6570512820512822
44,Other,2,10,0,Referral,low,5,134.11,24.574,0.2,99.87,17.825714285714287,3.7342857142857135,26.14,0.2074438536624077,0.14,1,Q3,High,2023-06,2025-11,0,0,Mid-Recent,0,0,1,0.6121794871794872
28,Male,12,13,0,Partnership,high,15,346.47,24.055319148936167,0.2234042553191489,141.09,17.093636363636364,4.27,46.97,0.2497607146655322,0.1170212765957446,1,Q4,High,2024-04,2025-12,0,0,Mid-Recent,1,0,1,0.45299145299145305
42,Female,2,23,0,Ads,medium,4,72.07,24.340740740740745,0.074074074074074,16.32,12.76,4.6,9.2,0.3605015673981191,0.074074074074074,0,Q1,Mid-Low,2025-07,2025-12,1,0,Mid-Inactive,0,0,0,0.3958333333333333
44,Female,11,7,0,Referral,high,13,325.39,23.21686746987952,0.180722891566265,66.58,12.37,1.4183333333333337,8.510000000000002,0.1133306698628312,0.072289156626506,0,Q4,Mid-Low,2023-12,2025-12,0,0,Recent,1,0,1,0.655982905982906
18,Other,0,14,0,Organic,medium,8,113.03,29.08333333333333,0.1666666666666666,27.06,15.89,2.9800000000000004,5.960000000000001,0.1804966686856451,0.0476190476190476,0,Q2,Low,2023-08,2025-11,0,0,Mid-Recent,0,0,1,0.4738247863247863
48,Female,2,11,0,Ads,medium,2,58.91,27.563157894736843,0.1052631578947368,7.38,6.76,0.0,0.0,0.0,0.0526315789473684,0,Q1,Low,2024-07,2025-12,0,0,Mid-Recent,0,0,1,0.27136752136752135
50,Female,0,4,1,Ads,medium,6,141.06,23.57906976744186,0.2093023255813953,53.96,12.703333333333331,3.713333333333333,22.28,0.2922350472193074,0.1395348837209302,1,Q3,High,2025-01,2025-12,0,0,Recent,0,0,1,0.5336538461538461
33,Female,5,25,0,Referral,medium,8,107.08,25.507894736842104,0.1052631578947368,29.41,11.483333333333333,1.6799999999999995,5.039999999999999,0.146298984034833,0.0789473684210526,0,Q2,Mid-Low,2023-09,2025-11,1,0,Mid-Inactive,0,0,0,0.3803418803418803
43,Male,2,16,0,Partnership,low,4,64.11,25.316,0.12,40.92,16.666666666666668,3.1933333333333334,9.58,0.1897029702970297,0.12,1,Q1,High,2024-10,2025-12,0,0,Mid-Inactive,0,0,0,0.3317307692307692
23,Female,3,34,1,Organic,low,1,80.67999999999999,29.014285714285712,0.1071428571428571,19.03,26.0,6.969999999999999,6.969999999999999,0.268076923076923,0.0357142857142857,0,Q1,Low,2023-05,2025-11,1,1,Inactive,0,0,0,0.42094017094017094
24,Female,3,15,1,Referral,high,9,209.96,26.63076923076923,0.0769230769230769,33.25,10.643333333333333,0.0466666666666667,0.1400000000000001,0.0041928721174004,0.0576923076923076,0,Q4,Mid-Low,2023-04,2025-11,0,0,Mid-Inactive,1,0,0,0.5512820512820513
57,Other,0,10,0,Ads,medium,5,98.47,25.50555555555556,0.1944444444444444,44.98,19.666666666666668,5.07,15.21,0.2526997840172786,0.0833333333333333,0,Q2,Mid-Low,2023-03,2025-12,0,0,Mid-Recent,0,0,1,0.42040598290598286
21,Male,5,40,1,Organic,medium,6,150.89,21.967391304347824,0.1739130434782608,52.21,15.748,5.306,26.53,0.3369316738633477,0.108695652173913,1,Q3,Mid-High,2025-03,2025-12,1,1,Inactive,0,0,0,0.42841880341880345
63,Female,3,20,0,Referral,medium,6,107.38,25.489473684210527,0.2105263157894736,77.38,18.096,2.922,14.61,0.1588216110446788,0.131578947368421,1,Q2,High,2025-02,2025-12,1,0,Mid-Inactive,0,0,0,0.4428418803418803
40,Other,2,2,0,Organic,medium,12,128.45,26.504166666666663,0.2083333333333333,49.59,17.1325,4.734999999999999,18.94,0.2763753100831752,0.0833333333333333,0,Q3,Mid-Low,2024-01,2025-12,0,0,Recent,0,0,1,0.4647435897435897
49,Male,3,29,0,Referral,medium,3,98.55,22.811764705882357,0.1176470588235294,9.55,12.28,2.729999999999998,2.729999999999998,0.2223127035830618,0.0294117647058823,0,Q2,Low,2023-08,2025-12,1,0,Inactive,0,0,0,0.47435897435897434
30,Male,0,5,0,Ads,medium,8,109.82,25.10833333333333,0.1388888888888889,37.49,12.6,0.3733333333333331,1.1199999999999992,0.0290080290080289,0.0833333333333333,0,Q2,Mid-Low,2025-09,2025-12,0,0,Recent,0,0,1,0.3023504273504274
24,Female,1,1,0,Referral,medium,2,69.95,23.565384615384616,0.1538461538461538,23.630000000000003,17.14,5.324999999999999,10.65,0.3106767794632438,0.0769230769230769,0,Q1,Mid-Low,2024-10,2025-11,0,0,Recent,0,0,1,0.42628205128205127
50,Male,3,12,0,Referral,medium,7,109.44,25.92093023255814,0.1627906976744186,28.24,13.513333333333334,4.1,12.3,0.3034040453872718,0.0697674418604651,0,Q2,Mid-Low,2024-06,2025-11,0,0,Mid-Recent,0,0,1,0.5128205128205128
55,Female,6,4,0,Ads,low,7,160.52,24.940983606557374,0.180327868852459,115.12,15.28,2.6644444444444444,23.98,0.1723939611790079,0.1475409836065573,1,Q3,High,2023-06,2025-11,0,0,Recent,0,0,1,0.5966880341880342
60,Other,3,2,0,Partnership,low,3,119.15,24.941463414634143,0.2195121951219512,33.96,23.0,6.0200000000000005,12.04,0.2617391304347826,0.048780487804878,0,Q2,Low,2023-11,2025-11,0,0,Recent,0,0,1,0.49038461538461536
35,Female,3,3,0,Organic,medium,4,205.96,23.87333333333333,0.1333333333333333,37.68,15.253333333333332,2.77,8.309999999999999,0.1806914546640574,0.05,0,Q4,Low,2024-10,2025-12,0,0,Recent,1,0,1,0.5507478632478633
44,Other,1,15,0,Organic,medium,2,206.69,22.603389830508476,0.1694915254237288,20.93,7.323333333333333,0.4299999999999999,1.2899999999999996,0.058055805580558,0.0508474576271186,0,Q4,Low,2024-12,2025-12,0,0,Mid-Inactive,1,0,0,0.5395299145299145
57,Other,5,1,0,Organic,medium,5,143.04999999999998,24.16744186046512,0.1162790697674418,35.57,16.333333333333332,4.476666666666666,13.429999999999998,0.2740816326530612,0.0697674418604651,0,Q3,Mid-Low,2023-12,2025-12,0,0,Recent,0,0,1,0.3044871794871795
50,Other,2,0,0,Referral,medium,7,209.3,26.38059701492537,0.1641791044776119,65.24,17.492,4.492,22.46,0.2561003420752566,0.0746268656716417,0,Q4,Mid-Low,2023-03,2025-11,0,0,Recent,1,0,1,0.5042735042735043
55,Other,6,37,0,Organic,low,5,122.1,24.971428571428568,0.1428571428571428,73.31,19.5,7.281666666666666,43.69,0.3734188034188034,0.1224489795918367,1,Q3,High,2023-12,2025-09,1,1,Inactive,0,0,0,0.5384615384615384
24,Male,3,4,1,Ads,medium,11,96.83,26.032558139534885,0.1627906976744186,60.35,10.636666666666668,0.7899999999999997,4.739999999999998,0.0728222461207558,0.1395348837209302,1,Q2,High,2025-06,2025-12,0,0,Recent,0,0,1,0.4572649572649572
30,Female,3,1,0,Organic,high,5,180.84,23.66818181818182,0.1590909090909091,58.76,15.6225,1.1150000000000002,4.460000000000001,0.0705472951597595,0.0909090909090909,1,Q4,Mid-High,2023-02,2025-11,0,0,Recent,1,0,1,0.4407051282051282
62,Female,0,46,0,Referral,high,6,223.45,28.29259259259259,0.1111111111111111,24.090000000000003,10.756666666666666,2.726666666666666,8.179999999999998,0.2534862101022621,0.0555555555555555,0,Q4,Low,2024-01,2025-12,1,1,Inactive,1,1,0,0.5806623931623931
57,Other,9,1,0,Partnership,high,7,198.0,25.503636363636364,0.0909090909090909,42.370000000000005,14.7475,4.154999999999999,16.619999999999997,0.2817426682488557,0.0727272727272727,0,Q4,Mid-Low,2023-04,2025-12,0,0,Recent,1,0,1,0.5710470085470085
62,Other,4,129,0,Partnership,medium,9,170.46,24.01578947368421,0.1929824561403508,49.16,13.11,3.278,16.389999999999997,0.2500381388253241,0.087719298245614,1,Q4,Mid-High,2024-09,2025-12,1,1,Inactive,1,1,0,0.5448717948717948
53,Male,1,9,0,Organic,medium,3,106.01,25.13142857142857,0.2,29.14,13.306666666666668,3.5933333333333333,10.78,0.2700400801603206,0.0857142857142857,0,Q2,Mid-Low,2023-07,2025-10,0,0,Mid-Recent,0,0,1,0.5341880341880342
32,Other,3,23,0,Ads,low,4,73.39,22.496774193548383,0.0967741935483871,6.7,11.75,5.05,5.05,0.4297872340425532,0.032258064516129,0,Q1,Low,2024-06,2025-12,1,0,Mid-Inactive,0,0,0,0.4198717948717948
29,Other,0,23,0,Ads,low,0,35.03,20.0,0.3333333333333333,32.400000000000006,18.39333333333333,7.593333333333334,22.78,0.412830735773831,0.25,1,Q1,High,2024-04,2025-09,1,0,Mid-Inactive,0,0,0,0.49145299145299143
25,Female,4,1,0,Partnership,medium,5,123.87,25.152631578947368,0.1842105263157894,17.18,6.82,1.093333333333333,3.28,0.1603128054740957,0.0789473684210526,0,Q3,Mid-Low,2024-07,2025-12,0,0,Recent,0,0,1,0.4567307692307692
26,Male,7,30,0,Referral,medium,6,135.79,24.446,0.08,27.14,18.5,4.93,9.86,0.2664864864864865,0.04,0,Q3,Low,2024-04,2025-12,1,1,Inactive,0,0,0,0.5010683760683761
20,Male,4,29,0,Referral,medium,4,167.14,22.569230769230767,0.0576923076923076,28.73,18.12,4.09,8.18,0.2216201571389867,0.0384615384615384,0,Q4,Low,2024-06,2025-12,1,0,Inactive,1,1,0,0.40544871794871795
53,Female,4,30,1,Organic,medium,3,71.17,24.04583333333333,0.125,36.47,16.083333333333332,3.926666666666667,11.78,0.2441450777202072,0.125,1,Q1,High,2024-07,2025-10,1,1,Inactive,0,0,0,0.2996794871794872
22,Other,8,19,0,Partnership,medium,9,139.88,25.53673469387755,0.2244897959183673,42.99,11.796,3.1979999999999995,15.989999999999998,0.2711088504577823,0.1020408163265306,1,Q3,Mid-High,2025-07,2025-12,0,0,Mid-Inactive,0,0,0,0.4967948717948718
32,Male,4,27,0,Organic,medium,13,140.57999999999998,23.44,0.1454545454545454,58.78,14.26,4.573333333333333,27.44,0.3182556251449779,0.109090909090909,1,Q3,Mid-High,2024-10,2025-12,1,0,Mid-Inactive,0,0,0,0.6266025641025641
66,Other,0,12,0,Referral,medium,3,80.55,24.69677419354839,0.1935483870967742,25.96,18.89,5.91,11.82,0.31286394917946,0.064516129032258,0,Q1,Mid-Low,2024-01,2025-11,0,0,Mid-Recent,0,0,1,0.3573717948717948
46,Male,1,1,0,Referral,medium,10,76.51,24.275,0.125,32.71,13.563333333333333,2.66,7.98,0.1961169820594741,0.09375,1,Q1,Mid-High,2024-11,2025-12,0,0,Recent,0,0,1,0.24358974358974358
42,Female,8,6,0,Referral,high,8,243.92,24.3031746031746,0.1746031746031746,66.75,13.153333333333334,2.1666666666666665,13.0,0.1630094043887147,0.0952380952380952,1,Q4,Mid-High,2024-06,2025-12,0,0,Recent,1,0,1,0.4038461538461539
46,Female,8,22,0,Organic,medium,6,115.34,23.55813953488372,0.1860465116279069,50.37,16.0,0.2233333333333333,0.6699999999999999,0.0131269592476489,0.0697674418604651,0,Q2,Mid-Low,2025-10,2025-12,1,0,Mid-Inactive,0,0,0,0.28365384615384615
23,Male,1,19,0,Referral,medium,9,97.29,24.389473684210525,0.0789473684210526,13.1,21.0,7.9,7.9,0.3761904761904762,0.0263157894736842,0,Q2,Low,2023-05,2025-12,0,0,Mid-Inactive,0,0,0,0.5331196581196581
61,Female,4,33,0,Ads,medium,5,95.1,24.709090909090907,0.0909090909090909,0.0,0.0,0.0,0.0,0.0,0.0,0,Q2,Low,2024-12,2025-12,1,1,Inactive,0,0,0,0.20619658119658119
65,Other,3,12,0,Referral,high,5,274.7,24.516949152542374,0.135593220338983,62.77,16.295,0.7100000000000002,2.8400000000000007,0.0432860844383478,0.0677966101694915,0,Q4,Mid-Low,2023-06,2025-12,0,0,Mid-Recent,1,0,1,0.5950854700854701
20,Male,0,46,0,Referral,medium,6,100.71,26.714285714285715,0.2857142857142857,77.9,11.72375,2.24,17.92,0.1870173241494468,0.2285714285714285,1,Q2,High,2024-04,2025-11,1,1,Inactive,0,0,0,0.3258547008547008
22,Other,2,50,0,Organic,medium,6,84.38,22.05454545454545,0.1212121212121212,28.11,11.333333333333334,1.963333333333333,5.889999999999999,0.173235294117647,0.0909090909090909,1,Q1,Mid-High,2023-09,2025-12,1,1,Inactive,0,0,0,0.5395299145299146
58,Female,4,122,1,Organic,low,4,80.71000000000001,27.852941176470587,0.088235294117647,0.0,0.0,0.0,0.0,0.0,0.0,0,Q1,Low,2023-04,2025-10,1,1,Inactive,0,0,0,0.43963675213675213
52,Male,0,2,0,Referral,high,4,287.11,25.432258064516127,0.1129032258064516,42.35,16.666666666666668,2.62,7.86,0.1565425214100776,0.0483870967741935,0,Q4,Low,2024-03,2025-11,0,0,Recent,1,0,1,0.4967948717948718
24,Female,2,36,1,Referral,medium,1,48.19,20.24117647058824,0.1176470588235294,0.0,0.0,0.0,0.0,0.0,0.0,0,Q1,Low,2024-05,2025-08,1,1,Inactive,0,0,0,0.4572649572649572
43,Other,0,9,0,Partnership,low,7,62.25,25.784615384615385,0.0769230769230769,0.0,0.0,0.0,0.0,0.0,0.0,0,Q1,Low,2025-07,2025-12,0,0,Mid-Recent,0,0,1,0.40544871794871795
26,Other,2,23,0,Organic,medium,6,136.3,25.813953488372093,0.0930232558139534,67.54,18.1875,1.302499999999999,5.209999999999997,0.071615120274914,0.0930232558139534,1,Q3,Mid-High,2024-03,2025-12,1,0,Mid-Inactive,0,0,0,0.29059829059829057
18,Other,7,0,0,Referral,medium,5,142.0,22.797959183673463,0.1632653061224489,44.49,11.792,2.8939999999999992,14.469999999999995,0.2454206241519674,0.1020408163265306,1,Q3,Mid-High,2024-06,2025-12,0,0,Recent,0,0,1,0.4898504273504274
56,Female,5,21,0,Organic,medium,7,126.83,24.73260869565217,0.0652173913043478,16.77,9.38,0.9949999999999996,1.9899999999999995,0.1060767590618336,0.0434782608695652,0,Q3,Low,2024-11,2025-12,1,0,Mid-Inactive,0,0,0,0.39369658119658124
31,Female,6,12,0,Ads,medium,6,128.66,24.33953488372093,0.1627906976744186,56.53,14.38,0.6475000000000004,2.5900000000000016,0.0438092016238159,0.0930232558139534,1,Q3,Mid-High,2025-04,2025-12,0,0,Mid-Recent,0,0,1,0.5405982905982906
34,Male,1,19,1,Ads,medium,5,86.94,28.303030303030305,0.1818181818181818,7.19,14.0,6.81,6.81,0.4864285714285714,0.0303030303030303,0,Q1,Low,2023-06,2025-11,0,0,Mid-Inactive,0,0,0,0.4284188034188034
59,Other,1,119,1,Organic,low,6,103.58,21.195238095238096,0.0952380952380952,6.32,9.92,3.6,3.6,0.3629032258064515,0.0238095238095238,0,Q2,Low,2023-10,2025-12,1,1,Inactive,0,0,0,0.4321581196581197
30,Other,2,27,0,Organic,high,3,75.92,23.41,0.35,3.09,3.46,0.3700000000000001,0.3700000000000001,0.1069364161849711,0.05,0,Q1,Low,2023-12,2025-12,1,0,Mid-Inactive,0,0,0,0.3589743589743589
24,Female,7,10,0,Ads,medium,10,233.85,26.08243243243243,0.1081081081081081,78.97,12.36,1.2771428571428574,8.940000000000001,0.1016949152542373,0.0945945945945946,1,Q4,Mid-High,2023-03,2025-12,0,0,Mid-Recent,1,0,1,0.5758547008547008
39,Other,2,25,0,Ads,low,4,79.25,25.515625,0.15625,33.89,9.27,0.9199999999999998,3.6799999999999993,0.0979504924141602,0.125,1,Q1,High,2025-01,2025-12,1,0,Mid-Inactive,0,0,0,0.5699786324786325
28,Male,2,20,0,Ads,low,3,69.34,23.848275862068967,0.1379310344827586,25.64,15.5,2.68,5.36,0.1729032258064516,0.0689655172413793,0,Q1,Mid-Low,2024-07,2025-12,1,0,Mid-Inactive,0,0,0,0.2793803418803419
35,Female,2,24,0,Organic,low,3,84.5,26.346875,0.0625,2.08,3.18,1.1,1.1,0.3459119496855346,0.03125,0,Q1,Low,2023-12,2025-12,1,0,Mid-Inactive,0,0,0,0.5560897435897435
40,Female,7,35,0,Referral,low,1,161.47,26.98363636363636,0.1818181818181818,47.21,20.41333333333333,4.676666666666667,14.03,0.2290986283474853,0.0545454545454545,0,Q3,Low,2025-05,2025-12,1,1,Inactive,0,0,0,0.6196581196581197
23,Female,4,11,0,Ads,medium,9,114.3,24.295121951219517,0.1219512195121951,31.79,13.323333333333332,2.9666666666666663,8.899999999999999,0.2187269599410174,0.073170731707317,0,Q2,Mid-Low,2023-01,2025-07,0,0,Mid-Recent,0,0,1,0.3862179487179487
64,Male,6,19,0,Referral,high,7,243.9,24.791803278688523,0.180327868852459,59.91,12.9,2.914999999999999,17.489999999999995,0.2259689922480619,0.0983606557377049,1,Q4,Mid-High,2025-11,2025-12,0,0,Mid-Inactive,1,0,0,0.31196581196581197
20,Other,0,12,0,Partnership,medium,3,163.91,28.020454545454548,0.1818181818181818,52.16,20.130000000000003,7.09,28.36,0.3522106308991555,0.0909090909090909,1,Q3,Mid-High,2024-12,2025-12,0,0,Mid-Recent,0,0,1,0.4893162393162393
32,Other,3,47,0,Ads,low,5,63.0,27.352,0.2,10.48,6.88,1.64,3.28,0.2383720930232558,0.08,0,Q1,Mid-Low,2024-08,2025-11,1,1,Inactive,0,0,0,0.3872863247863248
23,Female,2,35,0,Referral,medium,8,97.04,24.871794871794872,0.1794871794871795,70.99,14.904,1.0679999999999998,5.339999999999999,0.0699593868727891,0.1282051282051282,1,Q2,High,2023-03,2025-11,1,1,Inactive,0,0,0,0.46794871794871795
66,Other,7,13,0,Partnership,medium,3,192.37,23.602,0.12,38.74,14.253333333333332,1.596666666666667,4.790000000000001,0.1100390535263037,0.06,0,Q4,Mid-Low,2023-12,2025-11,0,0,Mid-Recent,1,0,1,0.4871794871794871
54,Other,2,1,1,Partnership,medium,5,113.93,23.67317073170732,0.1463414634146341,77.86,18.673333333333336,5.696666666666666,34.18,0.3050696179935737,0.1463414634146341,1,Q2,High,2025-08,2025-12,0,0,Recent,0,0,1,0.2612179487179487
66,Female,0,5,0,Referral,medium,4,149.69,27.063636363636363,0.0681818181818181,0.0,0.0,0.0,0.0,0.0,0.0,0,Q3,Low,2023-12,2025-12,0,0,Recent,0,0,1,0.3920940170940171
20,Other,1,2,0,Organic,medium,5,128.47,27.572222222222223,0.2222222222222222,17.990000000000002,13.5,4.505,9.01,0.3337037037037036,0.0555555555555555,0,Q3,Low,2025-06,2025-12,0,0,Recent,0,0,1,0.3023504273504274
20,Male,1,35,0,Referral,low,4,105.49,25.427027027027027,0.081081081081081,26.040000000000003,12.59,0.4500000000000002,0.9000000000000004,0.0334075723830735,0.054054054054054,0,Q2,Low,2024-04,2025-11,1,1,Inactive,0,0,0,0.5427350427350427
55,Other,2,3,0,Partnership,medium,2,137.07,23.60625,0.0833333333333333,44.89,19.746666666666663,4.783333333333334,14.35,0.2422349763673194,0.0625,0,Q3,Mid-Low,2025-03,2025-12,0,0,Recent,0,0,1,0.2980769230769231
59,Male,1,36,0,Partnership,medium,3,80.14,28.575,0.25,42.99,10.544,1.9919999999999995,9.959999999999996,0.1881019830028328,0.1785714285714285,1,Q1,High,2024-01,2025-10,1,1,Inactive,0,0,0,0.44871794871794873
40,Female,5,3,0,Partnership,low,5,109.27,29.115,0.125,46.66,15.840000000000002,0.6966666666666667,2.09,0.0428717948717948,0.075,0,Q2,Mid-Low,2024-12,2025-12,0,0,Recent,0,0,1,0.4027777777777778
46,Male,6,3,0,Referral,medium,7,179.92,24.638181818181817,0.109090909090909,40.33,16.76,3.36,10.08,0.1999603253322753,0.0545454545454545,0,Q4,Low,2025-07,2025-12,0,0,Recent,1,0,1,0.5224358974358974
29,Male,0,21,0,Referral,medium,2,68.88,28.98095238095238,0.0952380952380952,19.21,14.73,5.125000000000001,10.250000000000002,0.347929395790903,0.0952380952380952,1,Q1,Mid-High,2024-02,2025-12,1,0,Mid-Inactive,0,0,0,0.16185897435897434
64,Male,2,38,0,Partnership,medium,9,102.55,23.1175,0.175,31.63,10.28,2.6625,10.65,0.2518921475875118,0.1,1,Q2,Mid-High,2025-02,2025-12,1,1,Inactive,0,0,0,0.42361111111111105
28,Other,2,28,0,Referral,medium,4,70.45,20.041666666666668,0.0833333333333333,3.08,3.46,0.3799999999999999,0.3799999999999999,0.1098265895953757,0.0416666666666666,0,Q1,Low,2024-11,2025-11,1,0,Inactive,0,0,0,0.3830128205128205
54,Other,2,16,1,Ads,medium,10,166.03,24.590566037735847,0.0943396226415094,35.15,15.093333333333334,3.3766666666666665,10.13,0.2237190812720847,0.0566037735849056,0,Q3,Low,2024-02,2025-12,0,0,Mid-Inactive,1,0,0,0.4652777777777778
21,Male,6,10,0,Ads,medium,5,181.21,24.59423076923077,0.1923076923076923,121.43,18.3125,3.18,25.44,0.1732144072989719,0.1538461538461538,1,Q4,High,2023-10,2025-12,0,0,Mid-Recent,1,0,1,0.5026709401709402
58,Male,3,40,1,Referral,medium,2,102.72,24.33125,0.34375,21.7,8.979999999999999,1.8233333333333333,5.47,0.201324990798675,0.09375,1,Q2,Mid-High,2023-12,2025-11,1,1,Inactive,0,0,0,0.5144230769230769
48,Female,3,8,0,Ads,medium,10,119.4,22.76530612244898,0.1836734693877551,25.74,9.406666666666666,0.8266666666666671,2.4800000000000013,0.0878809355067328,0.0612244897959183,0,Q2,Mid-Low,2023-05,2025-11,0,0,Mid-Recent,0,0,1,0.4273504273504274
68,Other,6,4,0,Organic,medium,4,151.86,23.36279069767442,0.1860465116279069,30.3,11.893333333333333,1.7933333333333332,5.38,0.1507847533632287,0.0697674418604651,0,Q3,Mid-Low,2025-06,2025-12,0,0,Recent,0,0,1,0.5822649572649573
47,Other,3,22,0,Ads,medium,7,106.07,22.84210526315789,0.131578947368421,54.7,14.33,0.8824999999999996,3.5299999999999985,0.060621672677314,0.1052631578947368,1,Q2,Mid-High,2023-07,2025-12,1,0,Mid-Inactive,0,0,0,0.5539529914529914
24,Male,1,18,0,Partnership,medium,7,238.89,26.734328358208955,0.1940298507462686,101.05,18.37333333333333,1.745,10.47,0.0938845050215208,0.0895522388059701,1,Q4,Mid-High,2023-11,2025-12,0,0,Mid-Inactive,1,0,0,0.3792735042735043
29,Female,1,4,0,Referral,high,6,124.13,21.934285714285718,0.2,58.07,17.62,3.46,13.84,0.1924628007231261,0.1142857142857142,1,Q3,Mid-High,2023-12,2025-11,0,0,Recent,0,0,1,0.5064102564102564
56,Other,1,35,0,Partnership,medium,3,90.45,26.687096774193552,0.1935483870967742,64.23,16.656,3.81,19.05,0.2287463976945245,0.1612903225806451,1,Q2,High,2024-10,2025-12,1,1,Inactive,0,0,0,0.4754273504273504
62,Other,5,41,0,Ads,high,7,260.06,26.71379310344828,0.2241379310344827,108.63,14.683333333333334,2.6133333333333333,23.52,0.1779795686719636,0.1551724137931034,1,Q4,High,2024-11,2025-12,1,1,Inactive,1,1,0,0.3685897435897436
55,Other,1,45,0,Partnership,medium,7,79.95,27.27142857142857,0.1785714285714285,39.83,22.0,2.084999999999999,4.169999999999998,0.0947727272727272,0.0714285714285714,0,Q1,Mid-Low,2024-11,2025-12,1,1,Inactive,0,0,0,0.21955128205128205
67,Male,0,44,0,Organic,low,4,119.47,24.822222222222223,0.2666666666666666,51.41,11.244,1.27,6.3500000000000005,0.1099376731301939,0.1111111111111111,1,Q2,Mid-High,2023-12,2025-11,1,1,Inactive,0,0,0,0.3408119658119658
18,Other,2,9,0,Referral,medium,2,141.36,24.49473684210526,0.131578947368421,7.93,12.28,4.35,4.35,0.3542345276872964,0.0263157894736842,0,Q3,Low,2025-10,2025-12,0,0,Mid-Recent,0,0,1,0.3108974358974359
62,Female,7,0,0,Organic,medium,1,186.71,23.49056603773585,0.1698113207547169,70.43,13.423333333333332,1.925,11.549999999999995,0.1408880214686508,0.1132075471698113,1,Q4,Mid-High,2024-02,2025-11,0,0,Recent,1,0,1,0.2986111111111111
59,Other,3,13,0,Organic,low,2,112.2,25.71951219512195,0.1951219512195122,41.92,12.046,3.662,18.31,0.30400132824174,0.1219512195121951,1,Q2,High,2025-01,2025-12,0,0,Mid-Recent,0,0,1,0.6153846153846154
57,Female,3,12,1,Ads,medium,4,102.35,25.25897435897436,0.1794871794871795,54.91,15.5,2.0225,8.09,0.1284126984126984,0.1025641025641025,1,Q2,Mid-High,2023-05,2025-11,0,0,Mid-Recent,0,0,1,0.46794871794871795
48,Male,4,4,0,Partnership,medium,6,74.67,24.99259259259259,0.1481481481481481,28.06,14.38,1.0749999999999995,2.1499999999999995,0.0711684872558755,0.074074074074074,0,Q1,Mid-Low,2024-10,2025-12,0,0,Recent,0,0,1,0.47916666666666663
40,Other,3,15,1,Ads,medium,8,127.29,24.76304347826087,0.1521739130434782,68.39,13.628333333333332,2.3716666666666666,14.23,0.172234325829097,0.1304347826086956,1,Q3,High,2025-09,2025-12,0,0,Mid-Inactive,0,0,0,0.5117521367521367
46,Other,0,0,0,Referral,medium,7,188.47,25.28148148148148,0.1296296296296296,31.020000000000003,13.83,3.49,10.47,0.25234996384671,0.0555555555555555,0,Q4,Low,2024-09,2025-12,0,0,Recent,1,0,1,0.5876068376068376
68,Female,11,3,0,Ads,low,11,231.63,26.370731707317077,0.2073170731707317,60.23,10.795714285714284,2.22,15.54,0.205094364524218,0.0853658536585365,0,Q4,Mid-Low,2023-03,2025-12,0,0,Recent,1,0,1,0.6239316239316239
23,Male,4,7,0,Partnership,high,8,148.73,20.36888888888889,0.1555555555555555,27.53,12.586666666666666,3.41,10.23,0.2709216101694915,0.0666666666666666,0,Q3,Mid-Low,2025-03,2025-12,0,0,Recent,0,0,1,0.41025641025641024
32,Female,7,10,0,Referral,medium,11,120.72,25.51304347826087,0.0652173913043478,13.62,8.254999999999999,1.4449999999999998,2.89,0.1750454270139309,0.0434782608695652,0,Q2,Low,2024-10,2025-11,0,0,Mid-Recent,0,0,1,0.5950854700854701
59,Other,3,18,0,Referral,medium,3,72.26,27.488000000000003,0.12,26.66,12.486666666666666,3.6,10.8,0.2883075280298985,0.12,1,Q1,High,2024-09,2025-12,0,0,Mid-Inactive,0,0,0,0.2831196581196581
46,Male,0,0,0,Organic,low,2,132.67,25.832608695652173,0.0652173913043478,22.07,12.76,1.7249999999999996,3.4499999999999997,0.1351880877742946,0.0434782608695652,0,Q3,Low,2025-08,2025-12,0,0,Recent,0,0,1,0.5186965811965811
50,Other,1,0,0,Ads,medium,2,75.44,24.836,0.2,52.19,13.216,2.8520000000000003,14.260000000000002,0.2145974416854778,0.2,1,Q1,High,2025-10,2025-12,0,0,Recent,0,0,1,0.1858974358974359
59,Male,7,6,0,Referral,medium,4,197.13,23.73508771929825,0.175438596491228,29.69,16.773333333333333,6.876666666666666,20.63,0.4099761526232114,0.0526315789473684,0,Q4,Low,2025-05,2025-12,0,0,Recent,1,0,1,0.6212606837606838
60,Female,9,47,0,Ads,medium,6,143.59,22.59038461538461,0.1538461538461538,29.380000000000003,12.666666666666666,2.8733333333333326,8.619999999999997,0.2268421052631578,0.0576923076923076,0,Q3,Mid-Low,2024-07,2025-12,1,1,Inactive,0,0,0,0.4471153846153846
23,Other,2,72,0,Organic,high,5,211.44,21.663829787234043,0.1702127659574468,10.71,4.89,1.3866666666666667,4.16,0.2797579018157364,0.0638297872340425,0,Q4,Mid-Low,2023-11,2025-12,1,1,Inactive,1,1,0,0.5854700854700854
56,Male,8,8,0,Partnership,medium,6,191.35,26.25423728813559,0.1186440677966101,41.83,10.948,2.6499999999999995,13.249999999999998,0.240559186637618,0.0847457627118644,0,Q4,Mid-Low,2024-01,2025-12,0,0,Mid-Recent,1,0,1,0.5325854700854701
44,Other,4,6,0,Referral,medium,7,226.45,26.19253731343284,0.1641791044776119,46.33,17.445,5.8625,23.45,0.3360561765548868,0.0597014925373134,0,Q4,Mid-Low,2024-01,2025-12,0,0,Recent,1,0,1,0.37232905982905984
50,Female,0,2,0,Partnership,high,9,276.99,24.743076923076924,0.2153846153846154,142.17,14.867272727272727,2.1727272727272724,23.9,0.1439152164749804,0.1692307692307692,1,Q4,High,2025-03,2025-12,0,0,Recent,1,0,1,0.37767094017094016
67,Male,0,75,0,Partnership,low,5,86.97,21.345714285714287,0.2285714285714285,127.3,19.815,4.065,32.52,0.2034789137780003,0.2285714285714285,1,Q1,High,2023-12,2025-11,1,1,Inactive,0,0,0,0.5064102564102564
48,Male,5,30,0,Referral,high,5,210.87,24.01960784313725,0.2156862745098039,45.41,11.56,2.5699999999999994,12.849999999999998,0.2205629934775145,0.0980392156862745,1,Q4,Mid-High,2025-01,2025-12,1,1,Inactive,1,1,0,0.5747863247863247
61,Other,3,37,0,Organic,medium,2,89.71,28.120833333333334,0.0833333333333333,32.62,19.12,2.8100000000000005,5.620000000000001,0.1469665271966527,0.0833333333333333,0,Q1,Mid-Low,2025-04,2025-12,1,1,Inactive,0,0,0,0.17467948717948717
52,Male,1,47,1,Ads,medium,4,56.98,26.578260869565216,0.0869565217391304,13.98,22.0,8.02,8.02,0.3645454545454545,0.0434782608695652,0,Q1,Low,2023-03,2025-11,1,1,Inactive,0,0,0,0.38568376068376065
61,Other,2,25,0,Referral,low,5,136.78,28.25087719298245,0.1228070175438596,72.28,13.90857142857143,3.5828571428571427,25.08,0.2576006573541495,0.1228070175438596,1,Q3,High,2025-10,2025-12,1,0,Mid-Inactive,0,0,0,0.280982905982906
40,Male,2,39,0,Ads,medium,3,111.85,24.99142857142857,0.1142857142857142,4.84,6.76,1.92,1.92,0.2840236686390532,0.0285714285714285,0,Q2,Low,2024-05,2025-12,1,1,Inactive,0,0,0,0.45779914529914534
33,Other,2,7,0,Organic,medium,2,123.84,25.753125,0.09375,22.130000000000003,19.0,7.935,15.87,0.4176315789473684,0.0625,0,Q3,Mid-Low,2023-06,2025-11,0,0,Recent,0,0,1,0.4033119658119658
33,Other,0,2,1,Ads,medium,0,104.4,22.4,0.1111111111111111,29.46,13.333333333333334,3.513333333333333,10.54,0.2634999999999999,0.1111111111111111,1,Q2,Mid-High,2023-12,2025-12,0,0,Recent,0,0,1,0.1736111111111111
61,Other,5,29,1,Referral,high,8,380.35,25.69425287356322,0.2183908045977011,131.42,14.605454545454544,2.867272727272728,31.540000000000006,0.1935444280805106,0.1264367816091954,1,Q4,High,2023-07,2025-12,1,0,Inactive,1,1,0,0.47863247863247865
57,Female,5,50,0,Organic,medium,8,124.56,26.73777777777778,0.1777777777777777,49.83,18.33333333333333,2.2066666666666666,6.619999999999999,0.1172719220549158,0.0666666666666666,0,Q3,Mid-Low,2023-01,2025-11,1,1,Inactive,0,0,0,0.5977564102564102
35,Female,0,38,0,Ads,medium,8,111.95,25.05333333333333,0.1111111111111111,70.99000000000001,20.31,3.295,13.18,0.1565878579066175,0.0888888888888888,1,Q2,Mid-High,2023-08,2025-12,1,1,Inactive,0,0,0,0.48664529914529914
48,Other,0,86,0,Organic,low,4,70.28999999999999,30.56,0.16,19.8,9.026666666666666,2.536666666666666,7.609999999999999,0.2776358993068223,0.12,1,Q1,High,2024-09,2025-12,1,1,Inactive,0,0,0,0.484508547008547
47,Male,7,29,0,Organic,medium,8,262.34,24.876543209876544,0.1111111111111111,66.91,13.248,0.818,4.09,0.0576056338028169,0.0617283950617283,0,Q4,Mid-Low,2024-01,2025-12,1,0,Inactive,1,1,0,0.39743589743589747
42,Other,0,18,1,Organic,medium,3,102.93,23.633333333333333,0.1212121212121212,13.2,11.16,4.56,9.12,0.4086021505376344,0.0606060606060606,0,Q2,Mid-Low,2025-04,2025-12,0,0,Mid-Inactive,0,0,0,0.4631410256410256
29,Other,6,90,1,Ads,medium,7,122.55,25.816666666666663,0.1666666666666666,40.64,12.86,2.7,10.8,0.2099533437013996,0.0952380952380952,1,Q3,Mid-High,2025-06,2025-12,1,1,Inactive,0,0,0,0.4738247863247863
39,Female,0,1,0,Partnership,medium,2,43.72,27.478571428571428,0.0714285714285714,7.4,12.28,4.879999999999999,4.879999999999999,0.3973941368078175,0.0714285714285714,0,Q1,Mid-Low,2024-10,2025-11,0,0,Recent,0,0,1,0.4444444444444444
62,Female,1,20,0,Partnership,low,7,72.98,23.125,0.1785714285714285,44.55,15.19,4.157500000000001,16.630000000000003,0.2718208564890487,0.1428571428571428,1,Q1,High,2024-07,2025-12,1,0,Mid-Inactive,0,0,0,0.23344017094017094
54,Male,7,14,0,Referral,medium,7,198.58,24.64354838709677,0.1774193548387097,92.44,14.975,3.42,27.36,0.2283806343906511,0.1290322580645161,1,Q4,High,2023-03,2025-11,0,0,Mid-Recent,1,0,1,0.6009615384615384
45,Female,4,8,0,Ads,medium,5,70.21,25.789285714285715,0.0714285714285714,26.06,12.66,0.4349999999999998,0.8699999999999997,0.032305978462681,0.0714285714285714,0,Q1,Mid-Low,2024-02,2025-11,0,0,Mid-Recent,0,0,1,0.40010683760683763
29,Female,4,5,0,Ads,high,4,126.55,25.17241379310345,0.1034482758620689,2.06,3.32,1.2599999999999998,1.2599999999999998,0.3795180722891565,0.0344827586206896,0,Q3,Low,2024-05,2025-12,0,0,Recent,0,0,1,0.4391025641025641
34,Other,0,10,0,Partnership,medium,1,19.52,28.58333333333333,0.1666666666666666,0.0,0.0,0.0,0.0,0.0,0.0,0,Q1,Low,2024-05,2025-12,0,0,Mid-Recent,0,0,1,0.438034188034188
21,Male,3,0,0,Partnership,medium,3,150.69,26.257142857142856,0.1428571428571428,19.6,14.38,4.58,9.16,0.3184979137691238,0.0408163265306122,0,Q3,Low,2024-06,2025-11,0,0,Recent,0,0,1,0.6287393162393162
34,Female,1,23,0,Organic,medium,5,144.08,22.217021276595744,0.1702127659574468,78.64,14.96,2.0466666666666664,12.28,0.1350637923449186,0.1276595744680851,1,Q3,High,2023-02,2025-11,1,0,Mid-Inactive,0,0,0,0.4674145299145299
25,Female,2,2,1,Ads,low,6,73.71,26.55,0.1470588235294117,19.48,22.0,2.52,2.52,0.1145454545454545,0.0294117647058823,0,Q1,Low,2023-10,2025-12,0,0,Recent,0,0,1,0.5021367521367521
61,Other,5,1,0,Partnership,medium,12,108.15,23.7,0.1818181818181818,50.93,13.368,3.182,15.91,0.238031119090365,0.1136363636363636,1,Q2,Mid-High,2025-11,2025-12,0,0,Recent,0,0,1,0.23237179487179488
36,Female,7,20,0,Ads,medium,8,117.26,22.54090909090909,0.1136363636363636,9.93,12.0,2.0700000000000003,2.0700000000000003,0.1725,0.0227272727272727,0,Q2,Low,2023-12,2025-12,1,0,Mid-Inactive,0,0,0,0.530982905982906
54,Female,0,9,0,Referral,medium,5,77.4,24.662068965517243,0.1379310344827586,19.99,15.12,5.125,10.25,0.3389550264550264,0.0689655172413793,0,Q1,Mid-Low,2025-01,2025-12,0,0,Mid-Recent,0,0,1,0.5154914529914529
38,Female,2,4,0,Organic,medium,5,123.61,24.202564102564104,0.2307692307692307,61.6,20.32,4.92,19.68,0.2421259842519685,0.1025641025641025,1,Q3,Mid-High,2024-08,2025-12,0,0,Recent,0,0,1,0.5512820512820512
67,Female,0,11,0,Partnership,low,6,116.04,25.325,0.125,8.5,5.76,1.5099999999999996,3.019999999999999,0.2621527777777777,0.05,0,Q2,Low,2023-08,2025-12,0,0,Mid-Recent,0,0,1,0.2569444444444444
26,Other,2,28,0,Organic,high,5,105.41,23.456666666666667,0.2666666666666666,37.55,15.686666666666667,3.1699999999999995,9.509999999999998,0.2020824479388015,0.1,1,Q2,Mid-High,2025-08,2025-12,1,0,Inactive,0,0,0,0.29059829059829057
43,Male,6,59,1,Referral,medium,7,166.49,27.511764705882356,0.1764705882352941,100.91,14.5575,2.22875,17.83,0.1501600134748189,0.1568627450980392,1,Q4,High,2023-07,2025-12,1,1,Inactive,1,1,0,0.3178418803418803
19,Female,4,16,0,Referral,high,4,150.34,23.794117647058822,0.088235294117647,10.24,7.745,2.625,5.25,0.3389283408650742,0.0588235294117647,0,Q3,Mid-Low,2025-03,2025-11,0,0,Mid-Inactive,0,0,0,0.22435897435897434
23,Other,7,38,1,Organic,medium,5,241.35,24.477464788732394,0.1971830985915492,120.36,14.406,2.515,25.15,0.1728403546148031,0.1408450704225352,1,Q4,High,2025-07,2025-12,1,1,Inactive,1,1,0,0.5283119658119658
46,Other,4,10,0,Ads,medium,8,159.36,25.756140350877192,0.1929824561403508,76.63,14.432857142857143,3.4971428571428578,24.480000000000004,0.2421125506873702,0.1228070175438596,1,Q3,High,2024-09,2025-12,0,0,Mid-Recent,0,0,1,0.5101495726495726
60,Female,8,14,0,Partnership,high,7,221.01,26.96842105263158,0.1578947368421052,50.41,13.046666666666669,4.645,27.87,0.3560296371997956,0.1052631578947368,1,Q4,Mid-High,2025-07,2025-12,0,0,Mid-Recent,1,0,1,0.3226495726495726
53,Female,0,6,0,Ads,medium,1,55.23,24.77368421052632,0.3157894736842105,48.24,14.83,2.8375,11.35,0.1904681993623091,0.2105263157894736,1,Q1,High,2024-01,2025-11,0,0,Recent,0,0,1,0.34775641025641024
45,Other,7,11,0,Organic,medium,3,124.97,21.7225,0.1,27.5,11.323333333333332,2.1566666666666667,6.470000000000001,0.1904621725051516,0.075,0,Q3,Mid-Low,2023-04,2025-12,0,0,Mid-Recent,0,0,1,0.45833333333333326
23,Female,8,11,0,Organic,medium,10,195.4,25.604918032786884,0.1147540983606557,34.129999999999995,17.333333333333332,5.956666666666666,17.869999999999997,0.3436538461538461,0.0491803278688524,0,Q4,Low,2024-06,2025-12,0,0,Mid-Recent,1,0,1,0.6036324786324787
37,Male,8,0,0,Ads,medium,5,184.71,23.08727272727273,0.1454545454545454,65.21,15.992,2.95,14.75,0.1844672336168084,0.0909090909090909,1,Q4,Mid-High,2023-02,2025-12,0,0,Recent,1,0,1,0.5502136752136753
52,Male,4,4,0,Partnership,low,3,74.91,23.696551724137933,0.1379310344827586,21.34,10.773333333333332,3.66,10.98,0.3397277227722773,0.1034482758620689,1,Q1,Mid-High,2024-06,2025-12,0,0,Recent,0,0,1,0.3696581196581197
36,Other,2,17,0,Referral,low,6,109.55,21.85238095238095,0.1666666666666666,56.44,12.952000000000002,1.8700000000000003,9.35,0.1421188630490956,0.119047619047619,1,Q2,High,2024-05,2025-12,0,0,Mid-Inactive,0,0,0,0.5710470085470085
53,Female,4,50,0,Ads,low,4,101.72,28.1,0.1764705882352941,29.35,12.579999999999998,2.796666666666667,8.39,0.2223105458399576,0.088235294117647,1,Q2,Mid-High,2025-03,2025-12,1,1,Inactive,0,0,0,0.453525641025641
42,Male,0,0,0,Referral,low,2,70.75,25.429166666666664,0.0833333333333333,0.0,0.0,0.0,0.0,0.0,0.0,0,Q1,Low,2024-11,2025-10,0,0,Recent,0,0,1,0.18162393162393162
51,Other,0,39,0,Organic,medium,3,136.8,19.435,0.225,45.84,13.69,2.295,9.18,0.1668484187568157,0.1,1,Q3,Mid-High,2025-10,2025-12,1,1,Inactive,0,0,0,0.3194444444444444
22,Male,1,44,0,Organic,medium,4,111.3,23.57894736842105,0.2105263157894736,54.87,11.842,1.0420000000000005,5.210000000000001,0.0867177097203728,0.131578947368421,1,Q2,High,2023-12,2025-11,1,1,Inactive,0,0,0,0.42895299145299143
57,Female,0,19,0,Partnership,low,1,44.72,29.825000000000003,0.25,31.92,21.14,5.675000000000001,11.35,0.262306447885371,0.125,1,Q1,High,2024-12,2025-12,0,0,Mid-Inactive,0,0,0,0.5085470085470085
27,Male,3,0,0,Ads,high,11,309.18,26.771052631578947,0.1447368421052631,65.65,12.107142857142858,2.8657142857142857,20.06,0.2340450355851125,0.0921052631578947,1,Q4,Mid-High,2023-02,2025-12,0,0,Recent,1,0,1,0.4107905982905983
26,Other,2,27,1,Referral,medium,6,123.1,27.933333333333334,0.1904761904761904,72.92,12.09142857142857,1.7342857142857142,12.14,0.1427227839172348,0.1666666666666666,1,Q3,High,2025-03,2025-12,1,0,Mid-Inactive,0,0,0,0.3488247863247863
18,Female,2,17,0,Organic,medium,6,180.24,24.194339622641508,0.0566037735849056,12.13,7.869999999999999,1.8049999999999995,3.609999999999999,0.2293519695044472,0.0377358490566037,0,Q4,Low,2024-10,2025-12,0,0,Mid-Inactive,1,0,0,0.5625
41,Female,1,5,1,Organic,low,8,101.17,28.79285714285714,0.238095238095238,98.48,17.505714285714284,3.62,25.34,0.2046519140688095,0.1666666666666666,1,Q2,High,2023-03,2025-11,0,0,Recent,0,0,1,0.5432692307692307
35,Female,1,13,0,Partnership,high,8,246.55,25.45483870967742,0.1935483870967742,99.05,14.302,4.429,44.29,0.308985628575415,0.1612903225806451,1,Q4,High,2025-04,2025-12,0,0,Mid-Recent,1,0,1,0.3162393162393162
42,Male,0,11,0,Ads,medium,0,13.37,22.68,0.2,0.0,0.0,0.0,0.0,0.0,0.0,0,Q1,Low,2025-03,2025-10,0,0,Mid-Recent,0,0,1,0.13514957264957264
65,Male,3,36,0,Partnership,medium,5,139.8,25.202439024390245,0.1463414634146341,31.54,13.846666666666666,3.333333333333333,10.0,0.2407318247472316,0.073170731707317,0,Q3,Mid-Low,2023-09,2025-12,1,1,Inactive,0,0,0,0.49038461538461536
48,Female,2,11,0,Organic,medium,4,130.02,23.17,0.2,17.6,9.875,1.5299999999999998,3.06,0.1481122942884801,0.05,0,Q3,Low,2025-03,2025-12,0,0,Mid-Recent,0,0,1,0.2708333333333333
65,Other,0,10,0,Organic,high,5,181.66,25.1093023255814,0.1162790697674418,65.81,17.112000000000002,4.138,20.69,0.2391907514450866,0.1162790697674418,1,Q4,Mid-High,2023-12,2025-11,0,0,Mid-Recent,1,0,1,0.3322649572649573
30,Female,4,49,0,Ads,medium,4,76.49,21.636,0.08,7.13,6.76,0.0,0.0,0.0,0.04,0,Q1,Low,2023-06,2025-12,1,1,Inactive,0,0,0,0.234508547008547
38,Male,3,6,0,Organic,low,4,133.02,25.98913043478261,0.1956521739130435,49.98,12.41,2.414,12.07,0.1945205479452054,0.108695652173913,1,Q3,Mid-High,2023-10,2025-10,0,0,Recent,0,0,1,0.4423076923076923
18,Male,3,3,0,Ads,medium,5,190.54,26.69333333333333,0.1166666666666666,9.76,13.97,4.210000000000001,4.210000000000001,0.3013600572655691,0.0166666666666666,0,Q4,Low,2023-04,2025-11,0,0,Recent,1,0,1,0.4813034188034188
28,Female,5,6,1,Organic,medium,5,169.4,22.303703703703704,0.1111111111111111,32.74,15.64,0.0,0.0,0.0,0.037037037037037,0,Q4,Low,2024-11,2025-12,0,0,Recent,1,0,1,0.40010683760683763
59,Male,8,7,0,Ads,medium,11,136.79,27.16981132075472,0.2452830188679245,89.17,21.75,4.09,20.45,0.1865535486225141,0.0943396226415094,1,Q3,Mid-High,2023-01,2025-12,0,0,Recent,0,0,1,0.48611111111111105
53,Other,5,12,0,Partnership,medium,7,182.94,25.603076923076923,0.1846153846153846,66.23,12.286666666666669,1.325,7.949999999999999,0.1071717444055001,0.0923076923076923,1,Q4,Mid-High,2024-03,2025-12,0,0,Mid-Recent,1,0,1,0.38461538461538464
40,Other,4,25,0,Organic,low,2,92.65,22.45151515151515,0.1818181818181818,61.5,16.64,1.2649999999999992,5.059999999999997,0.0760216346153845,0.1212121212121212,1,Q2,High,2025-04,2025-12,1,0,Mid-Inactive,0,0,0,0.38675213675213677
53,Female,5,0,0,Ads,low,4,113.66,28.25238095238095,0.119047619047619,34.29,9.14,2.282,11.409999999999998,0.249671772428884,0.119047619047619,1,Q2,High,2024-01,2025-12,0,0,Recent,0,0,1,0.5502136752136753
38,Other,4,6,0,Organic,medium,5,87.77,26.02,0.1333333333333333,10.34,11.75,1.41,1.41,0.12,0.0333333333333333,0,Q1,Low,2024-09,2025-12,0,0,Recent,0,0,1,0.44337606837606836
27,Female,0,85,1,Organic,medium,7,67.03,23.76153846153846,0.1923076923076923,26.270000000000003,8.09,1.64,6.56,0.1998172403289673,0.1538461538461538,1,Q1,High,2024-06,2025-11,1,1,Inactive,0,0,0,0.4471153846153846
67,Other,7,20,0,Ads,high,11,284.03000000000003,26.37972972972973,0.1621621621621621,142.66,19.0,3.3744444444444444,30.37,0.1755186961798532,0.1216216216216216,1,Q4,High,2023-03,2025-11,1,0,Mid-Inactive,1,1,0,0.3883547008547009
67,Other,2,7,0,Organic,medium,2,94.02,26.659259259259255,0.1111111111111111,15.21,22.0,6.789999999999999,6.789999999999999,0.3086363636363636,0.037037037037037,0,Q2,Low,2024-03,2025-12,0,0,Recent,0,0,1,0.3819444444444444
42,Male,2,30,0,Ads,medium,2,61.36,22.104545454545452,0.0454545454545454,15.96,20.0,4.039999999999999,4.039999999999999,0.2019999999999999,0.0454545454545454,0,Q1,Low,2023-03,2025-11,1,1,Inactive,0,0,0,0.4091880341880342
59,Female,0,20,0,Referral,low,2,121.95,23.543478260869566,0.1739130434782608,70.95,17.808,3.618,18.09,0.2031671159029649,0.108695652173913,1,Q3,Mid-High,2024-05,2025-11,1,0,Mid-Inactive,0,0,0,0.5117521367521367
29,Male,2,58,0,Referral,medium,5,108.86,25.982857142857146,0.1428571428571428,38.6,13.56,3.91,15.64,0.2883480825958702,0.1142857142857142,1,Q2,Mid-High,2024-05,2025-10,1,1,Inactive,0,0,0,0.5550213675213675
20,Other,0,1,0,Partnership,high,18,297.92,26.76,0.16,100.06,16.0,3.62375,28.99,0.2246416117783804,0.1066666666666666,1,Q4,Mid-High,2023-02,2025-12,0,0,Recent,1,0,1,0.3648504273504274
32,Other,2,4,0,Referral,medium,4,75.28,22.285714285714285,0.1785714285714285,15.72,11.88,4.02,8.04,0.3383838383838384,0.0714285714285714,0,Q1,Mid-Low,2024-09,2025-11,0,0,Recent,0,0,1,0.4278846153846154
23,Female,9,1,0,Organic,low,7,138.56,26.838983050847457,0.2033898305084746,80.15,14.67,4.75875,38.07,0.3220267298257486,0.135593220338983,1,Q3,High,2025-09,2025-12,0,0,Recent,0,0,1,0.3450854700854701
57,Female,0,2,0,Referral,high,7,231.7,23.847272727272724,0.0909090909090909,27.77,13.265,0.1050000000000004,0.2100000000000008,0.0075053609721229,0.0363636363636363,0,Q4,Low,2025-02,2025-11,0,0,Recent,1,0,1,0.5779914529914529
51,Male,11,11,0,Ads,medium,15,250.34,24.519540229885056,0.1494252873563218,54.99,11.325,2.16,12.96,0.190728476821192,0.0689655172413793,0,Q4,Mid-Low,2025-03,2025-12,0,0,Mid-Recent,1,0,1,0.7286324786324787
51,Other,5,50,1,Ads,medium,3,172.4,25.446,0.08,45.96,13.175,1.705,6.82,0.1292156119742326,0.08,0,Q4,Mid-Low,2025-02,2025-12,1,1,Inactive,1,1,0,0.4732905982905983
67,Other,2,64,0,Partnership,high,4,98.71,23.8625,0.125,20.56,9.08,2.26,6.78,0.2479882955376737,0.125,1,Q2,High,2024-04,2025-12,1,1,Inactive,0,0,0,0.2857905982905983
68,Male,3,22,0,Organic,medium,6,107.99,27.96176470588236,0.1764705882352941,34.84,12.9675,4.2575,17.03,0.3283208020050125,0.1176470588235294,1,Q2,High,2023-04,2025-11,1,0,Mid-Inactive,0,0,0,0.39797008547008544
46,Female,3,8,0,Organic,medium,3,76.56,24.952,0.2,44.06,15.496666666666668,0.8433333333333337,2.530000000000001,0.0543034986048508,0.12,1,Q1,High,2024-02,2025-10,0,0,Mid-Recent,0,0,1,0.49839743589743585
64,Female,0,39,0,Ads,low,2,76.41,22.18888888888889,0.1481481481481481,19.33,10.985,1.3200000000000005,2.640000000000001,0.1201638598088302,0.074074074074074,0,Q1,Mid-Low,2024-04,2025-10,1,1,Inactive,0,0,0,0.4097222222222222
41,Female,0,11,0,Partnership,medium,4,113.61,24.41351351351351,0.054054054054054,12.69,12.28,0.0,0.0,0.0,0.027027027027027,0,Q2,Low,2024-02,2025-11,0,0,Mid-Recent,0,0,1,0.4316239316239316
36,Other,1,0,0,Ads,high,4,155.65,24.887179487179488,0.1282051282051282,36.2,12.579999999999998,0.8399999999999997,2.519999999999999,0.0650826446280991,0.0769230769230769,0,Q3,Mid-Low,2023-10,2025-12,0,0,Recent,0,0,1,0.49572649572649574
32,Male,10,18,0,Referral,medium,9,154.85,26.164406779661014,0.1016949152542373,24.62,10.836666666666666,2.6300000000000003,7.890000000000001,0.242694555521378,0.0508474576271186,0,Q3,Low,2024-05,2025-11,0,0,Mid-Inactive,0,0,0,0.46314102564102566
53,Other,1,10,0,Referral,medium,1,27.59,24.818181818181817,0.2727272727272727,25.08,11.406666666666666,3.0466666666666677,9.140000000000002,0.2670952659263589,0.2727272727272727,1,Q1,High,2024-01,2025-12,0,0,Mid-Recent,0,0,1,0.32745726495726496
27,Male,3,2,1,Organic,medium,6,144.25,21.318867924528305,0.1132075471698113,7.02,4.76,1.2499999999999998,2.5,0.2626050420168067,0.0377358490566037,0,Q3,Low,2024-08,2025-12,0,0,Recent,0,0,1,0.47916666666666663
37,Male,9,119,1,Ads,medium,6,182.56,24.34576271186441,0.1186440677966101,9.52,14.78,5.26,5.26,0.3558863328822733,0.0169491525423728,0,Q4,Low,2024-02,2025-11,1,1,Inactive,1,1,0,0.5603632478632479
68,Female,0,8,0,Partnership,medium,2,27.86,20.65,0.2,17.94,21.0,3.0599999999999987,3.0599999999999987,0.1457142857142856,0.1,1,Q1,Mid-High,2023-12,2025-11,0,0,Mid-Recent,0,0,1,0.3787393162393162
20,Other,0,22,0,Referral,medium,4,71.77,29.01111111111111,0.1481481481481481,27.67,11.493333333333332,2.27,6.809999999999999,0.197505800464037,0.1111111111111111,1,Q1,Mid-High,2024-05,2025-11,1,0,Mid-Inactive,0,0,0,0.4861111111111111
45,Female,7,26,1,Ads,medium,8,176.89,25.423214285714288,0.1071428571428571,35.8,13.795,4.8950000000000005,19.58,0.3535572408811846,0.0714285714285714,0,Q4,Mid-Low,2024-03,2025-12,1,0,Mid-Inactive,1,1,0,0.6239316239316239
21,Female,5,4,0,Organic,low,12,150.95,26.632758620689657,0.1379310344827586,81.92,14.22125,4.08625,32.69,0.285228165081581,0.1379310344827586,1,Q3,High,2024-05,2025-12,0,0,Recent,0,0,1,0.6810897435897436
62,Male,2,21,0,Referral,medium,6,84.83,27.25625,0.15625,47.2,14.5025,2.705,10.82,0.1864874181316787,0.125,1,Q1,High,2023-09,2025-12,1,0,Mid-Inactive,0,0,0,0.41720085470085466
54,Other,3,17,0,Ads,medium,6,82.23,28.4625,0.125,30.16,11.323333333333332,1.2700000000000002,3.810000000000001,0.1121577862820135,0.09375,1,Q1,Mid-High,2023-02,2025-12,0,0,Mid-Inactive,0,0,0,0.2158119658119658
27,Male,0,19,0,Referral,low,3,76.48,24.857692307692307,0.0769230769230769,11.92,12.28,0.3599999999999994,0.3599999999999994,0.029315960912052,0.0384615384615384,0,Q1,Low,2025-02,2025-12,0,0,Mid-Inactive,0,0,0,0.5096153846153846
53,Female,0,15,0,Referral,high,8,282.97,25.42876712328767,0.1232876712328767,91.34,17.266666666666666,2.4716666666666667,14.83,0.1396816426485824,0.0821917808219178,0,Q4,Mid-Low,2024-05,2025-11,0,0,Mid-Inactive,1,0,0,0.46741452991453
67,Other,2,20,1,Ads,low,6,120.55,25.44186046511628,0.1395348837209302,49.2,19.06,6.76,27.04,0.3546694648478488,0.0930232558139534,1,Q2,Mid-High,2024-11,2025-12,1,0,Mid-Inactive,0,0,0,0.360042735042735
49,Female,3,22,0,Ads,medium,4,233.44,25.144927536231883,0.1884057971014492,85.53,14.48,0.8050000000000002,4.830000000000001,0.0534528552456839,0.0869565217391304,0,Q4,Mid-Low,2023-01,2025-12,1,0,Mid-Inactive,1,1,0,0.7142094017094016
67,Female,6,17,1,Referral,medium,5,139.77,24.816326530612244,0.0612244897959183,16.84,10.0,1.58,3.16,0.158,0.0408163265306122,0,Q3,Low,2023-10,2025-12,0,0,Mid-Inactive,0,0,0,0.44818376068376065
45,Female,2,11,0,Ads,low,2,70.09,21.911538461538463,0.1923076923076923,68.48,24.195,7.075,28.3,0.2924157883860301,0.1538461538461538,1,Q1,High,2024-06,2025-12,0,0,Mid-Recent,0,0,1,0.1971153846153846
59,Male,3,60,0,Ads,medium,4,130.82,26.424444444444443,0.2222222222222222,31.72,9.116,2.772,13.86,0.3040807371654234,0.1111111111111111,1,Q3,Mid-High,2024-11,2025-12,1,1,Inactive,0,0,0,0.47275641025641024
57,Male,2,1,0,Referral,low,5,113.02,26.902380952380955,0.119047619047619,56.58,15.94,2.1325,8.53,0.1310090615880817,0.0952380952380952,1,Q2,Mid-High,2023-08,2025-12,0,0,Recent,0,0,1,0.5571581196581197
27,Other,1,23,0,Referral,medium,6,112.78,24.09285714285714,0.119047619047619,45.09,12.57,1.3325,5.33,0.1057120190400634,0.0952380952380952,1,Q2,Mid-High,2023-07,2025-12,1,0,Mid-Inactive,0,0,0,0.3141025641025641
27,Female,0,47,0,Organic,medium,7,48.63,26.09523809523809,0.0476190476190476,0.0,0.0,0.0,0.0,0.0,0.0,0,Q1,Low,2023-04,2025-12,1,1,Inactive,0,0,0,0.48130341880341876
48,Male,1,12,0,Ads,low,2,51.58,30.700000000000003,0.1111111111111111,13.08,13.24,0.1600000000000001,0.1600000000000001,0.0120845921450151,0.0555555555555555,0,Q1,Low,2025-10,2025-12,0,0,Mid-Recent,0,0,1,0.21848290598290598
51,Female,1,14,0,Ads,medium,2,104.75,25.23333333333333,0.1111111111111111,14.68,16.0,1.3200000000000005,1.3200000000000005,0.0825,0.0277777777777777,0,Q2,Low,2024-03,2025-11,0,0,Mid-Recent,0,0,1,0.2676282051282051
60,Other,2,9,0,Organic,medium,6,90.83,29.076470588235296,0.1176470588235294,33.9,21.5,4.550000000000001,9.1,0.2116279069767442,0.0588235294117647,0,Q2,Mid-Low,2023-04,2025-09,0,0,Mid-Recent,0,0,1,0.41880341880341876
30,Other,1,1,0,Referral,medium,6,135.88,22.133333333333336,0.1875,82.82000000000001,14.728571428571428,2.992857142857143,20.95,0.2018887925219234,0.1458333333333333,1,Q3,High,2025-04,2025-12,0,0,Recent,0,0,1,0.30502136752136755
22,Female,6,18,0,Organic,high,8,154.1,25.200000000000003,0.0476190476190476,25.99,13.23,0.3599999999999999,0.7199999999999998,0.0269561961812055,0.0476190476190476,0,Q3,Low,2023-05,2025-12,0,0,Mid-Inactive,0,0,0,0.3210470085470085
59,Female,3,52,0,Partnership,medium,7,73.41,24.993548387096773,0.1612903225806451,34.56,18.64,2.3349999999999995,4.669999999999999,0.1190415498343104,0.064516129032258,0,Q1,Mid-Low,2024-08,2025-12,1,1,Inactive,0,0,0,0.2601495726495726
56,Other,0,3,0,Ads,low,4,93.64,24.77894736842105,0.1578947368421052,18.35,7.746666666666667,1.6499999999999997,4.949999999999999,0.2124463519313304,0.0789473684210526,0,Q2,Mid-Low,2025-04,2025-12,0,0,Recent,0,0,1,0.5400641025641025
53,Other,5,1,0,Referral,low,3,118.16,28.42325581395349,0.1627906976744186,39.33,15.08,5.2475000000000005,20.99,0.3479774535809019,0.0930232558139534,1,Q2,Mid-High,2024-09,2025-12,0,0,Recent,0,0,1,0.4642094017094017
39,Female,9,33,1,Ads,medium,10,161.25,27.601666666666667,0.1166666666666666,65.34,14.638,2.06,10.3,0.1361713379164463,0.0833333333333333,0,Q3,Mid-Low,2023-05,2025-12,1,1,Inactive,0,0,0,0.6063034188034189
40,Other,5,60,0,Ads,medium,10,124.23,26.03191489361702,0.1276595744680851,44.71,10.928,1.986,9.93,0.1817349926793557,0.1063829787234042,1,Q3,Mid-High,2023-06,2025-11,1,1,Inactive,0,0,0,0.4674145299145299
42,Male,1,66,1,Ads,medium,2,19.0,21.33,0.3,21.98,12.66,1.6700000000000006,3.340000000000001,0.1319115323854661,0.2,1,Q1,High,2023-09,2025-11,1,1,Inactive,0,0,0,0.26068376068376065
60,Male,2,22,0,Partnership,low,6,66.82000000000001,23.633333333333333,0.1,57.67,22.33333333333333,3.11,9.33,0.1392537313432836,0.1,1,Q1,Mid-High,2023-07,2025-11,1,0,Mid-Inactive,0,0,0,0.547542735042735
54,Male,3,51,0,Organic,medium,3,127.78,24.390243902439025,0.2195121951219512,35.879999999999995,12.423333333333332,0.8866666666666667,2.66,0.0690192008303061,0.073170731707317,0,Q3,Mid-Low,2023-04,2025-10,1,1,Inactive,0,0,0,0.49038461538461536
26,Male,4,38,0,Ads,medium,7,73.99,20.75769230769231,0.1153846153846153,19.51,12.96,3.205,6.41,0.2472993827160494,0.0769230769230769,0,Q1,Mid-Low,2023-10,2025-12,1,1,Inactive,0,0,0,0.23878205128205127
26,Female,5,17,0,Ads,medium,3,99.83,25.603125,0.21875,76.55,20.1875,1.5799999999999996,6.319999999999999,0.0762640279956558,0.125,1,Q2,High,2024-09,2025-11,0,0,Mid-Inactive,0,0,0,0.41720085470085466
52,Other,3,69,0,Ads,medium,4,106.33,25.772972972972973,0.081081081081081,0.0,0.0,0.0,0.0,0.0,0.0,0,Q2,Low,2025-06,2025-12,1,1,Inactive,0,0,0,0.5219017094017093
66,Female,2,21,0,Partnership,high,11,305.45,25.076623376623377,0.1688311688311688,94.46,17.447142857142858,4.17,29.19,0.2360695511524464,0.0909090909090909,1,Q4,Mid-High,2023-01,2025-12,1,0,Mid-Inactive,1,1,0,0.6233974358974359
27,Male,6,16,0,Ads,medium,5,116.35,24.44883720930233,0.2325581395348837,53.54,20.593333333333334,3.5966666666666662,10.79,0.1677288978703559,0.0697674418604651,0,Q2,Mid-Low,2025-05,2025-12,0,0,Mid-Inactive,0,0,0,0.2419871794871795
57,Female,0,12,0,Ads,medium,7,71.73,26.09230769230769,0.0769230769230769,30.58,21.0,5.709999999999999,11.419999999999998,0.2719047619047618,0.0769230769230769,0,Q1,Mid-Low,2023-04,2025-11,0,0,Mid-Recent,0,0,1,0.19017094017094016
40,Male,0,11,0,Ads,high,6,198.72,22.31914893617021,0.1276595744680851,13.96,7.35,2.6966666666666668,8.09,0.3668934240362811,0.0638297872340425,0,Q4,Mid-Low,2023-01,2025-11,0,0,Mid-Recent,1,0,1,0.5229700854700854
29,Female,1,40,0,Partnership,medium,1,85.7,23.21923076923077,0.0769230769230769,19.35,10.0,0.4950000000000001,0.9900000000000002,0.0486725663716814,0.0769230769230769,0,Q1,Mid-Low,2024-04,2025-11,1,1,Inactive,0,0,0,0.17628205128205127
32,Male,9,17,0,Referral,medium,7,223.79,25.75857142857143,0.1285714285714285,37.18,9.4925,0.2799999999999996,1.1199999999999983,0.0292428198433419,0.0571428571428571,0,Q4,Low,2024-10,2025-12,0,0,Mid-Inactive,1,0,0,0.5865384615384616
65,Other,1,0,0,Ads,medium,12,220.64,25.88082191780822,0.2054794520547945,144.12,13.35,1.5691666666666666,18.83,0.1155569193003989,0.1643835616438356,1,Q4,High,2025-01,2025-12,0,0,Recent,1,0,1,0.6757478632478633
57,Female,4,40,0,Partnership,low,2,87.12,22.28787878787879,0.1515151515151515,99.58,20.4,1.452,7.26,0.0679520778734556,0.1515151515151515,1,Q1,High,2023-01,2025-10,1,1,Inactive,0,0,0,0.22702991452991453
67,Male,1,2,0,Organic,low,3,106.8,26.433333333333337,0.1025641025641025,14.11,14.78,0.6699999999999999,0.6699999999999999,0.0453315290933694,0.0256410256410256,0,Q2,Low,2024-01,2025-11,0,0,Recent,0,0,1,0.3568376068376068
56,Other,4,25,0,Referral,medium,2,81.62,22.876,0.2,31.01,11.8825,4.13,16.52,0.3475699558173785,0.16,1,Q1,High,2025-08,2025-12,1,0,Mid-Inactive,0,0,0,0.17895299145299143
33,Other,2,17,0,Referral,high,1,159.46,25.1030303030303,0.1212121212121212,19.26,25.0,5.739999999999998,5.739999999999998,0.2295999999999999,0.0303030303030303,0,Q3,Low,2023-05,2025-09,0,0,Mid-Inactive,0,0,0,0.4075854700854701
30,Female,5,14,0,Partnership,high,12,291.92,23.80540540540541,0.0945945945945946,37.79,9.58,0.5225,2.09,0.0524072216649949,0.054054054054054,0,Q4,Low,2023-11,2025-12,0,0,Mid-Recent,1,0,1,0.5202991452991453
28,Female,2,4,0,Referral,low,7,135.64,26.54339622641509,0.0943396226415094,42.37,13.365,2.7725,11.09,0.2074448185559297,0.0754716981132075,0,Q3,Mid-Low,2024-01,2025-12,0,0,Recent,0,0,1,0.4722222222222222
23,Other,2,10,0,Ads,low,6,159.01,25.369090909090907,0.1272727272727272,34.29,15.586666666666666,4.156666666666666,12.47,0.2666809238665526,0.0545454545454545,0,Q3,Low,2024-04,2025-12,0,0,Mid-Recent,0,0,1,0.5710470085470085
38,Female,1,35,0,Ads,low,3,123.93,24.417777777777776,0.1777777777777777,33.54,15.746666666666668,4.566666666666666,13.7,0.290008467400508,0.0666666666666666,0,Q3,Mid-Low,2023-10,2025-12,1,1,Inactive,0,0,0,0.5283119658119657
47,Male,0,7,0,Organic,medium,4,195.56,25.655172413793103,0.0689655172413793,40.76,12.63,2.44,9.76,0.1931908155186065,0.0689655172413793,0,Q4,Mid-Low,2024-08,2025-12,0,0,Recent,1,0,1,0.5908119658119658
23,Male,9,6,1,Organic,high,9,212.51,25.885185185185183,0.1296296296296296,66.22,17.4,4.472,22.36,0.2524271844660194,0.0925925925925925,1,Q4,Mid-High,2024-02,2025-12,0,0,Recent,1,0,1,0.5112179487179487
64,Other,2,84,1,Partnership,low,2,88.23,27.26875,0.125,1.79,3.49,1.7000000000000002,1.7000000000000002,0.4871060171919771,0.03125,0,Q1,Low,2024-10,2025-11,1,1,Inactive,0,0,0,0.47970085470085466
39,Other,1,28,0,Ads,medium,4,91.95,26.866666666666667,0.1481481481481481,44.88,17.333333333333332,3.0266666666666677,9.080000000000002,0.1682727946627131,0.1111111111111111,1,Q2,Mid-High,2024-10,2025-12,1,0,Inactive,0,0,0,0.45138888888888884
44,Female,9,1,0,Partnership,high,3,272.87,26.443548387096776,0.1774193548387097,52.27,15.648,5.194,25.97,0.3319274028629856,0.0806451612903225,0,Q4,Mid-Low,2024-08,2025-12,0,0,Recent,1,0,1,0.4134615384615385
25,Male,3,17,0,Referral,medium,11,171.44,24.960377358490568,0.1886792452830188,85.87,15.97,3.778571428571428,26.45,0.2354878917378917,0.1320754716981132,1,Q4,High,2023-10,2025-11,0,0,Mid-Inactive,1,0,0,0.4375
49,Female,0,3,1,Partnership,low,5,67.4,27.78846153846154,0.1538461538461538,32.12,14.426666666666668,3.72,11.16,0.2578558225508318,0.1153846153846153,1,Q1,Mid-High,2025-04,2025-12,0,0,Recent,0,0,1,0.5512820512820513
60,Female,8,104,0,Partnership,medium,10,134.07,25.597959183673467,0.1632653061224489,51.81,13.412,3.05,15.25,0.2274082910826125,0.1020408163265306,1,Q3,Mid-High,2023-06,2025-11,1,1,Inactive,0,0,0,0.6426282051282052
56,Male,2,9,0,Organic,medium,5,87.33,21.641935483870967,0.1935483870967742,47.06,20.426666666666662,4.7700000000000005,14.31,0.2331758188039758,0.0967741935483871,1,Q1,Mid-High,2025-06,2025-12,0,0,Mid-Recent,0,0,1,0.3365384615384615
27,Male,1,14,0,Referral,medium,10,257.81,24.34210526315789,0.1842105263157894,90.53,14.065,2.8775000000000004,23.020000000000003,0.2027300748568912,0.1052631578947368,1,Q4,Mid-High,2024-02,2025-12,0,0,Mid-Recent,1,0,1,0.6607905982905983
56,Female,0,9,0,Referral,medium,9,100.98,27.325641025641023,0.1794871794871795,70.08,14.498333333333337,2.818333333333333,16.909999999999997,0.1943901597884814,0.1538461538461538,1,Q2,High,2023-10,2025-12,0,0,Mid-Recent,0,0,1,0.5096153846153846
29,Male,1,26,1,Ads,low,4,83.52,23.692857142857143,0.1428571428571428,20.9,13.53,3.08,6.159999999999999,0.2276422764227642,0.0714285714285714,0,Q1,Mid-Low,2023-02,2025-11,1,0,Mid-Inactive,0,0,0,0.37927350427350426
41,Male,3,3,0,Organic,medium,4,107.77,23.08974358974359,0.1794871794871795,46.14,12.76,1.2374999999999998,4.949999999999999,0.096887844979448,0.1025641025641025,1,Q2,Mid-High,2025-10,2025-12,0,0,Recent,0,0,1,0.329059829059829
22,Female,5,15,0,Organic,low,10,143.05,23.34444444444444,0.1296296296296296,55.07,13.56,2.5460000000000003,12.73,0.1877581120943953,0.0925925925925925,1,Q3,Mid-High,2025-08,2025-12,0,0,Mid-Inactive,0,0,0,0.30982905982905984
62,Female,2,0,1,Partnership,high,3,103.72,26.120833333333334,0.1666666666666666,0.0,0.0,0.0,0.0,0.0,0.0,0,Q2,Low,2025-04,2025-12,0,0,Recent,0,0,1,0.16773504273504272
57,Male,1,14,0,Referral,medium,5,166.82999999999998,25.441304347826087,0.108695652173913,17.29,15.5,6.855,13.71,0.442258064516129,0.0434782608695652,0,Q4,Low,2023-01,2025-12,0,0,Mid-Recent,1,0,1,0.5325854700854701
68,Other,1,49,0,Partnership,medium,3,23.22,27.38181818181818,0.0909090909090909,22.28,21.0,0.0,0.0,0.0,0.0909090909090909,1,Q1,Mid-High,2023-12,2025-11,1,1,Inactive,0,0,0,0.19551282051282054
54,Other,7,18,0,Ads,medium,13,105.95,24.752272727272725,0.0909090909090909,43.2,20.64,0.0,0.0,0.0,0.0454545454545454,0,Q2,Low,2025-03,2025-12,0,0,Mid-Inactive,0,0,0,0.5657051282051282
49,Male,4,53,0,Organic,low,4,95.19,22.608823529411765,0.1470588235294117,39.44,12.115,2.415,9.66,0.1967413441955193,0.1176470588235294,1,Q2,High,2023-05,2025-11,1,1,Inactive,0,0,0,0.30074786324786323
19,Female,3,4,0,Ads,high,11,306.25,24.87894736842105,0.1842105263157894,145.81,14.561818181818182,1.588181818181818,17.47,0.1069941205291523,0.1447368421052631,1,Q4,High,2023-05,2025-11,0,0,Recent,1,0,1,0.48023504273504275
39,Female,6,21,0,Referral,high,9,383.4,25.62,0.1666666666666666,128.32999999999998,14.242,1.598,15.98,0.1107338368789411,0.1111111111111111,1,Q4,Mid-High,2024-05,2025-12,1,0,Mid-Inactive,1,1,0,0.6442307692307692
34,Male,1,16,0,Organic,medium,9,168.52,27.32241379310345,0.0517241379310344,14.1,14.0,0.0,0.0,0.0,0.0172413793103448,0,Q4,Low,2025-07,2025-12,0,0,Mid-Inactive,1,0,0,0.5769230769230769
61,Female,0,23,1,Partnership,high,16,298.42,25.66933333333333,0.1333333333333333,76.25,17.154,2.0200000000000005,10.1,0.1169658367110596,0.0666666666666666,0,Q4,Mid-Low,2025-05,2025-12,1,0,Mid-Inactive,1,1,0,0.7398504273504274
39,Female,5,0,0,Partnership,medium,3,148.35,25.580487804878047,0.1951219512195122,63.28,12.891666666666666,2.345,14.070000000000002,0.1819004524886878,0.1463414634146341,1,Q3,High,2025-06,2025-12,0,0,Recent,0,0,1,0.27510683760683763
48,Male,7,25,1,Organic,medium,8,258.17,23.29113924050633,0.1772151898734177,73.28999999999999,12.83,2.4371428571428564,17.059999999999995,0.1888212506917542,0.0886075949367088,1,Q4,Mid-High,2024-07,2025-12,1,0,Mid-Inactive,1,1,0,0.45833333333333337
51,Female,3,7,0,Referral,high,0,149.75,24.836666666666662,0.2,45.1,17.32,6.045,24.18,0.3490184757505774,0.1333333333333333,1,Q3,High,2025-03,2025-12,0,0,Recent,0,0,1,0.24893162393162394
68,Female,2,5,0,Ads,medium,3,125.82,26.65652173913044,0.1521739130434782,25.41,12.726666666666668,4.306666666666666,12.919999999999998,0.3370727889381685,0.0652173913043478,0,Q3,Mid-Low,2024-05,2025-12,0,0,Recent,0,0,1,0.5186965811965811
42,Other,3,24,0,Partnership,medium,6,109.37,26.59230769230769,0.1794871794871795,55.21,11.506,0.6979999999999998,3.4899999999999998,0.0594548551959114,0.1282051282051282,1,Q2,High,2025-02,2025-12,1,0,Mid-Inactive,0,0,0,0.5721153846153846
68,Female,2,5,0,Referral,high,2,190.56,24.62857142857143,0.1428571428571428,47.81,14.4225,2.47,9.88,0.1712601837406829,0.0952380952380952,1,Q4,Mid-High,2023-02,2025-11,0,0,Recent,1,0,1,0.5432692307692307
49,Male,11,7,0,Partnership,high,4,320.83,25.55972222222222,0.0694444444444444,47.47,16.38,4.5375,18.15,0.2765925022858884,0.0555555555555555,0,Q4,Low,2023-09,2025-11,0,0,Recent,1,0,1,0.5950854700854701
37,Male,3,28,0,Organic,medium,5,63.8,25.17391304347826,0.1304347826086956,8.45,8.0,0.0,0.0,0.0,0.0434782608695652,0,Q1,Low,2023-06,2025-11,1,0,Inactive,0,0,0,0.48290598290598286
46,Other,4,8,0,Partnership,high,7,187.39,25.676,0.1,51.95,13.93,1.0825000000000005,4.330000000000002,0.0769367448471926,0.08,0,Q4,Mid-Low,2025-10,2025-12,0,0,Mid-Recent,1,0,1,0.2927350427350427
48,Other,2,6,0,Organic,medium,5,87.03999999999999,24.770967741935483,0.0967741935483871,18.87,14.14,4.704999999999999,9.409999999999998,0.3327439886845826,0.064516129032258,0,Q1,Mid-Low,2025-09,2025-12,0,0,Recent,0,0,1,0.2879273504273504
61,Male,7,10,1,Referral,medium,8,113.44,22.9775,0.25,83.41,15.461666666666668,1.835,11.01,0.1166066511332344,0.15,1,Q2,High,2025-03,2025-12,0,0,Mid-Recent,0,0,1,0.5208333333333333
25,Male,5,10,0,Referral,medium,3,83.31,25.42758620689655,0.0689655172413793,6.47,9.0,2.53,2.53,0.2811111111111111,0.0344827586206896,0,Q1,Low,2024-10,2025-12,0,0,Mid-Recent,0,0,1,0.4807692307692308
20,Male,3,2,0,Referral,low,7,123.58,27.804761904761904,0.0952380952380952,24.380000000000003,16.38,4.395,8.79,0.2649984926138076,0.0476190476190476,0,Q3,Low,2025-08,2025-12,0,0,Recent,0,0,1,0.3141025641025641
38,Male,2,43,1,Organic,medium,9,147.44,26.388,0.14,36.99,13.15,3.9025,15.61,0.296768060836502,0.08,0,Q3,Mid-Low,2025-05,2025-12,1,1,Inactive,0,0,0,0.3482905982905983
67,Female,1,25,0,Organic,medium,9,114.33,24.91590909090909,0.0909090909090909,13.43,11.12,4.404999999999999,8.809999999999999,0.3961330935251798,0.0454545454545454,0,Q2,Low,2025-06,2025-11,1,0,Mid-Inactive,0,0,0,0.3157051282051282
25,Male,5,15,0,Ads,medium,9,98.66,27.32857142857143,0.1904761904761904,75.95,18.738,3.548,17.74,0.1893478492902124,0.119047619047619,1,Q2,High,2024-04,2025-12,0,0,Mid-Inactive,0,0,0,0.3696581196581197
35,Male,2,43,1,Ads,medium,0,45.85,24.446666666666665,0.2,8.92,9.0,0.08,0.08,0.0088888888888888,0.0666666666666666,0,Q1,Mid-Low,2023-09,2025-10,1,1,Inactive,0,0,0,0.2751068376068376
57,Female,8,36,0,Referral,medium,11,143.42,24.422807017543857,0.1578947368421052,48.010000000000005,10.574285714285711,3.715714285714285,26.01,0.3513915158065387,0.1228070175438596,1,Q3,High,2025-05,2025-12,1,1,Inactive,0,0,0,0.33653846153846156
61,Male,3,3,0,Partnership,low,2,55.13,23.630434782608692,0.1739130434782608,23.95,17.12,5.1450000000000005,10.29,0.3005257009345795,0.0869565217391304,0,Q1,Mid-Low,2023-08,2025-12,0,0,Recent,0,0,1,0.42735042735042733
43,Male,3,4,0,Organic,low,1,59.75,22.316666666666663,0.1666666666666666,35.81,13.44,1.5033333333333332,4.51,0.1118551587301587,0.125,1,Q1,High,2025-02,2025-12,0,0,Recent,0,0,1,0.24412393162393162
63,Other,4,41,0,Partnership,medium,3,204.84,24.95,0.1551724137931034,72.19,18.3,3.862000000000001,19.31,0.2110382513661202,0.0862068965517241,0,Q4,Mid-Low,2024-02,2025-12,1,1,Inactive,1,1,0,0.5422008547008548
24,Female,1,28,0,Partnership,low,2,118.29,25.765,0.05,15.62,16.0,0.3800000000000008,0.3800000000000008,0.02375,0.025,0,Q2,Low,2023-03,2025-11,1,0,Inactive,0,0,0,0.375
27,Other,4,38,1,Organic,medium,5,196.32,23.25625,0.171875,79.73,15.828571428571427,4.531428571428571,31.72,0.2846119336025123,0.109375,1,Q4,Mid-High,2023-10,2025-12,1,1,Inactive,1,1,0,0.6025641025641026
68,Female,3,46,0,Partnership,medium,8,157.08,23.901754385964917,0.0701754385964912,26.17,12.6,3.8766666666666665,11.63,0.3076719576719576,0.0526315789473684,0,Q3,Low,2025-10,2025-12,1,1,Inactive,0,0,0,0.36431623931623935
25,Female,3,47,1,Partnership,low,5,131.82,24.656,0.18,62.67,13.68,3.5666666666666664,21.4,0.2545497799452837,0.12,1,Q3,High,2025-04,2025-12,1,1,Inactive,0,0,0,0.5635683760683761
56,Other,2,6,0,Referral,medium,9,149.61,25.58,0.1818181818181818,57.86,12.11,2.7383333333333333,16.43,0.2211603176739803,0.109090909090909,1,Q3,Mid-High,2023-08,2025-12,0,0,Recent,0,0,1,0.33493589743589747
38,Other,10,10,0,Organic,high,5,331.51,24.60897435897436,0.141025641025641,60.71,11.171428571428573,2.6614285714285715,18.63,0.2348122006554071,0.0897435897435897,1,Q4,Mid-High,2023-10,2025-12,0,0,Mid-Recent,1,0,1,0.467948717948718
44,Male,2,9,0,Ads,medium,6,110.33,22.92162162162162,0.1081081081081081,18.6,14.14,4.84,9.68,0.3422913719943423,0.054054054054054,0,Q2,Low,2025-06,2025-12,0,0,Mid-Recent,0,0,1,0.48717948717948717
39,Male,4,46,0,Partnership,high,6,217.62,24.97090909090909,0.1454545454545454,46.46,11.786,2.494,12.47,0.2116069913456643,0.0909090909090909,1,Q4,Mid-High,2024-04,2025-12,1,1,Inactive,1,1,0,0.4599358974358974
29,Other,4,19,0,Partnership,medium,8,137.61,24.3,0.1136363636363636,12.2,7.465,1.3650000000000004,2.730000000000001,0.1828533154722036,0.0454545454545454,0,Q3,Low,2023-10,2025-12,0,0,Mid-Inactive,0,0,0,0.3712606837606838
47,Female,4,4,0,Partnership,medium,5,79.05,22.983870967741936,0.2258064516129032,19.62,7.04,2.215,8.86,0.3110955056179775,0.1290322580645161,1,Q1,High,2024-11,2025-12,0,0,Recent,0,0,1,0.2879273504273504
22,Other,0,30,0,Partnership,low,5,57.22,19.679166666666667,0.125,43.2,16.583333333333332,2.183333333333333,6.549999999999999,0.1316582914572864,0.125,1,Q1,High,2024-04,2025-12,1,1,Inactive,0,0,0,0.27190170940170943
23,Male,1,120,1,Referral,high,1,65.93,25.1625,0.0,0.0,0.0,0.0,0.0,0.0,0.0,0,Q1,Low,2024-03,2025-10,1,1,Inactive,0,0,0,0.18215811965811968
46,Other,1,11,0,Partnership,medium,2,138.98,24.2,0.15,43.85,12.7775,1.99,7.959999999999999,0.1536382937656822,0.1,1,Q3,Mid-High,2023-10,2025-11,0,0,Mid-Recent,0,0,1,0.23611111111111108
61,Female,6,40,0,Organic,medium,7,143.21,26.856818181818184,0.1363636363636363,50.78,11.206,1.418,7.09,0.1225159841022982,0.1136363636363636,1,Q3,Mid-High,2024-10,2025-12,1,1,Inactive,0,0,0,0.4476495726495726
23,Other,3,2,0,Partnership,medium,5,140.86,22.70217391304348,0.217391304347826,93.08,20.654,2.512,12.56,0.1188943581976524,0.108695652173913,1,Q3,Mid-High,2025-04,2025-12,0,0,Recent,0,0,1,0.6159188034188033
41,Other,3,21,0,Referral,high,10,209.37,25.46842105263158,0.087719298245614,36.3,18.41333333333333,6.313333333333333,18.94,0.3428674873280231,0.0526315789473684,0,Q4,Low,2024-01,2025-11,1,0,Mid-Inactive,1,1,0,0.3851495726495726
19,Male,3,12,0,Partnership,medium,6,166.52,26.373684210526317,0.1052631578947368,41.89,17.76,3.7966666666666655,11.39,0.2137762762762762,0.0526315789473684,0,Q4,Low,2023-03,2025-12,0,0,Mid-Recent,1,0,1,0.5032051282051282
43,Female,4,44,0,Ads,low,4,84.62,21.69375,0.1875,7.04,5.745,2.225,4.45,0.3872932985204526,0.0625,0,Q1,Mid-Low,2024-10,2025-12,1,1,Inactive,0,0,0,0.45192307692307687
30,Other,3,95,0,Organic,medium,5,167.8,25.806,0.14,38.03,15.76,3.083333333333333,9.25,0.1956429780033841,0.06,0,Q4,Mid-Low,2025-10,2025-12,1,1,Inactive,1,1,0,0.30662393162393164
60,Male,4,106,0,Referral,medium,5,126.8,27.41219512195122,0.1463414634146341,21.4,7.453333333333333,0.3933333333333333,1.1800000000000002,0.0522586359610274,0.073170731707317,0,Q3,Mid-Low,2025-07,2025-12,1,1,Inactive,0,0,0,0.37232905982905984
27,Other,0,11,0,Partnership,high,8,160.94,28.207894736842107,0.0263157894736842,0.0,0.0,0.0,0.0,0.0,0.0,0,Q3,Low,2023-03,2025-11,0,0,Mid-Recent,0,0,1,0.49839743589743585
59,Female,3,38,0,Partnership,medium,8,194.81,27.57692307692308,0.1076923076923077,71.91,15.25,3.265,19.59,0.2140983606557377,0.0923076923076923,1,Q4,Mid-High,2023-06,2025-11,1,1,Inactive,1,1,0,0.579059829059829
45,Other,0,4,0,Partnership,medium,1,81.56,25.48,0.08,0.0,0.0,0.0,0.0,0.0,0.0,0,Q1,Low,2023-03,2025-10,0,0,Recent,0,0,1,0.3317307692307692
45,Other,2,10,1,Partnership,medium,4,121.57,24.919444444444444,0.1388888888888889,44.96,14.14,2.9575,11.83,0.2083113224159183,0.1111111111111111,1,Q3,Mid-High,2025-10,2025-12,0,0,Mid-Recent,0,0,1,0.24679487179487178
35,Female,0,67,0,Referral,medium,0,38.52,35.300000000000004,0.0833333333333333,18.06,19.0,0.9400000000000012,0.9400000000000012,0.0494736842105263,0.0833333333333333,0,Q1,Mid-Low,2024-09,2025-12,1,1,Inactive,0,0,0,0.1997863247863248
63,Female,1,8,0,Partnership,low,4,109.53,22.21351351351351,0.1351351351351351,21.19,8.073333333333332,1.01,3.03,0.125103220478943,0.081081081081081,0,Q2,Mid-Low,2023-10,2025-10,0,0,Mid-Recent,0,0,1,0.5010683760683761
66,Female,0,1,0,Referral,medium,11,96.52,25.994444444444444,0.1666666666666666,46.37,14.104,4.83,24.15,0.3424560408394782,0.1388888888888889,1,Q2,High,2023-08,2025-12,0,0,Recent,0,0,1,0.4967948717948718
58,Other,3,17,1,Organic,low,2,74.77,23.48888888888889,0.074074074074074,16.53,25.0,8.469999999999999,8.469999999999999,0.3387999999999999,0.037037037037037,0,Q1,Low,2023-07,2025-10,0,0,Mid-Inactive,0,0,0,0.3333333333333333
67,Male,1,42,0,Partnership,medium,7,111.36,25.32631578947368,0.131578947368421,41.78,13.82,3.375,13.5,0.2442112879884225,0.1052631578947368,1,Q2,Mid-High,2025-05,2025-11,1,1,Inactive,0,0,0,0.547008547008547
44,Female,5,60,1,Organic,medium,6,95.7,26.288888888888888,0.0555555555555555,27.18,18.0,4.41,8.82,0.245,0.0555555555555555,0,Q2,Low,2023-09,2025-11,1,1,Inactive,0,0,0,0.42040598290598286
65,Female,1,7,0,Referral,medium,6,91.67,25.425806451612903,0.064516129032258,30.35,18.0,2.8249999999999997,5.649999999999999,0.1569444444444444,0.064516129032258,0,Q2,Mid-Low,2024-12,2025-12,0,0,Recent,0,0,1,0.40598290598290593
54,Male,4,3,0,Referral,medium,4,162.75,23.226530612244897,0.1224489795918367,36.58,11.4375,2.2925000000000004,9.170000000000002,0.2004371584699454,0.0816326530612244,0,Q3,Mid-Low,2024-07,2025-11,0,0,Recent,0,0,1,0.2745726495726496
26,Other,7,29,0,Organic,high,8,203.93,23.843636363636364,0.2,64.42999999999999,13.083333333333334,2.455,14.73,0.1860788276907529,0.109090909090909,1,Q4,Mid-High,2025-05,2025-12,1,0,Inactive,1,1,0,0.4946581196581196
35,Female,1,2,0,Referral,medium,3,39.88,19.33076923076923,0.0,0.0,0.0,0.0,0.0,0.0,0.0,0,Q1,Low,2023-11,2025-10,0,0,Recent,0,0,1,0.10683760683760685
55,Other,1,10,0,Partnership,medium,4,142.03,26.65853658536585,0.1707317073170731,26.75,13.24,4.323333333333333,12.97,0.3265357502517623,0.073170731707317,0,Q3,Mid-Low,2024-03,2025-11,0,0,Mid-Recent,0,0,1,0.5737179487179487
68,Other,5,2,0,Partnership,medium,7,99.88,24.755000000000003,0.25,69.35,13.4,2.118333333333333,12.71,0.154886668291494,0.15,1,Q2,High,2025-10,2025-12,0,0,Recent,0,0,1,0.22916666666666666
39,Male,4,4,0,Ads,high,4,183.55,21.66744186046512,0.1860465116279069,53.52,14.95,4.246,21.23,0.2840133779264214,0.1162790697674418,1,Q4,Mid-High,2023-01,2025-11,0,0,Recent,1,0,1,0.6030982905982906
33,Other,7,48,1,Ads,low,5,138.63,21.688235294117646,0.0980392156862745,25.09,14.426666666666668,6.063333333333333,18.19,0.4202865064695009,0.0588235294117647,0,Q3,Mid-Low,2023-05,2025-10,1,1,Inactive,0,0,0,0.3733974358974359
21,Other,2,22,0,Referral,medium,0,128.06,27.65897435897436,0.1025641025641025,9.12,9.92,0.8000000000000007,0.8000000000000007,0.0806451612903226,0.0256410256410256,0,Q3,Low,2023-06,2025-11,1,0,Mid-Inactive,0,0,0,0.5026709401709402
43,Female,2,37,0,Partnership,low,4,78.86,22.80322580645161,0.1290322580645161,36.72,14.756666666666666,2.6166666666666667,7.85,0.1761274399820507,0.0967741935483871,1,Q1,Mid-High,2024-08,2025-12,1,1,Inactive,0,0,0,0.2115384615384615
48,Female,1,22,0,Partnership,low,1,86.31,23.04,0.1666666666666666,58.5,12.692,1.4560000000000002,7.280000000000001,0.1106719367588933,0.1666666666666666,1,Q1,High,2023-12,2025-10,1,0,Mid-Inactive,0,0,0,0.47115384615384615
42,Other,1,38,0,Referral,low,3,77.52,24.517241379310345,0.2413793103448276,8.08,12.28,4.199999999999999,4.199999999999999,0.3420195439739413,0.0344827586206896,0,Q1,Low,2024-12,2025-12,1,1,Inactive,0,0,0,0.4738247863247863
45,Other,0,47,0,Organic,medium,8,94.78,26.254285714285714,0.1714285714285714,45.8,15.51,0.5566666666666672,1.6700000000000017,0.0351801137560564,0.0857142857142857,0,Q2,Mid-Low,2024-04,2025-12,1,1,Inactive,0,0,0,0.485576923076923
34,Other,0,25,0,Partnership,high,8,229.09,25.804761904761907,0.1269841269841269,42.83,22.0,7.723333333333334,23.17,0.3510606060606061,0.0476190476190476,0,Q4,Low,2024-08,2025-12,1,0,Mid-Inactive,1,1,0,0.327457264957265
67,Male,1,1,0,Ads,medium,3,56.5,25.178947368421053,0.1578947368421052,0.0,0.0,0.0,0.0,0.0,0.0,0,Q1,Low,2023-04,2025-11,0,0,Recent,0,0,1,0.34775641025641024
61,Male,0,53,0,Referral,high,12,244.2,24.2796875,0.140625,36.03,10.28,1.4624999999999997,5.849999999999999,0.1396848137535816,0.0625,0,Q4,Mid-Low,2025-09,2025-12,1,1,Inactive,1,1,0,0.5470085470085471
24,Other,5,3,0,Organic,medium,3,88.5,27.35172413793104,0.1724137931034483,10.71,5.98,2.41,7.23,0.403010033444816,0.1034482758620689,1,Q1,Mid-High,2024-03,2025-10,0,0,Recent,0,0,1,0.5154914529914529
34,Male,4,17,0,Referral,medium,3,91.82,27.3375,0.125,25.51,12.356666666666667,3.8533333333333335,11.56,0.3118424602104127,0.09375,1,Q2,Mid-High,2024-03,2025-12,0,0,Mid-Inactive,0,0,0,0.4033119658119658
60,Male,0,54,0,Referral,medium,5,44.58,22.55263157894737,0.2105263157894736,33.7,16.25,5.016666666666667,15.05,0.3087179487179487,0.1578947368421052,1,Q1,High,2024-03,2025-12,1,1,Inactive,0,0,0,0.18108974358974358
42,Other,5,9,0,Referral,medium,2,163.91,25.81020408163265,0.2244897959183673,124.57,14.907999999999998,2.683,26.83,0.1772126816380449,0.2040816326530612,1,Q3,High,2025-06,2025-12,0,0,Mid-Recent,0,0,1,0.3023504273504274
47,Other,0,6,0,Partnership,medium,7,153.84,26.026415094339622,0.1132075471698113,33.24,12.916666666666666,1.9766666666666663,5.93,0.1513913709471534,0.0566037735849056,0,Q3,Low,2023-04,2025-12,0,0,Recent,0,0,1,0.375
34,Male,6,55,0,Organic,medium,7,129.43,22.0,0.1333333333333333,22.42,12.15,4.676666666666666,14.029999999999998,0.3849108367626885,0.0666666666666666,0,Q3,Mid-Low,2023-01,2025-11,1,1,Inactive,0,0,0,0.3408119658119658
39,Male,2,9,0,Organic,low,0,101.68,26.686486486486487,0.1081081081081081,30.08,11.17,1.17,3.51,0.1044953855314081,0.081081081081081,0,Q2,Mid-Low,2023-03,2025-12,0,0,Mid-Recent,0,0,1,0.4941239316239316
49,Male,8,36,0,Ads,high,6,243.36,26.35555555555556,0.1904761904761904,49.14,13.407999999999998,3.58,17.9,0.2670047732696897,0.0793650793650793,0,Q4,Mid-Low,2024-07,2025-11,1,1,Inactive,1,1,0,0.702457264957265
52,Female,4,62,1,Referral,medium,3,143.65,25.095121951219515,0.0975609756097561,49.620000000000005,19.0,2.4599999999999995,7.379999999999999,0.1294736842105263,0.073170731707317,0,Q3,Mid-Low,2023-01,2025-09,1,1,Inactive,0,0,0,0.6014957264957266
24,Male,8,41,0,Referral,medium,8,158.07,24.546296296296298,0.1481481481481481,57.28,14.19,0.2174999999999998,0.8699999999999992,0.0149613069647463,0.074074074074074,0,Q3,Mid-Low,2023-09,2025-12,1,1,Inactive,0,0,0,0.6014957264957265
49,Male,6,30,0,Referral,high,8,339.96,23.478048780487807,0.1707317073170731,72.98,13.72,4.75625,38.05,0.3427001711249212,0.0975609756097561,1,Q4,Mid-High,2023-11,2025-12,1,1,Inactive,1,1,0,0.5614316239316239
62,Female,0,30,0,Referral,medium,2,116.08,23.45757575757576,0.1818181818181818,40.14,10.084,2.056,10.28,0.2038873462911543,0.1515151515151515,1,Q2,High,2024-08,2025-12,1,1,Inactive,0,0,0,0.3450854700854701
43,Other,3,5,0,Ads,low,8,122.23,25.255102040816325,0.1020408163265306,60.51,18.32,3.95,15.8,0.2070501900144148,0.0816326530612244,0,Q3,Mid-Low,2023-10,2025-11,0,0,Recent,0,0,1,0.35790598290598297
25,Other,4,12,1,Organic,low,5,74.57,24.807142857142857,0.1785714285714285,26.32,14.5,1.3550000000000004,2.710000000000001,0.0933517051326214,0.0714285714285714,0,Q1,Mid-Low,2023-07,2025-12,0,0,Mid-Recent,0,0,1,0.3167735042735043
58,Other,3,13,0,Organic,high,8,338.14,24.312941176470588,0.1294117647058823,87.8,14.39,2.085714285714286,14.6,0.142578125,0.0823529411764705,0,Q4,Mid-Low,2023-08,2025-11,0,0,Mid-Recent,1,0,1,0.7409188034188035
66,Female,0,0,0,Ads,low,4,100.19,26.422500000000003,0.25,86.74,13.788571428571428,1.5442857142857145,10.81,0.1108149666837519,0.175,1,Q2,High,2025-10,2025-12,0,0,Recent,0,0,1,0.20833333333333331
37,Other,4,3,0,Referral,medium,2,213.13,24.425,0.1833333333333333,65.19,11.33375,3.3062500000000004,26.450000000000003,0.2886294194674815,0.1333333333333333,1,Q4,High,2024-06,2025-12,0,0,Recent,1,0,1,0.40491452991453
58,Female,7,32,0,Ads,high,6,247.55,25.993548387096773,0.1935483870967742,71.06,12.546666666666669,0.9333333333333332,5.599999999999999,0.0730498304200365,0.0967741935483871,1,Q4,Mid-High,2023-12,2025-12,1,1,Inactive,1,1,0,0.5731837606837606
64,Other,0,50,0,Partnership,high,12,288.85,24.77733333333333,0.1733333333333333,100.32,13.123333333333331,2.1688888888888886,19.52,0.1628838451268357,0.12,1,Q4,High,2023-10,2025-12,1,1,Inactive,1,1,0,0.3856837606837607
59,Female,3,20,0,Partnership,medium,2,51.09,28.557894736842105,0.1578947368421052,27.32,11.686666666666667,2.6633333333333327,7.989999999999998,0.2262815066553383,0.1578947368421052,1,Q1,High,2024-08,2025-12,1,0,Mid-Inactive,0,0,0,0.43803418803418803
21,Female,5,2,1,Partnership,medium,8,86.57,26.22222222222222,0.1666666666666666,28.36,11.773333333333332,2.32,6.959999999999999,0.1970554926387315,0.0833333333333333,0,Q1,Mid-Low,2024-04,2025-12,0,0,Recent,0,0,1,0.47596153846153844
47,Other,1,12,0,Ads,medium,5,120.77,24.29285714285714,0.1428571428571428,30.91,11.11,3.4375,13.75,0.3078817733990148,0.0952380952380952,1,Q2,Mid-High,2024-10,2025-12,0,0,Mid-Recent,0,0,1,0.48771367521367526
49,Other,2,5,0,Partnership,medium,10,253.77,24.257142857142856,0.1168831168831168,24.39,11.973333333333334,3.8433333333333337,11.53,0.3209910913140312,0.0389610389610389,0,Q4,Low,2025-08,2025-12,0,0,Recent,1,0,1,0.5400641025641026
18,Male,4,42,0,Organic,medium,7,176.85,27.48363636363636,0.2,96.23,18.926666666666662,3.1533333333333338,18.92,0.1643074250976987,0.109090909090909,1,Q4,Mid-High,2024-10,2025-10,1,1,Inactive,1,1,0,0.5432692307692308
28,Other,1,1,0,Referral,medium,2,100.81,24.49090909090909,0.1818181818181818,72.25,16.86,2.8660000000000005,14.330000000000002,0.1655116655116655,0.1515151515151515,1,Q2,High,2023-04,2025-11,0,0,Recent,0,0,1,0.22008547008547008
57,Male,2,16,0,Ads,medium,8,98.52,22.9575,0.15,54.92,14.0,3.2,16.0,0.2256063169768753,0.125,1,Q2,High,2024-06,2025-12,0,0,Mid-Inactive,0,0,0,0.5694444444444444
38,Male,3,77,1,Organic,low,5,88.94,25.75454545454545,0.1818181818181818,9.84,12.0,2.16,2.16,0.18,0.0303030303030303,0,Q1,Low,2023-03,2025-12,1,1,Inactive,0,0,0,0.20619658119658119
29,Female,3,19,0,Referral,medium,3,64.15,29.563636363636363,0.1818181818181818,14.99,19.0,4.01,4.01,0.2110526315789473,0.0454545454545454,0,Q1,Low,2024-10,2025-12,0,0,Mid-Inactive,0,0,0,0.3952991452991453
28,Other,4,16,0,Ads,low,8,143.1,23.40754716981132,0.1509433962264151,85.17,24.0,3.1025,12.41,0.127177700348432,0.0754716981132075,0,Q3,Mid-Low,2023-10,2025-12,0,0,Mid-Inactive,0,0,0,0.625
20,Male,1,35,0,Partnership,medium,11,124.99,25.16122448979592,0.1224489795918367,32.6,11.3275,3.1775,12.71,0.2805120282498344,0.0816326530612244,0,Q3,Mid-Low,2023-09,2025-12,1,1,Inactive,0,0,0,0.3301282051282052
23,Male,4,7,0,Ads,low,5,165.6,25.083050847457628,0.0847457627118644,5.1,4.76,0.0,0.0,0.0,0.0169491525423728,0,Q3,Low,2023-01,2025-11,0,0,Recent,0,0,1,0.48397435897435903
36,Female,4,56,0,Ads,medium,6,62.26,21.9,0.08,23.020000000000003,15.375,4.02,8.04,0.2588538312942691,0.08,0,Q1,Mid-Low,2024-03,2025-12,1,1,Inactive,0,0,0,0.359508547008547
51,Female,2,0,0,Ads,medium,0,49.4,22.76,0.0666666666666666,22.08,22.0,0.0,0.0,0.0,0.0666666666666666,0,Q1,Mid-Low,2024-08,2025-09,0,0,Recent,0,0,1,0.30982905982905984
56,Male,4,1,0,Referral,high,11,194.95,26.275510204081638,0.2653061224489796,68.75,14.206666666666669,2.876666666666667,17.26,0.2006743401930008,0.1224489795918367,1,Q4,High,2023-03,2025-12,0,0,Recent,1,0,1,0.48290598290598286
18,Other,1,12,0,Ads,low,4,55.9,19.727272727272727,0.1363636363636363,8.88,12.28,3.3999999999999986,3.3999999999999986,0.276872964169381,0.0454545454545454,0,Q1,Low,2025-08,2025-12,0,0,Mid-Recent,0,0,1,0.21474358974358976
57,Female,9,6,0,Partnership,high,8,236.53,24.859375,0.15625,50.29,16.560000000000002,3.9875,15.95,0.2407910628019324,0.0625,0,Q4,Mid-Low,2023-03,2025-11,0,0,Recent,1,0,1,0.6164529914529915
30,Male,0,1,0,Partnership,high,5,159.77,22.50263157894737,0.0526315789473684,19.21,22.0,2.789999999999999,2.789999999999999,0.1268181818181817,0.0263157894736842,0,Q3,Low,2024-04,2025-12,0,0,Recent,0,0,1,0.41506410256410253
60,Male,0,12,0,Organic,medium,0,167.83,22.628571428571423,0.1836734693877551,54.13,15.442000000000002,4.6160000000000005,23.08,0.2989250097137677,0.1020408163265306,1,Q4,Mid-High,2025-08,2025-12,0,0,Mid-Recent,1,0,1,0.5384615384615384
34,Female,2,18,0,Referral,low,4,82.96,24.58125,0.1875,41.48,14.02,3.65,14.6,0.2603423680456491,0.125,1,Q1,High,2024-10,2025-12,0,0,Mid-Inactive,0,0,0,0.2713675213675214
52,Male,2,2,0,Referral,high,8,214.67,24.150943396226417,0.1886792452830188,44.02,11.602,2.798,13.989999999999998,0.2411653163247716,0.0943396226415094,1,Q4,Mid-High,2023-06,2025-11,0,0,Recent,1,0,1,0.4722222222222222
22,Male,3,21,0,Organic,high,12,335.84,25.206172839506173,0.1975308641975308,136.38,14.181666666666668,2.820833333333333,33.849999999999994,0.1988486165775715,0.1481481481481481,1,Q4,High,2023-09,2025-12,1,0,Mid-Inactive,1,1,0,0.43910256410256415
32,Male,7,7,1,Ads,medium,10,148.75,25.25,0.0961538461538461,57.22,15.865,1.8175000000000008,7.270000000000003,0.1127306559156458,0.0769230769230769,0,Q3,Mid-Low,2024-10,2025-12,0,0,Recent,0,0,1,0.46794871794871795
30,Female,5,20,0,Referral,low,5,110.26,23.47027027027027,0.054054054054054,20.49,14.38,4.135,8.27,0.2875521557719054,0.054054054054054,0,Q2,Low,2025-06,2025-12,1,0,Mid-Inactive,0,0,0,0.5288461538461539
21,Female,1,42,0,Ads,low,5,68.88,21.563333333333333,0.1,0.0,0.0,0.0,0.0,0.0,0.0,0,Q1,Low,2024-07,2025-11,1,1,Inactive,0,0,0,0.47115384615384615
41,Male,3,1,1,Ads,low,6,89.03,25.469444444444445,0.1666666666666666,65.77,17.352,4.4,22.0,0.2506551213398655,0.1388888888888889,1,Q1,High,2023-04,2025-11,0,0,Recent,0,0,1,0.38568376068376065
39,Male,4,2,0,Referral,medium,3,160.54,22.376923076923077,0.0961538461538461,43.34,12.9425,2.1075,8.43,0.1628356190844118,0.0769230769230769,0,Q3,Mid-Low,2024-02,2025-12,0,0,Recent,0,0,1,0.3846153846153846
47,Female,7,50,0,Ads,high,10,278.65,24.54142857142857,0.2,72.68,11.13,2.0449999999999995,16.359999999999996,0.1837376460017968,0.1142857142857142,1,Q4,Mid-High,2024-01,2025-12,1,1,Inactive,1,1,0,0.4129273504273505
56,Male,2,4,0,Ads,medium,9,96.52,23.912820512820517,0.1025641025641025,43.06,25.0,3.5649999999999995,7.129999999999999,0.1420601713488742,0.0512820512820512,0,Q2,Low,2024-07,2025-12,0,0,Recent,0,0,1,0.5512820512820512
49,Male,0,31,0,Partnership,medium,3,60.44,26.87142857142857,0.0952380952380952,13.53,20.0,6.470000000000001,6.470000000000001,0.3235,0.0476190476190476,0,Q1,Low,2024-08,2025-12,1,1,Inactive,0,0,0,0.2451923076923077
65,Male,4,0,0,Organic,low,10,133.06,25.204,0.14,65.78,11.94,1.298333333333333,7.789999999999997,0.1058855511757509,0.12,1,Q3,High,2025-06,2025-12,0,0,Recent,0,0,1,0.3899572649572649
55,Male,1,32,0,Partnership,medium,0,153.72,25.62439024390244,0.024390243902439,9.52,19.0,9.48,9.48,0.4989473684210526,0.024390243902439,0,Q3,Low,2025-10,2025-12,1,1,Inactive,0,0,0,0.28899572649572647
64,Other,0,0,0,Partnership,low,3,95.87,26.52647058823529,0.2352941176470588,6.57,12.0,5.43,5.43,0.4524999999999999,0.0294117647058823,0,Q2,Low,2024-01,2025-10,0,0,Recent,0,0,1,0.48130341880341876
46,Female,4,38,1,Referral,high,8,291.42,23.53043478260869,0.1594202898550724,97.13,18.45833333333333,2.7100000000000004,16.26,0.1433988887908986,0.0869565217391304,0,Q4,Mid-Low,2023-02,2025-10,1,1,Inactive,1,1,0,0.36004273504273504
31,Male,4,62,0,Organic,low,3,109.48,23.48157894736842,0.1052631578947368,29.24,11.333333333333334,1.586666666666667,4.76,0.1399999999999999,0.0789473684210526,0,Q2,Mid-Low,2024-10,2025-11,1,1,Inactive,0,0,0,0.5400641025641025
19,Female,2,26,1,Ads,high,12,193.53,27.27169811320755,0.1320754716981132,42.75,26.0,5.41,10.82,0.2019787194325182,0.0377358490566037,0,Q4,Low,2023-04,2025-12,1,0,Mid-Inactive,1,1,0,0.36111111111111116
19,Female,1,35,0,Ads,medium,4,89.4,24.974285714285717,0.0857142857142857,20.64,12.14,1.8200000000000005,3.640000000000001,0.1499176276771005,0.0571428571428571,0,Q1,Low,2023-08,2025-12,1,1,Inactive,0,0,0,0.3189102564102564
58,Female,1,89,1,Referral,medium,5,62.05,22.9,0.0,0.0,0.0,0.0,0.0,0.0,0.0,0,Q1,Low,2024-06,2025-11,1,1,Inactive,0,0,0,0.531517094017094
51,Male,5,10,0,Partnership,medium,6,96.31,21.6875,0.125,10.16,7.605,2.5250000000000004,5.050000000000001,0.3320184089414859,0.0625,0,Q2,Mid-Low,2025-04,2025-12,0,0,Mid-Recent,0,0,1,0.35470085470085466
52,Other,5,5,0,Referral,medium,5,86.77,21.083870967741937,0.2580645161290322,48.81,11.018,1.334,6.67,0.1202235039653929,0.1612903225806451,1,Q1,High,2025-04,2025-12,0,0,Recent,0,0,1,0.4754273504273504
50,Other,3,20,0,Referral,high,4,241.33,23.35862068965517,0.1206896551724138,36.99,13.3125,4.065,16.259999999999998,0.3053521126760563,0.0689655172413793,0,Q4,Mid-Low,2023-01,2025-12,1,0,Mid-Inactive,1,1,0,0.5422008547008548
47,Other,1,9,0,Organic,medium,5,112.54,23.010526315789477,0.1842105263157894,69.31,17.374000000000002,3.5120000000000005,17.560000000000002,0.2021411304247726,0.131578947368421,1,Q2,High,2023-06,2025-10,0,0,Mid-Recent,0,0,1,0.47756410256410253
63,Male,1,47,0,Ads,medium,3,41.49,28.3,0.0714285714285714,0.0,0.0,0.0,0.0,0.0,0.0,0,Q1,Low,2023-05,2025-11,1,1,Inactive,0,0,0,0.2013888888888889
25,Other,3,11,0,Ads,medium,5,60.22,25.59583333333333,0.125,11.48,13.97,2.49,2.49,0.1782390837508947,0.0416666666666666,0,Q1,Low,2025-06,2025-12,0,0,Mid-Recent,0,0,1,0.1607905982905983
35,Other,8,23,0,Organic,medium,6,201.47,25.4,0.109375,42.48,11.053999999999998,2.568,12.84,0.2321041214750542,0.078125,0,Q4,Mid-Low,2024-01,2025-12,1,0,Mid-Inactive,1,1,0,0.6164529914529915
40,Female,3,52,0,Referral,medium,2,117.78,23.665853658536584,0.1463414634146341,49.53,13.468,3.561999999999999,17.809999999999995,0.2644787644787644,0.1219512195121951,1,Q2,High,2025-06,2025-12,1,1,Inactive,0,0,0,0.30288461538461536
61,Other,5,43,0,Partnership,medium,7,87.7,24.438888888888886,0.1666666666666666,76.95,20.738,5.441999999999999,27.21,0.2612327188940092,0.1388888888888889,1,Q1,High,2023-06,2025-09,1,1,Inactive,0,0,0,0.23985042735042733
30,Female,7,1,0,Referral,high,5,240.72,28.140983606557377,0.1475409836065573,66.49,14.633333333333333,3.721666666666666,22.33,0.251407340689034,0.0983606557377049,1,Q4,Mid-High,2025-04,2025-12,0,0,Recent,1,0,1,0.46474358974358976
22,Male,0,17,1,Organic,medium,5,117.22,23.375,0.1,16.44,12.015,3.795,7.589999999999999,0.3158551810237203,0.05,0,Q2,Low,2024-09,2025-12,0,0,Mid-Inactive,0,0,0,0.38888888888888884
49,Male,4,1,0,Referral,medium,4,185.91,25.835185185185185,0.1481481481481481,63.09,17.33,1.7425000000000002,6.970000000000001,0.0994861547245218,0.074074074074074,0,Q4,Mid-Low,2023-07,2025-12,0,0,Recent,1,0,1,0.37927350427350426
26,Female,1,13,0,Partnership,medium,7,70.73,26.064285714285717,0.2142857142857142,22.01,9.07,1.7333333333333332,5.199999999999999,0.1911062109518559,0.1071428571428571,1,Q1,Mid-High,2024-06,2025-12,0,0,Mid-Recent,0,0,1,0.4278846153846154
36,Male,2,33,0,Referral,high,10,180.04,23.722,0.1,34.08,9.412,2.6099999999999994,13.049999999999995,0.2768936982813494,0.1,1,Q4,Mid-High,2023-09,2025-10,1,1,Inactive,1,1,0,0.6121794871794872
44,Other,1,8,0,Organic,medium,4,109.94,25.039473684210527,0.131578947368421,29.340000000000003,15.64,1.0549999999999995,2.1099999999999994,0.0670906200317964,0.0526315789473684,0,Q2,Low,2024-10,2025-12,0,0,Mid-Recent,0,0,1,0.33867521367521364
53,Female,1,48,0,Organic,medium,10,75.07000000000001,24.078125,0.15625,54.08,17.333333333333332,0.0,0.0,0.0,0.09375,1,Q1,Mid-High,2023-04,2025-12,1,1,Inactive,0,0,0,0.4866452991452991
68,Female,7,1,0,Partnership,medium,1,172.1,26.27058823529412,0.0980392156862745,31.98,16.09,0.1500000000000001,0.3000000000000002,0.0092936802973977,0.0392156862745098,0,Q4,Low,2024-04,2025-12,0,0,Recent,1,0,1,0.3247863247863248
27,Female,0,0,0,Partnership,high,6,184.81,22.078048780487805,0.0975609756097561,24.83,16.5,4.085,8.17,0.2475757575757575,0.048780487804878,0,Q4,Low,2025-07,2025-12,0,0,Recent,1,0,1,0.5251068376068375
63,Other,2,20,0,Ads,medium,4,118.51,26.03684210526316,0.1052631578947368,27.15,13.433333333333332,4.383333333333333,13.15,0.3263027295285359,0.0789473684210526,0,Q2,Mid-Low,2023-11,2025-12,1,0,Mid-Inactive,0,0,0,0.5261752136752136
28,Male,3,16,0,Referral,medium,4,173.62,25.60384615384616,0.0769230769230769,12.8,12.28,0.0,0.0,0.0,0.0192307692307692,0,Q4,Low,2025-05,2025-12,0,0,Mid-Inactive,1,0,0,0.5721153846153846
46,Female,6,49,0,Ads,medium,6,152.67,28.324,0.12,55.91,15.4375,1.92,7.68,0.1207737065576348,0.08,0,Q3,Mid-Low,2024-02,2025-11,1,1,Inactive,0,0,0,0.5844017094017094
60,Female,0,70,0,Ads,high,0,14.59,24.26,0.4,22.08,12.38,1.4250000000000007,2.8500000000000014,0.1143200962695548,0.4,1,Q1,High,2023-10,2025-07,1,1,Inactive,0,0,0,0.2254273504273504
28,Other,2,7,1,Referral,medium,12,93.65,25.721052631578942,0.131578947368421,28.98,13.676666666666668,4.016666666666667,12.05,0.2936875456982695,0.0789473684210526,0,Q2,Mid-Low,2024-09,2025-11,0,0,Recent,0,0,1,0.49839743589743585
67,Male,0,3,0,Organic,low,5,93.55,24.11794871794872,0.0769230769230769,27.76,9.253333333333332,0.1033333333333335,0.3100000000000005,0.0110438190238689,0.0769230769230769,0,Q2,Mid-Low,2024-01,2025-12,0,0,Recent,0,0,1,0.5998931623931624
50,Female,1,8,0,Partnership,medium,2,80.03,22.55,0.1153846153846153,15.5,21.0,5.5,5.5,0.2619047619047619,0.0384615384615384,0,Q1,Low,2023-06,2025-10,0,0,Mid-Recent,0,0,1,0.37767094017094016
54,Other,7,0,1,Organic,medium,3,195.7,25.344827586206897,0.1724137931034483,108.58,15.03625,1.56875,12.55,0.1036076942128292,0.1379310344827586,1,Q4,High,2023-12,2025-11,0,0,Recent,1,0,1,0.7019230769230769
20,Male,0,3,0,Organic,low,1,47.68,27.3,0.25,14.82,14.0,0.0,0.0,0.0,0.0625,0,Q1,Mid-Low,2024-01,2025-11,0,0,Recent,0,0,1,0.3696581196581196
32,Female,7,118,0,Referral,medium,7,141.46,23.147058823529413,0.0980392156862745,53.1,15.365,2.2775000000000003,9.11,0.146439479183411,0.0784313725490196,0,Q3,Mid-Low,2025-03,2025-12,1,1,Inactive,0,0,0,0.5122863247863247
59,Male,2,11,1,Organic,medium,4,79.24,27.225,0.1428571428571428,36.76,15.99,3.736666666666667,11.21,0.2336877214925995,0.1071428571428571,1,Q1,Mid-High,2025-05,2025-12,0,0,Mid-Recent,0,0,1,0.2681623931623932
52,Female,5,5,0,Partnership,high,11,220.24,25.062962962962963,0.1481481481481481,52.08,8.477500000000001,2.04125,16.33,0.2387077912585879,0.1481481481481481,1,Q4,High,2024-09,2025-11,0,0,Recent,1,0,1,0.3653846153846154
56,Other,5,101,0,Organic,medium,5,169.29,23.978571428571428,0.1428571428571428,34.0,15.666666666666666,4.333333333333333,13.0,0.2765957446808511,0.0535714285714285,0,Q4,Low,2024-02,2025-12,1,1,Inactive,1,1,0,0.5544871794871795
41,Female,1,9,0,Referral,low,7,74.74,28.532258064516128,0.1612903225806451,39.0,11.8775,2.1274999999999995,8.509999999999998,0.1791201852241633,0.1290322580645161,1,Q1,High,2024-07,2025-10,0,0,Mid-Recent,0,0,1,0.4823717948717948
37,Female,4,34,0,Ads,medium,5,149.34,23.125,0.0833333333333333,30.480000000000004,9.69,2.275,9.1,0.2299140980293076,0.0833333333333333,0,Q3,Mid-Low,2023-09,2025-12,1,1,Inactive,0,0,0,0.3605769230769231
46,Female,1,15,0,Partnership,low,2,92.77,24.91935483870968,0.1290322580645161,16.91,15.64,7.184999999999999,14.369999999999996,0.4593989769820971,0.064516129032258,0,Q2,Mid-Low,2025-10,2025-12,0,0,Mid-Inactive,0,0,0,0.280982905982906
56,Male,5,15,1,Ads,medium,8,98.6,23.26923076923077,0.3076923076923077,91.06,14.773333333333332,4.655555555555555,41.9,0.3151323706377857,0.2307692307692307,1,Q2,High,2023-04,2025-10,0,0,Mid-Inactive,0,0,0,0.329059829059829
39,Male,1,18,0,Referral,medium,7,120.71,24.246511627906976,0.1860465116279069,59.870000000000005,16.39,1.4224999999999994,5.689999999999998,0.0867907260524709,0.0930232558139534,1,Q2,Mid-High,2024-10,2025-12,0,0,Mid-Inactive,0,0,0,0.34615384615384615
44,Male,6,10,0,Ads,medium,3,133.05,23.813636363636363,0.0909090909090909,29.67,10.69,3.43,13.72,0.3162018898363678,0.0909090909090909,1,Q3,Mid-High,2023-11,2025-10,0,0,Mid-Recent,0,0,1,0.4893162393162393
36,Other,1,74,0,Referral,low,4,136.74,25.10204081632653,0.1836734693877551,93.51,13.31625,1.87125,14.97,0.1379977876106194,0.1632653061224489,1,Q3,High,2023-09,2025-11,1,1,Inactive,0,0,0,0.594017094017094
49,Other,2,49,0,Ads,medium,4,128.43,23.931578947368426,0.1578947368421052,34.51,11.8125,3.2025,12.81,0.2707100591715976,0.1052631578947368,1,Q3,Mid-High,2024-09,2025-11,1,1,Inactive,0,0,0,0.30395299145299143
34,Female,5,7,0,Referral,medium,6,160.37,26.49607843137255,0.1176470588235294,28.16,12.92,3.826666666666666,11.48,0.289606458123108,0.0588235294117647,0,Q3,Mid-Low,2025-10,2025-12,0,0,Recent,0,0,1,0.3247863247863248
49,Other,0,10,0,Referral,medium,2,51.34,22.53333333333333,0.2222222222222222,51.33,21.413333333333338,4.303333333333334,12.91,0.2009651307596513,0.1666666666666666,1,Q1,High,2023-08,2025-10,0,0,Mid-Recent,0,0,1,0.2393162393162393
22,Other,0,8,0,Partnership,low,0,40.88,26.307142857142857,0.0714285714285714,4.08,4.76,0.6799999999999997,0.6799999999999997,0.1428571428571428,0.0714285714285714,0,Q1,Mid-Low,2023-08,2025-11,0,0,Mid-Recent,0,0,1,0.3333333333333333
62,Male,2,18,0,Referral,low,3,95.17,21.975,0.1666666666666666,45.85,18.093333333333334,2.809999999999999,8.429999999999998,0.1553058216654384,0.0833333333333333,0,Q2,Mid-Low,2025-02,2025-12,0,0,Mid-Inactive,0,0,0,0.44818376068376065
21,Male,5,2,0,Partnership,medium,5,141.63,24.806818181818183,0.1590909090909091,19.44,14.62,4.9,9.8,0.3351573187414501,0.0454545454545454,0,Q3,Low,2024-03,2025-12,0,0,Recent,0,0,1,0.4754273504273504
21,Female,5,29,0,Partnership,medium,9,191.54,23.83,0.15,66.34,14.101428571428572,4.6571428571428575,32.6,0.3294926217909844,0.1166666666666666,1,Q4,High,2024-04,2025-12,1,0,Inactive,1,1,0,0.35630341880341887
36,Other,0,67,0,Ads,medium,3,62.72,24.29565217391304,0.0869565217391304,11.93,12.28,0.3499999999999996,0.3499999999999996,0.028501628664495,0.0434782608695652,0,Q1,Low,2024-04,2025-12,1,1,Inactive,0,0,0,0.3787393162393162
66,Male,2,21,0,Organic,medium,3,96.84,25.08333333333333,0.2333333333333333,86.42,16.331666666666667,2.283333333333333,13.7,0.1368357970435477,0.2,1,Q2,High,2024-07,2025-12,1,0,Mid-Inactive,0,0,0,0.2767094017094017
24,Other,1,11,0,Ads,medium,9,80.41,27.455172413793104,0.1724137931034483,60.13,16.1875,1.745,6.98,0.104008344509015,0.1379310344827586,1,Q1,High,2023-06,2025-12,0,0,Mid-Recent,0,0,1,0.4391025641025641
36,Female,1,10,1,Partnership,medium,2,71.09,26.124,0.12,0.0,0.0,0.0,0.0,0.0,0.0,0,Q1,Low,2025-10,2025-12,0,0,Mid-Recent,0,0,1,0.172008547008547
31,Male,0,8,0,Ads,high,5,187.05,22.06136363636364,0.2272727272727272,87.6,18.15,1.0500000000000005,5.250000000000001,0.0565428109854604,0.1136363636363636,1,Q4,Mid-High,2024-07,2025-12,0,0,Mid-Recent,1,0,1,0.5448717948717949
22,Male,5,42,0,Referral,low,6,124.63,24.30217391304348,0.0869565217391304,11.09,11.75,0.6600000000000001,0.6600000000000001,0.0561702127659574,0.0217391304347826,0,Q3,Low,2024-11,2025-11,1,1,Inactive,0,0,0,0.4075854700854701
62,Female,0,26,0,Partnership,medium,5,74.47,23.97407407407407,0.074074074074074,26.37,12.76,0.1799999999999997,0.3599999999999994,0.0134680134680134,0.074074074074074,0,Q1,Mid-Low,2025-08,2025-11,1,0,Mid-Inactive,0,0,0,0.2638888888888889
19,Other,3,26,0,Ads,medium,9,156.09,23.85892857142857,0.0892857142857142,29.55,23.5,8.725,17.45,0.3712765957446808,0.0357142857142857,0,Q3,Low,2023-01,2025-12,1,0,Mid-Inactive,0,0,0,0.5822649572649573
62,Male,2,28,1,Ads,medium,5,124.04,25.663157894736845,0.1578947368421052,28.49,16.673333333333336,7.176666666666667,21.53,0.4304278288684526,0.0789473684210526,0,Q3,Mid-Low,2024-08,2025-12,1,0,Inactive,0,0,0,0.5053418803418803
45,Other,2,23,1,Referral,high,18,254.25,23.00434782608696,0.2318840579710145,139.3,12.044285714285715,2.13,29.82,0.1763245033112582,0.2028985507246377,1,Q4,High,2024-08,2025-12,1,0,Mid-Inactive,1,1,0,0.6169871794871795
20,Male,3,7,0,Referral,low,2,131.27,21.165116279069768,0.0930232558139534,10.05,17.0,6.949999999999999,6.949999999999999,0.4088235294117646,0.0232558139534883,0,Q3,Low,2023-07,2025-11,0,0,Recent,0,0,1,0.5128205128205128
34,Male,4,48,0,Organic,high,4,186.94,25.98409090909091,0.1818181818181818,67.32,15.188,1.986,9.93,0.1285436893203883,0.1136363636363636,1,Q4,Mid-High,2023-05,2025-12,1,1,Inactive,1,1,0,0.2601495726495726
56,Male,1,14,0,Ads,high,6,177.0,26.806818181818183,0.0909090909090909,57.78,16.82,2.4975,9.989999999999998,0.147410358565737,0.0909090909090909,1,Q4,Mid-High,2024-09,2025-12,0,0,Mid-Recent,1,0,1,0.468482905982906
27,Other,4,8,0,Organic,high,6,217.13,23.96727272727273,0.0909090909090909,35.12,13.875,5.095000000000001,20.380000000000003,0.3672072072072072,0.0727272727272727,0,Q4,Mid-Low,2025-02,2025-12,0,0,Mid-Recent,1,0,1,0.3071581196581197
67,Other,0,32,1,Referral,medium,6,105.47,25.813513513513517,0.1891891891891892,53.54,14.7425,1.3575,5.43,0.0920807190096659,0.1081081081081081,1,Q2,Mid-High,2025-05,2025-12,1,1,Inactive,0,0,0,0.31356837606837606
51,Male,1,22,0,Organic,high,9,246.51,24.37727272727273,0.1515151515151515,65.85,12.333333333333334,1.538333333333333,9.23,0.1229355354288758,0.0909090909090909,1,Q4,Mid-High,2024-04,2025-12,1,0,Mid-Inactive,1,1,0,0.42361111111111116
64,Male,4,0,0,Partnership,high,5,196.11,23.77555555555556,0.1777777777777777,32.4,9.116,2.636,13.179999999999998,0.2891619131197893,0.1111111111111111,1,Q4,Mid-High,2024-06,2025-12,0,0,Recent,1,0,1,0.28525641025641024
29,Female,4,7,0,Ads,medium,13,136.61,22.552830188679245,0.1132075471698113,70.14,14.168333333333337,2.478333333333333,14.87,0.1749205975767556,0.1132075471698113,1,Q3,Mid-High,2025-05,2025-12,0,0,Recent,0,0,1,0.38888888888888884
31,Other,1,2,0,Partnership,low,5,136.41,24.163265306122447,0.2040816326530612,29.52,7.925999999999999,2.032,10.159999999999998,0.2560483870967741,0.1020408163265306,1,Q3,Mid-High,2024-10,2025-12,0,0,Recent,0,0,1,0.531517094017094
47,Male,5,13,0,Partnership,high,7,261.19,25.75076923076923,0.1384615384615384,52.43,12.783333333333331,4.045,24.27,0.3164276401564537,0.0923076923076923,1,Q4,Mid-High,2024-10,2025-11,0,0,Mid-Recent,1,0,1,0.5026709401709402
53,Other,5,1,0,Referral,medium,6,137.42000000000002,24.96511627906977,0.2093023255813953,34.15,12.3375,3.832500000000001,15.330000000000002,0.3098221503637833,0.0930232558139534,1,Q3,Mid-High,2025-03,2025-12,0,0,Recent,0,0,1,0.5753205128205128
42,Female,2,3,0,Organic,high,11,221.71,23.843859649122805,0.1403508771929824,33.64,11.7125,3.3025,13.21,0.2819637139807897,0.0701754385964912,0,Q4,Mid-Low,2023-09,2025-12,0,0,Recent,1,0,1,0.6212606837606838
44,Female,5,27,0,Ads,medium,5,89.16,24.176470588235293,0.2058823529411764,60.58,14.62,0.0825,0.33,0.005417829584633,0.1176470588235294,1,Q1,High,2025-10,2025-12,1,0,Mid-Inactive,0,0,0,0.328525641025641
29,Male,2,22,1,Referral,medium,8,124.44,24.32244897959184,0.1224489795918367,39.33,13.82,3.9875,15.95,0.2885311143270622,0.0816326530612244,0,Q3,Mid-Low,2023-05,2025-12,1,0,Mid-Inactive,0,0,0,0.48290598290598286
60,Other,4,0,0,Referral,medium,2,80.25,25.058333333333334,0.0416666666666666,6.7,8.0,1.2999999999999998,1.2999999999999998,0.1624999999999999,0.0416666666666666,0,Q1,Low,2024-08,2025-11,0,0,Recent,0,0,1,0.2580128205128205
62,Other,3,80,0,Ads,low,4,63.15,23.633333333333333,0.1111111111111111,0.0,0.0,0.0,0.0,0.0,0.0,0,Q1,Low,2025-05,2025-12,1,1,Inactive,0,0,0,0.5277777777777778
39,Male,5,3,1,Referral,medium,4,176.59,25.19056603773585,0.0943396226415094,4.01,6.76,2.75,2.75,0.4068047337278107,0.0188679245283018,0,Q4,Low,2023-01,2025-12,0,0,Recent,1,0,1,0.4097222222222222
35,Other,7,12,0,Partnership,low,7,129.12,26.478,0.16,57.85,14.355,0.1474999999999999,0.5899999999999999,0.0100958247775496,0.08,0,Q3,Mid-Low,2023-10,2025-11,0,0,Mid-Recent,0,0,1,0.5774572649572649
43,Female,3,1,0,Ads,medium,6,113.79,23.360526315789475,0.1842105263157894,70.64,14.474285714285712,4.382857142857143,30.68,0.3028030003947887,0.1842105263157894,1,Q2,High,2025-07,2025-12,0,0,Recent,0,0,1,0.43589743589743585
34,Female,10,22,0,Ads,high,6,287.04,24.486956521739128,0.1304347826086956,71.22999999999999,19.2,4.954000000000001,24.770000000000003,0.2580208333333333,0.072463768115942,0,Q4,Mid-Low,2024-05,2025-12,1,0,Mid-Inactive,1,1,0,0.5544871794871795
65,Male,2,25,0,Partnership,high,8,195.19,26.83469387755102,0.2040816326530612,49.11,11.636,1.8340000000000003,9.170000000000002,0.157343857240906,0.1020408163265306,1,Q4,Mid-High,2024-05,2025-10,1,0,Mid-Inactive,1,1,0,0.48290598290598286
56,Other,0,8,0,Ads,low,2,27.38,27.70833333333333,0.0833333333333333,0.0,0.0,0.0,0.0,0.0,0.0,0,Q1,Low,2024-05,2025-12,0,0,Mid-Recent,0,0,1,0.20673076923076922
24,Male,5,48,0,Partnership,medium,5,88.3,25.508823529411767,0.088235294117647,12.89,13.24,0.3499999999999996,0.3499999999999996,0.0264350453172205,0.0294117647058823,0,Q1,Low,2024-05,2025-12,1,1,Inactive,0,0,0,0.21047008547008544
49,Other,0,24,0,Organic,low,1,94.35,23.796875,0.25,53.4,12.186,1.5619999999999998,7.81,0.1275935304688776,0.15625,1,Q2,High,2024-03,2025-09,1,0,Mid-Inactive,0,0,0,0.24358974358974358
25,Female,7,6,0,Organic,low,7,133.91,23.054901960784317,0.2352941176470588,98.53,18.72,6.40375,51.23,0.3420806623931623,0.1568627450980392,1,Q3,High,2024-05,2025-12,0,0,Recent,0,0,1,0.5331196581196581
20,Male,0,53,1,Organic,low,4,85.71000000000001,21.126470588235296,0.1176470588235294,29.18,20.0,5.409999999999999,10.82,0.2704999999999999,0.0588235294117647,0,Q1,Mid-Low,2024-08,2025-12,1,1,Inactive,0,0,0,0.48824786324786323
26,Female,1,2,0,Partnership,low,2,34.7,19.78666666666667,0.1333333333333333,31.64,16.745,0.9250000000000002,1.8500000000000003,0.055240370259779,0.1333333333333333,1,Q1,High,2023-03,2025-08,0,0,Recent,0,0,1,0.4487179487179487
60,Other,0,4,0,Partnership,low,3,80.13,26.37586206896552,0.1379310344827586,26.71,16.62,3.265000000000001,6.530000000000001,0.1964500601684717,0.0689655172413793,0,Q1,Mid-Low,2024-10,2025-11,0,0,Recent,0,0,1,0.3627136752136752
43,Female,0,1,0,Partnership,high,12,302.31,23.567123287671237,0.1232876712328767,60.1,14.563999999999998,2.5440000000000005,12.720000000000002,0.1746772864597638,0.0684931506849315,0,Q4,Mid-Low,2024-07,2025-12,0,0,Recent,1,0,1,0.5438034188034189
21,Male,2,9,0,Ads,medium,8,112.99,25.671111111111117,0.2666666666666666,108.58,14.560999999999998,3.703,37.03,0.2543094567680791,0.2222222222222222,1,Q2,High,2023-06,2025-12,0,0,Mid-Recent,0,0,1,0.35470085470085466
19,Other,6,24,0,Partnership,medium,5,131.01,24.531818181818185,0.0681818181818181,12.06,16.0,3.94,3.94,0.2462499999999999,0.0227272727272727,0,Q3,Low,2023-06,2025-11,1,0,Mid-Inactive,0,0,0,0.5587606837606838
40,Female,1,3,1,Referral,medium,12,165.36,26.338461538461537,0.1846153846153846,115.92,14.683333333333334,1.8633333333333333,16.77,0.1263848066922903,0.1384615384615384,1,Q3,High,2023-01,2025-11,0,0,Recent,0,0,1,0.5721153846153846
59,Female,1,2,0,Referral,medium,5,165.08,27.325,0.1875,54.15,18.57,5.032499999999999,20.129999999999995,0.2710016155088852,0.0833333333333333,0,Q3,Mid-Low,2023-12,2025-11,0,0,Recent,0,0,1,0.5897435897435896
28,Male,5,33,1,Referral,medium,5,137.01,25.60652173913044,0.2391304347826087,88.41,17.580000000000002,2.9150000000000005,17.490000000000002,0.1651558073654391,0.1304347826086956,1,Q3,High,2024-03,2025-12,1,1,Inactive,0,0,0,0.2686965811965812
54,Other,3,8,0,Organic,low,6,84.73,25.890625,0.1875,52.99,17.5675,4.335,17.34,0.2465519692876439,0.125,1,Q1,High,2025-03,2025-11,0,0,Mid-Recent,0,0,1,0.4588675213675213
55,Male,4,4,0,Partnership,low,6,123.22,25.97826086956522,0.1521739130434782,41.49,19.0,5.59,16.77,0.287847579814624,0.0652173913043478,0,Q3,Mid-Low,2024-05,2025-12,0,0,Recent,0,0,1,0.5673076923076923
24,Female,5,5,0,Ads,medium,2,101.7,25.609375,0.1875,20.89,13.38,2.935,5.869999999999999,0.2193572496263079,0.0625,0,Q2,Mid-Low,2025-04,2025-12,0,0,Recent,0,0,1,0.47970085470085466
66,Other,1,53,0,Ads,medium,2,51.3,20.34117647058824,0.1176470588235294,14.68,10.835,3.495,6.99,0.3225657591139824,0.1176470588235294,1,Q1,High,2023-04,2025-10,1,1,Inactive,0,0,0,0.3044871794871795
30,Female,3,19,0,Ads,low,2,83.3,25.164516129032258,0.1290322580645161,52.52,21.426666666666662,4.363333333333333,13.09,0.1995122694711172,0.0967741935483871,1,Q1,Mid-High,2025-02,2025-12,0,0,Mid-Inactive,0,0,0,0.4893162393162393
37,Other,3,11,0,Ads,high,7,157.93,23.79148936170213,0.2127659574468085,52.47,13.264,2.866,14.33,0.2145209580838323,0.1063829787234042,1,Q3,Mid-High,2023-05,2025-12,0,0,Mid-Recent,0,0,1,0.4951923076923077
24,Other,2,6,0,Organic,medium,0,74.48,24.195652173913043,0.1739130434782608,24.95,17.14,4.665,9.33,0.2721703617269544,0.0869565217391304,0,Q1,Mid-Low,2024-06,2025-12,0,0,Recent,0,0,1,0.3926282051282051
48,Female,3,2,1,Organic,medium,3,51.21,25.03157894736842,0.1052631578947368,10.46,11.75,1.2899999999999991,1.2899999999999991,0.1097872340425531,0.0526315789473684,0,Q1,Low,2024-12,2025-10,0,0,Recent,0,0,1,0.42414529914529914
50,Female,6,7,0,Organic,medium,9,124.96,24.214,0.16,90.67,17.18285714285714,4.2942857142857145,30.06,0.2489853391866147,0.14,1,Q3,High,2025-08,2025-12,0,0,Recent,0,0,1,0.6121794871794872
34,Other,0,3,0,Ads,low,3,82.21,21.75675675675676,0.2432432432432432,92.89,16.394285714285715,3.377142857142857,23.64,0.2028662147086587,0.1891891891891892,1,Q1,High,2023-04,2025-11,0,0,Recent,0,0,1,0.4316239316239316
29,Other,0,22,0,Ads,medium,7,66.35,26.59642857142857,0.3571428571428571,126.97,19.63888888888889,5.604444444444444,50.44,0.284313172876388,0.3214285714285714,1,Q1,High,2023-09,2025-11,1,0,Mid-Inactive,0,0,0,0.44871794871794873
57,Female,1,56,0,Ads,medium,2,112.48,24.791666666666668,0.1388888888888889,42.99,9.985,0.0,0.0,0.0,0.1111111111111111,1,Q2,Mid-High,2023-11,2025-11,1,1,Inactive,0,0,0,0.219017094017094
33,Male,5,25,0,Partnership,medium,4,173.3,25.63018867924529,0.1320754716981132,74.4,18.456,4.016,20.08,0.2125317527519051,0.0943396226415094,1,Q4,Mid-High,2023-04,2025-12,1,0,Mid-Inactive,1,1,0,0.4305555555555556
58,Male,0,13,0,Organic,high,11,359.54,25.753932584269663,0.1797752808988764,100.1,12.95,2.163333333333333,19.47,0.1628334866605335,0.1011235955056179,1,Q4,Mid-High,2024-04,2025-12,0,0,Mid-Recent,1,0,1,0.5982905982905984
34,Other,5,86,1,Partnership,medium,2,184.25,22.33333333333333,0.1111111111111111,48.38,12.16,2.484,12.42,0.2042763157894737,0.0925925925925925,1,Q4,Mid-High,2024-12,2025-12,1,1,Inactive,1,1,0,0.5528846153846153
30,Male,1,35,0,Organic,medium,4,108.39,24.6,0.0294117647058823,0.0,0.0,0.0,0.0,0.0,0.0,0,Q2,Low,2025-07,2025-12,1,1,Inactive,0,0,0,0.31463675213675213
45,Female,3,12,0,Ads,medium,5,78.37,24.043333333333333,0.1666666666666666,44.45,13.45,2.5825,10.33,0.1885724717050018,0.1333333333333333,1,Q1,High,2025-10,2025-12,0,0,Mid-Recent,0,0,1,0.20032051282051283
19,Female,6,60,0,Ads,medium,3,186.11,24.28070175438597,0.1052631578947368,32.3,9.084,2.68,13.4,0.2932166301969365,0.087719298245614,1,Q4,Mid-High,2023-03,2025-12,1,1,Inactive,1,1,0,0.39903846153846156
68,Male,1,1,0,Referral,low,4,123.93,25.169047619047618,0.3095238095238095,117.76,15.133333333333333,2.221111111111111,19.99,0.1451179673321234,0.2142857142857142,1,Q3,High,2023-07,2025-11,0,0,Recent,0,0,1,0.39743589743589747
22,Female,5,28,0,Referral,medium,11,135.26,22.528571428571432,0.0816326530612244,23.38,12.495,0.9900000000000002,1.9800000000000004,0.0780757097791798,0.0408163265306122,0,Q3,Low,2025-04,2025-12,1,0,Inactive,0,0,0,0.594017094017094
33,Male,4,3,0,Organic,medium,5,147.19,24.55555555555556,0.0888888888888888,31.51,11.926666666666668,1.4233333333333331,4.27,0.1193404136389044,0.0666666666666666,0,Q3,Mid-Low,2024-10,2025-12,0,0,Recent,0,0,1,0.3060897435897436
56,Male,4,11,0,Organic,medium,1,145.87,25.133333333333333,0.1904761904761904,60.97,13.768,1.862,9.31,0.1324701195219123,0.119047619047619,1,Q3,High,2025-11,2025-12,0,0,Mid-Recent,0,0,1,0.20993589743589744
45,Male,8,5,0,Referral,medium,9,177.34,21.70862068965517,0.0517241379310344,13.01,5.739999999999999,1.403333333333333,4.21,0.2444831591173054,0.0517241379310344,0,Q4,Low,2024-08,2025-12,0,0,Recent,1,0,1,0.5699786324786325
46,Female,6,54,1,Referral,medium,6,74.78,26.944117647058825,0.1470588235294117,34.69,16.686666666666667,5.123333333333333,15.37,0.3070315621254494,0.088235294117647,1,Q1,Mid-High,2023-11,2025-11,1,1,Inactive,0,0,0,0.30074786324786323
62,Male,1,37,0,Partnership,medium,5,103.51,21.08823529411765,0.0588235294117647,11.19,12.28,1.09,1.09,0.0887622149837133,0.0294117647058823,0,Q2,Low,2025-08,2025-12,1,1,Inactive,0,0,0,0.516025641025641
35,Male,2,87,0,Partnership,medium,8,133.43,25.204761904761902,0.119047619047619,24.66,9.666666666666666,1.4833333333333334,4.45,0.1528684300927516,0.0714285714285714,0,Q3,Mid-Low,2024-02,2025-10,1,1,Inactive,0,0,0,0.5293803418803419
59,Other,0,1,0,Referral,high,8,165.84,25.40222222222222,0.1333333333333333,53.21,15.9025,2.6975,10.79,0.16859375,0.0888888888888888,1,Q3,Mid-High,2023-03,2025-11,0,0,Recent,0,0,1,0.5560897435897436
42,Female,7,15,0,Referral,medium,5,119.9,24.602439024390247,0.0975609756097561,19.02,16.09,6.58,13.16,0.4089496581727781,0.048780487804878,0,Q2,Low,2023-11,2025-11,0,0,Mid-Inactive,0,0,0,0.30288461538461536
18,Female,1,9,0,Organic,low,6,124.61,22.973469387755102,0.1428571428571428,70.33,15.46,3.806666666666667,22.840000000000003,0.2451432864656005,0.1224489795918367,1,Q3,High,2023-02,2025-12,0,0,Mid-Recent,0,0,1,0.41346153846153844
31,Male,3,16,0,Organic,medium,13,116.15,23.61320754716981,0.1132075471698113,42.9,10.382,1.9020000000000004,9.510000000000002,0.1814539210074413,0.0943396226415094,1,Q2,Mid-High,2023-01,2025-12,0,0,Mid-Inactive,0,0,0,0.47916666666666663
23,Female,5,19,0,Partnership,medium,3,111.77,24.37894736842105,0.131578947368421,19.04,14.0,4.48,8.96,0.32,0.0526315789473684,0,Q2,Low,2023-05,2025-12,0,0,Mid-Inactive,0,0,0,0.42895299145299143
24,Male,5,21,0,Referral,low,5,148.89,26.46538461538461,0.1346153846153846,58.190000000000005,13.551999999999998,1.9559999999999995,9.779999999999998,0.1438870089745475,0.0961538461538461,1,Q3,Mid-High,2023-01,2025-11,1,0,Mid-Inactive,0,0,0,0.4818376068376068
64,Other,1,29,0,Partnership,medium,1,94.74,25.51034482758621,0.1034482758620689,38.17,15.343333333333334,2.866666666666667,8.600000000000001,0.1838785546290357,0.1034482758620689,1,Q2,Mid-High,2025-04,2025-12,1,0,Inactive,0,0,0,0.3141025641025641
58,Female,1,70,1,Referral,medium,6,172.89,23.003773584905662,0.1320754716981132,56.91,18.5,4.2725,17.09,0.2309459459459459,0.0754716981132075,0,Q4,Mid-Low,2024-09,2025-12,1,1,Inactive,1,1,0,0.4722222222222222
38,Other,1,0,0,Referral,medium,9,174.23,22.37333333333333,0.1666666666666666,79.63,20.8,4.874,24.37,0.234326923076923,0.0833333333333333,0,Q4,Mid-Low,2025-02,2025-12,0,0,Recent,1,0,1,0.6757478632478633
63,Other,2,16,0,Partnership,medium,3,73.32,20.885185185185183,0.2222222222222222,54.77,13.848000000000004,2.894,14.47,0.2089832466782206,0.1851851851851851,1,Q1,High,2024-06,2025-11,0,0,Mid-Inactive,0,0,0,0.35416666666666663
65,Male,3,5,0,Ads,low,7,73.92,26.471875,0.0625,6.06,12.0,5.94,5.94,0.495,0.03125,0,Q1,Low,2025-01,2025-12,0,0,Recent,0,0,1,0.38247863247863245
23,Female,2,5,0,Ads,medium,3,232.22,25.06619718309859,0.1690140845070422,98.43,14.377777777777778,3.441111111111111,30.97,0.2393353941267388,0.1267605633802817,1,Q4,High,2023-08,2025-12,0,0,Recent,1,0,1,0.3685897435897436
32,Male,2,24,0,Ads,medium,2,51.29,22.447058823529414,0.1764705882352941,31.15,12.01,1.626666666666667,4.880000000000001,0.1354426866500138,0.1764705882352941,1,Q1,High,2023-02,2025-12,1,0,Mid-Inactive,0,0,0,0.3322649572649572
34,Other,1,21,1,Referral,medium,3,132.54,24.34871794871795,0.1794871794871795,85.61,19.75,3.03,15.150000000000002,0.1503572846367606,0.1282051282051282,1,Q3,High,2024-08,2025-12,1,0,Mid-Inactive,0,0,0,0.5582264957264956
56,Female,1,54,0,Referral,low,2,41.76,26.01333333333333,0.0666666666666666,0.0,0.0,0.0,0.0,0.0,0.0,0,Q1,Low,2024-01,2025-09,1,1,Inactive,0,0,0,0.3237179487179487
25,Male,0,19,0,Partnership,medium,0,12.62,34.025,0.0,0.0,0.0,0.0,0.0,0.0,0.0,0,Q1,Low,2024-05,2025-08,0,0,Mid-Inactive,0,0,0,0.22809829059829057
63,Male,3,8,0,Organic,medium,5,74.98,22.991666666666664,0.125,21.22,14.14,3.53,7.059999999999999,0.2496463932107496,0.0833333333333333,0,Q1,Mid-Low,2024-03,2025-11,0,0,Mid-Recent,0,0,1,0.17467948717948717
42,Male,3,17,0,Ads,low,3,95.16,27.068571428571428,0.0857142857142857,15.49,26.0,10.51,10.51,0.4042307692307692,0.0285714285714285,0,Q2,Low,2024-06,2025-12,0,0,Mid-Inactive,0,0,0,0.4439102564102564
44,Male,3,33,0,Ads,medium,4,188.06,27.7,0.16,42.05,10.188,1.778,8.89,0.1745190420102081,0.1,1,Q4,Mid-High,2024-01,2025-12,1,1,Inactive,1,1,0,0.40384615384615385
33,Other,2,57,0,Ads,medium,8,69.03,24.10322580645161,0.1612903225806451,38.26,18.01,5.256666666666667,15.77,0.2918748843235239,0.0967741935483871,1,Q1,Mid-High,2024-12,2025-12,1,1,Inactive,0,0,0,0.3295940170940171
23,Male,4,24,0,Ads,low,1,70.24,22.56428571428572,0.1428571428571428,52.42,23.666666666666668,6.1933333333333325,18.58,0.2616901408450704,0.1071428571428571,1,Q1,Mid-High,2024-09,2025-12,1,0,Mid-Inactive,0,0,0,0.27510683760683763
61,Male,0,74,0,Partnership,low,4,114.21,22.55263157894737,0.131578947368421,53.81,13.94,0.6650000000000003,2.660000000000001,0.0471046573401806,0.1052631578947368,1,Q2,Mid-High,2023-01,2025-09,1,1,Inactive,0,0,0,0.32478632478632474
53,Male,8,24,1,Organic,high,8,292.01,24.41029411764706,0.2058823529411764,83.93,14.205714285714285,2.517142857142857,17.619999999999997,0.1735105859182668,0.1029411764705882,1,Q4,Mid-High,2025-08,2025-12,1,0,Mid-Inactive,1,1,0,0.7099358974358974
56,Other,0,8,1,Referral,medium,7,75.51,21.20344827586207,0.1379310344827586,18.65,22.0,3.3500000000000014,3.3500000000000014,0.1522727272727273,0.0344827586206896,0,Q1,Low,2023-05,2025-10,0,0,Mid-Recent,0,0,1,0.4391025641025641
42,Female,6,5,0,Organic,medium,8,122.9,26.180851063829788,0.2127659574468085,26.49,17.14,3.895000000000001,7.790000000000001,0.2272462077012835,0.0425531914893617,0,Q3,Low,2024-08,2025-12,0,0,Recent,0,0,1,0.4257478632478632
55,Male,3,5,0,Ads,high,4,175.47,26.467441860465115,0.2093023255813953,41.13,12.2475,1.965,7.859999999999999,0.1604409063074096,0.0930232558139534,1,Q4,Mid-High,2024-03,2025-10,0,0,Recent,1,0,1,0.4572649572649572
26,Male,2,0,0,Partnership,low,5,95.64,25.021621621621623,0.1351351351351351,28.53,9.125,2.075,8.3,0.2253597610643497,0.1081081081081081,1,Q2,Mid-High,2024-04,2025-11,0,0,Recent,0,0,1,0.48717948717948717
38,Male,1,3,0,Partnership,high,9,218.82,25.494915254237288,0.1016949152542373,39.75,9.752,1.89,9.45,0.1920731707317073,0.0847457627118644,0,Q4,Mid-Low,2024-05,2025-12,0,0,Recent,1,0,1,0.32425213675213677
45,Female,2,10,1,Organic,medium,3,122.49,22.469767441860466,0.1162790697674418,36.5,19.666666666666668,7.5,22.5,0.3813559322033898,0.0697674418604651,0,Q3,Mid-Low,2023-11,2025-12,0,0,Mid-Recent,0,0,1,0.40865384615384615
38,Other,2,64,1,Ads,medium,3,128.35,24.5075,0.1,22.67,15.0,3.745,7.49,0.2483421750663129,0.05,0,Q3,Low,2024-05,2025-11,1,1,Inactive,0,0,0,0.3194444444444444
27,Male,8,2,1,Ads,medium,7,204.04,22.92,0.1166666666666666,23.74,16.23,4.359999999999999,8.719999999999999,0.2686383240911891,0.0333333333333333,0,Q4,Low,2024-09,2025-12,0,0,Recent,1,0,1,0.4604700854700855
28,Other,6,4,1,Partnership,medium,5,117.73,30.336585365853654,0.2439024390243902,75.92999999999999,18.906,3.742,18.71,0.1976965342349958,0.1219512195121951,1,Q2,High,2025-06,2025-12,0,0,Recent,0,0,1,0.25427350427350426
46,Female,0,3,0,Partnership,high,4,255.35,25.842857142857145,0.2142857142857142,121.52,12.770833333333334,2.6908333333333334,32.29,0.2099343345686236,0.2142857142857142,1,Q4,High,2024-09,2025-11,0,0,Recent,1,0,1,0.3669871794871795
25,Female,4,0,0,Ads,medium,3,145.16,23.410869565217396,0.1956521739130435,47.93,14.3,2.3175,9.27,0.162062937062937,0.0869565217391304,0,Q3,Mid-Low,2024-01,2025-12,0,0,Recent,0,0,1,0.43536324786324787
65,Other,5,38,0,Ads,medium,1,199.9,25.719298245614038,0.1578947368421052,76.88,19.2,3.896,19.48,0.2021585720215857,0.087719298245614,1,Q4,Mid-High,2025-02,2025-12,1,1,Inactive,1,1,0,0.4198717948717948
29,Female,3,15,0,Ads,medium,7,85.13,24.826470588235296,0.1764705882352941,18.22,12.76,3.65,7.299999999999999,0.2860501567398119,0.0588235294117647,0,Q1,Mid-Low,2025-08,2025-12,0,0,Mid-Inactive,0,0,0,0.41185897435897434
39,Male,6,3,0,Referral,high,7,348.51,25.00246913580247,0.1851851851851851,76.62,16.793333333333333,4.258333333333333,25.55,0.2500734070666536,0.074074074074074,0,Q4,Mid-Low,2024-02,2025-11,0,0,Recent,1,0,1,0.6474358974358975
24,Female,5,20,1,Referral,medium,4,96.66,25.57272727272727,0.1818181818181818,39.69,21.5,2.97,5.94,0.1301775147928994,0.0606060606060606,0,Q2,Mid-Low,2025-07,2025-12,1,0,Mid-Inactive,0,0,0,0.4284188034188034
47,Other,2,6,1,Referral,low,4,62.32,25.885714285714283,0.1785714285714285,31.880000000000003,14.506666666666666,3.88,11.64,0.2674632352941176,0.1071428571428571,1,Q1,Mid-High,2023-08,2025-09,0,0,Recent,0,0,1,0.3514957264957265
46,Female,6,15,0,Ads,medium,3,101.83,26.71212121212121,0.0909090909090909,49.44,21.25,5.483333333333333,16.45,0.2496585217787221,0.0909090909090909,1,Q2,Mid-High,2025-02,2025-12,0,0,Mid-Inactive,0,0,0,0.5048076923076923
38,Male,4,2,0,Partnership,medium,5,108.54,25.95116279069768,0.1860465116279069,84.82,14.886666666666663,1.1166666666666667,6.7,0.0732080419580419,0.1395348837209302,1,Q2,High,2025-06,2025-12,0,0,Recent,0,0,1,0.29059829059829057
29,Male,4,2,0,Referral,medium,5,91.98,26.510714285714283,0.1428571428571428,17.67,13.38,4.615,9.23,0.3431226765799256,0.0714285714285714,0,Q2,Mid-Low,2023-06,2025-12,0,0,Recent,0,0,1,0.22649572649572652
42,Female,3,9,0,Ads,medium,7,119.26,22.861538461538466,0.1794871794871795,32.95,16.875,0.4749999999999996,0.9499999999999992,0.0280235988200589,0.0512820512820512,0,Q2,Low,2025-01,2025-12,0,0,Mid-Recent,0,0,1,0.34294871794871795
45,Other,4,5,1,Ads,low,3,111.41,26.129268292682926,0.2682926829268293,41.99,13.9225,3.425,13.7,0.2460046687017417,0.0975609756097561,1,Q2,Mid-High,2023-08,2025-12,0,0,Recent,0,0,1,0.5945512820512819
41,Other,2,3,0,Partnership,high,3,172.52,26.75526315789474,0.2368421052631578,97.07,13.91,1.77625,14.21,0.1276959022286125,0.2105263157894736,1,Q4,High,2024-04,2025-11,0,0,Recent,1,0,1,0.43589743589743585
35,Other,0,15,1,Referral,low,8,109.11,24.265,0.075,23.790000000000003,12.59,0.6949999999999994,1.3899999999999988,0.0552025416997616,0.05,0,Q2,Low,2023-06,2025-11,0,0,Mid-Inactive,0,0,0,0.5902777777777777
29,Female,4,11,0,Referral,medium,8,97.48,20.902564102564103,0.1025641025641025,23.62,13.24,1.4800000000000004,2.960000000000001,0.1113619262603461,0.0512820512820512,0,Q2,Low,2025-09,2025-12,0,0,Mid-Recent,0,0,1,0.34294871794871795
47,Other,3,14,1,Ads,medium,10,103.5,25.152380952380955,0.1904761904761904,79.96000000000001,16.398571428571426,5.111428571428571,35.78,0.3091411785035424,0.1666666666666666,1,Q2,High,2025-05,2025-11,0,0,Mid-Recent,0,0,1,0.48771367521367526
23,Female,1,18,0,Partnership,medium,2,46.72,24.39375,0.125,13.71,20.0,6.289999999999999,6.289999999999999,0.3144999999999999,0.0625,0,Q1,Mid-Low,2025-08,2025-12,0,0,Mid-Inactive,0,0,0,0.3766025641025641
27,Male,2,8,0,Ads,medium,5,81.95,26.24827586206897,0.0344827586206896,6.54,12.28,5.739999999999999,5.739999999999999,0.4674267100977198,0.0344827586206896,0,Q1,Low,2025-07,2025-12,0,0,Mid-Recent,0,0,1,0.327991452991453
21,Other,1,13,0,Referral,medium,3,97.07,26.32258064516129,0.2580645161290322,55.95,12.472,1.4779999999999998,7.389999999999999,0.116671929270603,0.1612903225806451,1,Q2,High,2024-10,2025-12,0,0,Mid-Recent,0,0,1,0.517094017094017
44,Male,2,17,0,Organic,low,0,124.52,27.226829268292683,0.1951219512195122,52.46,13.226666666666668,4.531666666666666,27.19,0.3413684871311989,0.1463414634146341,1,Q3,High,2023-09,2025-11,0,0,Mid-Inactive,0,0,0,0.49038461538461536
23,Other,2,6,0,Referral,medium,4,118.8,25.321052631578947,0.1578947368421052,50.28,19.30666666666667,2.6533333333333338,7.960000000000001,0.1366758241758242,0.0789473684210526,0,Q2,Mid-Low,2023-02,2025-11,0,0,Recent,0,0,1,0.3456196581196581
43,Male,5,5,0,Partnership,medium,4,161.33,24.991304347826084,0.1304347826086956,44.040000000000006,13.0025,1.9924999999999995,7.969999999999997,0.1532397615843106,0.0869565217391304,0,Q3,Mid-Low,2025-07,2025-12,0,0,Recent,0,0,1,0.6020299145299145
64,Female,3,18,0,Organic,medium,11,119.63,22.080851063829787,0.1489361702127659,50.96,12.702,2.51,12.549999999999995,0.1976066761139977,0.1063829787234042,1,Q2,Mid-High,2024-07,2025-10,0,0,Mid-Inactive,0,0,0,0.4604700854700854
29,Male,0,42,1,Referral,medium,5,130.5,25.182926829268293,0.2682926829268293,71.07,14.581666666666669,2.803333333333333,16.82,0.1913755831152577,0.1463414634146341,1,Q3,High,2024-03,2025-11,1,1,Inactive,0,0,0,0.3862179487179487
18,Female,4,51,0,Referral,high,13,326.02,23.586842105263155,0.131578947368421,33.81,8.112,1.392,6.960000000000001,0.1707137601177336,0.0657894736842105,0,Q4,Mid-Low,2024-12,2025-12,1,1,Inactive,1,1,0,0.7024572649572649
47,Other,2,1,1,Partnership,low,1,83.82,23.285714285714285,0.1428571428571428,31.98,16.12,0.1600000000000001,0.3200000000000003,0.009907120743034,0.0714285714285714,0,Q1,Mid-Low,2025-10,2025-12,0,0,Recent,0,0,1,0.22649572649572652
41,Other,5,17,0,Organic,medium,4,87.39,21.959375,0.125,33.39,15.426666666666668,4.296666666666667,12.89,0.2785220397579948,0.09375,1,Q1,Mid-High,2025-11,2025-12,0,0,Mid-Inactive,0,0,0,0.13247863247863248
18,Male,4,99,1,Referral,medium,5,184.91,27.088,0.16,89.93,14.4025,3.44,27.52,0.2343124733929331,0.16,1,Q4,High,2024-11,2025-12,1,1,Inactive,1,1,0,0.40384615384615385
48,Other,4,7,0,Ads,medium,1,193.29,25.510909090909088,0.2181818181818181,130.32,18.27555555555556,3.927777777777777,35.349999999999994,0.2133759884106959,0.1636363636363636,1,Q4,High,2025-02,2025-12,0,0,Recent,1,0,1,0.4321581196581197
30,Male,2,31,0,Partnership,medium,5,118.41,27.207692307692305,0.2051282051282051,51.120000000000005,13.8775,1.5749999999999995,6.299999999999999,0.1097178683385579,0.1025641025641025,1,Q2,Mid-High,2024-11,2025-12,1,1,Inactive,0,0,0,0.454059829059829
19,Male,4,35,0,Ads,low,1,139.12,24.57555555555556,0.1333333333333333,59.08,15.264,3.4479999999999995,17.24,0.2258909853249475,0.1111111111111111,1,Q3,Mid-High,2024-04,2025-12,1,1,Inactive,0,0,0,0.29914529914529914
19,Female,0,45,0,Ads,low,6,87.22,25.73333333333333,0.2222222222222222,51.86,13.224,2.8519999999999994,14.259999999999998,0.2156684815486993,0.1388888888888889,1,Q1,High,2025-01,2025-12,1,1,Inactive,0,0,0,0.35790598290598286
21,Female,0,64,0,Referral,low,3,17.19,31.1,0.25,35.22,22.0,4.390000000000001,8.780000000000001,0.1995454545454545,0.25,1,Q1,High,2025-01,2025-09,1,1,Inactive,0,0,0,0.09935897435897434
65,Other,0,1,0,Referral,low,6,193.33,26.38507462686567,0.1194029850746268,52.27,15.62,2.7725,11.09,0.1750315656565656,0.0597014925373134,0,Q4,Mid-Low,2025-01,2025-12,0,0,Recent,1,0,1,0.358440170940171
50,Other,1,39,0,Ads,low,7,137.41,22.065957446808508,0.1276595744680851,15.92,5.646666666666666,0.59,1.77,0.1000565291124929,0.0638297872340425,0,Q3,Mid-Low,2024-12,2025-12,1,1,Inactive,0,0,0,0.5576923076923077
45,Other,2,10,0,Referral,high,8,280.42,23.35571428571429,0.1571428571428571,73.86,14.035714285714286,3.56,24.92,0.2522777890261186,0.1,1,Q4,Mid-High,2023-03,2025-12,0,0,Mid-Recent,1,0,1,0.46848290598290604
48,Male,0,3,0,Organic,low,4,103.77,24.485,0.1,5.28,6.76,1.4799999999999995,1.4799999999999995,0.2189349112426035,0.025,0,Q2,Low,2023-04,2025-11,0,0,Recent,0,0,1,0.5347222222222222
19,Male,0,39,0,Ads,low,2,106.77,28.078378378378385,0.1351351351351351,14.31,14.0,0.0,0.0,0.0,0.027027027027027,0,Q2,Low,2025-03,2025-12,1,1,Inactive,0,0,0,0.5566239316239316
32,Other,0,8,0,Organic,low,4,55.79,24.343478260869563,0.2608695652173913,37.14,12.39,3.4125,13.65,0.2687536916715888,0.1739130434782608,1,Q1,High,2025-02,2025-11,0,0,Mid-Recent,0,0,1,0.5245726495726496
64,Other,0,77,1,Partnership,medium,5,134.05,25.88409090909091,0.1136363636363636,35.36,15.413333333333334,3.6266666666666665,10.88,0.2352941176470588,0.0681818181818181,0,Q3,Mid-Low,2024-04,2025-12,1,1,Inactive,0,0,0,0.3087606837606838
57,Male,0,3,0,Referral,medium,5,116.56,24.25135135135135,0.1081081081081081,58.12,20.5,5.970000000000001,23.880000000000003,0.291219512195122,0.1081081081081081,1,Q2,Mid-High,2023-04,2025-12,0,0,Recent,0,0,1,0.20245726495726496
30,Male,7,60,0,Referral,medium,8,198.14,22.9,0.1,18.84,10.0,0.5799999999999996,1.1599999999999993,0.0579999999999999,0.0333333333333333,0,Q4,Low,2023-04,2025-12,1,1,Inactive,1,1,0,0.5090811965811965
33,Male,1,1,0,Referral,medium,8,128.84,25.50408163265306,0.1020408163265306,14.89,9.59,2.255,4.51,0.2324742268041237,0.0408163265306122,0,Q3,Low,2025-06,2025-12,0,0,Recent,0,0,1,0.38568376068376065
61,Male,6,23,1,Referral,medium,6,101.69,25.822222222222223,0.0833333333333333,0.0,0.0,0.0,0.0,0.0,0.0,0,Q2,Low,2025-05,2025-12,1,0,Mid-Inactive,0,0,0,0.26068376068376065
25,Other,1,1,0,Referral,low,6,66.34,24.67142857142857,0.1071428571428571,2.28,3.49,1.2100000000000004,1.2100000000000004,0.346704871060172,0.0357142857142857,0,Q1,Low,2023-06,2025-09,0,0,Recent,0,0,1,0.4764957264957265
39,Female,1,9,0,Organic,medium,2,73.25,26.403846153846157,0.0769230769230769,19.26,13.985,4.355,8.71,0.311405076868073,0.0769230769230769,0,Q1,Mid-Low,2025-07,2025-12,0,0,Mid-Recent,0,0,1,0.15544871794871795
56,Other,2,3,0,Referral,medium,3,85.5,24.341379310344827,0.1034482758620689,4.53,8.0,3.47,3.47,0.4337499999999999,0.0344827586206896,0,Q1,Low,2024-10,2025-12,0,0,Recent,0,0,1,0.5363247863247863
24,Other,1,10,0,Referral,high,3,145.98,23.855263157894736,0.2105263157894736,53.45,15.39,2.4975,9.989999999999998,0.1574716267339218,0.1052631578947368,1,Q3,Mid-High,2023-10,2025-12,0,0,Mid-Recent,0,0,1,0.5053418803418803
31,Female,4,53,0,Organic,high,4,200.9,24.73913043478261,0.1739130434782608,46.57,15.3725,3.73,14.919999999999998,0.2426410798503821,0.0869565217391304,0,Q4,Mid-Low,2025-07,2025-12,1,1,Inactive,1,1,0,0.5325854700854701
64,Male,3,40,0,Organic,low,8,138.31,26.833962264150944,0.1320754716981132,53.59,13.604,3.044,15.22,0.2211887807004796,0.0943396226415094,1,Q3,Mid-High,2024-02,2025-12,1,1,Inactive,0,0,0,0.38888888888888884
30,Female,10,20,0,Referral,high,9,306.16,25.941463414634143,0.1585365853658536,121.02,16.522222222222222,3.208888888888889,28.880000000000003,0.1926617745163442,0.1097560975609756,1,Q4,Mid-High,2023-12,2025-11,1,0,Mid-Inactive,1,1,0,0.6864316239316239
36,Other,6,1,0,Referral,medium,6,130.74,23.764444444444447,0.2222222222222222,67.26,13.712857142857144,4.104285714285714,28.73,0.2993020106261068,0.1555555555555555,1,Q3,High,2024-12,2025-12,0,0,Recent,0,0,1,0.44497863247863245
41,Other,4,23,0,Ads,low,4,140.93,22.614,0.16,78.2,12.75,1.5785714285714283,11.05,0.1238095238095238,0.14,1,Q3,High,2024-09,2025-11,1,0,Mid-Inactive,0,0,0,0.40384615384615385
45,Female,0,41,1,Partnership,medium,3,50.62,28.34375,0.0,0.0,0.0,0.0,0.0,0.0,0.0,0,Q1,Low,2024-02,2025-12,1,1,Inactive,0,0,0,0.4252136752136752
27,Male,5,2,0,Referral,low,1,101.16,23.98421052631579,0.2894736842105263,58.33,12.856,1.2260000000000002,6.130000000000001,0.0950977350294756,0.131578947368421,1,Q2,High,2023-12,2025-11,0,0,Recent,0,0,1,0.46367521367521364
67,Male,2,57,0,Referral,low,5,155.31,21.517307692307693,0.1153846153846153,39.22,12.3,2.494999999999999,9.979999999999997,0.2028455284552845,0.0769230769230769,0,Q3,Mid-Low,2025-07,2025-12,1,1,Inactive,0,0,0,0.5235042735042734
54,Male,2,9,0,Partnership,medium,7,231.82,22.326760563380283,0.1690140845070422,63.89,10.02,2.165,17.32,0.2132742273119073,0.1126760563380281,1,Q4,Mid-High,2023-07,2025-12,0,0,Mid-Recent,1,0,1,0.3616452991452992
37,Other,7,18,0,Organic,medium,10,120.75,27.132558139534886,0.0930232558139534,11.09,5.59,0.1600000000000001,0.3200000000000003,0.028045574057844,0.0465116279069767,0,Q2,Low,2024-05,2025-12,0,0,Mid-Inactive,0,0,0,0.44337606837606836
57,Male,6,12,0,Partnership,medium,9,101.2,23.61111111111111,0.1388888888888889,13.55,8.59,1.8150000000000008,3.630000000000001,0.2112922002328289,0.0555555555555555,0,Q2,Low,2023-03,2025-11,0,0,Mid-Recent,0,0,1,0.42040598290598286
68,Other,0,10,0,Organic,medium,3,39.46,26.9,0.1052631578947368,20.68,17.0,6.66,13.32,0.3917647058823529,0.1052631578947368,1,Q1,Mid-High,2023-05,2025-10,0,0,Mid-Recent,0,0,1,0.41720085470085466
23,Male,4,8,0,Partnership,medium,4,87.59,25.893939393939394,0.0909090909090909,4.51,6.76,2.25,2.25,0.3328402366863905,0.0303030303030303,0,Q1,Low,2024-01,2025-11,0,0,Mid-Recent,0,0,1,0.5048076923076923
36,Male,2,33,0,Organic,medium,4,86.07,24.48,0.1,9.71,12.0,2.289999999999999,2.289999999999999,0.1908333333333332,0.0333333333333333,0,Q1,Low,2025-06,2025-12,1,1,Inactive,0,0,0,0.29059829059829057
19,Male,2,36,0,Ads,medium,2,77.46,27.82692307692308,0.1153846153846153,35.35,14.17,2.393333333333334,7.1800000000000015,0.1688220079943569,0.1153846153846153,1,Q1,Mid-High,2024-05,2025-12,1,1,Inactive,0,0,0,0.30822649572649574
50,Male,2,6,1,Organic,low,5,44.97,23.05454545454545,0.0909090909090909,13.3,13.24,0.0,0.0,0.0,0.0454545454545454,0,Q1,Low,2025-05,2025-12,0,0,Recent,0,0,1,0.4230769230769231
40,Male,4,0,0,Referral,medium,5,113.41,27.81578947368421,0.1052631578947368,33.849999999999994,14.76,3.4766666666666666,10.43,0.235546522131888,0.0789473684210526,0,Q2,Mid-Low,2025-08,2025-12,0,0,Recent,0,0,1,0.2206196581196581
65,Male,5,9,0,Organic,medium,5,134.57,24.587755102040816,0.2040816326530612,63.08,13.293333333333331,3.0966666666666662,18.58,0.227528777859417,0.1224489795918367,1,Q3,High,2023-01,2025-12,0,0,Mid-Recent,0,0,1,0.5106837606837606
54,Other,2,1,0,Organic,medium,4,81.09,24.10322580645161,0.0967741935483871,12.7,13.97,1.2700000000000014,1.2700000000000014,0.090909090909091,0.032258064516129,0,Q1,Low,2023-09,2025-12,0,0,Recent,0,0,1,0.3157051282051282
61,Male,4,15,0,Ads,medium,6,119.56,26.41842105263158,0.131578947368421,23.96,9.19,3.2,12.8,0.3482045701849836,0.1052631578947368,1,Q2,Mid-High,2023-10,2025-12,0,0,Mid-Inactive,0,0,0,0.43589743589743585
55,Male,2,7,0,Partnership,medium,5,76.42,25.02142857142857,0.1428571428571428,4.11,8.0,3.89,3.89,0.4862499999999999,0.0357142857142857,0,Q1,Low,2023-12,2025-11,0,0,Recent,0,0,1,0.37232905982905984
44,Male,3,38,0,Referral,low,3,90.59,28.340625,0.09375,3.65,3.32,0.0,0.0,0.0,0.03125,0,Q2,Low,2024-10,2025-12,1,1,Inactive,0,0,0,0.5352564102564102
31,Female,0,16,0,Organic,low,8,151.21,22.592857142857145,0.125,22.12,14.14,3.079999999999999,6.159999999999998,0.2178217821782177,0.0357142857142857,0,Q3,Low,2025-10,2025-12,0,0,Mid-Inactive,0,0,0,0.31143162393162394
51,Female,7,76,0,Partnership,medium,9,97.86,23.9725,0.2,54.15,16.456,5.626,28.13,0.3418813806514341,0.125,1,Q2,High,2025-04,2025-12,1,1,Inactive,0,0,0,0.24305555555555552
64,Female,0,13,0,Ads,low,6,108.64,27.2,0.1025641025641025,39.13,14.093333333333334,1.05,3.1500000000000004,0.0745033112582781,0.0769230769230769,0,Q2,Mid-Low,2025-11,2025-12,0,0,Mid-Recent,0,0,1,0.19017094017094016
26,Other,3,19,0,Ads,low,8,106.15,26.195238095238096,0.119047619047619,42.53,14.752,6.246,31.23,0.4234002169197397,0.119047619047619,1,Q2,High,2023-09,2025-11,0,0,Mid-Inactive,0,0,0,0.39743589743589747
65,Male,8,9,1,Referral,high,9,280.79,24.42236842105263,0.1842105263157894,93.18,14.21625,2.56875,20.55,0.1806911105249274,0.1052631578947368,1,Q4,Mid-High,2024-06,2025-11,0,0,Mid-Recent,1,0,1,0.6260683760683761
41,Other,1,0,0,Referral,high,7,228.4,25.03272727272727,0.2,77.05,12.7075,3.18,25.44,0.248219338472046,0.1454545454545454,1,Q4,High,2025-07,2025-12,0,0,Recent,1,0,1,0.3002136752136752
37,Female,0,6,0,Organic,medium,7,142.69,22.711764705882352,0.1176470588235294,35.1,9.242,2.222,11.11,0.2404241506167496,0.0980392156862745,1,Q3,Mid-High,2023-05,2025-12,0,0,Recent,0,0,1,0.3942307692307692
27,Other,6,29,0,Referral,medium,6,249.72,27.66375,0.1625,100.63,13.8,2.6355555555555554,23.72,0.1907519099316445,0.1125,1,Q4,Mid-High,2023-08,2025-11,1,0,Inactive,1,1,0,0.7126068376068376
29,Other,4,26,0,Referral,medium,7,133.71,29.613636363636363,0.2045454545454545,71.86999999999999,14.18,3.9128571428571433,27.390000000000004,0.2759419705823092,0.1590909090909091,1,Q3,High,2023-04,2025-12,1,0,Mid-Inactive,0,0,0,0.4198717948717949
22,Male,2,8,0,Partnership,medium,5,84.53,23.351612903225806,0.0,0.0,0.0,0.0,0.0,0.0,0.0,0,Q1,Low,2023-09,2025-12,0,0,Mid-Recent,0,0,1,0.46848290598290593
39,Female,1,45,1,Ads,low,5,132.68,26.160869565217396,0.1521739130434782,21.42,15.62,4.91,9.82,0.3143405889884763,0.0434782608695652,0,Q3,Low,2025-09,2025-12,1,1,Inactive,0,0,0,0.33119658119658124
66,Female,2,8,1,Ads,low,3,109.4,23.76428571428572,0.2142857142857142,58.85,12.901999999999996,1.392,6.96,0.1057590031910044,0.119047619047619,1,Q2,High,2024-05,2025-11,0,0,Mid-Recent,0,0,1,0.3557692307692307
60,Other,5,11,0,Partnership,medium,4,90.5,23.8,0.1290322580645161,17.72,8.576666666666666,2.67,8.01,0.3113097551496308,0.0967741935483871,1,Q2,Mid-High,2023-08,2025-10,0,0,Mid-Recent,0,0,1,0.20459401709401706
52,Male,2,54,0,Organic,medium,5,101.88,22.897222222222226,0.25,82.34,21.156,4.986,24.93,0.2324042136664491,0.1388888888888889,1,Q2,High,2023-05,2025-12,1,1,Inactive,0,0,0,0.5245726495726496
54,Other,0,6,0,Referral,high,3,223.36,24.46666666666667,0.1481481481481481,61.72,20.5,5.069999999999999,20.28,0.2473170731707316,0.074074074074074,0,Q4,Mid-Low,2023-07,2025-12,0,0,Recent,1,0,1,0.5876068376068376
52,Other,6,32,0,Ads,medium,3,95.98,25.757142857142856,0.2,54.6,15.08,1.4874999999999998,5.949999999999999,0.0982658959537572,0.1142857142857142,1,Q2,Mid-High,2023-11,2025-11,1,1,Inactive,0,0,0,0.423076923076923
25,Other,8,15,0,Referral,high,5,259.39,25.377586206896552,0.1896551724137931,74.96000000000001,14.56,2.503333333333333,15.019999999999998,0.1669259835519004,0.1034482758620689,1,Q4,Mid-High,2024-07,2025-12,0,0,Mid-Inactive,1,0,0,0.5074786324786325
63,Other,3,2,0,Referral,medium,4,164.8,23.98958333333333,0.1458333333333333,33.85,13.586666666666666,2.8666666666666667,8.6,0.2025912838633686,0.0625,0,Q3,Mid-Low,2023-08,2025-12,0,0,Recent,0,0,1,0.5272435897435896
20,Female,8,14,0,Organic,medium,9,109.46,23.554761904761904,0.2142857142857142,43.55,11.456,2.9679999999999995,14.839999999999998,0.2541531084089741,0.119047619047619,1,Q2,High,2023-08,2025-12,0,0,Mid-Recent,0,0,1,0.48771367521367526
19,Other,8,126,0,Partnership,low,7,169.84,27.3328125,0.171875,59.64,15.375,5.435,32.61,0.3534959349593496,0.09375,1,Q4,Mid-High,2023-12,2025-11,1,1,Inactive,1,1,0,0.5886752136752137
24,Other,0,9,0,Organic,high,4,129.25,26.659375,0.21875,65.12,15.553333333333333,4.7,28.2,0.302186026575225,0.1875,1,Q3,High,2025-09,2025-12,0,0,Mid-Recent,0,0,1,0.4033119658119658
67,Male,11,6,0,Organic,medium,5,191.06,24.136507936507936,0.1111111111111111,58.87,15.4,3.626,18.130000000000003,0.2354545454545455,0.0793650793650793,0,Q4,Mid-Low,2023-05,2025-12,0,0,Recent,1,0,1,0.5705128205128205
21,Other,5,31,1,Ads,medium,5,107.82,22.25277777777778,0.0555555555555555,11.64,13.24,1.5999999999999996,1.5999999999999996,0.120845921450151,0.0277777777777777,0,Q2,Low,2025-09,2025-12,1,1,Inactive,0,0,0,0.44818376068376065
37,Female,6,76,1,Organic,high,6,232.23,26.73928571428572,0.0892857142857142,32.25,9.14,1.1925,4.7700000000000005,0.1288492706645056,0.0714285714285714,0,Q4,Mid-Low,2024-02,2025-12,1,1,Inactive,1,1,0,0.5544871794871795
34,Female,2,2,0,Referral,medium,5,73.87,23.96896551724138,0.1034482758620689,11.49,8.52,2.7749999999999995,5.549999999999999,0.3257042253521126,0.0689655172413793,0,Q1,Mid-Low,2024-08,2025-11,0,0,Recent,0,0,1,0.3627136752136752
55,Male,4,0,0,Partnership,medium,2,97.28,26.07878787878788,0.0909090909090909,0.0,0.0,0.0,0.0,0.0,0.0,0,Q2,Low,2024-06,2025-11,0,0,Recent,0,0,1,0.19925213675213677
38,Female,3,27,0,Referral,high,6,213.7,22.759615384615383,0.25,147.68,14.64,1.5799999999999998,17.38,0.1052950442263419,0.2115384615384615,1,Q4,High,2024-11,2025-12,1,0,Mid-Inactive,1,1,0,0.4957264957264957
58,Male,2,5,0,Organic,low,9,111.69,25.179069767441863,0.1395348837209302,34.67,10.828,3.894,19.47,0.3596231991134097,0.1162790697674418,1,Q2,Mid-High,2023-06,2025-10,0,0,Recent,0,0,1,0.47115384615384615
59,Male,1,33,0,Partnership,medium,5,77.12,23.816666666666663,0.1333333333333333,23.9,12.28,0.3299999999999992,0.6599999999999984,0.026872964169381,0.0666666666666666,0,Q1,Mid-Low,2025-07,2025-12,1,1,Inactive,0,0,0,0.47115384615384615
31,Male,3,0,0,Ads,medium,2,105.24,26.296875,0.1875,56.44,18.07,4.55,18.2,0.2438370846730975,0.125,1,Q2,High,2025-08,2025-12,0,0,Recent,0,0,1,0.4588675213675213
53,Female,5,25,0,Referral,low,5,103.56,24.33589743589744,0.0769230769230769,25.75,12.76,0.1399999999999996,0.2799999999999993,0.0107568190549365,0.0512820512820512,0,Q2,Low,2024-03,2025-12,1,0,Mid-Inactive,0,0,0,0.516559829059829
59,Male,6,35,0,Referral,medium,4,124.96,22.3,0.1395348837209302,56.38,11.571666666666667,2.2550000000000003,13.53,0.1935345444142469,0.1395348837209302,1,Q3,High,2023-10,2025-11,1,1,Inactive,0,0,0,0.49893162393162394
34,Other,7,3,0,Organic,medium,7,101.67,26.67027027027027,0.2432432432432432,66.97999999999999,22.25,5.505000000000001,22.020000000000003,0.2474157303370787,0.1081081081081081,1,Q2,Mid-High,2023-09,2025-12,0,0,Recent,0,0,1,0.27884615384615385
36,Male,6,4,1,Referral,medium,2,117.16,24.1725,0.15,28.65,10.853333333333332,1.3033333333333337,3.910000000000001,0.1200859950859951,0.075,0,Q2,Mid-Low,2024-09,2025-11,0,0,Recent,0,0,1,0.45138888888888884
62,Male,4,51,0,Organic,low,7,113.78,24.846938775510203,0.1224489795918367,78.75,24.25,4.805,19.22,0.1961825048484229,0.0816326530612244,0,Q2,Mid-Low,2024-03,2025-12,1,1,Inactive,0,0,0,0.44818376068376065
50,Female,0,6,1,Organic,medium,3,80.18,24.24642857142857,0.0714285714285714,17.84,19.0,1.16,1.16,0.0610526315789473,0.0357142857142857,0,Q1,Low,2025-08,2025-12,0,0,Recent,0,0,1,0.40010683760683763
60,Female,2,35,0,Ads,medium,10,276.74,24.11392405063291,0.0886075949367088,25.0,7.895,1.645,6.58,0.2083597213426219,0.050632911392405,0,Q4,Low,2025-03,2025-12,1,1,Inactive,1,1,0,0.6875
19,Other,2,1,0,Referral,medium,3,90.01,25.60322580645161,0.1612903225806451,64.5,17.8,4.9,24.5,0.2752808988764045,0.1612903225806451,1,Q1,High,2024-04,2025-12,0,0,Recent,0,0,1,0.4129273504273504
61,Male,2,16,0,Partnership,high,9,197.91,23.780392156862742,0.1372549019607843,35.1,11.3925,2.9725,11.89,0.2530325601191743,0.0784313725490196,0,Q4,Mid-Low,2025-08,2025-12,0,0,Mid-Inactive,1,0,0,0.359508547008547
68,Other,4,27,0,Referral,high,1,142.74,21.711111111111112,0.1111111111111111,26.67,16.0,2.665,5.33,0.1665625,0.0555555555555555,0,Q3,Low,2025-10,2025-12,1,0,Mid-Inactive,0,0,0,0.2676282051282051
40,Female,1,18,0,Partnership,high,3,174.42,26.62619047619048,0.1666666666666666,64.6,15.65,2.952,14.76,0.1859879032258064,0.119047619047619,1,Q4,High,2023-05,2025-11,0,0,Mid-Inactive,1,0,0,0.577991452991453
25,Female,4,18,0,Ads,high,3,144.97,23.28333333333333,0.1111111111111111,22.86,15.5,4.16,8.32,0.2668377164849262,0.0555555555555555,0,Q3,Low,2024-06,2025-12,0,0,Mid-Inactive,0,0,0,0.2745726495726496
65,Male,0,46,0,Organic,medium,4,152.54,25.855555555555554,0.0888888888888888,14.66,9.0,1.67,3.34,0.1855555555555555,0.0444444444444444,0,Q3,Low,2024-06,2025-12,1,1,Inactive,0,0,0,0.25053418803418803
58,Female,6,6,0,Ads,medium,5,90.99,25.13939393939394,0.2121212121212121,37.86,18.25333333333333,5.633333333333333,16.9,0.3086194302410519,0.0909090909090909,1,Q2,Mid-High,2024-10,2025-12,0,0,Recent,0,0,1,0.53258547008547
35,Female,5,11,0,Referral,high,4,215.16,26.522916666666664,0.1041666666666666,48.25,24.5,1.4350000000000005,2.870000000000001,0.0561424100156494,0.0416666666666666,0,Q4,Low,2024-01,2025-12,0,0,Mid-Recent,1,0,1,0.5341880341880342
25,Female,1,34,0,Ads,low,5,96.15,24.3675,0.2,54.13,20.746666666666663,2.7033333333333336,8.110000000000001,0.1303020565552699,0.075,0,Q2,Mid-Low,2025-02,2025-12,1,1,Inactive,0,0,0,0.5347222222222222
61,Other,6,6,0,Referral,medium,5,129.99,25.73720930232558,0.1627906976744186,50.99,15.8075,3.0600000000000005,12.240000000000002,0.1935789973114028,0.0930232558139534,1,Q3,Mid-High,2025-04,2025-12,0,0,Recent,0,0,1,0.4572649572649572
26,Female,7,19,0,Organic,high,10,168.27,26.17959183673469,0.2653061224489796,90.29,13.66375,2.63125,21.05,0.1890605352972875,0.1632653061224489,1,Q4,High,2025-05,2025-12,0,0,Mid-Inactive,1,0,0,0.38568376068376065
62,Other,6,2,0,Partnership,high,10,289.01,25.11891891891892,0.1486486486486486,112.13,12.824000000000002,1.872,18.72,0.1430645777607948,0.1351351351351351,1,Q4,High,2023-04,2025-12,0,0,Recent,1,0,1,0.5827991452991453
38,Female,7,8,0,Organic,high,8,168.95,25.467391304347824,0.1739130434782608,52.94,13.9375,0.9725,3.890000000000001,0.0684497624494105,0.0869565217391304,0,Q4,Mid-Low,2024-05,2025-12,0,0,Mid-Recent,1,0,1,0.5117521367521367
47,Female,1,10,0,Referral,medium,6,92.62,25.32857142857143,0.1428571428571428,25.1,9.36,1.083333333333333,3.249999999999999,0.1146384479717812,0.0857142857142857,0,Q2,Mid-Low,2023-08,2025-10,0,0,Mid-Recent,0,0,1,0.3814102564102564
44,Other,0,11,0,Organic,medium,3,103.07,26.545714285714286,0.1428571428571428,39.870000000000005,19.12,0.0,0.0,0.0,0.0571428571428571,0,Q2,Low,2025-05,2025-12,0,0,Mid-Recent,0,0,1,0.4091880341880342
39,Male,4,25,0,Ads,medium,3,136.9,24.8225,0.275,44.96,11.426666666666668,3.9333333333333336,23.6,0.3442240373395566,0.15,1,Q3,High,2024-09,2025-12,1,0,Mid-Inactive,0,0,0,0.21527777777777776
30,Male,3,3,0,Organic,medium,1,169.86,23.180769230769236,0.1538461538461538,33.78,13.173333333333332,2.27,6.8100000000000005,0.1677753141167775,0.0576923076923076,0,Q4,Mid-Low,2024-09,2025-11,0,0,Recent,1,0,1,0.6346153846153846
19,Female,4,19,0,Referral,high,3,131.68,23.76774193548387,0.1290322580645161,41.92,15.94,5.459999999999999,21.84,0.3425345043914679,0.1290322580645161,1,Q3,High,2023-01,2025-11,0,0,Mid-Inactive,0,0,0,0.2393162393162393
24,Female,7,34,1,Organic,medium,5,203.17,25.761904761904763,0.1428571428571428,8.75,13.97,5.220000000000001,5.220000000000001,0.3736578382247674,0.0158730158730158,0,Q4,Low,2025-08,2025-12,1,1,Inactive,1,1,0,0.6191239316239316
68,Male,4,49,1,Partnership,medium,3,74.61,24.07037037037037,0.2222222222222222,42.81,12.1275,1.8025,7.21,0.1441423430627748,0.1481481481481481,1,Q1,High,2024-01,2025-11,1,1,Inactive,0,0,0,0.32638888888888884
55,Male,0,44,0,Referral,low,5,44.26,24.055,0.15,2.72,4.76,2.04,2.04,0.4285714285714285,0.05,0,Q1,Low,2024-04,2025-10,1,1,Inactive,0,0,0,0.18536324786324787
62,Male,1,8,0,Referral,medium,5,100.08,24.47777777777777,0.1666666666666666,51.71,18.13,5.2025,20.81,0.2869553226696084,0.1111111111111111,1,Q2,Mid-High,2024-05,2025-12,0,0,Mid-Recent,0,0,1,0.19818376068376067
57,Other,2,12,0,Referral,medium,2,71.65,20.61304347826087,0.1304347826086956,28.36,10.496666666666668,1.1366666666666665,3.41,0.1073339628580421,0.1304347826086956,1,Q1,High,2023-03,2025-11,0,0,Mid-Recent,0,0,1,0.32318376068376065
53,Male,3,30,0,Partnership,high,8,228.59,25.09152542372881,0.0677966101694915,19.1,22.0,2.8999999999999986,2.8999999999999986,0.1318181818181817,0.0169491525423728,0,Q4,Low,2023-11,2025-12,1,1,Inactive,1,1,0,0.4075854700854701
66,Female,2,36,0,Referral,medium,3,113.07,26.06216216216216,0.1081081081081081,31.520000000000003,11.586666666666666,1.0799999999999998,3.2399999999999998,0.0932105868814729,0.081081081081081,0,Q2,Mid-Low,2023-01,2025-12,1,1,Inactive,0,0,0,0.25106837606837606
68,Female,1,16,0,Organic,low,2,61.95,21.38181818181818,0.1818181818181818,0.0,0.0,0.0,0.0,0.0,0.0,0,Q1,Low,2024-04,2025-11,0,0,Mid-Inactive,0,0,0,0.3189102564102564
39,Other,6,8,0,Referral,medium,4,116.52,26.7475,0.225,32.87,12.2425,4.025,16.1,0.3287727179906065,0.1,1,Q2,Mid-High,2023-11,2025-12,0,0,Mid-Recent,0,0,1,0.41666666666666663
63,Male,1,1,0,Ads,medium,1,49.49,25.311111111111117,0.1111111111111111,11.46,5.745,0.07,0.1400000000000001,0.0120689655172413,0.1111111111111111,1,Q1,Mid-High,2024-10,2025-12,0,0,Recent,0,0,1,0.38514957264957267
48,Other,2,35,0,Ads,low,0,60.28,26.430434782608696,0.0869565217391304,6.66,8.0,1.34,1.34,0.1674999999999999,0.0434782608695652,0,Q1,Low,2023-06,2025-10,1,1,Inactive,0,0,0,0.36485042735042733
21,Male,4,7,0,Partnership,high,6,133.76,24.844117647058823,0.088235294117647,20.94,14.14,3.67,7.34,0.2595473833097595,0.0588235294117647,0,Q3,Mid-Low,2024-03,2025-12,0,0,Recent,0,0,1,0.21047008547008544
52,Male,3,7,0,Partnership,medium,5,137.62,24.53695652173913,0.1739130434782608,62.54,16.211666666666666,5.788333333333333,34.73,0.357047393852164,0.1304347826086956,1,Q3,High,2025-02,2025-12,0,0,Recent,0,0,1,0.5048076923076923
36,Female,5,51,0,Ads,medium,9,118.53,22.53023255813953,0.2325581395348837,74.17999999999999,12.815714285714288,2.2314285714285718,15.62,0.1739420935412026,0.1627906976744186,1,Q2,High,2024-04,2025-11,1,1,Inactive,0,0,0,0.29059829059829057
53,Male,5,38,0,Organic,medium,6,110.7,23.35,0.175,31.84,16.875,1.045,2.09,0.0615974064249926,0.05,0,Q2,Low,2023-04,2025-12,1,1,Inactive,0,0,0,0.375
68,Male,1,7,0,Ads,medium,3,161.08,26.371111111111112,0.0666666666666666,35.8,18.0,0.8350000000000009,1.6700000000000017,0.0445689885241527,0.0444444444444444,0,Q3,Low,2025-02,2025-12,0,0,Recent,0,0,1,0.40331196581196577
56,Other,3,12,0,Organic,low,0,83.23,22.00714285714286,0.1785714285714285,18.41,10.62,1.415,2.83,0.1332391713747646,0.0714285714285714,0,Q1,Mid-Low,2025-05,2025-12,0,0,Mid-Recent,0,0,1,0.45566239316239315
28,Male,6,36,0,Referral,medium,9,77.83,23.34242424242424,0.0909090909090909,14.96,12.28,4.799999999999999,9.599999999999998,0.3908794788273615,0.0606060606060606,0,Q1,Mid-Low,2025-10,2025-12,1,1,Inactive,0,0,0,0.19230769230769232
58,Male,7,9,0,Partnership,high,6,205.79,26.154,0.12,24.8,11.013333333333334,2.746666666666666,8.239999999999998,0.2493946731234866,0.06,0,Q4,Mid-Low,2024-09,2025-12,0,0,Mid-Recent,1,0,1,0.49412393162393164
65,Female,3,114,0,Ads,low,3,135.44,25.96,0.16,65.66,15.823333333333332,4.888333333333334,29.33,0.3087693441414886,0.12,1,Q3,High,2023-07,2025-10,1,1,Inactive,0,0,0,0.40384615384615385
41,Male,9,11,0,Organic,high,4,249.25,21.78793103448276,0.1379310344827586,52.2,14.551999999999998,4.178,20.89,0.2858120125872212,0.0862068965517241,0,Q4,Mid-Low,2025-05,2025-12,0,0,Mid-Recent,1,0,1,0.47275641025641024
27,Female,0,13,0,Ads,high,5,177.71,29.073913043478264,0.0652173913043478,18.15,16.88,7.805,15.61,0.4623815165876776,0.0434782608695652,0,Q4,Low,2024-04,2025-12,0,0,Mid-Recent,1,0,1,0.33814102564102566
30,Male,8,7,0,Ads,high,6,188.39,23.254,0.12,45.05,13.056,4.1,20.5,0.312738367658276,0.1,1,Q4,Mid-High,2023-03,2025-12,0,0,Recent,1,0,1,0.5635683760683761
39,Other,4,51,0,Ads,medium,5,125.47,22.41794871794872,0.1794871794871795,79.5,13.104285714285714,1.84,12.88,0.13942411777441,0.1794871794871795,1,Q3,High,2025-07,2025-12,1,1,Inactive,0,0,0,0.391559829059829
34,Male,4,8,0,Ads,medium,4,118.97,24.654285714285717,0.1428571428571428,17.46,10.845,2.1149999999999998,4.229999999999999,0.1950207468879667,0.0571428571428571,0,Q2,Low,2025-01,2025-12,0,0,Mid-Recent,0,0,1,0.49252136752136755
39,Male,2,7,0,Partnership,high,8,132.45,24.55675675675676,0.2162162162162162,48.66,11.092,1.4280000000000002,7.140000000000001,0.1279569892473118,0.1351351351351351,1,Q3,High,2024-01,2025-12,0,0,Recent,0,0,1,0.3344017094017094
60,Male,8,1,0,Referral,medium,4,141.95,28.004255319148932,0.1276595744680851,34.230000000000004,11.496666666666668,0.5800000000000001,1.7400000000000002,0.0483736447039199,0.0638297872340425,0,Q3,Mid-Low,2025-05,2025-12,0,0,Recent,0,0,1,0.3979700854700855
68,Male,1,45,1,Partnership,medium,2,69.41,22.816666666666663,0.1111111111111111,17.22,22.0,4.780000000000001,4.780000000000001,0.2172727272727273,0.0555555555555555,0,Q1,Low,2024-02,2025-12,1,1,Inactive,0,0,0,0.18376068376068377
45,Other,5,17,0,Referral,medium,2,102.33,22.496969696969696,0.1515151515151515,13.9,6.739999999999999,2.106666666666666,6.319999999999999,0.3125618199802175,0.0909090909090909,1,Q2,Mid-High,2023-07,2025-10,0,0,Mid-Inactive,0,0,0,0.3520299145299145
68,Male,1,7,0,Ads,medium,3,55.57,24.27142857142857,0.2857142857142857,45.190000000000005,14.02,3.0375,12.15,0.2118939658179281,0.1904761904761904,1,Q1,High,2024-08,2025-11,0,0,Recent,0,0,1,0.4951923076923077
26,Other,0,16,0,Ads,medium,4,98.14,24.453333333333333,0.1,6.12,6.76,0.6399999999999997,0.6399999999999997,0.0946745562130177,0.0333333333333333,0,Q2,Low,2023-08,2025-11,0,0,Mid-Inactive,0,0,0,0.5058760683760684
22,Male,2,35,0,Organic,medium,7,78.35,26.32258064516129,0.1290322580645161,0.0,0.0,0.0,0.0,0.0,0.0,0,Q1,Low,2023-02,2025-12,1,1,Inactive,0,0,0,0.21848290598290596
29,Female,1,8,0,Partnership,low,0,55.51,24.47,0.1,8.29,13.24,4.950000000000001,4.950000000000001,0.3738670694864049,0.05,0,Q1,Low,2025-03,2025-12,0,0,Mid-Recent,0,0,1,0.2686965811965812
55,Female,1,59,1,Ads,medium,3,72.47,24.86785714285714,0.0714285714285714,11.45,12.28,0.8300000000000001,0.8300000000000001,0.0675895765472312,0.0357142857142857,0,Q1,Low,2024-01,2025-10,1,1,Inactive,0,0,0,0.38621794871794873
33,Female,2,16,1,Organic,low,5,91.38,22.494594594594595,0.054054054054054,20.49,12.28,2.38,4.76,0.1885148514851485,0.054054054054054,0,Q2,Low,2025-08,2025-12,0,0,Mid-Inactive,0,0,0,0.3482905982905983
28,Female,1,5,0,Referral,medium,5,122.49,27.57692307692308,0.1794871794871795,66.9,14.833333333333334,3.893333333333334,23.360000000000003,0.2588078883226235,0.1538461538461538,1,Q3,High,2023-03,2025-12,0,0,Recent,0,0,1,0.454059829059829
46,Other,6,2,1,Ads,medium,4,95.81,25.22647058823529,0.1176470588235294,42.79,22.0,0.6050000000000004,1.2100000000000009,0.0275,0.0588235294117647,0,Q2,Mid-Low,2024-09,2025-12,0,0,Recent,0,0,1,0.35630341880341876
57,Female,1,75,0,Partnership,medium,6,126.41,25.89782608695652,0.1304347826086956,25.93,7.02,0.5449999999999999,2.18,0.0775524724297403,0.0869565217391304,0,Q3,Mid-Low,2024-03,2025-11,1,1,Inactive,0,0,0,0.3450854700854701
41,Female,0,1,0,Organic,low,3,57.49,21.415,0.15,12.29,12.28,0.0,0.0,0.0,0.05,0,Q1,Low,2025-10,2025-12,0,0,Recent,0,0,1,0.13675213675213677
46,Male,2,1,0,Referral,medium,3,90.95,24.74285714285714,0.2142857142857142,38.82,13.6825,3.9775,15.91,0.2906997990133382,0.1428571428571428,1,Q2,High,2023-10,2025-11,0,0,Recent,0,0,1,0.19871794871794873
50,Other,2,33,0,Organic,medium,3,41.99,27.85,0.3571428571428571,39.63,9.314,1.502,7.51,0.1593126856173101,0.3571428571428571,1,Q1,High,2024-05,2025-12,1,1,Inactive,0,0,0,0.1388888888888889
22,Female,4,22,1,Ads,high,5,136.04,23.203225806451613,0.1612903225806451,28.91,11.83,2.35,7.050000000000001,0.1960511679644049,0.0967741935483871,1,Q3,Mid-High,2025-02,2025-12,1,0,Mid-Inactive,0,0,0,0.4407051282051282
34,Female,9,1,0,Ads,medium,4,148.6,23.680769230769236,0.1346153846153846,64.4,15.842000000000002,2.9620000000000006,14.810000000000002,0.1869713420022724,0.0961538461538461,1,Q3,Mid-High,2023-07,2025-11,0,0,Recent,0,0,1,0.5998931623931624
34,Male,2,69,0,Organic,medium,4,52.31,27.95714285714286,0.0,0.0,0.0,0.0,0.0,0.0,0.0,0,Q1,Low,2024-02,2025-11,1,1,Inactive,0,0,0,0.4188034188034188
55,Other,3,9,0,Partnership,low,4,80.81,27.3,0.1818181818181818,30.25,16.12,1.37,2.74,0.083055471354956,0.0606060606060606,0,Q1,Mid-Low,2024-05,2025-12,0,0,Mid-Recent,0,0,1,0.21314102564102563
32,Other,4,6,0,Partnership,medium,4,122.6,26.125641025641023,0.1282051282051282,48.3,18.916666666666668,3.0,9.0,0.1570680628272251,0.0769230769230769,0,Q3,Mid-Low,2024-11,2025-12,0,0,Recent,0,0,1,0.5512820512820512
68,Other,1,13,1,Partnership,medium,3,71.89,24.2,0.2222222222222222,6.05,9.0,2.95,2.95,0.3277777777777778,0.037037037037037,0,Q1,Low,2023-10,2025-10,0,0,Mid-Recent,0,0,1,0.4444444444444444
30,Female,0,15,1,Ads,medium,1,102.84,24.51764705882353,0.1470588235294117,30.34,15.5,1.09,2.18,0.0670356703567035,0.0588235294117647,0,Q2,Mid-Low,2023-01,2025-12,0,0,Mid-Inactive,0,0,0,0.22435897435897434
19,Female,3,10,1,Ads,medium,3,58.79,23.20952380952381,0.1428571428571428,13.49,16.0,2.51,2.51,0.156875,0.0476190476190476,0,Q1,Low,2024-01,2025-10,0,0,Mid-Recent,0,0,1,0.3424145299145299
49,Other,1,4,0,Organic,high,3,165.43,24.83571428571428,0.1666666666666666,74.67,18.75,0.4775,1.91,0.0249412379211282,0.0952380952380952,1,Q3,Mid-High,2025-07,2025-12,0,0,Recent,0,0,1,0.32799145299145305
61,Female,0,1,0,Organic,low,3,40.38,23.988235294117647,0.2352941176470588,23.05,9.173333333333334,1.49,4.47,0.1624273255813953,0.1764705882352941,1,Q1,High,2024-12,2025-12,0,0,Recent,0,0,1,0.31837606837606836
26,Male,3,83,0,Partnership,high,5,237.73,26.994444444444444,0.2407407407407407,53.65,12.968,2.2379999999999995,11.189999999999998,0.1725786551511412,0.0925925925925925,1,Q4,Mid-High,2025-09,2025-12,1,1,Inactive,1,1,0,0.3862179487179487
22,Other,2,4,1,Ads,low,5,138.8,24.67058823529412,0.1568627450980392,53.91,13.968,3.281999999999999,16.409999999999997,0.2333617747440272,0.0980392156862745,1,Q3,Mid-High,2025-09,2025-12,0,0,Recent,0,0,1,0.4428418803418803
54,Female,4,1,0,Referral,medium,3,67.2,25.46666666666667,0.125,9.66,14.0,4.34,4.34,0.31,0.0416666666666666,0,Q1,Low,2024-09,2025-12,0,0,Recent,0,0,1,0.18162393162393162
29,Male,6,0,0,Referral,medium,8,146.24,25.24,0.08,43.39,11.27,0.4224999999999996,1.6899999999999986,0.037488908606921,0.08,0,Q3,Mid-Low,2024-05,2025-12,0,0,Recent,0,0,1,0.6260683760683761
42,Female,3,2,0,Ads,high,7,324.41,24.00422535211268,0.2253521126760563,82.88,11.253333333333334,2.0444444444444443,18.4,0.1816745655608214,0.1267605633802817,1,Q4,High,2024-08,2025-12,0,0,Recent,1,0,1,0.6672008547008548
22,Female,8,14,0,Organic,medium,10,112.52,26.51086956521739,0.1304347826086956,46.27,12.904,3.83,19.15,0.2927239376337512,0.108695652173913,1,Q2,Mid-High,2023-01,2025-11,0,0,Mid-Recent,0,0,1,0.4770299145299145
44,Female,2,44,0,Referral,medium,3,49.07,29.511764705882356,0.0588235294117647,19.87,19.0,0.0,0.0,0.0,0.0588235294117647,0,Q1,Mid-Low,2025-02,2025-12,1,1,Inactive,0,0,0,0.43643162393162394
48,Other,3,31,0,Partnership,low,4,96.86,25.497297297297298,0.2162162162162162,59.69,12.046666666666669,2.168333333333333,13.01,0.1789546079779917,0.1621621621621621,1,Q2,High,2024-09,2025-11,1,1,Inactive,0,0,0,0.5357905982905983
37,Female,2,0,0,Ads,medium,8,124.92,26.775,0.1363636363636363,64.23,17.8,5.042,25.21,0.2818649373881932,0.1136363636363636,1,Q3,Mid-High,2023-07,2025-12,0,0,Recent,0,0,1,0.33653846153846156
50,Other,5,24,1,Organic,medium,13,212.0,23.505714285714287,0.1285714285714285,39.41,15.13,5.2775,21.11,0.3488103106411104,0.0571428571428571,0,Q4,Low,2024-12,2025-11,1,0,Mid-Inactive,1,1,0,0.37820512820512825
46,Male,1,22,0,Ads,medium,2,43.38,27.22307692307692,0.0,0.0,0.0,0.0,0.0,0.0,0.0,0,Q1,Low,2025-03,2025-12,1,0,Mid-Inactive,0,0,0,0.3707264957264957
47,Female,6,9,0,Referral,low,3,129.88,24.88478260869565,0.0652173913043478,30.08,16.375,1.3350000000000009,2.6700000000000017,0.0815267175572519,0.0434782608695652,0,Q3,Low,2025-04,2025-12,0,0,Mid-Recent,0,0,1,0.2686965811965812
40,Other,0,11,0,Partnership,low,3,124.14,24.719047619047625,0.119047619047619,49.540000000000006,13.352,3.4599999999999995,17.299999999999997,0.2588270496708557,0.119047619047619,1,Q3,High,2025-07,2025-12,0,0,Mid-Recent,0,0,1,0.4807692307692307
29,Other,3,38,0,Partnership,medium,2,109.05,26.26551724137931,0.1379310344827586,19.68,9.426666666666668,2.8666666666666667,8.6,0.304101838755304,0.1034482758620689,1,Q2,Mid-High,2024-06,2025-12,1,1,Inactive,0,0,0,0.3696581196581197
62,Other,6,39,0,Partnership,medium,3,181.83,25.32244897959184,0.1632653061224489,54.63,11.413333333333334,2.4466666666666668,14.68,0.2118020487664117,0.1224489795918367,1,Q4,High,2024-07,2025-12,1,1,Inactive,1,1,0,0.4342948717948718
35,Other,1,13,0,Referral,medium,3,92.77,24.97407407407407,0.1481481481481481,10.33,8.59,3.48,6.96,0.4025448235974552,0.074074074074074,0,Q2,Mid-Low,2024-05,2025-12,0,0,Mid-Recent,0,0,1,0.25
66,Other,5,19,1,Organic,low,4,89.5,26.19142857142857,0.1428571428571428,19.81,15.0,5.095,10.19,0.3396666666666667,0.0571428571428571,0,Q1,Low,2024-01,2025-11,0,0,Mid-Inactive,0,0,0,0.5689102564102564
67,Female,2,21,0,Partnership,medium,4,89.67999999999999,24.177419354838708,0.1935483870967742,21.73,26.0,4.27,4.27,0.1642307692307692,0.032258064516129,0,Q1,Low,2024-05,2025-12,1,0,Mid-Inactive,0,0,0,0.3990384615384615
50,Male,2,10,0,Referral,medium,10,180.53,25.794444444444448,0.1481481481481481,40.74,17.44,3.86,11.579999999999998,0.2213302752293577,0.0555555555555555,0,Q4,Low,2024-09,2025-12,0,0,Mid-Recent,1,0,1,0.5737179487179487
42,Female,1,5,0,Ads,low,6,125.95,22.98,0.2222222222222222,67.33,15.72,2.254,11.269999999999998,0.143384223918575,0.1111111111111111,1,Q3,Mid-High,2025-03,2025-12,0,0,Recent,0,0,1,0.563034188034188
34,Male,3,44,0,Organic,high,5,168.21,25.43,0.075,18.12,22.0,3.879999999999999,3.879999999999999,0.1763636363636363,0.025,0,Q4,Low,2024-05,2025-12,1,1,Inactive,1,1,0,0.5277777777777778
22,Male,1,30,1,Partnership,low,3,74.7,23.193548387096776,0.1935483870967742,67.12,25.666666666666668,3.606666666666667,10.82,0.1388247369771619,0.0967741935483871,1,Q1,Mid-High,2025-01,2025-12,1,1,Inactive,0,0,0,0.4198717948717948
28,Male,0,91,0,Referral,medium,6,121.33,26.95641025641025,0.0512820512820512,12.53,22.0,9.47,9.47,0.4304545454545455,0.0256410256410256,0,Q2,Low,2023-12,2025-12,1,1,Inactive,0,0,0,0.46794871794871795
52,Other,10,7,0,Ads,high,15,373.89,25.876041666666666,0.1666666666666666,36.28,7.728333333333333,1.7583333333333335,10.55,0.2252829382874226,0.0625,0,Q4,Mid-Low,2024-06,2025-12,0,0,Recent,1,0,1,0.6629273504273505
61,Female,3,13,0,Partnership,high,8,322.92,25.34933333333333,0.16,50.03,9.061428571428571,1.98,13.86,0.2169353576459539,0.0933333333333333,1,Q4,Mid-High,2023-08,2025-11,0,0,Mid-Recent,1,0,1,0.4551282051282052
63,Male,5,11,0,Partnership,medium,7,147.19,27.23636363636364,0.1818181818181818,73.27,12.831428571428573,2.4428571428571426,17.099999999999998,0.1892220869757662,0.1590909090909091,1,Q3,High,2023-08,2025-11,0,0,Mid-Recent,0,0,1,0.4129273504273504
59,Other,4,0,0,Partnership,medium,4,85.77,25.44516129032258,0.1290322580645161,26.63,16.38,3.065,6.13,0.1871184371184371,0.064516129032258,0,Q1,Mid-Low,2024-06,2025-12,0,0,Recent,0,0,1,0.4337606837606837
56,Male,9,16,0,Partnership,high,10,280.01,26.590769230769236,0.1538461538461538,97.49,17.222857142857144,3.295714285714286,23.07,0.19135700066357,0.1076923076923077,1,Q4,Mid-High,2023-01,2025-12,0,0,Mid-Inactive,1,0,0,0.5373931623931624
33,Male,4,6,1,Referral,medium,5,67.96000000000001,27.667857142857144,0.1071428571428571,23.67,12.015,0.3200000000000003,0.6400000000000006,0.0263266145619087,0.0714285714285714,0,Q1,Mid-Low,2025-04,2025-12,0,0,Recent,0,0,1,0.42094017094017094
39,Male,8,16,0,Ads,high,9,196.09,26.69814814814815,0.1481481481481481,81.9,14.656666666666666,1.4183333333333337,8.510000000000002,0.0941267558898352,0.1111111111111111,1,Q4,Mid-High,2025-01,2025-12,0,0,Mid-Inactive,1,0,0,0.5806623931623931
64,Male,0,15,0,Partnership,medium,7,160.93,27.516,0.14,62.47,13.642,1.3059999999999998,6.529999999999999,0.0946376811594202,0.1,1,Q3,Mid-High,2023-02,2025-11,0,0,Mid-Inactive,0,0,0,0.5566239316239316
53,Other,2,12,0,Ads,medium,2,83.23,23.120689655172413,0.1724137931034483,16.55,12.76,4.484999999999999,8.969999999999999,0.3514890282131661,0.0689655172413793,0,Q1,Mid-Low,2025-07,2025-12,0,0,Mid-Recent,0,0,1,0.4807692307692308
32,Male,3,22,0,Organic,high,6,129.56,25.965625,0.21875,37.37,14.673333333333332,2.356666666666667,7.07,0.1590909090909091,0.09375,1,Q3,Mid-High,2024-01,2025-11,1,0,Mid-Inactive,0,0,0,0.4866452991452991
43,Other,3,31,0,Referral,high,3,234.97,23.78,0.1272727272727272,112.41,16.571428571428573,0.9171428571428571,6.42,0.0540267609189598,0.1272727272727272,1,Q4,High,2023-11,2025-10,1,1,Inactive,1,1,0,0.4321581196581197
32,Male,2,1,0,Organic,low,5,140.58,24.51960784313725,0.1764705882352941,101.85,16.17625,3.445,27.56,0.2129665404528243,0.1568627450980392,1,Q3,High,2025-06,2025-12,0,0,Recent,0,0,1,0.5470085470085471
44,Female,7,2,0,Referral,medium,6,238.29,24.429411764705883,0.1470588235294117,65.31,13.025,2.313333333333334,13.880000000000004,0.1752746558908953,0.088235294117647,1,Q4,Mid-High,2023-06,2025-12,0,0,Recent,1,0,1,0.5432692307692308
56,Female,0,4,0,Ads,high,4,247.86,25.88032786885246,0.1475409836065573,122.93,18.41,3.2475000000000005,25.980000000000004,0.1744677993418844,0.1311475409836065,1,Q4,High,2023-09,2025-12,0,0,Recent,1,0,1,0.7147435897435896
60,Female,1,1,0,Organic,medium,8,106.16,24.6,0.2105263157894736,58.31,13.61,1.9480000000000004,9.740000000000002,0.14313005143277,0.131578947368421,1,Q2,High,2023-08,2025-12,0,0,Recent,0,0,1,0.5192307692307692
46,Female,4,55,0,Referral,medium,5,76.59,19.986666666666668,0.1666666666666666,22.25,14.14,3.015,6.029999999999999,0.2132248939179632,0.0666666666666666,0,Q1,Mid-Low,2025-10,2025-12,1,1,Inactive,0,0,0,0.17948717948717952
66,Male,4,52,0,Ads,medium,8,126.48,24.383333333333333,0.1428571428571428,38.64,13.865,4.205,16.82,0.3032816444284169,0.0952380952380952,1,Q3,Mid-High,2024-03,2025-12,1,1,Inactive,0,0,0,0.5154914529914529
23,Male,7,2,1,Organic,medium,13,89.72,28.71794871794872,0.1538461538461538,87.65,23.75,2.142499999999999,8.569999999999997,0.0890667220951984,0.1025641025641025,1,Q1,Mid-High,2024-09,2025-11,0,0,Recent,0,0,1,0.5235042735042735
27,Female,4,14,0,Referral,medium,7,226.93,25.874647887323945,0.1549295774647887,46.46,14.445,3.045,12.18,0.2077080491132333,0.056338028169014,0,Q4,Low,2025-07,2025-12,0,0,Mid-Recent,1,0,1,0.4033119658119658
46,Other,2,13,0,Ads,medium,8,98.98,23.63611111111111,0.2222222222222222,59.2,13.904,2.37,11.85,0.1667839549612948,0.1388888888888889,1,Q2,High,2024-03,2025-12,0,0,Mid-Recent,0,0,1,0.5384615384615384
51,Female,4,29,0,Referral,high,11,190.73,25.48076923076923,0.1923076923076923,64.46000000000001,13.758333333333333,3.1999999999999997,19.2,0.2295003585943102,0.1153846153846153,1,Q4,Mid-High,2023-06,2025-11,1,0,Inactive,1,1,0,0.592948717948718
39,Male,5,3,0,Referral,medium,7,82.05,23.91290322580645,0.1935483870967742,31.64,14.14,6.23,24.92,0.4405940594059405,0.1290322580645161,1,Q1,High,2025-11,2025-12,0,0,Recent,0,0,1,0.1420940170940171
56,Female,7,28,0,Ads,medium,3,162.37,26.46923076923077,0.0961538461538461,42.370000000000005,12.83,2.2375,8.95,0.1743959469992205,0.0769230769230769,0,Q3,Mid-Low,2025-07,2025-12,1,0,Inactive,0,0,0,0.46794871794871795
22,Female,11,2,1,Ads,high,6,365.66,26.05056179775281,0.1573033707865168,102.19,15.02625,2.5975,20.78,0.1689843051150687,0.0898876404494382,1,Q4,Mid-High,2024-11,2025-12,0,0,Recent,1,0,1,0.5913461538461539
31,Male,1,38,0,Ads,medium,2,111.21,27.5,0.125,43.47,12.3725,1.5750000000000002,6.300000000000001,0.1265822784810127,0.125,1,Q2,High,2025-03,2025-12,1,1,Inactive,0,0,0,0.43803418803418803
23,Female,5,11,0,Organic,medium,5,104.25,25.6025,0.225,37.03,13.416666666666666,1.0733333333333337,3.2200000000000006,0.08,0.075,0,Q2,Mid-Low,2025-09,2025-12,0,0,Mid-Recent,0,0,1,0.3680555555555556
33,Female,2,1,0,Ads,medium,1,70.46,23.622727272727275,0.3181818181818182,37.46,15.92,3.516666666666667,10.55,0.2197458862736929,0.1363636363636363,1,Q1,High,2024-08,2025-11,0,0,Recent,0,0,1,0.18696581196581197
46,Other,2,47,0,Organic,medium,4,68.64,26.829166666666666,0.2083333333333333,27.59,13.726666666666668,4.53,13.59,0.3300145701796989,0.125,1,Q1,High,2024-05,2025-11,1,1,Inactive,0,0,0,0.30662393162393164
43,Female,0,14,1,Partnership,medium,6,85.61,20.432258064516127,0.064516129032258,33.39,21.0,4.304999999999999,8.609999999999998,0.2049999999999999,0.064516129032258,0,Q1,Mid-Low,2023-02,2025-12,0,0,Mid-Recent,0,0,1,0.5101495726495726
57,Other,1,11,0,Ads,medium,5,94.94,22.21212121212121,0.0303030303030303,7.51,12.28,4.77,4.77,0.3884364820846905,0.0303030303030303,0,Q2,Low,2024-11,2025-12,0,0,Mid-Recent,0,0,1,0.23397435897435898
45,Male,0,56,0,Ads,low,2,60.6,29.547619047619047,0.238095238095238,38.77,15.3675,5.675000000000001,22.700000000000003,0.3692858304864161,0.1904761904761904,1,Q1,High,2023-09,2025-09,1,1,Inactive,0,0,0,0.30074786324786323
47,Female,5,14,0,Organic,low,8,171.08,24.745454545454542,0.1969696969696969,107.81,15.62625,2.27625,18.21,0.144500872877321,0.1212121212121212,1,Q4,High,2023-07,2025-11,0,0,Mid-Recent,1,0,1,0.5972222222222223
48,Male,5,17,0,Ads,medium,2,98.57,26.381818181818183,0.1818181818181818,50.08,15.69,3.605,14.42,0.2235658914728682,0.1212121212121212,1,Q2,High,2024-03,2025-12,0,0,Mid-Inactive,0,0,0,0.49786324786324787
30,Male,2,2,0,Organic,medium,2,110.44,21.863636363636363,0.1515151515151515,16.18,8.254999999999999,0.165,0.33,0.0199878861296184,0.0606060606060606,0,Q2,Mid-Low,2024-08,2025-11,0,0,Recent,0,0,1,0.3659188034188034
43,Other,1,11,0,Partnership,low,5,88.44,20.93235294117647,0.1470588235294117,16.09,20.0,3.91,3.91,0.1955,0.0294117647058823,0,Q1,Low,2025-07,2025-12,0,0,Mid-Recent,0,0,1,0.516025641025641
22,Female,1,15,0,Referral,medium,0,55.67,25.97,0.1,9.48,6.76,2.02,4.039999999999999,0.2988165680473372,0.1,1,Q1,Mid-High,2025-01,2025-12,0,0,Mid-Inactive,0,0,0,0.4214743589743589
30,Female,3,27,1,Organic,medium,2,135.86,22.995454545454542,0.2045454545454545,68.85,13.22,1.7533333333333332,10.52,0.1325437822854983,0.1363636363636363,1,Q3,High,2025-09,2025-12,1,0,Mid-Inactive,0,0,0,0.3920940170940171
62,Male,6,78,0,Partnership,medium,0,120.46,26.086111111111112,0.0833333333333333,35.96,12.486666666666666,1.163333333333333,3.4899999999999998,0.088466413181242,0.0833333333333333,0,Q2,Mid-Low,2023-01,2025-12,1,1,Inactive,0,0,0,0.3023504273504274
20,Female,4,12,0,Ads,low,6,62.92,20.49655172413793,0.3103448275862069,34.89,13.37,4.647499999999999,18.59,0.3476065818997755,0.1379310344827586,1,Q1,High,2025-08,2025-12,0,0,Mid-Recent,0,0,1,0.4807692307692308
61,Male,2,14,1,Ads,low,4,104.43,26.18947368421053,0.2368421052631578,36.55,12.76,3.6225,14.489999999999998,0.2838949843260188,0.1052631578947368,1,Q2,Mid-High,2025-10,2025-12,0,0,Mid-Recent,0,0,1,0.24839743589743588
67,Male,5,12,1,Partnership,high,6,171.68,23.88888888888889,0.0222222222222222,0.0,0.0,0.0,0.0,0.0,0.0,0,Q4,Low,2024-04,2025-12,0,0,Mid-Recent,1,0,1,0.31997863247863245
45,Male,2,1,1,Organic,medium,4,149.17,23.339583333333334,0.1666666666666666,70.53999999999999,17.856,3.748,18.74,0.2099014336917563,0.1041666666666666,1,Q3,Mid-High,2025-05,2025-12,0,0,Recent,0,0,1,0.5897435897435896
60,Female,0,36,1,Partnership,medium,5,66.22,27.9,0.0454545454545454,9.98,13.24,3.26,3.26,0.2462235649546827,0.0454545454545454,0,Q1,Low,2023-01,2025-12,1,1,Inactive,0,0,0,0.49252136752136755
67,Female,2,17,0,Organic,medium,6,109.53,28.345945945945942,0.1621621621621621,34.64,13.910000000000002,2.3633333333333337,7.090000000000002,0.1699017493410017,0.081081081081081,0,Q2,Mid-Low,2023-01,2025-11,0,0,Mid-Inactive,0,0,0,0.48717948717948717
62,Female,4,12,0,Ads,low,6,86.29,24.99142857142857,0.1714285714285714,54.23,15.0,4.154,20.77,0.2769333333333333,0.1428571428571428,1,Q1,High,2023-09,2025-12,0,0,Mid-Recent,0,0,1,0.3258547008547008
22,Other,3,9,1,Partnership,high,7,197.63,24.87872340425532,0.2340425531914893,144.41,20.22,2.5424999999999995,20.34,0.1234597875569043,0.1702127659574468,1,Q4,High,2024-09,2025-12,0,0,Mid-Recent,1,0,1,0.39102564102564097
28,Male,2,0,0,Ads,low,2,69.59,21.42083333333333,0.25,61.74,14.344,2.06,10.299999999999995,0.142976124375347,0.2083333333333333,1,Q1,High,2023-09,2025-11,0,0,Recent,0,0,1,0.31356837606837606
29,Other,3,20,0,Partnership,low,1,90.24,24.783870967741933,0.1612903225806451,43.010000000000005,15.752,7.15,35.75,0.4539106145251396,0.1612903225806451,1,Q1,High,2023-09,2025-11,1,0,Mid-Inactive,0,0,0,0.4893162393162393
21,Other,0,21,0,Ads,medium,2,139.13,25.0093023255814,0.1162790697674418,0.0,0.0,0.0,0.0,0.0,0.0,0,Q3,Low,2024-11,2025-12,1,0,Mid-Inactive,0,0,0,0.2419871794871795
58,Other,2,40,0,Ads,low,4,38.6,23.805882352941172,0.1176470588235294,21.48,11.66,0.9200000000000002,1.8400000000000003,0.078902229845626,0.1176470588235294,1,Q1,High,2025-05,2025-11,1,1,Inactive,0,0,0,0.20726495726495728
42,Male,1,14,1,Referral,high,7,249.63,26.101639344262296,0.1639344262295081,47.370000000000005,17.7575,5.914999999999999,23.66,0.3330986906940729,0.0655737704918032,0,Q4,Mid-Low,2025-05,2025-12,0,0,Mid-Recent,1,0,1,0.38835470085470086
33,Female,2,22,0,Referral,medium,5,99.63,24.890625,0.09375,26.91,20.5,7.045,14.09,0.3436585365853658,0.0625,0,Q2,Mid-Low,2025-01,2025-12,1,0,Mid-Inactive,0,0,0,0.20886752136752135
66,Male,1,48,1,Referral,medium,5,61.85,23.903846153846157,0.1538461538461538,43.86,15.12,4.155,16.62,0.2748015873015873,0.1538461538461538,1,Q1,High,2025-08,2025-12,1,1,Inactive,0,0,0,0.36378205128205127
42,Other,6,0,0,Partnership,high,6,185.79,27.2,0.2608695652173913,91.37,15.28,2.338571428571428,16.369999999999997,0.1519398552069797,0.1521739130434782,1,Q4,High,2024-03,2025-12,0,0,Recent,1,0,1,0.4423076923076923
45,Female,2,9,1,Organic,medium,4,109.25,23.297560975609755,0.1463414634146341,21.62,11.0,0.5899999999999999,1.1799999999999995,0.0517543859649122,0.048780487804878,0,Q2,Low,2024-08,2025-12,0,0,Mid-Recent,0,0,1,0.532051282051282
60,Female,3,65,0,Referral,medium,4,127.05,28.20232558139535,0.1162790697674418,48.91,24.5,0.9000000000000004,1.8000000000000007,0.0354959574048511,0.0465116279069767,0,Q3,Low,2023-04,2025-10,1,1,Inactive,0,0,0,0.3947649572649572
18,Female,4,26,0,Ads,high,4,228.53,24.68367346938776,0.1224489795918367,9.46,3.273333333333333,0.1499999999999999,0.4499999999999997,0.0454086781029263,0.0612244897959183,0,Q4,Mid-Low,2024-03,2025-12,1,0,Mid-Inactive,1,1,0,0.5176282051282052
51,Female,2,18,0,Organic,high,9,267.2,24.98939393939394,0.2121212121212121,113.81,14.143,2.905,29.05,0.2033459330813383,0.1515151515151515,1,Q4,High,2023-10,2025-12,0,0,Mid-Inactive,1,0,0,0.5625
50,Female,4,16,0,Referral,low,1,82.65,25.960714285714285,0.1071428571428571,11.82,16.0,4.18,4.18,0.26125,0.0357142857142857,0,Q1,Low,2023-04,2025-11,0,0,Mid-Inactive,0,0,0,0.43482905982905984
20,Other,8,11,0,Partnership,medium,7,131.99,23.53617021276596,0.1702127659574468,30.44,12.92,3.1,9.3,0.2340211373930549,0.0638297872340425,0,Q3,Mid-Low,2025-09,2025-12,0,0,Mid-Recent,0,0,1,0.30074786324786323
43,Other,5,6,0,Organic,low,5,160.32,26.20983606557377,0.0655737704918032,20.46,10.413333333333334,3.5933333333333333,10.78,0.3450704225352112,0.0491803278688524,0,Q3,Low,2023-07,2025-11,0,0,Recent,0,0,1,0.40224358974358976
64,Female,3,0,0,Ads,high,9,219.08,24.63728813559322,0.2033898305084746,98.37,14.795,2.75875,22.07,0.1832447691796745,0.135593220338983,1,Q4,High,2025-09,2025-12,0,0,Recent,1,0,1,0.42147435897435903
68,Other,1,31,1,Ads,medium,5,105.73,24.37058823529412,0.1470588235294117,45.86,16.346666666666668,1.2899999999999998,3.87,0.0778202292378845,0.088235294117647,1,Q2,Mid-High,2024-09,2025-10,1,1,Inactive,0,0,0,0.5299145299145298
61,Other,6,13,1,Ads,medium,8,124.41,23.544444444444444,0.1555555555555555,33.58,16.080000000000002,4.886666666666667,14.66,0.3038971807628524,0.0666666666666666,0,Q3,Mid-Low,2025-10,2025-12,0,0,Mid-Recent,0,0,1,0.34775641025641024
60,Other,2,10,0,Ads,low,3,91.57,26.562857142857144,0.0857142857142857,12.64,14.78,2.139999999999999,2.139999999999999,0.1447902571041947,0.0285714285714285,0,Q2,Low,2024-03,2025-11,0,0,Mid-Recent,0,0,1,0.29807692307692313
24,Female,1,20,0,Ads,high,9,299.02,25.12328767123288,0.1232876712328767,37.97,10.065,0.6925,2.77,0.0679921453117329,0.0547945205479452,0,Q4,Low,2024-03,2025-12,1,0,Mid-Inactive,1,1,0,0.5021367521367521
32,Other,6,11,0,Partnership,medium,9,161.7,22.5,0.1333333333333333,45.09,12.652,3.634,18.17,0.287227315839393,0.0833333333333333,0,Q3,Mid-Low,2024-10,2025-12,0,0,Mid-Recent,0,0,1,0.5993589743589745
52,Other,4,18,0,Referral,medium,6,90.68,27.52068965517241,0.1034482758620689,21.97,14.88,3.895000000000001,7.790000000000001,0.2617607526881721,0.0689655172413793,0,Q2,Mid-Low,2024-12,2025-12,0,0,Mid-Inactive,0,0,0,0.4738247863247863
67,Other,0,81,0,Organic,medium,7,69.98,22.86,0.2,31.61,9.195,1.2925000000000002,5.170000000000001,0.1405655247417074,0.1333333333333333,1,Q1,High,2024-03,2025-12,1,1,Inactive,0,0,0,0.40170940170940167
59,Other,4,16,0,Ads,low,5,81.06,25.46388888888889,0.0555555555555555,0.0,0.0,0.0,0.0,0.0,0.0,0,Q1,Low,2024-02,2025-12,0,0,Mid-Inactive,0,0,0,0.2676282051282051
36,Male,1,49,0,Referral,high,7,227.8,27.59454545454545,0.2,109.53,14.61,1.2937500000000002,10.35,0.0863363363363363,0.1454545454545454,1,Q4,High,2023-08,2025-11,1,1,Inactive,1,1,0,0.6543803418803418
30,Other,3,11,0,Organic,medium,2,111.29,23.95,0.2352941176470588,32.92,13.333333333333334,2.36,7.08,0.177,0.088235294117647,1,Q2,Mid-High,2023-03,2025-12,0,0,Mid-Recent,0,0,1,0.5090811965811965
54,Other,3,77,0,Organic,low,1,90.25,25.13636363636364,0.1212121212121212,11.74,12.28,0.5399999999999991,0.5399999999999991,0.0439739413680781,0.0303030303030303,0,Q1,Low,2025-09,2025-12,1,1,Inactive,0,0,0,0.37286324786324787
30,Female,0,38,0,Organic,medium,3,57.48,26.33888888888889,0.0555555555555555,0.0,0.0,0.0,0.0,0.0,0.0,0,Q1,Low,2025-04,2025-12,1,1,Inactive,0,0,0,0.24626068376068377
51,Other,0,4,0,Referral,medium,0,65.14,22.3,0.2941176470588235,10.81,13.24,2.43,2.43,0.1835347432024169,0.0588235294117647,0,Q1,Mid-Low,2025-09,2025-12,0,0,Recent,0,0,1,0.1794871794871795
47,Female,3,11,0,Organic,medium,6,115.16,22.32307692307692,0.1025641025641025,39.55,15.106666666666667,2.2966666666666664,6.889999999999999,0.1483634797588285,0.0769230769230769,0,Q2,Mid-Low,2024-01,2025-12,0,0,Mid-Recent,0,0,1,0.26655982905982906
27,Other,0,8,0,Ads,low,3,72.2,22.03846153846154,0.1153846153846153,11.47,9.38,3.645,7.29,0.3885927505330491,0.0769230769230769,0,Q1,Mid-Low,2024-10,2025-12,0,0,Mid-Recent,0,0,1,0.28044871794871795
37,Other,1,5,0,Organic,medium,2,114.01,24.87297297297297,0.081081081081081,11.81,14.0,2.1899999999999995,2.1899999999999995,0.1564285714285714,0.027027027027027,0,Q2,Low,2024-01,2025-12,0,0,Recent,0,0,1,0.3691239316239316
49,Female,0,5,0,Referral,medium,3,71.89,25.580952380952382,0.0,0.0,0.0,0.0,0.0,0.0,0.0,0,Q1,Low,2023-03,2025-09,0,0,Recent,0,0,1,0.41185897435897434
64,Male,0,22,0,Ads,medium,2,124.19,23.068421052631574,0.2105263157894736,73.87,13.5,1.6766666666666663,10.06,0.1198617895865602,0.1578947368421052,1,Q3,High,2023-08,2025-10,1,0,Mid-Inactive,0,0,0,0.42200854700854695
37,Other,3,6,0,Referral,low,3,104.44,21.005000000000003,0.1,26.22,12.59,0.0,0.0,0.0,0.05,0,Q2,Low,2024-06,2025-11,0,0,Recent,0,0,1,0.35416666666666663
61,Female,0,20,1,Partnership,low,2,28.06,26.76,0.3,16.28,8.06,2.6333333333333333,7.9,0.3267162944582299,0.3,1,Q1,High,2024-01,2025-12,1,0,Mid-Inactive,0,0,0,0.14957264957264957
64,Female,5,11,0,Ads,medium,4,145.31,23.26086956521739,0.108695652173913,22.75,5.955,0.4625,1.85,0.0752032520325203,0.0869565217391304,0,Q3,Mid-Low,2025-06,2025-12,0,0,Mid-Recent,0,0,1,0.4770299145299145
38,Other,2,10,0,Organic,medium,4,47.7,24.126666666666665,0.0666666666666666,16.76,16.0,0.0,0.0,0.0,0.0666666666666666,0,Q1,Mid-Low,2025-10,2025-12,0,0,Mid-Recent,0,0,1,0.12927350427350426
54,Male,5,23,0,Partnership,medium,2,142.79,24.011904761904763,0.0238095238095238,12.98,14.0,1.0199999999999996,1.0199999999999996,0.0728571428571428,0.0238095238095238,0,Q3,Low,2024-03,2025-12,1,0,Mid-Inactive,0,0,0,0.5363247863247863
31,Other,2,15,0,Referral,medium,2,152.32,24.68723404255319,0.0851063829787234,14.41,9.38,2.175,4.35,0.2318763326226013,0.0425531914893617,0,Q3,Low,2024-01,2025-12,0,0,Mid-Inactive,0,0,0,0.43963675213675213
24,Other,7,13,0,Partnership,medium,4,108.6,26.623255813953488,0.0930232558139534,49.58,24.0,0.0,0.0,0.0,0.0465116279069767,0,Q2,Low,2025-02,2025-12,0,0,Mid-Recent,0,0,1,0.5961538461538461
21,Male,2,24,1,Partnership,medium,4,143.83,23.588636363636365,0.1136363636363636,17.22,12.76,4.15,8.299999999999999,0.3252351097178683,0.0454545454545454,0,Q3,Low,2025-08,2025-12,1,0,Mid-Inactive,0,0,0,0.4962606837606838
50,Other,0,36,0,Partnership,high,0,33.56,24.414285714285715,0.1428571428571428,7.69,13.24,5.55,5.55,0.4191842900302114,0.1428571428571428,1,Q1,High,2025-07,2025-11,1,1,Inactive,0,0,0,0.358974358974359
33,Male,6,1,0,Ads,low,3,143.75,23.848936170212767,0.1914893617021276,86.00999999999999,18.6,1.6800000000000002,8.4,0.0889736256752462,0.1063829787234042,1,Q3,Mid-High,2024-09,2025-12,0,0,Recent,0,0,1,0.5854700854700854
62,Other,0,24,1,Partnership,medium,1,53.36,28.688888888888886,0.2222222222222222,27.91,19.5,5.545000000000001,11.090000000000002,0.2843589743589744,0.1111111111111111,1,Q1,Mid-High,2025-07,2025-12,1,0,Mid-Inactive,0,0,0,0.2532051282051282
35,Other,2,8,1,Organic,low,4,114.65,27.977777777777774,0.0888888888888888,25.97,13.839999999999998,5.183333333333334,15.55,0.3745183044315993,0.0666666666666666,0,Q2,Mid-Low,2025-08,2025-12,0,0,Mid-Recent,0,0,1,0.5213675213675213
23,Male,7,118,0,Ads,high,6,244.49,24.142857142857142,0.1071428571428571,34.129999999999995,17.0,0.9800000000000004,1.9600000000000009,0.0543086727625381,0.0357142857142857,0,Q4,Low,2024-08,2025-11,1,1,Inactive,1,1,0,0.38087606837606836
54,Female,2,6,0,Referral,medium,8,121.36,25.30454545454546,0.1590909090909091,29.090000000000003,10.525,3.2524999999999995,13.009999999999998,0.3090261282660332,0.0909090909090909,1,Q2,Mid-High,2023-07,2025-12,0,0,Recent,0,0,1,0.280982905982906
59,Other,2,15,0,Organic,low,5,94.58,25.67142857142857,0.2142857142857142,36.5,10.655,1.755,7.02,0.1613051470588235,0.0952380952380952,1,Q2,Mid-High,2023-01,2025-11,0,0,Mid-Inactive,0,0,0,0.4946581196581197
22,Other,6,17,0,Partnership,medium,2,169.77,24.094736842105263,0.087719298245614,37.1,20.875,2.325000000000001,4.650000000000002,0.111377245508982,0.0350877192982456,0,Q4,Low,2025-01,2025-12,0,0,Mid-Inactive,1,0,0,0.5101495726495726
52,Other,0,2,0,Referral,medium,0,55.06,24.294117647058822,0.1176470588235294,0.0,0.0,0.0,0.0,0.0,0.0,0,Q1,Low,2025-03,2025-11,0,0,Recent,0,0,1,0.235042735042735
29,Other,8,9,0,Referral,high,10,247.28,25.03968253968254,0.1111111111111111,76.83,16.358,1.4939999999999996,7.469999999999998,0.0886120996441281,0.0793650793650793,0,Q4,Mid-Low,2024-01,2025-12,0,0,Mid-Recent,1,0,1,0.702457264957265
20,Male,2,1,1,Ads,high,7,264.61,23.28676470588235,0.2205882352941176,144.72,18.17111111111111,2.251111111111111,20.26,0.1228027639713904,0.1323529411764706,1,Q4,High,2024-10,2025-12,0,0,Recent,1,0,1,0.5710470085470085
66,Male,5,26,0,Referral,medium,2,104.3,24.678125,0.09375,35.19,22.0,4.404999999999999,8.809999999999999,0.2002272727272727,0.0625,0,Q2,Mid-Low,2023-07,2025-12,1,0,Mid-Inactive,0,0,0,0.2019230769230769
28,Female,5,13,0,Ads,medium,4,125.91,25.921951219512195,0.073170731707317,0.0,0.0,0.0,0.0,0.0,0.0,0,Q3,Low,2024-09,2025-12,0,0,Mid-Recent,0,0,1,0.4973290598290598
68,Female,3,36,0,Ads,medium,7,90.82,23.53333333333333,0.1818181818181818,44.1,21.92,7.22,21.66,0.3293795620437956,0.0909090909090909,1,Q2,Mid-High,2023-06,2025-11,1,1,Inactive,0,0,0,0.296474358974359
51,Female,0,28,1,Referral,medium,1,82.71,24.766666666666666,0.0833333333333333,4.7,8.0,3.3,3.3,0.4125,0.0416666666666666,0,Q1,Low,2024-01,2025-09,1,0,Inactive,0,0,0,0.36912393162393164
30,Male,1,30,0,Ads,high,7,291.9,26.142424242424244,0.2121212121212121,70.55,13.262857142857143,3.291428571428572,23.04,0.2461801474516508,0.106060606060606,1,Q4,Mid-High,2024-04,2025-12,1,1,Inactive,1,1,0,0.5347222222222223
31,Other,1,27,1,Organic,medium,0,38.27,24.29090909090909,0.0909090909090909,0.0,0.0,0.0,0.0,0.0,0.0,0,Q1,Low,2025-09,2025-12,1,0,Mid-Inactive,0,0,0,0.2857905982905983
45,Male,0,2,0,Organic,medium,3,62.99,26.017391304347825,0.217391304347826,20.33,13.0,3.425,6.85,0.2520235467255334,0.0869565217391304,0,Q1,Mid-Low,2023-04,2025-12,0,0,Recent,0,0,1,0.22596153846153844
43,Female,4,28,0,Organic,medium,8,238.39,25.30434782608696,0.0869565217391304,21.91,22.0,0.0899999999999998,0.0899999999999998,0.004090909090909,0.0144927536231884,0,Q4,Low,2025-02,2025-12,1,0,Inactive,1,1,0,0.6447649572649572
52,Male,5,49,1,Organic,medium,4,186.21,25.816981132075476,0.1509433962264151,40.2,11.93,3.89,19.45,0.3260687342833193,0.0943396226415094,1,Q4,Mid-High,2023-01,2025-12,1,1,Inactive,1,1,0,0.39583333333333337
54,Other,1,0,0,Partnership,medium,7,105.02,21.11081081081081,0.1351351351351351,47.76,20.33333333333333,4.413333333333335,13.240000000000004,0.2170491803278689,0.081081081081081,0,Q2,Mid-Low,2024-11,2025-11,0,0,Recent,0,0,1,0.4941239316239316
42,Male,2,51,0,Referral,low,2,73.85,25.446153846153848,0.0769230769230769,0.0,0.0,0.0,0.0,0.0,0.0,0,Q1,Low,2023-12,2025-12,1,1,Inactive,0,0,0,0.28739316239316237
25,Other,1,21,0,Referral,medium,8,100.17,23.00263157894737,0.1578947368421052,39.89,13.96,3.9875,15.95,0.2856375358166189,0.1052631578947368,1,Q2,Mid-High,2025-11,2025-12,1,0,Mid-Inactive,0,0,0,0.17895299145299143
41,Female,5,11,0,Ads,high,2,185.28,26.976923076923075,0.0769230769230769,31.97,16.16,0.375,0.75,0.022921760391198,0.0512820512820512,0,Q4,Low,2025-07,2025-12,0,0,Mid-Recent,1,0,1,0.454059829059829
24,Female,2,30,0,Partnership,high,0,192.54,25.11333333333333,0.1333333333333333,28.24,11.173333333333332,1.9566666666666668,5.87,0.1720902961008502,0.0666666666666666,0,Q4,Mid-Low,2024-10,2025-12,1,1,Inactive,1,1,0,0.5838675213675213
51,Other,1,25,0,Partnership,medium,11,154.42,24.755102040816325,0.2040816326530612,70.35,13.31,4.54875,36.39,0.3409218662169758,0.1632653061224489,1,Q3,High,2023-08,2025-11,1,0,Mid-Inactive,0,0,0,0.3995726495726496
62,Other,9,12,1,Organic,medium,12,144.77,24.62,0.1636363636363636,67.35,13.435714285714283,3.814285714285714,26.7,0.2838915470494418,0.1272727272727272,1,Q3,High,2024-10,2025-12,0,0,Mid-Recent,0,0,1,0.5779914529914529
38,Female,4,90,0,Organic,medium,9,274.1,24.639024390243904,0.2073170731707317,132.19,14.98,4.126666666666666,49.52,0.2725221506796544,0.1463414634146341,1,Q4,High,2025-02,2025-12,1,1,Inactive,1,1,0,0.6169871794871795
26,Female,1,21,0,Ads,medium,4,87.8,24.89,0.1666666666666666,52.84,14.185,0.9749999999999992,3.899999999999997,0.0687345787804017,0.1333333333333333,1,Q1,High,2025-02,2025-11,1,0,Mid-Inactive,0,0,0,0.45726495726495725
54,Other,1,6,0,Referral,low,2,40.04,25.866666666666667,0.1333333333333333,9.05,16.0,6.949999999999999,6.949999999999999,0.4343749999999999,0.0666666666666666,0,Q1,Mid-Low,2023-05,2025-08,0,0,Recent,0,0,1,0.19177350427350426
61,Other,2,4,0,Partnership,medium,2,136.24,24.663157894736845,0.0789473684210526,4.48,8.0,3.52,3.52,0.4399999999999999,0.0263157894736842,0,Q3,Low,2025-01,2025-11,0,0,Recent,0,0,1,0.3456196581196581
47,Other,7,24,0,Organic,medium,5,161.87,26.648076923076925,0.1923076923076923,35.400000000000006,7.026666666666666,1.1266666666666665,6.759999999999998,0.1603415559772295,0.1153846153846153,1,Q3,Mid-High,2024-03,2025-11,1,0,Mid-Inactive,0,0,0,0.592948717948718
37,Other,0,21,0,Organic,medium,5,217.29,24.882758620689657,0.1379310344827586,17.74,9.406666666666666,3.4933333333333336,10.48,0.371367824238129,0.0517241379310344,0,Q4,Low,2023-08,2025-11,1,0,Mid-Inactive,1,1,0,0.31303418803418803
58,Male,3,25,0,Ads,high,3,119.45,25.071875,0.125,48.8,18.593333333333334,2.763333333333333,8.29,0.1452093186197232,0.09375,1,Q2,Mid-High,2023-03,2025-11,1,0,Mid-Inactive,0,0,0,0.35470085470085466
21,Male,3,18,0,Partnership,medium,3,75.28,27.775,0.1666666666666666,33.94,15.333333333333334,4.1433333333333335,12.43,0.268061246495579,0.125,1,Q1,High,2023-12,2025-11,0,0,Mid-Inactive,0,0,0,0.4802350427350427
64,Male,8,73,0,Partnership,medium,13,147.01,25.103389830508476,0.2203389830508474,108.97,17.255,3.6575,29.26,0.2116761918541561,0.135593220338983,1,Q3,High,2025-07,2025-12,1,1,Inactive,0,0,0,0.3173076923076923
57,Male,10,16,0,Partnership,high,6,279.04,26.2734375,0.171875,75.35,12.585714285714284,1.93,13.510000000000002,0.1520369119963988,0.109375,1,Q4,Mid-High,2023-07,2025-12,0,0,Mid-Inactive,1,0,0,0.5122863247863247
61,Other,5,8,0,Partnership,medium,6,84.27,23.814705882352943,0.1470588235294117,49.7,12.776,2.8360000000000003,14.18,0.2219787100814026,0.1470588235294117,1,Q1,High,2023-07,2025-11,0,0,Mid-Recent,0,0,1,0.5090811965811965
32,Male,0,46,0,Organic,medium,7,81.93,23.81,0.2,77.05,14.061666666666667,1.4600000000000002,8.760000000000002,0.1020860039622421,0.2,1,Q1,High,2024-02,2025-11,1,1,Inactive,0,0,0,0.547542735042735
21,Female,3,25,0,Partnership,medium,2,142.11,25.30454545454546,0.1136363636363636,41.89,13.8825,3.55,14.2,0.2531645569620253,0.0909090909090909,1,Q3,Mid-High,2025-07,2025-12,1,0,Mid-Inactive,0,0,0,0.5726495726495726
39,Other,10,30,0,Referral,high,3,270.07,23.388709677419357,0.1612903225806451,62.19,14.686666666666667,4.321666666666666,25.93,0.2942578302315025,0.0967741935483871,1,Q4,Mid-High,2025-06,2025-12,1,1,Inactive,1,1,0,0.4551282051282051
36,Female,4,40,0,Referral,low,9,144.51,23.643636363636364,0.0727272727272727,45.01,19.0,3.996666666666666,11.989999999999998,0.2103508771929824,0.0545454545454545,0,Q3,Low,2023-09,2025-12,1,1,Inactive,0,0,0,0.2793803418803419
59,Other,2,13,1,Partnership,medium,6,129.8,24.76086956521739,0.1304347826086956,37.32,13.0,1.0600000000000005,3.1800000000000006,0.0785185185185185,0.0652173913043478,0,Q3,Mid-Low,2023-05,2025-12,0,0,Mid-Recent,0,0,1,0.33814102564102566
18,Other,4,58,0,Organic,medium,4,126.36,23.837777777777777,0.1333333333333333,18.85,9.506666666666666,3.223333333333333,9.67,0.3390603085553997,0.0666666666666666,0,Q3,Mid-Low,2024-03,2025-11,1,1,Inactive,0,0,0,0.47275641025641024
18,Female,8,3,0,Partnership,high,6,222.74,25.788888888888888,0.0925925925925925,27.07,19.14,5.605,11.21,0.2928422152560083,0.037037037037037,0,Q4,Low,2023-05,2025-11,0,0,Recent,1,0,1,0.4278846153846154
45,Female,5,3,0,Referral,high,6,229.81,24.96607142857143,0.1607142857142857,71.85,10.958571428571428,1.0,7.0,0.0887761572606214,0.125,1,Q4,High,2023-12,2025-12,0,0,Recent,1,0,1,0.6100427350427351
49,Male,0,22,0,Organic,high,6,295.7,25.20149253731343,0.0895522388059701,13.77,5.8,2.3575,9.43,0.4064655172413793,0.0597014925373134,0,Q4,Mid-Low,2025-01,2025-12,1,0,Mid-Inactive,1,1,0,0.4417735042735043
41,Female,2,3,0,Partnership,low,1,87.75,25.774193548387096,0.1612903225806451,22.35,16.0,4.825,9.65,0.3015625,0.064516129032258,0,Q1,Mid-Low,2025-01,2025-12,0,0,Recent,0,0,1,0.517094017094017
24,Female,3,20,0,Ads,medium,6,135.53,26.068181818181817,0.2272727272727272,54.56,13.207999999999998,2.336,11.68,0.1763285024154589,0.1136363636363636,1,Q3,Mid-High,2025-05,2025-12,1,0,Mid-Inactive,0,0,0,0.5240384615384615
18,Female,1,25,0,Referral,low,9,130.89,25.59183673469388,0.1020408163265306,49.86,17.5,5.0375,20.15,0.2878160262819597,0.0816326530612244,0,Q3,Mid-Low,2024-02,2025-12,1,0,Mid-Inactive,0,0,0,0.5523504273504274
26,Female,1,30,1,Organic,high,3,148.51,22.552941176470583,0.1764705882352941,40.05,14.5,4.4875,17.95,0.3094827586206896,0.1176470588235294,1,Q3,High,2024-10,2025-12,1,1,Inactive,0,0,0,0.516025641025641
48,Other,4,2,0,Referral,medium,3,161.85,24.668888888888887,0.0444444444444444,13.95,23.0,9.05,9.05,0.3934782608695652,0.0222222222222222,0,Q3,Low,2023-01,2025-12,0,0,Recent,0,0,1,0.5560897435897436
49,Other,4,21,0,Organic,medium,5,95.59,21.8,0.2058823529411764,34.99,16.426666666666666,4.763333333333333,14.29,0.2899756493506493,0.088235294117647,1,Q2,Mid-High,2023-08,2025-12,1,0,Mid-Inactive,0,0,0,0.2938034188034188
26,Male,3,27,0,Referral,low,6,108.4,25.090243902439024,0.1707317073170731,11.72,8.21,2.3500000000000005,4.700000000000001,0.2862362971985384,0.048780487804878,0,Q2,Low,2024-05,2025-12,1,0,Mid-Inactive,0,0,0,0.37232905982905984
50,Male,2,0,0,Referral,medium,7,100.18,24.985714285714284,0.0857142857142857,22.04,14.96,3.94,7.880000000000001,0.2633689839572192,0.0571428571428571,0,Q2,Low,2023-08,2025-11,0,0,Recent,0,0,1,0.49946581196581197
65,Male,3,0,0,Partnership,medium,4,93.94,28.55757575757576,0.1818181818181818,72.8,23.4225,5.2225,20.89,0.2229693670615861,0.1212121212121212,1,Q2,High,2025-05,2025-12,0,0,Recent,0,0,1,0.4145299145299145
23,Female,7,14,1,Ads,low,5,121.11,23.575,0.1875,37.53,10.352,2.846,14.23,0.2749227202472952,0.1041666666666666,1,Q2,Mid-High,2023-06,2025-11,0,0,Mid-Recent,0,0,1,0.5758547008547008
67,Male,4,5,0,Ads,medium,7,101.11,23.40952380952381,0.1904761904761904,41.2,11.704,3.588,17.94,0.3033479878254988,0.119047619047619,1,Q2,High,2023-11,2025-10,0,0,Recent,0,0,1,0.4807692307692307
63,Male,3,0,0,Ads,low,5,83.68,26.003030303030304,0.2121212121212121,69.83,21.31,3.912500000000001,15.650000000000002,0.1830837622835751,0.1212121212121212,1,Q1,High,2025-01,2025-12,0,0,Recent,0,0,1,0.5048076923076923
26,Female,0,2,0,Organic,high,7,147.16,27.933333333333334,0.1904761904761904,49.88,12.354,2.378,11.89,0.1924882629107981,0.119047619047619,1,Q3,High,2024-06,2025-12,0,0,Recent,0,0,1,0.42521367521367526
19,Other,0,2,1,Referral,low,3,74.23,24.060714285714287,0.1428571428571428,28.51,29.0,0.4899999999999984,0.4899999999999984,0.0168965517241378,0.0357142857142857,0,Q1,Low,2024-11,2025-12,0,0,Recent,0,0,1,0.37232905982905984
51,Female,1,15,1,Ads,low,6,101.48,26.852777777777774,0.1944444444444444,129.98,19.571428571428573,1.6200000000000006,11.340000000000003,0.0802434191904897,0.1944444444444444,1,Q2,High,2024-08,2025-11,0,0,Mid-Inactive,0,0,0,0.35096153846153844
21,Other,3,18,0,Referral,low,5,71.5,21.385185185185183,0.1481481481481481,43.84,19.33333333333333,4.72,14.16,0.2441379310344827,0.1111111111111111,1,Q1,Mid-High,2024-06,2025-12,0,0,Mid-Inactive,0,0,0,0.3125
41,Female,5,42,0,Partnership,medium,8,170.54,25.227868852459014,0.1475409836065573,104.28,15.3675,2.405,19.24,0.1557642487046632,0.1311475409836065,1,Q4,High,2023-06,2025-11,1,1,Inactive,1,1,0,0.5272435897435898
29,Male,4,2,0,Referral,high,6,158.55,25.172727272727272,0.25,44.47,12.69,3.844,19.22,0.3017742188726645,0.1136363636363636,1,Q3,Mid-High,2025-08,2025-12,0,0,Recent,0,0,1,0.5240384615384615
48,Female,1,13,0,Partnership,medium,7,137.27,24.730434782608693,0.108695652173913,28.83,21.5,7.085,14.17,0.3295348837209302,0.0434782608695652,0,Q3,Low,2024-07,2025-12,0,0,Mid-Recent,0,0,1,0.5673076923076923
41,Female,2,44,0,Referral,low,1,98.35,24.679411764705883,0.2647058823529412,67.41,12.214285714285714,2.717142857142857,19.02,0.2200624783061437,0.2058823529411764,1,Q2,High,2023-04,2025-12,1,1,Inactive,0,0,0,0.41880341880341876
61,Other,7,20,0,Organic,high,8,209.81,28.1,0.0943396226415094,38.19,16.497500000000002,6.95,27.8,0.4212759509016518,0.0754716981132075,0,Q4,Mid-Low,2024-09,2025-12,1,0,Mid-Inactive,1,1,0,0.38888888888888884
65,Other,0,0,0,Ads,medium,6,91.48,27.25,0.1875,12.239999999999998,7.869999999999999,1.75,3.5,0.2223634053367217,0.0625,0,Q2,Mid-Low,2024-05,2025-12,0,0,Recent,0,0,1,0.2991452991452991
42,Male,2,12,0,Ads,medium,2,74.23,23.49230769230769,0.2307692307692307,53.06,18.73,5.465,21.86,0.291777896422851,0.1538461538461538,1,Q1,High,2023-06,2025-12,0,0,Mid-Recent,0,0,1,0.29433760683760685
59,Male,1,4,0,Partnership,medium,5,109.77,24.276190476190475,0.119047619047619,51.53,14.4325,1.5500000000000005,6.200000000000001,0.1073965009527109,0.0952380952380952,1,Q2,Mid-High,2023-11,2025-12,0,0,Recent,0,0,1,0.48771367521367526
57,Female,1,0,0,Partnership,medium,9,58.85,23.874074074074077,0.1481481481481481,9.48,13.24,3.76,3.76,0.2839879154078549,0.037037037037037,0,Q1,Low,2024-07,2025-12,0,0,Recent,0,0,1,0.4930555555555555
20,Male,4,48,0,Partnership,medium,2,111.81,26.93870967741936,0.1935483870967742,26.75,14.14,0.7649999999999997,1.5299999999999994,0.054101838755304,0.064516129032258,0,Q2,Mid-Low,2023-08,2025-12,1,1,Inactive,0,0,0,0.5101495726495726
41,Female,3,1,0,Partnership,medium,2,80.24,21.85555555555556,0.1111111111111111,9.69,12.28,2.59,2.59,0.2109120521172638,0.037037037037037,0,Q1,Low,2024-10,2025-12,0,0,Recent,0,0,1,0.5069444444444444
51,Other,4,48,1,Ads,low,8,145.2,22.975,0.1071428571428571,29.42,13.253333333333332,3.4466666666666668,10.34,0.2600603621730382,0.0535714285714285,0,Q3,Low,2024-03,2025-12,1,1,Inactive,0,0,0,0.3669871794871795
36,Male,1,11,0,Ads,medium,1,131.01,25.610000000000003,0.175,57.53,17.25,3.2875,13.15,0.1860498019241652,0.1,1,Q3,Mid-High,2025-10,2025-12,0,0,Mid-Recent,0,0,1,0.23611111111111108
50,Male,3,12,1,Partnership,medium,5,54.35,22.84,0.2,3.97,6.76,2.79,2.79,0.4127218934911242,0.05,0,Q1,Low,2023-09,2025-11,0,0,Mid-Recent,0,0,1,0.15758547008547008
43,Other,1,47,0,Ads,low,3,96.87,25.01621621621622,0.2162162162162162,12.25,6.1866666666666665,2.1933333333333334,6.58,0.3494423791821561,0.081081081081081,0,Q2,Mid-Low,2023-10,2025-11,1,1,Inactive,0,0,0,0.3344017094017094
54,Male,2,35,1,Partnership,medium,14,204.25,24.245205479452057,0.1095890410958904,54.54,13.768,2.8600000000000003,14.3,0.2077280650784427,0.0684931506849315,0,Q4,Mid-Low,2025-11,2025-12,1,1,Inactive,1,1,0,0.3910256410256411
36,Other,3,14,0,Referral,medium,4,167.81,25.296078431372543,0.2941176470588235,77.03,10.89,1.40875,11.27,0.1276330690826727,0.1568627450980392,1,Q4,High,2025-08,2025-12,0,0,Mid-Recent,1,0,1,0.47756410256410253
52,Male,4,1,0,Referral,high,5,184.23,23.532653061224487,0.1836734693877551,60.52,12.888333333333334,2.996666666666666,17.979999999999997,0.2290445859872611,0.1224489795918367,1,Q4,High,2025-09,2025-12,0,0,Recent,1,0,1,0.28846153846153844
35,Male,0,11,0,Ads,medium,0,116.89,26.172222222222224,0.1944444444444444,71.92,21.456,7.072,35.36,0.3296047725577927,0.1388888888888889,1,Q2,High,2023-09,2025-11,0,0,Mid-Recent,0,0,1,0.3995726495726496
58,Other,1,1,0,Organic,medium,10,113.98,26.767391304347825,0.1739130434782608,50.150000000000006,10.918333333333331,2.56,15.359999999999998,0.2344680201495954,0.1304347826086956,1,Q2,High,2024-10,2025-12,0,0,Recent,0,0,1,0.5881410256410255
34,Other,4,32,0,Partnership,medium,2,90.56,26.77777777777778,0.037037037037037,0.0,0.0,0.0,0.0,0.0,0.0,0,Q2,Low,2025-01,2025-12,1,1,Inactive,0,0,0,0.32638888888888884
58,Male,2,2,0,Ads,high,7,247.54,25.963492063492065,0.1111111111111111,46.79,12.945,1.5399999999999998,6.159999999999999,0.1163361661945231,0.0634920634920634,0,Q4,Mid-Low,2023-06,2025-11,0,0,Recent,1,0,1,0.3830128205128206
19,Other,2,22,0,Partnership,medium,5,111.28,27.824324324324323,0.1351351351351351,4.22,4.76,0.54,0.54,0.1134453781512605,0.027027027027027,0,Q2,Low,2023-08,2025-12,1,0,Mid-Inactive,0,0,0,0.3691239316239316
53,Male,0,3,0,Ads,medium,3,26.68,25.88181818181818,0.0909090909090909,11.46,11.75,0.2899999999999991,0.2899999999999991,0.0246808510638297,0.0909090909090909,1,Q1,Mid-High,2023-03,2025-10,0,0,Recent,0,0,1,0.11217948717948717
55,Other,6,1,0,Ads,medium,9,133.28,23.306818181818183,0.1590909090909091,25.3,11.05,2.6166666666666667,7.85,0.2368024132730015,0.0681818181818181,0,Q3,Mid-Low,2023-08,2025-12,0,0,Recent,0,0,1,0.4754273504273504
41,Male,5,16,1,Referral,low,2,118.23,28.290243902439027,0.2195121951219512,65.45,14.604,1.608,8.04,0.1094026398149407,0.1219512195121951,1,Q2,High,2023-12,2025-10,0,0,Mid-Inactive,0,0,0,0.48344017094017094
29,Male,0,13,0,Partnership,low,3,94.92,25.23333333333333,0.0909090909090909,22.26,15.0,3.87,7.74,0.258,0.0606060606060606,0,Q2,Mid-Low,2023-08,2025-12,0,0,Mid-Recent,0,0,1,0.3173076923076923
19,Female,2,0,0,Ads,medium,5,140.03,26.21960784313725,0.0784313725490196,30.61,12.31,2.106666666666667,6.32,0.1711345789331167,0.0588235294117647,0,Q3,Mid-Low,2024-12,2025-12,0,0,Recent,0,0,1,0.5608974358974359
30,Male,3,31,0,Referral,medium,5,45.68,23.81904761904762,0.1428571428571428,22.44,13.24,2.02,4.039999999999999,0.1525679758308157,0.0952380952380952,1,Q1,Mid-High,2025-05,2025-12,1,1,Inactive,0,0,0,0.4882478632478633
59,Female,1,5,0,Ads,low,6,103.24,23.83157894736842,0.1578947368421052,46.77,13.45,1.7999999999999998,7.199999999999999,0.1334074485825458,0.1052631578947368,1,Q2,Mid-High,2025-06,2025-12,0,0,Recent,0,0,1,0.2831196581196581
42,Female,10,13,1,Referral,high,8,330.17,23.843589743589742,0.1538461538461538,46.48,15.426666666666668,0.2099999999999996,0.629999999999999,0.013372956909361,0.0384615384615384,0,Q4,Low,2024-08,2025-12,0,0,Mid-Recent,1,0,1,0.592948717948718
26,Male,5,5,0,Organic,high,2,231.52,25.316326530612244,0.1020408163265306,49.69,18.01,1.446666666666666,4.339999999999998,0.0803257449565056,0.0612244897959183,0,Q4,Mid-Low,2025-03,2025-12,0,0,Recent,1,0,1,0.5523504273504274
18,Male,1,13,0,Organic,medium,2,81.98,24.406896551724135,0.2068965517241379,44.0,11.93,1.0675,4.2700000000000005,0.0884607416614874,0.1379310344827586,1,Q1,High,2025-07,2025-12,0,0,Mid-Recent,0,0,1,0.3627136752136752
48,Other,4,25,1,Ads,medium,4,112.81,24.58157894736842,0.0789473684210526,30.24,14.746666666666668,4.906666666666667,14.72,0.3274021352313167,0.0789473684210526,0,Q2,Mid-Low,2023-02,2025-10,1,0,Mid-Inactive,0,0,0,0.4567307692307692
27,Male,1,6,0,Organic,low,3,35.6,30.38,0.1333333333333333,0.0,0.0,0.0,0.0,0.0,0.0,0,Q1,Low,2024-08,2025-10,0,0,Recent,0,0,1,0.24038461538461536
24,Other,10,13,0,Referral,high,4,318.96,24.87042253521127,0.0985915492957746,11.98,8.98,2.9899999999999998,5.979999999999999,0.3329621380846324,0.028169014084507,0,Q4,Low,2023-10,2025-11,0,0,Mid-Recent,1,0,1,0.625534188034188
32,Male,5,21,1,Partnership,high,6,332.58,26.60821917808219,0.1232876712328767,68.84,15.4,1.7120000000000002,8.56,0.110594315245478,0.0684931506849315,0,Q4,Mid-Low,2025-08,2025-12,1,0,Mid-Inactive,1,1,0,0.5368589743589745
59,Female,4,40,0,Partnership,medium,6,158.7,24.050980392156863,0.0980392156862745,32.11,15.62,0.0,0.0,0.0,0.0392156862745098,0,Q3,Low,2025-05,2025-12,1,1,Inactive,0,0,0,0.4636752136752137
25,Male,4,5,0,Organic,medium,4,131.31,24.9325,0.075,9.76,12.28,2.52,2.52,0.2052117263843648,0.025,0,Q3,Low,2025-11,2025-12,0,0,Recent,0,0,1,0.18749999999999997
39,Male,1,22,0,Referral,medium,3,51.63,23.389473684210525,0.1052631578947368,35.82,28.0,10.09,20.18,0.3603571428571429,0.1052631578947368,1,Q1,Mid-High,2023-12,2025-12,1,0,Mid-Inactive,0,0,0,0.25747863247863245
29,Female,1,42,1,Ads,medium,1,151.89,23.65111111111111,0.2,17.66,7.3475,2.9325,11.73,0.3991153453555631,0.0888888888888888,1,Q3,Mid-High,2024-03,2025-12,1,1,Inactive,0,0,0,0.42414529914529914
57,Female,8,6,0,Referral,medium,11,111.5,23.38372093023256,0.1395348837209302,52.28,13.615,0.79,3.16,0.056998556998557,0.0930232558139534,1,Q2,Mid-High,2023-04,2025-11,0,0,Recent,0,0,1,0.47115384615384615
34,Other,4,0,0,Referral,medium,8,70.92,23.90333333333333,0.2,55.370000000000005,13.95,2.9479999999999995,14.739999999999998,0.2102410497789188,0.1666666666666666,1,Q1,High,2023-03,2025-11,0,0,Recent,0,0,1,0.25587606837606836
38,Male,0,4,0,Partnership,medium,7,131.09,23.468888888888888,0.1111111111111111,53.45,15.75,2.4725,9.89,0.1561414587938111,0.0888888888888888,1,Q3,Mid-High,2023-02,2025-11,0,0,Recent,0,0,1,0.5422008547008547
54,Female,2,5,0,Ads,high,2,215.73,25.5468085106383,0.1702127659574468,61.19,18.984,6.746,33.73,0.3553518752633797,0.1063829787234042,1,Q4,Mid-High,2023-04,2025-11,0,0,Recent,1,0,1,0.43963675213675213
29,Female,6,6,0,Organic,medium,6,224.61,27.8796875,0.125,44.84,11.006,2.262,11.31,0.2014247551202137,0.078125,0,Q4,Mid-Low,2024-06,2025-12,0,0,Recent,1,0,1,0.4914529914529915
62,Female,1,18,0,Ads,low,1,36.98,22.957142857142856,0.0714285714285714,0.0,0.0,0.0,0.0,0.0,0.0,0,Q1,Low,2023-11,2025-09,0,0,Mid-Inactive,0,0,0,0.4166666666666667
53,Female,4,25,0,Ads,low,6,91.85,23.377142857142857,0.2285714285714285,80.75,14.351428571428572,2.8157142857142854,19.71,0.1961974915389209,0.2,1,Q2,High,2023-07,2025-12,1,0,Mid-Inactive,0,0,0,0.43696581196581197
63,Female,3,14,0,Referral,medium,6,128.61,24.582608695652173,0.2608695652173913,102.33,17.59125,4.8,38.4,0.2728629290130036,0.1739130434782608,1,Q3,High,2024-12,2025-12,0,0,Mid-Recent,0,0,1,0.45619658119658113
31,Male,3,2,0,Partnership,high,5,365.67,26.200000000000003,0.1309523809523809,69.73,17.442,3.496,17.479999999999997,0.2004357298474945,0.0595238095238095,0,Q4,Mid-Low,2025-06,2025-12,0,0,Recent,1,0,1,0.500534188034188
40,Female,5,82,1,Organic,high,5,207.7,25.91346153846154,0.1538461538461538,2.57,3.46,0.8900000000000001,0.8900000000000001,0.2572254335260116,0.0192307692307692,0,Q4,Low,2025-02,2025-12,1,1,Inactive,1,1,0,0.48878205128205127
44,Male,0,4,0,Ads,medium,7,127.95,28.51627906976744,0.2093023255813953,37.88,12.57,3.1,12.4,0.2466189339697693,0.0930232558139534,1,Q3,Mid-High,2025-06,2025-12,0,0,Recent,0,0,1,0.26976495726495725
25,Other,4,20,0,Partnership,medium,4,128.46,23.77435897435897,0.2051282051282051,39.83,10.555,0.5975,2.39,0.056608242539081,0.1025641025641025,1,Q3,Mid-High,2024-11,2025-12,1,0,Mid-Inactive,0,0,0,0.530448717948718
41,Male,4,32,0,Referral,low,2,104.69,23.75277777777778,0.1388888888888889,55.52,17.189999999999998,3.31,13.24,0.1925538103548575,0.1111111111111111,1,Q2,Mid-High,2024-03,2025-11,1,1,Inactive,0,0,0,0.44818376068376065
19,Male,2,6,0,Ads,medium,2,76.6,24.320833333333336,0.2083333333333333,40.7,15.186666666666667,1.6199999999999992,4.859999999999998,0.1066725197541702,0.125,1,Q1,High,2025-06,2025-11,0,0,Recent,0,0,1,0.21634615384615385
18,Other,2,21,0,Ads,high,7,163.45,26.029545454545453,0.1136363636363636,64.23,14.368,1.5219999999999991,7.609999999999996,0.1059298440979954,0.1136363636363636,1,Q3,Mid-High,2025-11,2025-12,1,0,Mid-Inactive,0,0,0,0.21153846153846154
65,Other,4,20,0,Partnership,medium,5,125.9,27.26585365853659,0.1463414634146341,36.98,14.25,5.0775,20.31,0.3545121312620004,0.0975609756097561,1,Q3,Mid-High,2025-04,2025-12,1,0,Mid-Inactive,0,0,0,0.32371794871794873
46,Other,6,1,1,Organic,medium,10,125.64,24.25625,0.2083333333333333,50.8,15.255,2.6899999999999995,10.759999999999998,0.1747888239116309,0.0833333333333333,0,Q3,Mid-Low,2023-08,2025-12,0,0,Recent,0,0,1,0.5341880341880342
59,Male,0,26,0,Ads,high,5,96.29,25.776,0.2,54.49,13.178,2.46,12.3,0.1841593052852223,0.2,1,Q2,High,2023-11,2025-11,1,0,Mid-Inactive,0,0,0,0.3247863247863248
61,Female,6,0,1,Organic,low,3,118.42,23.73170731707317,0.2439024390243902,45.14,15.38,4.407499999999999,17.629999999999995,0.2808666560458817,0.0975609756097561,1,Q2,Mid-High,2025-06,2025-12,0,0,Recent,0,0,1,0.36538461538461536
35,Male,2,38,1,Ads,medium,5,97.6,26.38,0.1666666666666666,11.56,5.76,0.1,0.2000000000000001,0.0170068027210884,0.0666666666666666,0,Q2,Mid-Low,2024-03,2025-10,1,1,Inactive,0,0,0,0.36004273504273504
21,Male,3,4,0,Ads,medium,3,78.98,26.125,0.1666666666666666,10.74,6.88,1.5099999999999998,3.02,0.2194767441860464,0.0833333333333333,0,Q1,Mid-Low,2023-03,2025-11,0,0,Recent,0,0,1,0.31356837606837606
48,Female,8,2,0,Partnership,low,8,126.13,27.150943396226417,0.1320754716981132,36.47,13.52,1.683333333333333,5.049999999999998,0.1216281310211945,0.0566037735849056,0,Q3,Low,2025-07,2025-12,0,0,Recent,0,0,1,0.36111111111111116
59,Female,2,9,0,Organic,medium,2,108.51,23.641666666666666,0.1944444444444444,15.010000000000002,6.140000000000001,1.1933333333333331,3.58,0.1925766541151156,0.0833333333333333,0,Q2,Mid-Low,2023-10,2025-12,0,0,Mid-Recent,0,0,1,0.5592948717948718
41,Other,4,35,0,Referral,high,3,121.54,25.16875,0.125,34.54,14.346666666666666,2.8333333333333326,8.499999999999998,0.1974907063197025,0.09375,1,Q3,Mid-High,2023-11,2025-12,1,1,Inactive,0,0,0,0.3060897435897436
52,Male,4,7,0,Ads,medium,2,154.69,24.43255813953488,0.1395348837209302,34.51,14.92,3.64,10.92,0.2403697996918335,0.0697674418604651,0,Q3,Mid-Low,2023-07,2025-11,0,0,Recent,0,0,1,0.5128205128205128
53,Male,1,60,0,Ads,medium,3,113.71,22.891666666666666,0.2222222222222222,72.16,15.3,3.273333333333333,19.64,0.2139433551198256,0.1666666666666666,1,Q2,High,2025-10,2025-12,1,1,Inactive,0,0,0,0.18429487179487178
54,Male,4,11,0,Referral,medium,2,87.1,25.642857142857142,0.25,44.790000000000006,15.19,4.109999999999999,16.439999999999998,0.2684958353748162,0.1428571428571428,1,Q1,High,2025-07,2025-12,0,0,Mid-Recent,0,0,1,0.20566239316239315
37,Male,3,7,0,Organic,high,1,138.97,22.69,0.1666666666666666,12.96,14.0,1.0399999999999991,1.0399999999999991,0.0742857142857142,0.0333333333333333,0,Q3,Low,2024-05,2025-12,0,0,Recent,0,0,1,0.41559829059829057
38,Female,0,11,0,Ads,medium,2,102.81,26.43125,0.15625,66.3,14.76,1.666,8.33,0.1116173120728929,0.15625,1,Q2,High,2025-09,2025-12,0,0,Mid-Recent,0,0,1,0.28525641025641024
65,Other,0,1,0,Ads,low,3,64.88,23.0875,0.1666666666666666,27.97,10.666666666666666,1.3433333333333335,4.03,0.1259375,0.125,1,Q1,High,2024-01,2025-10,0,0,Recent,0,0,1,0.25106837606837606
48,Other,1,31,0,Organic,low,3,148.23,24.925531914893615,0.1063829787234042,32.89,9.58,1.39,5.5600000000000005,0.1446033810143042,0.0851063829787234,0,Q3,Mid-Low,2024-08,2025-12,1,1,Inactive,0,0,0,0.5299145299145299
23,Other,3,8,0,Ads,low,8,100.08,25.46923076923077,0.1282051282051282,38.81,16.666666666666668,3.773333333333333,11.32,0.2258128864951127,0.0769230769230769,0,Q2,Mid-Low,2025-01,2025-12,0,0,Mid-Recent,0,0,1,0.4193376068376068
67,Other,1,4,0,Organic,medium,1,41.55,26.46923076923077,0.1538461538461538,22.98,12.62,1.13,2.26,0.0895404120443739,0.1538461538461538,1,Q1,High,2025-07,2025-12,0,0,Recent,0,0,1,0.30128205128205127
36,Female,3,2,0,Referral,medium,7,144.91,24.608,0.06,23.0,19.0,7.5,15.0,0.3947368421052631,0.04,0,Q3,Low,2024-12,2025-11,0,0,Recent,0,0,1,0.3205128205128205
57,Other,0,13,0,Ads,medium,1,64.17,27.93333333333333,0.1111111111111111,0.0,0.0,0.0,0.0,0.0,0.0,0,Q1,Low,2024-10,2025-11,0,0,Mid-Recent,0,0,1,0.3295940170940171
27,Female,6,34,0,Partnership,high,6,243.5,23.982142857142858,0.0892857142857142,11.08,12.28,1.1999999999999993,1.1999999999999993,0.0977198697068403,0.0178571428571428,0,Q4,Low,2024-07,2025-12,1,1,Inactive,1,1,0,0.5058760683760684
28,Female,4,24,0,Referral,medium,8,65.61,22.506666666666668,0.1333333333333333,20.53,6.815,1.6825,6.73,0.2468818782098312,0.1333333333333333,1,Q1,High,2024-06,2025-12,1,0,Mid-Inactive,0,0,0,0.22809829059829062
40,Male,2,19,1,Ads,medium,9,162.72,24.666666666666668,0.2456140350877192,73.63,14.786666666666669,2.5483333333333333,15.29,0.1719523166891588,0.1052631578947368,1,Q3,Mid-High,2024-04,2025-12,0,0,Mid-Inactive,0,0,0,0.6143162393162394
34,Female,3,84,0,Referral,low,4,61.49,26.09583333333333,0.0833333333333333,32.09,15.38,0.3449999999999997,0.6899999999999995,0.0210494203782794,0.0833333333333333,0,Q1,Mid-Low,2024-11,2025-10,1,1,Inactive,0,0,0,0.3830128205128205
36,Female,2,87,1,Ads,medium,6,151.44,22.8,0.2181818181818181,44.6,15.175,4.025,16.1,0.2652388797364086,0.0727272727272727,0,Q3,Mid-Low,2023-01,2025-12,1,1,Inactive,0,0,0,0.5571581196581197
57,Female,0,4,0,Referral,medium,4,76.24,25.826666666666664,0.1,8.06,9.0,0.9399999999999996,0.9399999999999996,0.1044444444444444,0.0333333333333333,0,Q1,Low,2023-12,2025-12,0,0,Recent,0,0,1,0.47115384615384615
34,Other,2,26,0,Referral,low,4,65.93,21.6625,0.0416666666666666,9.71,12.28,2.5699999999999985,2.5699999999999985,0.2092833876221497,0.0416666666666666,0,Q1,Low,2025-10,2025-12,1,0,Mid-Inactive,0,0,0,0.1607905982905983
18,Male,0,19,0,Organic,medium,8,111.45,24.917021276595744,0.1702127659574468,79.61,14.339999999999998,1.1049999999999998,6.629999999999999,0.0768784786641929,0.1276595744680851,1,Q2,High,2024-10,2025-12,0,0,Mid-Inactive,0,0,0,0.516025641025641
43,Male,0,0,1,Partnership,medium,1,15.96,28.933333333333334,0.3333333333333333,27.34,16.375,2.7050000000000005,5.410000000000001,0.1651908396946565,0.3333333333333333,1,Q1,High,2023-08,2024-12,0,0,Recent,0,0,1,0.39636752136752135
40,Female,8,8,1,Partnership,high,14,214.42,23.46833333333333,0.1,40.18,14.52,1.3166666666666658,3.9499999999999975,0.0895082710174484,0.05,0,Q4,Low,2025-10,2025-12,0,0,Mid-Recent,1,0,1,0.2799145299145299
64,Male,0,15,0,Partnership,medium,3,139.38,26.34523809523809,0.1904761904761904,79.08,14.253333333333332,1.3966666666666665,8.379999999999999,0.0958152298193459,0.1428571428571428,1,Q3,High,2024-01,2025-12,0,0,Mid-Inactive,0,0,0,0.5293803418803419
22,Female,0,4,1,Partnership,medium,8,99.98,24.521951219512196,0.1219512195121951,36.63,11.976666666666668,0.3733333333333335,1.1200000000000006,0.0296688741721854,0.073170731707317,0,Q2,Mid-Low,2024-05,2025-11,0,0,Recent,0,0,1,0.5737179487179487
25,Female,0,38,0,Referral,low,5,156.32,25.647272727272725,0.2363636363636363,98.55,14.81125,2.5362500000000003,20.290000000000003,0.1707337596768764,0.1454545454545454,1,Q3,High,2023-01,2025-11,1,1,Inactive,0,0,0,0.3002136752136752
58,Male,6,5,0,Referral,medium,7,220.03,24.9703125,0.203125,162.12,16.824545454545454,2.1218181818181816,23.34,0.1258492397282432,0.171875,1,Q4,High,2024-03,2025-12,0,0,Recent,1,0,1,0.4983974358974359
68,Female,2,15,0,Ads,medium,4,105.3,25.46,0.1714285714285714,33.8,11.69,3.34,13.36,0.2832909245122986,0.1142857142857142,1,Q2,Mid-High,2023-09,2025-11,0,0,Mid-Inactive,0,0,0,0.3258547008547008
66,Other,0,20,0,Organic,high,4,168.79,27.668421052631583,0.131578947368421,31.380000000000003,16.76,6.3,18.9,0.3758949880668257,0.0789473684210526,0,Q4,Mid-Low,2025-03,2025-12,1,0,Mid-Inactive,1,1,0,0.4706196581196581
23,Male,6,15,0,Organic,medium,6,180.11,23.79230769230769,0.1153846153846153,59.86,20.25,1.286666666666666,3.8599999999999977,0.0605775266792215,0.0576923076923076,0,Q4,Mid-Low,2025-03,2025-12,0,0,Mid-Inactive,1,0,0,0.4332264957264957
63,Female,1,12,0,Ads,medium,5,148.98,23.56938775510204,0.1020408163265306,66.32,14.86,1.8080000000000005,9.04,0.1199575371549894,0.1020408163265306,1,Q3,Mid-High,2025-04,2025-12,0,0,Mid-Recent,0,0,1,0.3717948717948718
23,Female,6,21,0,Organic,high,6,234.38,23.90754716981132,0.1132075471698113,45.37,15.57,4.2275,16.91,0.2715157353885677,0.0754716981132075,0,Q4,Mid-Low,2023-11,2025-12,1,0,Mid-Inactive,1,1,0,0.5625
44,Female,8,13,0,Ads,medium,6,162.46,24.866071428571427,0.1428571428571428,55.66,15.425,1.5099999999999991,6.039999999999997,0.0978930307941652,0.0714285714285714,0,Q3,Mid-Low,2023-01,2025-12,0,0,Mid-Recent,0,0,1,0.4642094017094017
42,Male,7,17,0,Referral,medium,12,117.22,25.908510638297876,0.1914893617021276,97.52,17.064285714285713,3.1557142857142857,22.09,0.1846835548867151,0.1489361702127659,1,Q2,High,2025-01,2025-12,0,0,Mid-Inactive,0,0,0,0.4049145299145299
18,Male,7,30,0,Ads,medium,8,100.56,25.466666666666665,0.1282051282051282,18.86,10.245,0.8899999999999997,1.7799999999999994,0.0862403100775193,0.0512820512820512,0,Q2,Low,2023-01,2025-11,1,1,Inactive,0,0,0,0.5373931623931624
68,Other,12,1,0,Organic,high,8,388.96,25.26333333333333,0.1333333333333333,78.64,14.73857142857143,3.5042857142857144,24.53,0.2377629155762334,0.0777777777777777,0,Q4,Mid-Low,2023-10,2025-12,0,0,Recent,1,0,1,0.4567307692307693
58,Female,1,8,0,Referral,medium,5,130.4,27.5325,0.15,12.22,12.69,0.4699999999999988,0.4699999999999988,0.0370370370370369,0.025,0,Q3,Low,2023-05,2025-11,0,0,Mid-Recent,0,0,1,0.3472222222222222
44,Other,1,13,0,Partnership,medium,3,142.14,24.59047619047619,0.0714285714285714,38.03,14.64,2.2066666666666674,6.620000000000002,0.1482642777155655,0.0714285714285714,0,Q3,Mid-Low,2023-06,2025-11,0,0,Mid-Recent,0,0,1,0.5085470085470085
30,Other,3,34,0,Organic,medium,9,152.84,24.296,0.14,41.74,12.704,4.356,21.78,0.3428841309823677,0.1,1,Q3,Mid-High,2024-08,2025-12,1,1,Inactive,0,0,0,0.5288461538461539
37,Other,2,29,0,Partnership,medium,6,100.89,26.989743589743583,0.0769230769230769,0.0,0.0,0.0,0.0,0.0,0.0,0,Q2,Low,2024-08,2025-12,1,0,Inactive,0,0,0,0.5512820512820512
40,Female,0,5,0,Organic,low,1,76.02,23.191666666666663,0.125,51.93,18.0,0.903333333333333,2.709999999999999,0.0495973645680819,0.125,1,Q1,High,2023-05,2025-12,0,0,Recent,0,0,1,0.25106837606837606
45,Female,2,42,0,Ads,low,3,59.11,22.53478260869565,0.0434782608695652,19.23,19.0,0.0,0.0,0.0,0.0434782608695652,0,Q1,Low,2025-11,2025-12,1,1,Inactive,0,0,0,0.1356837606837607
60,Other,7,8,0,Organic,medium,8,110.54,24.70714285714286,0.1666666666666666,38.75,9.256,1.506,7.53,0.162705272255834,0.119047619047619,1,Q2,High,2024-06,2025-11,0,0,Mid-Recent,0,0,1,0.2863247863247863
23,Other,6,27,0,Partnership,high,6,169.42,24.754761904761907,0.0714285714285714,20.3,15.14,4.989999999999999,9.98,0.3295904887714662,0.0476190476190476,0,Q4,Low,2025-09,2025-12,1,0,Mid-Inactive,1,1,0,0.2863247863247863
52,Male,4,13,1,Referral,medium,6,94.18,22.408571428571427,0.1714285714285714,62.71,13.08,2.6283333333333334,15.77,0.2009429153924566,0.1714285714285714,1,Q2,High,2025-10,2025-12,0,0,Mid-Recent,0,0,1,0.24252136752136752
32,Female,4,17,0,Referral,medium,5,179.65,25.147368421052636,0.1228070175438596,64.44,20.248,7.359999999999999,36.8,0.3634926906361122,0.087719298245614,1,Q4,Mid-High,2025-03,2025-12,0,0,Mid-Inactive,1,0,0,0.4129273504273504
40,Female,0,6,0,Partnership,high,7,216.7,22.41111111111111,0.2222222222222222,56.96,14.5,5.006666666666667,30.04,0.345287356321839,0.1111111111111111,1,Q4,Mid-High,2023-08,2025-11,0,0,Recent,1,0,1,0.6709401709401709
50,Female,2,13,0,Organic,medium,4,173.63,22.74423076923077,0.173076923076923,54.21,12.421666666666669,3.47,20.82,0.2774890043982407,0.1153846153846153,1,Q4,Mid-High,2023-08,2025-12,0,0,Mid-Recent,1,0,1,0.530448717948718
18,Female,5,18,0,Referral,medium,3,168.64,23.854347826086958,0.2608695652173913,72.88,16.333333333333332,4.515,27.09,0.2709812943883165,0.1304347826086956,1,Q4,High,2023-05,2025-11,0,0,Mid-Inactive,1,0,0,0.3798076923076923
51,Other,0,0,0,Organic,medium,4,55.5,24.44090909090909,0.1818181818181818,9.43,14.0,4.57,4.57,0.3264285714285714,0.0454545454545454,0,Q1,Low,2023-07,2025-11,0,0,Recent,0,0,1,0.31196581196581197
33,Other,0,93,0,Ads,low,2,111.43,23.627906976744185,0.1627906976744186,73.98,19.75,1.4775,5.91,0.0739767179872324,0.0930232558139534,1,Q2,Mid-High,2023-04,2025-11,1,1,Inactive,0,0,0,0.5961538461538461
45,Male,0,43,0,Ads,medium,10,88.35,24.322222222222223,0.1111111111111111,48.38,18.746666666666663,3.1700000000000004,9.510000000000002,0.1642770772154085,0.0833333333333333,0,Q1,Mid-Low,2023-02,2025-10,1,1,Inactive,0,0,0,0.5662393162393162
28,Female,1,0,0,Referral,medium,2,53.88,26.7,0.15,25.43,14.64,2.51,5.02,0.1648604269293924,0.1,1,Q1,Mid-High,2024-10,2025-12,0,0,Recent,0,0,1,0.19925213675213677
58,Other,4,11,0,Organic,high,4,161.37,25.1325,0.1,28.12,10.746666666666668,1.3733333333333333,4.12,0.1277915632754342,0.075,0,Q3,Mid-Low,2024-03,2025-11,0,0,Mid-Recent,0,0,1,0.45138888888888884
23,Male,3,43,0,Partnership,medium,1,142.19,24.55675675675676,0.1891891891891892,41.56,13.45,3.2524999999999995,13.009999999999998,0.2384093824445665,0.1081081081081081,1,Q3,Mid-High,2025-10,2025-12,1,1,Inactive,0,0,0,0.25106837606837606
27,Male,3,12,0,Partnership,medium,6,64.64,24.648000000000003,0.2,32.27,14.686666666666667,3.93,11.79,0.2675896504766228,0.12,1,Q1,High,2023-08,2025-12,0,0,Mid-Recent,0,0,1,0.4150641025641026
47,Other,4,10,0,Ads,medium,4,172.91,24.680392156862744,0.1176470588235294,24.67,14.375,2.24,4.48,0.1536878216123499,0.0392156862745098,0,Q4,Low,2023-09,2025-11,0,0,Mid-Recent,1,0,1,0.5261752136752137
37,Male,8,6,0,Partnership,medium,9,181.41,23.00689655172414,0.1206896551724138,39.95,15.666666666666666,2.8766666666666665,8.629999999999999,0.177645121449156,0.0517241379310344,0,Q4,Low,2025-01,2025-12,0,0,Recent,1,0,1,0.3547008547008547
35,Male,2,0,0,Referral,high,6,176.34,24.377272727272725,0.0909090909090909,33.9,10.95,2.475,9.9,0.226027397260274,0.0909090909090909,1,Q4,Mid-High,2024-05,2025-12,0,0,Recent,1,0,1,0.24626068376068377
56,Male,3,26,0,Ads,low,3,68.35,24.15217391304348,0.0434782608695652,13.46,12.28,0.0,0.0,0.0,0.0434782608695652,0,Q1,Low,2025-01,2025-12,1,0,Mid-Inactive,0,0,0,0.37179487179487175
23,Male,4,68,0,Organic,medium,3,138.99,24.974418604651166,0.1860465116279069,94.06,14.7175,3.2075,25.66,0.21433344470431,0.1860465116279069,1,Q3,High,2024-05,2025-11,1,1,Inactive,0,0,0,0.41559829059829057
49,Male,1,15,0,Referral,high,11,281.76,24.732857142857146,0.1428571428571428,69.3,8.43888888888889,0.8777777777777777,7.899999999999999,0.1023316062176165,0.1285714285714285,1,Q4,High,2023-10,2025-12,0,0,Mid-Inactive,1,0,0,0.35737179487179493
31,Other,9,3,1,Partnership,high,4,291.39,23.38059701492537,0.1044776119402985,24.12,8.09,2.06,8.239999999999998,0.2546353522867737,0.0597014925373134,0,Q4,Mid-Low,2024-05,2025-12,0,0,Recent,1,0,1,0.670940170940171
28,Male,1,8,0,Referral,low,4,97.38,23.96578947368421,0.2631578947368421,94.12,18.0,2.4683333333333337,14.810000000000002,0.1359588726705223,0.1578947368421052,1,Q2,High,2024-01,2025-12,0,0,Mid-Recent,0,0,1,0.5192307692307692
58,Other,1,78,1,Referral,medium,4,89.25,26.80294117647059,0.1764705882352941,52.25,13.51,0.9124999999999996,3.649999999999999,0.0652951699463327,0.1176470588235294,1,Q1,High,2024-03,2025-11,1,1,Inactive,0,0,0,0.5021367521367521
57,Other,1,23,0,Ads,low,6,94.1,23.96,0.1428571428571428,19.98,10.693333333333332,4.033333333333334,12.1,0.3771820448877806,0.0857142857142857,0,Q2,Mid-Low,2024-11,2025-12,1,0,Mid-Inactive,0,0,0,0.36752136752136755
56,Male,2,6,1,Ads,medium,7,148.41,26.454716981132076,0.1886792452830188,91.79,18.666666666666668,3.525,21.15,0.1872675757039135,0.1132075471698113,1,Q3,Mid-High,2023-10,2025-12,0,0,Recent,0,0,1,0.5208333333333334
31,Male,5,12,0,Ads,high,9,309.21,25.517567567567568,0.1351351351351351,68.22,13.796666666666669,2.478333333333333,14.869999999999996,0.1789625707064628,0.081081081081081,0,Q4,Mid-Low,2023-01,2025-11,0,0,Mid-Recent,1,0,1,0.6800213675213675
35,Female,3,0,0,Ads,medium,3,149.53,24.93636363636364,0.2045454545454545,89.42999999999999,17.201666666666668,2.6283333333333334,15.77,0.1499049429657795,0.1363636363636363,1,Q3,High,2025-04,2025-12,0,0,Recent,0,0,1,0.405982905982906
59,Female,7,0,0,Partnership,medium,6,117.66,26.17209302325581,0.1627906976744186,18.48,10.345,1.33,2.66,0.1258278145695364,0.0465116279069767,0,Q2,Low,2024-04,2025-12,0,0,Recent,0,0,1,0.5058760683760684
30,Female,4,8,0,Ads,low,7,138.0,27.31851851851852,0.0925925925925925,54.53,19.0,5.3675,21.47,0.2825,0.074074074074074,0,Q3,Mid-Low,2024-01,2025-12,0,0,Mid-Recent,0,0,1,0.6084401709401709
55,Other,7,24,0,Ads,high,13,274.56,25.63055555555556,0.1111111111111111,68.42,13.461666666666666,2.058333333333333,12.349999999999998,0.152903305682803,0.0833333333333333,0,Q4,Mid-Low,2025-05,2025-12,1,0,Mid-Inactive,1,1,0,0.6367521367521367
45,Female,2,15,0,Organic,low,5,88.73,25.43783783783784,0.081081081081081,32.4,23.5,7.300000000000001,14.6,0.3106382978723404,0.054054054054054,0,Q1,Low,2023-03,2025-11,0,0,Mid-Inactive,0,0,0,0.4107905982905983
56,Female,6,2,0,Ads,high,3,171.68,26.546341463414635,0.1951219512195122,62.07,13.928,1.752,8.76,0.1236764083015671,0.1219512195121951,1,Q4,High,2024-02,2025-12,0,0,Recent,1,0,1,0.37232905982905984
46,Male,3,25,0,Organic,high,8,186.95,24.768627450980397,0.196078431372549,71.86,14.753333333333336,2.9966666666666666,17.98,0.20013357079252,0.1176470588235294,1,Q4,High,2023-05,2025-12,1,0,Mid-Inactive,1,1,0,0.49145299145299143
59,Other,1,50,1,Partnership,medium,9,102.41,23.22820512820513,0.1282051282051282,17.009999999999998,6.919999999999999,1.37,4.109999999999999,0.1946022727272727,0.0769230769230769,0,Q2,Mid-Low,2023-12,2025-12,1,1,Inactive,0,0,0,0.37767094017094016
38,Female,3,17,1,Organic,medium,4,163.42,22.48333333333333,0.1666666666666666,61.45,12.871666666666668,2.6300000000000003,15.78,0.2043247442703612,0.1111111111111111,1,Q3,Mid-High,2024-09,2025-12,0,0,Mid-Inactive,0,0,0,0.5528846153846153
60,Female,1,10,0,Ads,medium,3,79.75,24.272727272727277,0.0909090909090909,0.0,0.0,0.0,0.0,0.0,0.0,0,Q1,Low,2025-03,2025-12,0,0,Mid-Recent,0,0,1,0.4439102564102564
38,Other,7,1,0,Organic,high,5,197.71,28.1,0.1666666666666666,65.72,14.76,1.6159999999999992,8.079999999999997,0.1094850948509484,0.1041666666666666,1,Q4,Mid-High,2025-08,2025-12,0,0,Recent,1,0,1,0.5827991452991452
68,Female,1,32,0,Referral,medium,2,91.0,23.066666666666663,0.1481481481481481,44.72,15.896666666666668,1.513333333333333,4.539999999999999,0.0921640276086073,0.1111111111111111,1,Q2,Mid-High,2024-03,2025-11,1,1,Inactive,0,0,0,0.47916666666666663
31,Other,2,13,0,Referral,medium,6,71.93,23.67419354838709,0.0967741935483871,21.67,12.28,1.755,3.51,0.1393963463065925,0.064516129032258,0,Q1,Mid-Low,2025-09,2025-12,0,0,Mid-Recent,0,0,1,0.3226495726495726
60,Male,8,0,1,Partnership,medium,10,135.09,27.23584905660377,0.1320754716981132,61.15,15.702000000000002,3.472,17.36,0.2211183288753025,0.0943396226415094,1,Q3,Mid-High,2024-03,2025-11,0,0,Recent,0,0,1,0.6180555555555555
30,Male,5,17,0,Partnership,medium,9,147.69,26.120408163265303,0.2040816326530612,89.25999999999999,13.54,2.4475,19.58,0.1798970966556413,0.1632653061224489,1,Q3,High,2023-03,2025-12,0,0,Mid-Inactive,0,0,0,0.5731837606837606
25,Male,4,27,0,Ads,low,10,158.35,25.851612903225806,0.2419354838709677,155.94,13.905384615384616,2.0446153846153843,26.58,0.1456278763971071,0.2096774193548387,1,Q3,High,2024-08,2025-12,1,0,Mid-Inactive,0,0,0,0.4134615384615385
33,Other,2,11,0,Organic,low,4,110.32,26.843902439024387,0.048780487804878,18.27,19.0,0.7300000000000004,0.7300000000000004,0.0384210526315789,0.024390243902439,0,Q2,Low,2023-01,2025-10,0,0,Mid-Recent,0,0,1,0.25427350427350426
18,Female,3,53,0,Ads,medium,4,116.27,24.68536585365854,0.2195121951219512,67.78,13.74,2.4433333333333334,14.66,0.1778262979136341,0.1463414634146341,1,Q2,High,2023-05,2025-12,1,1,Inactive,0,0,0,0.5667735042735043
51,Male,1,66,0,Referral,medium,10,90.57,22.344444444444445,0.1666666666666666,17.310000000000002,9.255,0.5999999999999996,1.1999999999999993,0.0648298217179902,0.0555555555555555,0,Q2,Low,2025-02,2025-12,1,1,Inactive,0,0,0,0.4412393162393162
44,Other,0,20,0,Organic,high,5,322.87,24.19189189189189,0.1216216216216216,40.870000000000005,9.696666666666667,2.936666666666667,17.62,0.3012480765942896,0.081081081081081,0,Q4,Mid-Low,2024-03,2025-11,1,0,Mid-Inactive,1,1,0,0.5341880341880343
23,Other,1,25,0,Partnership,low,7,93.01,24.989473684210527,0.1842105263157894,89.63,18.83833333333333,4.003333333333333,24.02,0.2113506379234491,0.1578947368421052,1,Q2,High,2024-11,2025-12,1,0,Mid-Inactive,0,0,0,0.4706196581196581
62,Female,2,36,0,Referral,medium,3,123.51,23.0875,0.125,14.71,22.0,7.289999999999999,7.289999999999999,0.3313636363636363,0.025,0,Q3,Low,2023-08,2025-12,1,1,Inactive,0,0,0,0.4652777777777778
19,Male,4,20,0,Referral,high,5,217.02,25.653191489361703,0.1914893617021276,33.28,10.825,2.685,10.739999999999998,0.2439800090867787,0.0851063829787234,0,Q4,Mid-Low,2023-09,2025-12,1,0,Mid-Inactive,1,1,0,0.25213675213675213
62,Other,3,13,0,Ads,medium,6,80.1,24.41,0.1666666666666666,57.24,17.38,3.1175,12.47,0.1788839477836752,0.1333333333333333,1,Q1,High,2024-05,2025-12,0,0,Mid-Recent,0,0,1,0.33226495726495725
64,Female,3,5,0,Referral,medium,2,113.38,23.53529411764706,0.2647058823529412,80.4,14.712857142857144,3.2271428571428564,22.59,0.2193416836586075,0.2058823529411764,1,Q2,High,2023-12,2025-11,0,0,Recent,0,0,1,0.49519230769230765
21,Female,3,13,0,Organic,high,3,308.78000000000003,25.88064516129032,0.1129032258064516,42.04,19.25333333333333,5.239999999999999,15.72,0.2721606648199446,0.0483870967741935,0,Q4,Low,2023-01,2025-11,0,0,Mid-Recent,1,0,1,0.4829059829059829
68,Female,0,46,0,Ads,medium,5,44.2,21.816666666666663,0.1666666666666666,24.48,14.14,1.9000000000000004,3.8000000000000007,0.1343705799151344,0.1111111111111111,1,Q1,Mid-High,2025-03,2025-12,1,1,Inactive,0,0,0,0.1420940170940171
25,Male,3,18,0,Ads,low,3,101.92,25.72972972972973,0.1351351351351351,15.48,14.78,0.0,0.0,0.0,0.027027027027027,0,Q2,Low,2023-06,2025-11,0,0,Mid-Inactive,0,0,0,0.5635683760683761
60,Male,1,36,0,Partnership,low,1,86.2,26.325806451612905,0.2258064516129032,39.33,12.71,3.1924999999999994,12.769999999999998,0.2451055662188099,0.1290322580645161,1,Q1,High,2024-12,2025-12,1,1,Inactive,0,0,0,0.4337606837606837
67,Other,0,8,0,Ads,medium,3,57.74,26.35652173913044,0.0869565217391304,19.92,22.0,2.0799999999999983,2.0799999999999983,0.0945454545454544,0.0434782608695652,0,Q1,Low,2024-12,2025-11,0,0,Mid-Recent,0,0,1,0.42735042735042733
63,Male,4,3,0,Ads,medium,10,116.27,28.88536585365853,0.1463414634146341,69.12,14.34,0.7120000000000001,3.5600000000000005,0.0489818381948266,0.1219512195121951,1,Q2,High,2023-11,2025-12,0,0,Recent,0,0,1,0.28205128205128205
22,Female,3,19,0,Ads,high,5,256.35,24.50491803278689,0.1967213114754098,136.77,16.615454545454547,4.378181818181818,48.16,0.2604228627048072,0.180327868852459,1,Q4,High,2025-08,2025-12,0,0,Mid-Inactive,1,0,0,0.40224358974358976
47,Female,1,4,0,Partnership,medium,1,92.95,27.39333333333333,0.1666666666666666,0.0,0.0,0.0,0.0,0.0,0.0,0,Q2,Low,2023-12,2025-12,0,0,Recent,0,0,1,0.47115384615384615
55,Other,11,19,0,Organic,medium,5,260.85,24.28888888888889,0.1234567901234567,88.73,14.838571428571427,2.38,16.66,0.1580795141854065,0.0864197530864197,0,Q4,Mid-Low,2023-09,2025-12,0,0,Mid-Inactive,1,0,0,0.46688034188034194
50,Male,7,38,0,Ads,medium,4,182.75,24.28490566037736,0.0754716981132075,32.35,15.52,4.7366666666666655,14.209999999999996,0.3051975945017181,0.0566037735849056,0,Q4,Low,2025-06,2025-12,1,1,Inactive,1,1,0,0.4027777777777778
57,Other,4,15,0,Partnership,low,4,100.07,27.4,0.2894736842105263,65.85,18.57,2.16,8.64,0.1159887233185662,0.1052631578947368,1,Q2,Mid-High,2023-06,2025-12,0,0,Mid-Inactive,0,0,0,0.3803418803418803
45,Male,3,7,0,Referral,medium,2,48.1,24.520000000000003,0.0,0.0,0.0,0.0,0.0,0.0,0.0,0,Q1,Low,2023-01,2025-06,0,0,Recent,0,0,1,0.4006410256410256
65,Male,12,15,0,Referral,high,16,332.54,24.90116279069768,0.1976744186046511,89.15,10.835,3.4058333333333333,40.87,0.3143362559606214,0.1395348837209302,1,Q4,High,2025-01,2025-12,0,0,Mid-Inactive,1,0,0,0.7382478632478633
19,Female,1,10,0,Organic,medium,8,124.18,23.78666666666667,0.1111111111111111,45.95,14.07,2.5825,10.329999999999998,0.1835465529495379,0.0888888888888888,1,Q3,Mid-High,2024-07,2025-12,0,0,Mid-Recent,0,0,1,0.44497863247863245
23,Female,1,7,0,Ads,medium,0,59.48,27.36842105263158,0.0526315789473684,8.33,16.0,7.67,7.67,0.479375,0.0526315789473684,0,Q1,Low,2023-03,2025-11,0,0,Recent,0,0,1,0.41025641025641024
45,Other,1,13,1,Referral,medium,3,77.22,22.910714285714285,0.0714285714285714,33.74,25.5,8.629999999999999,17.259999999999998,0.3384313725490195,0.0714285714285714,0,Q1,Mid-Low,2024-02,2025-11,0,0,Mid-Recent,0,0,1,0.19177350427350426
24,Male,0,19,0,Partnership,medium,4,107.25,29.284375,0.0625,7.29,13.24,5.95,5.95,0.4493957703927492,0.03125,0,Q2,Low,2025-09,2025-12,0,0,Mid-Inactive,0,0,0,0.2019230769230769
43,Male,2,1,0,Partnership,medium,2,139.36,25.752272727272725,0.1818181818181818,41.32,9.052,0.8979999999999997,4.489999999999998,0.0980135341628465,0.1136363636363636,1,Q3,Mid-High,2025-06,2025-12,0,0,Recent,0,0,1,0.5657051282051282
59,Male,1,4,1,Ads,high,3,137.56,29.944117647058825,0.1176470588235294,21.31,12.28,1.6249999999999991,3.2499999999999982,0.1323289902280129,0.0588235294117647,0,Q3,Mid-Low,2025-08,2025-12,0,0,Recent,0,0,1,0.41185897435897434
54,Female,2,8,0,Referral,high,10,267.42,25.296774193548387,0.1290322580645161,56.64,21.82,7.66,30.64,0.3510540788267644,0.064516129032258,0,Q4,Mid-Low,2024-07,2025-12,0,0,Mid-Recent,1,0,1,0.5037393162393162
57,Other,1,35,0,Partnership,medium,4,179.09,22.25,0.15,63.08,11.47,2.458571428571428,17.209999999999997,0.2143479885415369,0.1166666666666666,1,Q4,High,2023-11,2025-12,1,1,Inactive,1,1,0,0.4743589743589744
64,Other,2,4,0,Partnership,medium,4,149.57,24.0936170212766,0.1489361702127659,43.32,14.46,3.65,14.6,0.2520718232044199,0.0851063829787234,0,Q3,Mid-Low,2025-04,2025-12,0,0,Recent,0,0,1,0.3424145299145299
40,Other,2,2,0,Organic,medium,1,59.92,30.97058823529412,0.2352941176470588,22.72,22.0,0.0,0.0,0.0,0.0588235294117647,0,Q1,Mid-Low,2024-04,2025-11,0,0,Recent,0,0,1,0.3669871794871795
50,Other,7,9,0,Organic,medium,6,218.95,24.25692307692308,0.1538461538461538,43.85,9.228333333333332,2.025,12.15,0.2169642857142857,0.0923076923076923,1,Q4,Mid-High,2024-03,2025-12,0,0,Mid-Recent,1,0,1,0.49572649572649574
61,Male,5,14,0,Ads,medium,6,162.04,26.08363636363637,0.1272727272727272,37.46,16.25,3.763333333333333,11.29,0.2315897435897435,0.0545454545454545,0,Q3,Low,2023-11,2025-11,0,0,Mid-Recent,0,0,1,0.3210470085470085
18,Other,0,24,0,Partnership,medium,2,94.43,27.54642857142857,0.0714285714285714,27.81,14.39,1.1049999999999995,2.209999999999999,0.0736175882744836,0.0714285714285714,0,Q2,Mid-Low,2024-04,2025-12,1,0,Mid-Inactive,0,0,0,0.4278846153846154
34,Male,3,11,0,Referral,medium,3,174.89,25.062264150943395,0.1886792452830188,31.6,13.839999999999998,3.556666666666666,10.67,0.2524248876271587,0.0566037735849056,0,Q4,Low,2025-08,2025-12,0,0,Mid-Recent,1,0,1,0.5
18,Female,0,14,0,Partnership,medium,5,74.34,26.532,0.12,37.65,15.556666666666668,3.006666666666668,9.020000000000003,0.1932719091493465,0.12,1,Q1,High,2023-09,2025-10,0,0,Mid-Recent,0,0,1,0.4428418803418803
54,Other,6,40,1,Ads,high,9,223.69,23.193220338983053,0.1694915254237288,37.69,11.76,2.3375,9.35,0.198767006802721,0.0677966101694915,0,Q4,Mid-Low,2023-10,2025-12,1,1,Inactive,1,1,0,0.3173076923076923
24,Female,0,2,0,Partnership,high,7,218.79,24.05555555555556,0.2037037037037037,110.69,17.73,4.293749999999999,34.349999999999994,0.236831218974076,0.1481481481481481,1,Q4,High,2025-05,2025-12,0,0,Recent,1,0,1,0.3653846153846154
52,Female,4,27,0,Organic,medium,5,110.05,24.83888888888889,0.1111111111111111,34.51,11.995,3.3675,13.47,0.2807419758232596,0.1111111111111111,1,Q2,Mid-High,2025-07,2025-12,1,0,Mid-Inactive,0,0,0,0.5523504273504274
40,Female,6,9,1,Partnership,high,7,288.2,24.025714285714287,0.2,97.03,14.0525,2.0975,16.78,0.1474387136455496,0.1142857142857142,1,Q4,Mid-High,2023-02,2025-12,0,0,Mid-Recent,1,0,1,0.36431623931623935
64,Other,3,8,0,Ads,medium,5,80.96,22.28620689655172,0.2413793103448276,19.79,7.233333333333333,0.6366666666666664,1.9099999999999997,0.0880184331797234,0.1034482758620689,1,Q1,Mid-High,2023-12,2025-11,0,0,Mid-Recent,0,0,1,0.4807692307692308
40,Female,2,11,0,Ads,medium,5,199.68,23.83392857142857,0.1428571428571428,81.52,17.354285714285716,5.708571428571429,39.96,0.3289430358906816,0.125,1,Q4,High,2025-06,2025-12,0,0,Mid-Recent,1,0,1,0.3392094017094017
65,Male,11,1,0,Partnership,medium,15,252.46,25.553571428571427,0.119047619047619,34.95,17.62,0.7750000000000004,1.5500000000000007,0.0424657534246575,0.0238095238095238,0,Q4,Low,2025-04,2025-12,0,0,Recent,1,0,1,0.6672008547008548
46,Other,1,45,0,Organic,medium,7,86.67,23.63030303030303,0.0909090909090909,14.8,12.28,4.879999999999999,9.759999999999998,0.3973941368078175,0.0606060606060606,0,Q1,Mid-Low,2025-11,2025-12,1,1,Inactive,0,0,0,0.17147435897435898
55,Female,2,1,0,Organic,low,3,108.77,27.875,0.175,67.87,14.91,1.58,7.9,0.1042629008842549,0.125,1,Q2,High,2025-03,2025-12,0,0,Recent,0,0,1,0.3472222222222222
51,Other,0,25,0,Referral,medium,7,89.7,19.818421052631574,0.131578947368421,18.77,7.805,3.1125,12.45,0.3987828315182575,0.1052631578947368,1,Q1,Mid-High,2024-06,2025-12,1,0,Mid-Inactive,0,0,0,0.5747863247863247
68,Female,5,37,0,Referral,medium,7,152.6,23.015686274509804,0.1764705882352941,27.85,10.153333333333334,0.97,2.91,0.0946033810143042,0.0588235294117647,0,Q3,Mid-Low,2023-11,2025-09,1,1,Inactive,0,0,0,0.3942307692307692
47,Other,0,26,0,Organic,medium,8,212.34,25.1984126984127,0.1428571428571428,74.21,15.551999999999998,1.462,7.31,0.0896712463199214,0.0793650793650793,0,Q4,Mid-Low,2024-11,2025-12,1,0,Mid-Inactive,1,1,0,0.41079059829059833
36,Male,3,3,0,Referral,low,1,64.6,24.85652173913044,0.1739130434782608,35.95,22.0,4.025,8.05,0.1829545454545454,0.0869565217391304,0,Q1,Mid-Low,2024-03,2025-12,0,0,Recent,0,0,1,0.4551282051282051
36,Other,9,2,0,Referral,medium,5,225.58,25.94,0.2,42.11,10.068333333333332,3.0499999999999994,18.3,0.302929978480384,0.0923076923076923,1,Q4,Mid-High,2024-02,2025-12,0,0,Recent,1,0,1,0.5443376068376069
45,Female,3,12,0,Referral,high,7,124.4,25.708823529411767,0.1764705882352941,42.28,13.9825,3.4125000000000005,13.650000000000002,0.244055068836045,0.1176470588235294,1,Q3,High,2023-10,2025-11,0,0,Mid-Recent,0,0,1,0.46047008547008544
36,Other,5,25,0,Referral,medium,4,98.53,24.782857142857143,0.1428571428571428,44.27,16.413333333333334,2.056666666666666,6.17,0.1223235527359238,0.0857142857142857,0,Q2,Mid-Low,2025-02,2025-12,1,0,Mid-Inactive,0,0,0,0.33279914529914534
45,Other,1,39,0,Organic,medium,2,130.31,24.139473684210525,0.131578947368421,38.69,14.135,4.4625,17.849999999999998,0.315705695083127,0.1052631578947368,1,Q3,Mid-High,2023-09,2025-12,1,1,Inactive,0,0,0,0.4428418803418803
40,Male,0,3,0,Partnership,low,2,82.8,26.652941176470588,0.2352941176470588,106.75,17.25,2.627142857142857,18.39,0.1469554099408662,0.2058823529411764,1,Q1,High,2023-08,2025-11,0,0,Recent,0,0,1,0.19658119658119658
37,Other,7,30,0,Ads,medium,8,140.19,22.99607843137255,0.0980392156862745,37.58,12.21,2.8275,11.31,0.2313356514624667,0.0784313725490196,0,Q3,Mid-Low,2025-09,2025-12,1,1,Inactive,0,0,0,0.3039529914529915
55,Male,4,21,1,Organic,medium,8,99.0,23.6974358974359,0.1538461538461538,59.29,16.0,4.220000000000001,21.1,0.2624704565244433,0.1282051282051282,1,Q2,High,2024-04,2025-12,1,0,Mid-Inactive,0,0,0,0.28044871794871795
30,Female,7,5,0,Referral,medium,5,122.09,22.182926829268293,0.1463414634146341,56.59,13.407999999999998,2.0899999999999994,10.449999999999998,0.1558770883054892,0.1219512195121951,1,Q3,High,2025-09,2025-12,0,0,Recent,0,0,1,0.28899572649572647
52,Male,3,38,0,Partnership,low,8,119.55,25.067391304347822,0.1739130434782608,75.32,14.77,2.5450000000000004,15.27,0.1685616513964014,0.1304347826086956,1,Q2,High,2023-03,2025-11,1,1,Inactive,0,0,0,0.5186965811965811
46,Other,3,38,0,Organic,medium,3,80.85,24.55185185185185,0.1481481481481481,18.48,11.0,1.7999999999999998,3.6,0.1630434782608695,0.074074074074074,0,Q1,Mid-Low,2023-12,2025-11,1,1,Inactive,0,0,0,0.37499999999999994
47,Female,3,3,1,Partnership,low,2,111.88,25.08157894736842,0.131578947368421,53.72,15.896,5.152,25.76,0.3241066935078007,0.131578947368421,1,Q2,High,2025-03,2025-12,0,0,Recent,0,0,1,0.37339743589743585
67,Female,0,24,0,Ads,high,3,137.68,21.05,0.3125,99.57,15.11111111111111,4.147777777777778,37.33,0.2726807888970051,0.28125,1,Q3,High,2023-12,2025-12,1,0,Mid-Inactive,0,0,0,0.26442307692307687
50,Female,0,49,0,Organic,medium,4,74.43,24.57777777777778,0.1481481481481481,10.29,12.0,1.7100000000000009,1.7100000000000009,0.1425,0.037037037037037,0,Q1,Low,2023-08,2025-12,1,1,Inactive,0,0,0,0.49999999999999994
43,Other,1,58,1,Partnership,medium,1,51.05,22.414285714285715,0.1428571428571428,2.89,3.32,0.4299999999999997,0.4299999999999997,0.1295180722891565,0.0714285714285714,0,Q1,Mid-Low,2025-04,2025-12,1,1,Inactive,0,0,0,0.4027777777777778
21,Female,5,58,0,Organic,high,6,179.38,25.485714285714288,0.1428571428571428,12.61,14.0,1.3900000000000006,1.3900000000000006,0.0992857142857143,0.0238095238095238,0,Q4,Low,2024-08,2025-11,1,1,Inactive,1,1,0,0.3418803418803419
48,Other,0,18,0,Referral,medium,9,107.82,28.215,0.2,85.86,18.206666666666667,3.896666666666667,23.380000000000003,0.2140241669718052,0.15,1,Q2,High,2024-07,2025-12,0,0,Mid-Inactive,0,0,0,0.5902777777777777
61,Other,3,41,1,Ads,medium,6,67.22,28.16296296296296,0.074074074074074,15.27,8.52,0.8849999999999998,1.7699999999999996,0.1038732394366197,0.074074074074074,0,Q1,Mid-Low,2024-08,2025-12,1,1,Inactive,0,0,0,0.1597222222222222
26,Male,2,0,0,Organic,low,6,90.96,21.664102564102564,0.2051282051282051,21.34,22.0,0.6600000000000001,0.6600000000000001,0.03,0.0256410256410256,0,Q2,Low,2024-05,2025-10,0,0,Recent,0,0,1,0.23878205128205127
49,Other,2,29,0,Referral,high,2,115.88,27.79615384615385,0.1538461538461538,22.46,10.916666666666666,3.47,10.41,0.3167021600243383,0.1153846153846153,1,Q2,Mid-High,2024-10,2025-12,1,0,Inactive,0,0,0,0.2248931623931624
56,Male,2,1,0,Ads,medium,6,166.75,25.284,0.1,61.43,22.0,1.8266666666666669,5.48,0.0819010611268868,0.06,0,Q4,Mid-Low,2024-05,2025-12,0,0,Recent,1,0,1,0.31356837606837606
19,Other,1,28,0,Partnership,low,2,75.15,24.262962962962963,0.074074074074074,6.29,6.76,0.4699999999999997,0.4699999999999997,0.0695266272189348,0.037037037037037,0,Q1,Low,2025-08,2025-12,1,0,Inactive,0,0,0,0.32638888888888884
43,Female,6,17,0,Ads,medium,7,135.58,25.409803921568628,0.1764705882352941,23.28,9.06,1.3000000000000005,3.900000000000001,0.1434878587196468,0.0588235294117647,0,Q3,Mid-Low,2023-01,2025-12,0,0,Mid-Inactive,0,0,0,0.4358974358974359
60,Other,3,62,0,Partnership,low,8,136.47,22.923076923076923,0.2115384615384615,48.53,13.057999999999998,3.502,17.509999999999998,0.2651423379769836,0.0961538461538461,1,Q3,Mid-High,2025-08,2025-12,1,1,Inactive,0,0,0,0.579059829059829
29,Male,2,14,0,Ads,high,2,162.98,29.31904761904762,0.0714285714285714,44.84,17.656666666666666,2.94,8.82,0.1643682445024226,0.0714285714285714,0,Q3,Mid-Low,2024-06,2025-12,0,0,Mid-Recent,0,0,1,0.5224358974358975
36,Female,0,83,1,Partnership,low,5,78.18,24.37,0.0333333333333333,3.49,3.18,0.0,0.0,0.0,0.0333333333333333,0,Q1,Low,2023-03,2025-10,1,1,Inactive,0,0,0,0.4503205128205128
43,Female,5,12,0,Partnership,medium,4,124.2,23.373809523809523,0.2142857142857142,83.77000000000001,14.90857142857143,3.168571428571428,22.18,0.2093440302029258,0.1666666666666666,1,Q3,High,2025-07,2025-12,0,0,Mid-Recent,0,0,1,0.45299145299145294
19,Female,2,18,0,Referral,medium,7,208.5,26.05084745762712,0.1016949152542373,45.04,11.4,2.5780000000000003,12.89,0.222509925772484,0.0847457627118644,0,Q4,Mid-Low,2024-05,2025-12,0,0,Mid-Inactive,1,0,0,0.5256410256410257
37,Male,0,1,0,Referral,medium,1,72.2,21.5375,0.125,13.17,14.0,0.8300000000000001,0.8300000000000001,0.0592857142857142,0.0416666666666666,0,Q1,Low,2023-12,2025-11,0,0,Recent,0,0,1,0.4246794871794871
64,Female,0,36,0,Referral,low,3,53.45,23.485714285714284,0.0952380952380952,32.19,22.5,6.405,12.81,0.2846666666666667,0.0952380952380952,1,Q1,Mid-High,2024-05,2025-11,1,1,Inactive,0,0,0,0.4465811965811966
50,Male,3,8,0,Partnership,medium,5,110.76,22.97692307692308,0.0769230769230769,42.9,23.5,2.865,5.73,0.1178285009253547,0.0512820512820512,0,Q2,Low,2024-03,2025-10,0,0,Mid-Recent,0,0,1,0.40544871794871795
40,Other,3,2,0,Partnership,medium,5,124.68,23.59512195121951,0.1707317073170731,47.59,13.73,2.2725,9.09,0.1603740296400846,0.0975609756097561,1,Q3,Mid-High,2024-02,2025-11,0,0,Recent,0,0,1,0.45566239316239315
43,Male,4,39,0,Partnership,medium,8,161.1,27.25172413793103,0.1724137931034483,36.75,12.5075,3.3199999999999994,13.279999999999998,0.2654407355586647,0.0689655172413793,0,Q3,Mid-Low,2024-05,2025-12,1,1,Inactive,0,0,0,0.4033119658119658
54,Other,0,41,0,Ads,medium,5,101.72,24.893939393939394,0.1212121212121212,36.18,14.76,2.7,8.1,0.1829268292682926,0.0909090909090909,1,Q2,Mid-High,2025-07,2025-12,1,1,Inactive,0,0,0,0.53258547008547
40,Other,5,6,0,Referral,medium,7,68.7,24.00714285714286,0.0357142857142857,12.0,12.28,0.2799999999999993,0.2799999999999993,0.022801302931596,0.0357142857142857,0,Q1,Low,2025-10,2025-12,0,0,Recent,0,0,1,0.15705128205128205
32,Male,2,18,0,Partnership,medium,3,116.15,22.097142857142856,0.2857142857142857,84.99,14.485714285714284,2.3914285714285706,16.739999999999995,0.164553229135948,0.2,1,Q2,High,2025-09,2025-12,0,0,Mid-Inactive,0,0,0,0.4091880341880342
67,Other,0,8,1,Referral,medium,8,150.32999999999998,23.918367346938776,0.1632653061224489,31.08,7.657999999999999,1.556,7.78,0.2002058672156459,0.1020408163265306,1,Q3,Mid-High,2024-09,2025-12,0,0,Mid-Recent,0,0,1,0.5523504273504274
66,Female,7,5,0,Referral,low,5,135.38,23.490384615384617,0.1346153846153846,53.33,14.062,3.406,17.03,0.2420409323479249,0.0961538461538461,1,Q3,Mid-High,2024-04,2025-12,0,0,Recent,0,0,1,0.3985042735042735
65,Male,3,13,0,Organic,high,5,184.54,23.991304347826084,0.1521739130434782,66.3,17.098000000000003,3.892,19.46,0.2269123134328358,0.108695652173913,1,Q4,Mid-High,2024-09,2025-12,0,0,Mid-Recent,1,0,1,0.5325854700854701
24,Other,0,3,0,Partnership,medium,9,161.36,24.364406779661017,0.135593220338983,51.93,19.58333333333333,2.563333333333333,7.689999999999998,0.1289835625628983,0.0508474576271186,0,Q3,Low,2023-04,2025-12,0,0,Recent,0,0,1,0.5117521367521367
53,Male,2,29,1,Organic,medium,7,112.16,27.03684210526316,0.1842105263157894,70.27,16.552,2.684,13.42,0.1603536862229657,0.131578947368421,1,Q2,High,2023-08,2025-12,1,0,Inactive,0,0,0,0.40117521367521364
32,Male,1,5,0,Partnership,medium,1,18.36,23.7125,0.25,24.21,14.14,2.0349999999999997,4.069999999999999,0.1439179632248938,0.25,1,Q1,High,2025-08,2025-12,0,0,Recent,0,0,1,0.30074786324786323
19,Other,2,3,1,Ads,medium,9,121.31,27.027272727272727,0.1136363636363636,38.08,20.5,1.46,2.92,0.0712195121951219,0.0454545454545454,0,Q2,Low,2025-09,2025-12,0,0,Recent,0,0,1,0.3504273504273504
41,Female,1,20,0,Organic,high,7,161.06,23.05,0.1904761904761904,42.06,10.056,1.648,8.24,0.1638170974155069,0.119047619047619,1,Q3,High,2023-05,2025-11,1,0,Mid-Inactive,0,0,0,0.265491452991453
49,Male,5,45,0,Partnership,medium,6,159.01,23.641176470588235,0.0980392156862745,60.44,14.784,2.6960000000000006,13.480000000000002,0.1823593073593074,0.0980392156862745,1,Q3,Mid-High,2025-02,2025-12,1,1,Inactive,0,0,0,0.4150641025641026
53,Male,5,10,0,Partnership,medium,5,81.96,26.796774193548387,0.1612903225806451,38.22,9.63,0.4674999999999999,1.87,0.0466450486405587,0.1290322580645161,1,Q1,High,2024-05,2025-12,0,0,Mid-Recent,0,0,1,0.5032051282051282
22,Other,1,7,0,Ads,low,6,137.19,23.639215686274508,0.1764705882352941,21.12,6.2875,1.14,4.56,0.1775700934579439,0.0784313725490196,0,Q3,Mid-Low,2024-09,2025-12,0,0,Recent,0,0,1,0.484508547008547
49,Male,1,27,0,Organic,high,5,150.83,26.22051282051282,0.1025641025641025,66.18,24.666666666666668,3.02,9.06,0.1204146730462519,0.0769230769230769,0,Q3,Mid-Low,2024-06,2025-12,1,0,Mid-Inactive,0,0,0,0.28044871794871795
34,Female,0,14,1,Referral,medium,1,40.89,27.006666666666668,0.1333333333333333,27.27,15.375,1.740000000000001,3.480000000000002,0.1131707317073171,0.1333333333333333,1,Q1,High,2023-02,2025-07,0,0,Mid-Recent,0,0,1,0.41399572649572647
52,Other,14,43,0,Organic,high,12,365.39,23.75,0.1444444444444444,58.16,15.854000000000005,4.222,21.11,0.2663050334300492,0.0555555555555555,0,Q4,Low,2025-04,2025-12,1,1,Inactive,1,1,0,0.4358974358974359
52,Other,4,71,0,Partnership,high,8,270.77,22.904477611940298,0.2238805970149253,79.72,11.036666666666669,2.3466666666666662,21.12,0.2094406981356604,0.1343283582089552,1,Q4,High,2024-08,2025-12,1,1,Inactive,1,1,0,0.5806623931623932
20,Female,7,66,1,Organic,high,5,259.09,26.335593220338986,0.0508474576271186,8.64,16.0,7.359999999999999,7.359999999999999,0.4599999999999999,0.0169491525423728,0,Q4,Low,2023-05,2025-12,1,1,Inactive,1,1,0,0.5603632478632479
26,Male,3,17,0,Referral,high,3,103.49,25.62307692307693,0.2307692307692307,47.54,14.9375,3.0525,12.21,0.2043514644351464,0.1538461538461538,1,Q2,High,2024-09,2025-12,0,0,Mid-Inactive,0,0,0,0.3985042735042735
54,Other,4,21,0,Organic,high,6,221.84,24.471929824561403,0.0526315789473684,35.900000000000006,18.5,1.2799999999999994,2.5599999999999987,0.0665626625065002,0.0350877192982456,0,Q4,Low,2023-02,2025-11,1,0,Mid-Inactive,1,1,0,0.6212606837606838
65,Other,4,11,0,Partnership,medium,5,99.81,23.87575757575757,0.1515151515151515,34.15,8.936,2.212,11.06,0.2446361424463614,0.1515151515151515,1,Q2,High,2024-04,2025-12,0,0,Mid-Recent,0,0,1,0.5117521367521367
24,Male,4,17,0,Ads,high,9,265.07,23.45,0.109375,38.2,15.823333333333332,3.09,9.27,0.1952812302506846,0.046875,0,Q4,Low,2024-08,2025-12,0,0,Mid-Inactive,1,0,0,0.6025641025641026
37,Male,1,2,0,Referral,low,2,111.16,25.945945945945947,0.1621621621621621,52.33,14.5775,1.9125,7.649999999999999,0.1275425141713904,0.1081081081081081,1,Q2,Mid-High,2025-05,2025-12,0,0,Recent,0,0,1,0.29273504273504275
56,Female,2,11,0,Partnership,medium,1,62.88,26.509523809523813,0.0952380952380952,30.8,17.985,2.585,5.17,0.1437308868501529,0.0952380952380952,1,Q1,Mid-High,2024-11,2025-12,0,0,Mid-Recent,0,0,1,0.18963675213675213
62,Male,4,37,0,Partnership,low,2,87.64999999999999,23.30333333333333,0.1333333333333333,26.24,14.09,0.9700000000000006,1.9400000000000013,0.0688431511710433,0.0666666666666666,0,Q1,Mid-Low,2024-09,2025-11,1,1,Inactive,0,0,0,0.3878205128205128
25,Other,2,7,0,Organic,low,6,140.81,24.45192307692308,0.1538461538461538,64.59,18.380000000000003,2.6299999999999994,10.519999999999998,0.1400612435095193,0.0769230769230769,0,Q3,Mid-Low,2025-08,2025-12,0,0,Recent,0,0,1,0.4818376068376068
21,Male,1,35,0,Referral,low,4,79.02,25.082142857142856,0.1785714285714285,18.66,9.52,0.1899999999999999,0.3799999999999999,0.0199579831932773,0.0714285714285714,0,Q1,Mid-Low,2024-07,2025-12,1,1,Inactive,0,0,0,0.2681623931623932
65,Other,2,11,0,Referral,low,4,73.94,23.126666666666665,0.1,27.09,13.24,0.2099999999999999,0.4199999999999999,0.015267175572519,0.0666666666666666,0,Q1,Mid-Low,2025-07,2025-12,0,0,Mid-Recent,0,0,1,0.35309829059829057
21,Male,8,0,1,Ads,high,7,304.53,25.586111111111112,0.1666666666666666,78.69,13.105,3.26875,26.15,0.2494276993513925,0.1111111111111111,1,Q4,Mid-High,2025-09,2025-12,0,0,Recent,1,0,1,0.5325854700854701
40,Other,9,0,1,Organic,medium,7,144.79,24.92222222222222,0.1296296296296296,52.400000000000006,13.675,0.8724999999999996,3.4899999999999984,0.0624440865986759,0.074074074074074,0,Q3,Mid-Low,2025-01,2025-12,0,0,Recent,0,0,1,0.3237179487179487
48,Other,6,12,0,Referral,low,3,126.45,22.14782608695652,0.108695652173913,28.25,13.013333333333334,3.5966666666666662,10.79,0.2763831967213114,0.0652173913043478,0,Q3,Mid-Low,2024-03,2025-12,0,0,Mid-Recent,0,0,1,0.5534188034188035
31,Female,9,1,0,Ads,medium,9,134.75,24.301960784313728,0.1176470588235294,35.4,11.545,2.795,11.18,0.2400171747531129,0.0784313725490196,0,Q3,Mid-Low,2023-03,2025-12,0,0,Recent,0,0,1,0.5817307692307692
41,Other,7,62,0,Ads,medium,9,135.34,25.27391304347826,0.217391304347826,65.62,13.323333333333332,2.5416666666666665,15.25,0.1885742549771237,0.1304347826086956,1,Q3,High,2024-02,2025-11,1,1,Inactive,0,0,0,0.33119658119658124
50,Male,0,8,1,Organic,medium,9,128.12,24.26521739130435,0.1956521739130435,53.27,11.746666666666668,2.8683333333333327,17.209999999999997,0.244182746878547,0.1304347826086956,1,Q3,High,2023-03,2025-11,0,0,Mid-Recent,0,0,1,0.5534188034188035
49,Female,3,6,1,Ads,medium,6,103.13,26.794117647058822,0.1176470588235294,36.12,14.186666666666667,2.15,6.449999999999999,0.1515151515151515,0.088235294117647,1,Q2,Mid-High,2024-09,2025-12,0,0,Recent,0,0,1,0.27297008547008544
37,Other,2,48,0,Referral,medium,1,128.65,28.00857142857143,0.2571428571428571,75.33,18.15333333333333,5.598333333333333,33.59,0.3083914799853103,0.1714285714285714,1,Q3,High,2025-03,2025-12,1,1,Inactive,0,0,0,0.4439102564102564
20,Male,4,13,0,Partnership,medium,3,106.44,25.559375,0.09375,27.99,19.5,5.505,11.01,0.2823076923076923,0.0625,0,Q2,Mid-Low,2023-12,2025-12,0,0,Mid-Recent,0,0,1,0.5144230769230769
20,Female,0,2,0,Partnership,low,9,94.62,27.18108108108108,0.2162162162162162,25.53,10.483333333333333,1.9733333333333332,5.92,0.188235294117647,0.081081081081081,0,Q2,Mid-Low,2023-02,2025-11,0,0,Recent,0,0,1,0.3344017094017094
35,Other,8,26,1,Partnership,high,13,291.24,23.26,0.12,57.690000000000005,14.006,2.468,12.34,0.1762101956304441,0.0666666666666666,0,Q4,Mid-Low,2023-04,2025-12,1,0,Mid-Inactive,1,1,0,0.6009615384615385
46,Male,1,13,0,Ads,low,5,65.53,22.04,0.16,23.43,9.35,1.5399999999999994,4.619999999999998,0.1647058823529411,0.12,1,Q1,High,2023-11,2025-11,0,0,Mid-Recent,0,0,1,0.49145299145299143
52,Male,1,7,0,Referral,low,7,105.47,25.53076923076923,0.2564102564102564,17.14,6.694999999999999,2.41,9.64,0.3599701269604182,0.1025641025641025,1,Q2,Mid-High,2025-03,2025-12,0,0,Recent,0,0,1,0.43322649572649574
66,Female,1,4,0,Ads,medium,4,79.77,25.089285714285715,0.0714285714285714,13.69,16.0,2.3100000000000005,2.3100000000000005,0.144375,0.0357142857142857,0,Q1,Low,2025-08,2025-12,0,0,Recent,0,0,1,0.3653846153846154
45,Female,5,22,0,Referral,medium,5,111.32,24.93783783783784,0.1081081081081081,39.75,15.666666666666666,2.4166666666666665,7.25,0.1542553191489361,0.081081081081081,0,Q2,Mid-Low,2023-04,2025-11,1,0,Mid-Inactive,0,0,0,0.5288461538461539
52,Female,0,7,0,Organic,medium,1,7.67,22.73333333333333,0.0,0.0,0.0,0.0,0.0,0.0,0.0,0,Q1,Low,2024-03,2025-11,0,0,Recent,0,0,1,0.07104700854700854
65,Male,4,10,0,Referral,low,4,114.57,26.44,0.2,102.22,15.47,2.9425,23.54,0.1871819338422392,0.2,1,Q2,High,2025-07,2025-12,0,0,Mid-Recent,0,0,1,0.5416666666666666
23,Male,0,17,0,Organic,medium,2,67.31,20.923529411764704,0.2352941176470588,8.52,9.0,0.4800000000000004,0.4800000000000004,0.0533333333333333,0.0588235294117647,0,Q1,Mid-Low,2024-12,2025-11,0,0,Mid-Inactive,0,0,0,0.4294871794871795
35,Female,5,2,0,Organic,medium,7,106.11,27.471794871794877,0.1025641025641025,21.19,13.62,3.0250000000000004,6.050000000000001,0.2220998531571219,0.0512820512820512,0,Q2,Low,2025-06,2025-12,0,0,Recent,0,0,1,0.5096153846153846
54,Other,4,37,0,Organic,medium,12,91.09,25.7325,0.175,57.13,15.112,3.686,18.43,0.2439121228163049,0.125,1,Q2,High,2025-10,2025-12,1,1,Inactive,0,0,0,0.23611111111111108
19,Female,6,18,1,Partnership,low,9,188.64,24.525352112676057,0.1690140845070422,52.68,18.1875,5.0175,20.07,0.2758762886597938,0.056338028169014,0,Q4,Low,2023-03,2025-11,0,0,Mid-Inactive,1,0,0,0.6463675213675214
58,Other,6,35,0,Partnership,low,2,117.69,25.69782608695652,0.217391304347826,97.66,14.976666666666668,4.125555555555556,37.13,0.2754655389865717,0.1956521739130435,1,Q2,High,2023-10,2025-12,1,1,Inactive,0,0,0,0.5881410256410255
35,Other,7,15,0,Referral,high,7,229.12,22.60925925925926,0.1296296296296296,30.41,14.253333333333332,4.116666666666667,12.35,0.2888213283442469,0.0555555555555555,0,Q4,Low,2023-12,2025-12,0,0,Mid-Inactive,1,0,0,0.37927350427350426
67,Female,0,28,0,Partnership,medium,3,56.73,23.44,0.1,32.71,20.375,4.02,8.04,0.1973006134969324,0.1,1,Q1,Mid-High,2023-08,2025-12,1,0,Inactive,0,0,0,0.22008547008547008
27,Other,3,10,0,Ads,medium,4,120.43,29.33714285714285,0.2,76.17,14.358333333333334,2.1316666666666664,12.79,0.1437724820143884,0.1714285714285714,1,Q2,High,2023-09,2025-12,0,0,Mid-Recent,0,0,1,0.5064102564102564
29,Other,4,10,0,Organic,high,2,139.6,26.1030303030303,0.1818181818181818,28.72,12.056666666666668,2.483333333333333,7.449999999999999,0.2059717998341166,0.0909090909090909,1,Q3,Mid-High,2023-03,2025-11,0,0,Mid-Recent,0,0,1,0.3034188034188034
21,Other,4,12,1,Organic,medium,7,161.99,24.217647058823527,0.0980392156862745,18.43,10.64,1.515,3.03,0.141192917054986,0.0392156862745098,0,Q3,Low,2025-01,2025-12,0,0,Mid-Recent,0,0,1,0.5678418803418803
52,Other,5,5,0,Ads,medium,7,92.35,25.453846153846158,0.1282051282051282,37.86,18.08,5.776666666666666,17.33,0.314006160536329,0.0769230769230769,0,Q2,Mid-Low,2023-10,2025-11,0,0,Recent,0,0,1,0.40544871794871795
50,Female,5,27,0,Referral,high,6,301.9,23.969444444444445,0.2083333333333333,115.27,16.718888888888888,3.911111111111112,35.2,0.2339336744866086,0.125,1,Q4,High,2023-03,2025-11,1,0,Mid-Inactive,1,1,0,0.4700854700854701
54,Female,6,82,0,Referral,medium,9,131.5,28.884313725490195,0.196078431372549,104.72,21.648000000000003,1.126,5.629999999999999,0.0510194834617127,0.0980392156862745,1,Q3,Mid-High,2023-07,2025-10,1,1,Inactive,0,0,0,0.5053418803418803
19,Female,6,31,1,Organic,medium,8,180.73,27.68679245283019,0.1509433962264151,68.72,13.337142857142856,3.5342857142857143,24.74,0.2647121763321207,0.1320754716981132,1,Q4,High,2025-06,2025-12,1,1,Inactive,1,1,0,0.3680555555555556
48,Female,9,43,1,Ads,medium,12,184.23,25.36969696969697,0.0909090909090909,48.05,12.808000000000002,3.198,15.99,0.2496876951905059,0.0757575757575757,0,Q4,Mid-Low,2024-11,2025-12,1,1,Inactive,1,1,0,0.5486111111111112
27,Other,6,4,0,Referral,medium,5,108.73,26.76842105263158,0.2105263157894736,49.43,11.782,2.006,10.029999999999998,0.1686848301379078,0.131578947368421,1,Q2,High,2024-02,2025-12,0,0,Recent,0,0,1,0.40117521367521364
63,Other,4,3,0,Ads,medium,2,78.74,22.856,0.2,55.89,13.69,0.0875000000000001,0.3500000000000005,0.0062233285917496,0.16,1,Q1,High,2024-04,2025-11,0,0,Recent,0,0,1,0.3872863247863248
60,Other,5,4,0,Partnership,high,9,316.27,26.5,0.1710526315789473,134.1,18.051111111111112,3.3800000000000003,30.42,0.1849015317286652,0.1184210526315789,1,Q4,High,2025-02,2025-12,0,0,Recent,1,0,1,0.39690170940170943
54,Other,3,36,0,Referral,medium,6,157.84,22.98333333333333,0.1041666666666666,16.759999999999998,6.745,2.555,10.22,0.3787991104521868,0.0833333333333333,0,Q3,Mid-Low,2024-08,2025-12,1,1,Inactive,0,0,0,0.4716880341880342
60,Other,0,45,0,Organic,low,2,82.51,26.08,0.1333333333333333,28.05,11.533333333333331,2.183333333333333,6.55,0.1893063583815028,0.1,1,Q1,Mid-High,2023-09,2025-11,1,1,Inactive,0,0,0,0.29754273504273504
36,Male,5,11,0,Ads,medium,2,116.28,27.24473684210526,0.1578947368421052,42.97,20.593333333333334,6.626666666666666,19.88,0.3163086714399363,0.0789473684210526,0,Q2,Mid-Low,2024-02,2025-11,0,0,Mid-Recent,0,0,1,0.5956196581196581
38,Other,1,46,0,Ads,low,0,43.52,23.85,0.125,24.06,17.14,5.109999999999999,10.22,0.2981330221703617,0.125,1,Q1,High,2024-12,2025-11,1,1,Inactive,0,0,0,0.1891025641025641
41,Male,3,17,1,Referral,low,6,145.55,24.19607843137255,0.1176470588235294,29.46,12.6,2.78,8.339999999999998,0.2206349206349206,0.0588235294117647,0,Q3,Mid-Low,2025-10,2025-12,0,0,Mid-Inactive,0,0,0,0.297008547008547
56,Male,2,0,0,Partnership,low,5,134.13,24.39130434782609,0.1304347826086956,20.01,6.6933333333333325,0.113333333333333,0.3399999999999989,0.0167076167076166,0.0652173913043478,0,Q3,Mid-Low,2024-04,2025-12,0,0,Recent,0,0,1,0.5464743589743589
52,Male,2,0,0,Ads,medium,4,126.55,27.78529411764706,0.1470588235294117,38.43,15.25,2.8266666666666667,8.48,0.1807716904711149,0.088235294117647,1,Q3,Mid-High,2025-04,2025-11,0,0,Recent,0,0,1,0.5299145299145298
38,Male,0,11,0,Partnership,medium,1,62.56,20.057894736842105,0.2105263157894736,12.12,7.34,1.2799999999999996,2.559999999999999,0.1743869209809263,0.1052631578947368,1,Q1,Mid-High,2023-02,2025-12,0,0,Mid-Recent,0,0,1,0.3894230769230769
54,Female,1,15,0,Ads,medium,6,175.46,25.81851851851852,0.1666666666666666,43.52,11.47,2.794,13.97,0.2429987823969385,0.0925925925925925,1,Q4,Mid-High,2025-01,2025-12,0,0,Mid-Inactive,1,0,0,0.5459401709401709
25,Female,2,1,0,Partnership,medium,0,162.4,21.4575,0.125,53.26,20.75,7.435,29.74,0.3583132530120482,0.1,1,Q3,Mid-High,2023-04,2025-12,0,0,Recent,0,0,1,0.2708333333333333
45,Male,5,16,0,Referral,high,6,255.72,24.027118644067794,0.1186440677966101,41.84,13.24,2.8599999999999994,11.439999999999998,0.2147147147147146,0.0677966101694915,0,Q4,Mid-Low,2024-02,2025-12,0,0,Mid-Inactive,1,0,0,0.42841880341880345
42,Female,2,33,1,Ads,medium,3,43.22,24.066666666666663,0.1333333333333333,8.56,12.28,3.719999999999999,3.719999999999999,0.3029315960912051,0.0666666666666666,0,Q1,Mid-Low,2025-10,2025-12,1,1,Inactive,0,0,0,0.12232905982905984
33,Other,4,38,0,Referral,medium,6,120.83,24.417021276595744,0.1489361702127659,63.27,16.902,4.247999999999999,21.24,0.2513312034078807,0.1063829787234042,1,Q2,Mid-High,2024-01,2025-11,1,1,Inactive,0,0,0,0.31463675213675213
56,Other,1,7,0,Referral,medium,2,67.97,28.154545454545453,0.1363636363636363,12.2,12.28,0.08,0.08,0.006514657980456,0.0454545454545454,0,Q1,Low,2025-08,2025-12,0,0,Recent,0,0,1,0.32585470085470086
46,Female,0,27,0,Partnership,medium,9,140.82,25.914814814814815,0.0555555555555555,34.23,12.28,1.59,4.77,0.1223076923076923,0.0555555555555555,0,Q3,Low,2025-11,2025-12,1,0,Mid-Inactive,0,0,0,0.2612179487179487
64,Male,2,1,0,Ads,medium,5,121.11,26.37368421052632,0.2105263157894736,37.75,8.59,1.0399999999999996,5.1999999999999975,0.1210710128055878,0.131578947368421,1,Q2,High,2023-11,2025-12,0,0,Recent,0,0,1,0.2761752136752137
41,Other,1,8,0,Partnership,medium,4,45.47,22.394736842105264,0.2105263157894736,35.62,12.92,1.4166666666666667,4.25,0.1065964384248808,0.1578947368421052,1,Q1,High,2025-07,2025-12,0,0,Mid-Recent,0,0,1,0.38247863247863245
50,Other,5,6,0,Referral,medium,6,129.32999999999998,24.652380952380955,0.1666666666666666,46.08,16.8,5.28,21.12,0.3142857142857143,0.0952380952380952,1,Q3,Mid-High,2023-01,2025-11,0,0,Recent,0,0,1,0.5988247863247863
39,Male,3,9,0,Organic,low,4,79.51,19.8969696969697,0.1515151515151515,15.06,9.255,1.7249999999999996,3.4499999999999997,0.186385737439222,0.0606060606060606,0,Q1,Mid-Low,2024-05,2025-11,0,0,Mid-Recent,0,0,1,0.32425213675213677
66,Male,6,68,1,Referral,medium,7,117.36,25.905,0.15,45.52,12.52,1.2624999999999995,5.049999999999999,0.0998615780106782,0.1,1,Q2,Mid-High,2025-10,2025-12,1,1,Inactive,0,0,0,0.3055555555555556
35,Other,5,9,0,Referral,medium,11,137.6,26.802,0.14,64.36,13.968,1.3519999999999996,6.759999999999998,0.0950506186726658,0.1,1,Q3,Mid-High,2024-03,2025-12,0,0,Mid-Recent,0,0,1,0.5705128205128205
25,Female,5,37,1,Partnership,medium,2,138.96,25.909302325581397,0.2790697674418604,81.82,12.273333333333332,3.2133333333333334,28.92,0.2611522485100235,0.2093023255813953,1,Q3,High,2024-12,2025-12,1,1,Inactive,0,0,0,0.5267094017094017
36,Female,2,2,0,Ads,medium,6,161.17,23.35490196078431,0.1764705882352941,44.03,14.864,6.058,30.29,0.407561894510226,0.0980392156862745,1,Q3,Mid-High,2025-09,2025-12,0,0,Recent,0,0,1,0.3178418803418803
31,Other,11,21,0,Referral,high,2,344.24,26.17866666666667,0.2,61.76,11.216666666666669,1.1950000000000005,7.170000000000002,0.1040185695633251,0.08,0,Q4,Mid-Low,2024-09,2025-12,1,0,Mid-Inactive,1,1,0,0.6981837606837606
30,Male,0,9,0,Referral,medium,5,118.27,25.1027027027027,0.081081081081081,29.51,11.586666666666666,1.7500000000000002,5.250000000000001,0.1510356731875719,0.081081081081081,0,Q2,Mid-Low,2023-03,2025-12,0,0,Mid-Recent,0,0,1,0.4455128205128205
54,Female,3,13,0,Ads,medium,3,82.32,23.32857142857143,0.0,0.0,0.0,0.0,0.0,0.0,0.0,0,Q1,Low,2023-08,2025-09,0,0,Mid-Recent,0,0,1,0.532051282051282
63,Other,7,5,0,Partnership,high,6,185.82,24.495652173913044,0.1739130434782608,40.06,14.0,4.0975,16.39,0.2903454384410983,0.0869565217391304,0,Q4,Mid-Low,2025-05,2025-12,0,0,Recent,1,0,1,0.4700854700854701
23,Male,3,13,0,Referral,medium,8,151.37,24.305882352941172,0.1372549019607843,96.45,17.19666666666667,1.5199999999999998,9.12,0.0863881784597897,0.1176470588235294,1,Q3,High,2023-05,2025-12,0,0,Mid-Recent,0,0,1,0.3247863247863248
64,Male,2,3,0,Ads,medium,3,155.22,23.522916666666664,0.125,37.89,13.053333333333336,0.8233333333333336,2.4700000000000006,0.061199207135778,0.0625,0,Q3,Mid-Low,2023-01,2025-10,0,0,Recent,0,0,1,0.2911324786324786
58,Other,3,4,0,Organic,low,1,119.53,26.785000000000004,0.15,19.55,7.586666666666666,1.3333333333333333,4.0,0.1698513800424628,0.075,0,Q2,Mid-Low,2024-07,2025-12,0,0,Recent,0,0,1,0.43055555555555547
63,Other,4,11,0,Ads,high,1,235.09,23.951063829787238,0.1489361702127659,70.45,15.166666666666666,3.4250000000000003,20.55,0.2258241758241758,0.1276595744680851,1,Q4,High,2024-06,2025-12,0,0,Mid-Recent,1,0,1,0.45352564102564097
33,Male,0,13,0,Ads,high,4,245.19,27.45964912280702,0.1052631578947368,49.06,15.57,3.32,13.28,0.2130253448829002,0.0701754385964912,0,Q4,Mid-Low,2025-07,2025-12,0,0,Mid-Recent,1,0,1,0.5379273504273504
27,Female,6,65,1,Partnership,low,2,105.6,29.26279069767442,0.1162790697674418,63.99,23.33333333333333,2.723333333333333,8.17,0.113220620842572,0.0697674418604651,0,Q2,Mid-Low,2024-09,2025-12,1,1,Inactive,0,0,0,0.5197649572649572
58,Male,3,12,0,Referral,medium,11,204.33,24.89016393442623,0.0983606557377049,47.23,13.925,2.8475,11.39,0.194302285909246,0.0655737704918032,0,Q4,Mid-Low,2025-06,2025-12,0,0,Mid-Recent,1,0,1,0.5758547008547008
53,Other,0,19,0,Ads,low,4,87.74,23.866666666666667,0.303030303030303,34.47,9.42,2.526,12.63,0.2681528662420382,0.1515151515151515,1,Q1,High,2024-01,2025-11,0,0,Mid-Inactive,0,0,0,0.4909188034188034
57,Female,2,2,0,Organic,medium,4,115.36,22.87777777777778,0.1944444444444444,54.63,17.247500000000002,3.7425000000000006,14.970000000000002,0.2150862068965517,0.1111111111111111,1,Q2,Mid-High,2025-03,2025-12,0,0,Recent,0,0,1,0.23290598290598288
37,Male,1,67,1,Partnership,medium,2,56.66,21.63529411764706,0.2352941176470588,15.68,13.62,5.78,11.56,0.4243759177679882,0.1176470588235294,1,Q1,High,2025-07,2025-12,1,1,Inactive,0,0,0,0.1517094017094017
56,Female,4,38,0,Organic,low,3,146.96,26.4,0.1489361702127659,52.23,14.63,1.7325000000000004,6.9300000000000015,0.1171399594320487,0.0851063829787234,0,Q3,Mid-Low,2024-03,2025-12,1,1,Inactive,0,0,0,0.38408119658119655
66,Female,9,19,0,Partnership,high,5,331.59,26.11688311688312,0.1948051948051948,80.57,13.971428571428572,2.4614285714285717,17.23,0.1761758691206544,0.0909090909090909,1,Q4,Mid-High,2023-10,2025-12,0,0,Mid-Inactive,1,0,0,0.44978632478632485
25,Male,2,9,1,Organic,low,3,105.83,24.28048780487805,0.1707317073170731,43.62,10.162,1.4380000000000002,7.19,0.1415075772485731,0.1219512195121951,1,Q2,High,2024-12,2025-12,0,0,Mid-Recent,0,0,1,0.42094017094017094
63,Male,4,38,0,Partnership,low,5,154.07,24.24406779661017,0.1694915254237288,50.98,18.186666666666667,1.2999999999999996,3.899999999999999,0.0710641399416909,0.0508474576271186,0,Q3,Low,2025-05,2025-12,1,1,Inactive,0,0,0,0.3450854700854701
19,Female,2,29,0,Ads,medium,3,70.33,25.66,0.12,11.54,12.0,0.4600000000000008,0.4600000000000008,0.0383333333333334,0.04,0,Q1,Low,2023-06,2025-11,1,0,Inactive,0,0,0,0.42895299145299143
67,Female,1,17,0,Organic,medium,2,68.17,31.133333333333333,0.1428571428571428,34.8,18.875,1.7400000000000002,3.4800000000000004,0.0909090909090909,0.0952380952380952,1,Q1,Mid-High,2024-03,2025-12,0,0,Mid-Inactive,0,0,0,0.3215811965811966
45,Female,1,34,0,Referral,low,2,88.6,23.10909090909091,0.1818181818181818,35.739999999999995,12.28,0.3666666666666665,1.0999999999999996,0.0298588490770901,0.0909090909090909,1,Q1,Mid-High,2025-08,2025-12,1,1,Inactive,0,0,0,0.4700854700854701
39,Other,3,11,0,Organic,medium,3,96.83,24.379310344827587,0.1724137931034483,21.33,7.702500000000001,2.37,9.48,0.3076923076923077,0.1379310344827586,1,Q2,High,2024-11,2025-12,0,0,Mid-Recent,0,0,1,0.17521367521367523
54,Male,0,11,0,Referral,medium,1,57.25,22.08125,0.25,42.09,14.07,3.765,15.06,0.263517060367454,0.25,1,Q1,High,2025-06,2025-12,0,0,Mid-Recent,0,0,1,0.3627136752136752
52,Male,1,0,0,Partnership,medium,7,78.36,24.35625,0.125,47.2,15.4375,3.6775,14.71,0.2376029720562106,0.125,1,Q1,High,2023-08,2025-09,0,0,Recent,0,0,1,0.3616452991452991
40,Other,1,29,0,Referral,medium,6,112.65,24.941463414634143,0.1707317073170731,68.39,16.246666666666666,4.848333333333333,29.09,0.298420188756668,0.1463414634146341,1,Q2,High,2025-07,2025-12,1,0,Inactive,0,0,0,0.5876068376068375
30,Male,8,2,1,Ads,medium,4,131.48,23.706521739130437,0.1521739130434782,70.86,16.84,3.01,15.05,0.1751833313933186,0.108695652173913,1,Q3,Mid-High,2025-03,2025-12,0,0,Recent,0,0,1,0.3242521367521367
39,Female,6,4,0,Ads,medium,4,132.55,25.25,0.217391304347826,58.7,9.937142857142858,1.804285714285714,12.63,0.1770643488013458,0.1521739130434782,1,Q3,High,2024-06,2025-11,0,0,Recent,0,0,1,0.27564102564102566
66,Other,3,29,0,Partnership,high,11,222.86,26.514035087719297,0.2280701754385964,62.64,12.426666666666668,2.1533333333333338,12.920000000000002,0.1709899417681313,0.1052631578947368,1,Q4,Mid-High,2023-08,2025-12,1,0,Inactive,1,1,0,0.3295940170940171
36,Female,0,10,0,Ads,medium,5,199.13,26.49016393442623,0.2295081967213114,159.61,14.966666666666669,1.9291666666666665,23.15,0.1266688553293937,0.1967213114754098,1,Q4,High,2025-10,2025-12,0,0,Mid-Recent,1,0,1,0.38141025641025644
65,Male,0,24,0,Partnership,medium,8,127.66,24.877777777777776,0.1111111111111111,35.91,23.5,5.74,11.48,0.242245199409158,0.0444444444444444,0,Q3,Low,2025-07,2025-12,1,0,Mid-Inactive,0,0,0,0.3408119658119658
23,Male,3,15,0,Partnership,medium,7,112.21,28.135135135135137,0.1621621621621621,26.76,9.45,2.76,11.039999999999996,0.292063492063492,0.1081081081081081,1,Q2,Mid-High,2024-07,2025-12,0,0,Mid-Inactive,0,0,0,0.4802350427350427
56,Male,2,24,0,Partnership,medium,7,77.67,25.69375,0.125,10.84,12.0,1.16,1.16,0.0966666666666666,0.03125,0,Q1,Low,2024-01,2025-11,1,0,Mid-Inactive,0,0,0,0.3685897435897436
68,Female,1,3,0,Referral,medium,2,83.28999999999999,26.22,0.28,64.14,12.113333333333337,1.4383333333333337,8.630000000000003,0.1185928267143053,0.24,1,Q1,High,2023-10,2025-11,0,0,Recent,0,0,1,0.422008547008547
30,Male,3,18,0,Partnership,low,5,117.38,25.48333333333333,0.0476190476190476,3.88,6.76,2.88,2.88,0.4260355029585799,0.0238095238095238,0,Q2,Low,2024-09,2025-11,0,0,Mid-Inactive,0,0,0,0.5571581196581197
23,Male,4,6,0,Organic,low,5,141.6,25.2,0.18,86.38,18.842,1.7239999999999998,8.62,0.0907368421052631,0.1,1,Q3,Mid-High,2023-06,2025-12,0,0,Recent,0,0,1,0.5566239316239316
50,Male,2,30,0,Referral,medium,4,96.18,24.24324324324324,0.2432432432432432,47.75,14.44,2.9000000000000004,11.6,0.1954507160909857,0.1081081081081081,1,Q2,Mid-High,2024-12,2025-12,1,1,Inactive,0,0,0,0.43856837606837606
41,Other,3,26,0,Partnership,low,6,140.96,25.589795918367347,0.1020408163265306,33.72,17.06,5.82,17.46,0.3411488862837046,0.0612244897959183,0,Q3,Mid-Low,2023-01,2025-12,1,0,Mid-Inactive,0,0,0,0.4412393162393162
43,Male,4,19,0,Organic,high,10,254.54,22.71212121212121,0.106060606060606,77.08,24.75,5.48,21.92,0.2214141414141414,0.0606060606060606,0,Q4,Mid-Low,2024-09,2025-12,0,0,Mid-Inactive,1,0,0,0.6944444444444444
59,Female,1,0,0,Ads,high,2,74.49,23.73,0.05,0.0,0.0,0.0,0.0,0.0,0.0,0,Q1,Low,2023-11,2025-12,0,0,Recent,0,0,1,0.4492521367521367
28,Male,3,13,0,Ads,medium,6,87.74,27.7939393939394,0.2121212121212121,24.14,16.62,4.550000000000001,9.1,0.2737665463297232,0.0606060606060606,0,Q1,Mid-Low,2023-02,2025-12,0,0,Mid-Recent,0,0,1,0.483974358974359
57,Female,7,12,0,Referral,low,5,133.2,21.876,0.12,33.93,10.042,3.322,16.61,0.3286505738029284,0.1,1,Q3,Mid-High,2025-05,2025-12,0,0,Mid-Recent,0,0,1,0.33440170940170943
37,Other,2,17,0,Ads,low,5,94.37,24.003030303030304,0.1818181818181818,17.25,8.413333333333334,2.6633333333333336,7.99,0.3165610142630745,0.0909090909090909,1,Q2,Mid-High,2025-04,2025-12,0,0,Mid-Inactive,0,0,0,0.5048076923076923
56,Female,7,5,0,Organic,medium,5,137.84,27.30434782608696,0.1739130434782608,60.91,13.96,1.996,9.98,0.1407814924530963,0.108695652173913,1,Q3,Mid-High,2025-10,2025-12,0,0,Recent,0,0,1,0.23397435897435898
52,Female,2,4,0,Ads,low,5,103.36,29.225641025641025,0.1282051282051282,6.75,4.109999999999999,0.7349999999999999,1.4699999999999998,0.1788321167883211,0.0512820512820512,0,Q2,Low,2024-03,2025-11,0,0,Recent,0,0,1,0.47489316239316237
50,Other,1,43,0,Referral,low,7,113.32,23.28695652173913,0.217391304347826,79.71000000000001,12.794285714285715,1.4200000000000002,9.94,0.1108756274400446,0.1521739130434782,1,Q2,High,2023-11,2025-11,1,1,Inactive,0,0,0,0.5117521367521367
42,Male,1,15,0,Ads,high,2,91.64,23.004761904761907,0.238095238095238,53.16,17.356,6.768000000000001,33.84,0.3889655172413793,0.238095238095238,1,Q2,High,2025-06,2025-12,0,0,Mid-Inactive,0,0,0,0.20352564102564102
46,Male,6,13,0,Partnership,medium,4,195.38,26.74074074074074,0.1666666666666666,69.74000000000001,15.306666666666668,3.8766666666666665,23.26,0.2501075268817204,0.1111111111111111,1,Q4,Mid-High,2023-04,2025-11,0,0,Mid-Recent,1,0,1,0.5042735042735043
49,Male,0,74,0,Partnership,medium,3,69.39,27.7,0.16,20.24,12.76,2.64,5.279999999999999,0.2068965517241378,0.08,0,Q1,Mid-Low,2025-08,2025-12,1,1,Inactive,0,0,0,0.1997863247863248
45,Female,1,30,0,Organic,high,9,200.67,21.511764705882356,0.1372549019607843,40.59,19.0,5.69,17.07,0.2960457856399583,0.0588235294117647,0,Q4,Mid-Low,2023-10,2025-12,1,1,Inactive,1,1,0,0.6511752136752137
27,Female,4,20,0,Organic,medium,3,150.81,26.71818181818181,0.2045454545454545,30.68,9.1575,1.4900000000000002,5.960000000000001,0.1626637554585153,0.0909090909090909,1,Q3,Mid-High,2023-01,2025-10,1,0,Mid-Inactive,0,0,0,0.2879273504273504
31,Female,0,0,0,Ads,low,10,118.95,23.989795918367346,0.1836734693877551,47.51,15.485,3.7325,14.93,0.2391095451633568,0.0816326530612244,0,Q2,Mid-Low,2024-08,2025-12,0,0,Recent,0,0,1,0.47596153846153844
44,Male,1,25,0,Partnership,medium,4,60.27,29.1625,0.3333333333333333,39.39,13.173333333333332,0.4333333333333335,1.3000000000000007,0.0319488817891374,0.125,1,Q1,High,2025-09,2025-12,1,0,Mid-Inactive,0,0,0,0.1955128205128205
62,Male,2,32,0,Referral,medium,4,83.13,27.246875,0.125,23.09,10.58,2.883333333333333,8.649999999999999,0.2725267800882167,0.09375,1,Q1,Mid-High,2025-05,2025-12,1,1,Inactive,0,0,0,0.2991452991452991
21,Other,2,105,0,Ads,high,5,188.93,28.668000000000003,0.12,43.2,16.71,5.909999999999999,23.64,0.3536804308797127,0.08,0,Q4,Mid-Low,2023-04,2025-11,1,1,Inactive,1,1,0,0.5219017094017094
32,Female,3,31,0,Ads,medium,4,82.66,25.78333333333333,0.1333333333333333,32.42,12.6825,4.577500000000001,18.31,0.3609304159274591,0.1333333333333333,1,Q1,High,2024-05,2025-11,1,1,Inactive,0,0,0,0.22115384615384615
55,Other,5,9,0,Organic,low,6,111.06,21.765853658536585,0.073170731707317,8.34,9.92,1.58,1.58,0.1592741935483871,0.024390243902439,0,Q2,Low,2024-07,2025-11,0,0,Mid-Recent,0,0,1,0.5042735042735043
52,Other,3,117,1,Referral,medium,4,92.05,24.60322580645161,0.064516129032258,0.0,0.0,0.0,0.0,0.0,0.0,0,Q2,Low,2025-09,2025-12,1,1,Inactive,0,0,0,0.2254273504273504
35,Male,3,10,1,Referral,medium,8,224.31,26.076119402985075,0.1194029850746268,68.89,15.112,1.5719999999999998,7.859999999999999,0.1024104234527687,0.0746268656716417,0,Q4,Mid-Low,2023-04,2025-11,0,0,Mid-Recent,1,0,1,0.6362179487179487
59,Female,0,5,0,Organic,medium,8,129.05,25.370833333333334,0.1041666666666666,6.35,12.28,5.93,5.93,0.4828990228013029,0.0208333333333333,0,Q3,Low,2024-11,2025-12,0,0,Recent,0,0,1,0.49946581196581197
18,Male,1,16,0,Referral,medium,7,149.96,24.492,0.16,40.34,13.0075,2.9799999999999995,11.919999999999998,0.2280903176425563,0.08,0,Q3,Mid-Low,2023-10,2025-12,0,0,Mid-Inactive,0,0,0,0.32745726495726496
48,Male,11,22,1,Referral,medium,9,278.12,26.50352941176471,0.0941176470588235,48.52,18.6875,6.5575,26.23,0.3509030100334448,0.0470588235294117,0,Q4,Low,2024-10,2025-12,1,0,Mid-Inactive,1,1,0,0.6923076923076923
46,Female,5,4,0,Organic,medium,6,100.44,23.11315789473684,0.1842105263157894,41.25,11.854,3.604,18.02,0.3040323941285642,0.131578947368421,1,Q2,High,2024-08,2025-12,0,0,Recent,0,0,1,0.3317307692307692
33,Other,9,21,0,Partnership,high,13,298.67,24.07435897435897,0.1538461538461538,194.5,19.645,3.580833333333333,42.97,0.180949172527056,0.1538461538461538,1,Q4,High,2025-02,2025-12,1,0,Mid-Inactive,1,1,0,0.6623931623931625
40,Female,0,38,0,Referral,low,8,99.25,25.54878048780488,0.2195121951219512,71.52000000000001,15.451666666666666,3.713333333333333,22.28,0.2375266524520255,0.1463414634146341,1,Q2,High,2024-01,2025-10,1,1,Inactive,0,0,0,0.35844017094017094
63,Male,4,13,0,Partnership,medium,3,123.92,26.66428571428572,0.238095238095238,79.56,13.867142857142856,2.602857142857143,18.22,0.1863366741664962,0.1666666666666666,1,Q3,High,2023-01,2025-11,0,0,Mid-Recent,0,0,1,0.5571581196581197
61,Male,5,30,0,Organic,medium,10,107.46,26.42325581395349,0.0465116279069767,0.0,0.0,0.0,0.0,0.0,0.0,0,Q2,Low,2023-09,2025-11,1,1,Inactive,0,0,0,0.3392094017094017
47,Other,5,16,0,Partnership,medium,10,187.44,27.10833333333333,0.2166666666666666,68.42,13.537142857142856,3.8428571428571434,26.9,0.2822073017205203,0.1166666666666666,1,Q4,High,2024-08,2025-12,0,0,Mid-Inactive,1,0,0,0.4951923076923077
30,Female,2,49,1,Ads,medium,6,87.5,24.665625,0.25,58.73,11.058333333333332,1.495,8.969999999999999,0.1324963072378138,0.1875,1,Q1,High,2024-09,2025-10,1,1,Inactive,0,0,0,0.4310897435897436
41,Other,3,36,1,Referral,low,1,93.65,28.308823529411764,0.1176470588235294,37.010000000000005,15.01,3.0700000000000003,9.21,0.1992643877109476,0.088235294117647,1,Q2,Mid-High,2023-08,2025-12,1,1,Inactive,0,0,0,0.5368589743589742
41,Female,3,27,0,Organic,high,10,251.78,25.86774193548387,0.032258064516129,1.69,3.32,1.63,1.63,0.4909638554216867,0.0161290322580645,0,Q4,Low,2025-04,2025-12,1,0,Mid-Inactive,1,1,0,0.545405982905983
59,Female,4,15,1,Referral,medium,1,114.43,23.38108108108108,0.1621621621621621,57.19,20.5,6.202500000000001,24.81,0.3025609756097561,0.1081081081081081,1,Q2,Mid-High,2023-07,2025-10,0,0,Mid-Inactive,0,0,0,0.29273504273504275
54,Male,0,18,0,Partnership,high,10,267.15,25.35211267605634,0.1830985915492957,78.64,14.98,5.19125,41.53,0.345593742198552,0.1126760563380281,1,Q4,Mid-High,2024-10,2025-12,0,0,Mid-Inactive,1,0,0,0.6185897435897436
65,Other,2,3,0,Referral,low,4,114.38,25.53076923076923,0.1025641025641025,54.37,19.746666666666663,2.103333333333334,6.310000000000002,0.1039881344759394,0.0769230769230769,0,Q2,Mid-Low,2025-03,2025-12,0,0,Recent,0,0,1,0.5373931623931624
63,Male,4,36,0,Ads,medium,7,64.47,25.964,0.2,51.68,27.666666666666668,10.44,31.32,0.3773493975903614,0.12,1,Q1,High,2023-05,2025-11,1,1,Inactive,0,0,0,0.3733974358974359
21,Female,4,4,0,Organic,high,4,131.98,23.6625,0.09375,16.58,12.73,4.44,8.879999999999999,0.3487824037706206,0.0625,0,Q3,Mid-Low,2024-11,2025-12,0,0,Recent,0,0,1,0.26442307692307687
30,Other,1,5,0,Organic,medium,1,107.67,23.98918918918919,0.1351351351351351,37.54,10.59,1.4249999999999998,5.699999999999999,0.1318223866790009,0.1081081081081081,1,Q2,Mid-High,2024-07,2025-12,0,0,Recent,0,0,1,0.4732905982905983
55,Other,4,17,0,Referral,medium,4,137.92,24.75,0.1818181818181818,66.63,13.553333333333333,2.57,15.419999999999998,0.1879341864716636,0.1363636363636363,1,Q3,High,2024-08,2025-12,0,0,Mid-Inactive,0,0,0,0.4615384615384615
22,Male,2,60,0,Organic,high,5,171.65,24.88222222222222,0.1777777777777777,50.09,13.898,3.898000000000001,19.49,0.2801092267893073,0.1111111111111111,1,Q4,Mid-High,2023-05,2025-12,1,1,Inactive,1,1,0,0.5144230769230769
20,Female,1,7,0,Partnership,low,3,110.46,26.674358974358974,0.1794871794871795,74.03,24.0,5.6425,22.57,0.2336438923395445,0.1025641025641025,1,Q2,Mid-High,2023-02,2025-10,0,0,Recent,0,0,1,0.30822649572649574
37,Female,7,27,0,Referral,high,10,230.54,23.81929824561404,0.1403508771929824,94.86,18.71333333333333,3.1633333333333327,18.98,0.1667252283907238,0.1052631578947368,1,Q4,Mid-High,2023-03,2025-12,1,0,Mid-Inactive,1,1,0,0.517094017094017
62,Male,6,0,0,Referral,medium,5,116.47,25.01904761904762,0.119047619047619,40.06,12.61,2.595,10.38,0.2057890563045202,0.0952380952380952,1,Q2,Mid-High,2023-09,2025-11,0,0,Recent,0,0,1,0.5710470085470085
64,Male,1,17,0,Organic,medium,5,198.5,27.893650793650792,0.2063492063492063,79.02,13.92875,4.05125,32.41,0.2908552454455712,0.1269841269841269,1,Q4,High,2025-06,2025-12,0,0,Mid-Inactive,1,0,0,0.3760683760683761
31,Other,1,20,1,Partnership,high,4,269.78,25.747692307692308,0.1846153846153846,79.44,16.428571428571427,5.08,35.56,0.3092173913043478,0.1076923076923077,1,Q4,Mid-High,2023-12,2025-11,1,0,Mid-Inactive,1,1,0,0.44711538461538464
37,Other,0,5,0,Ads,medium,4,142.2,27.74186046511628,0.1395348837209302,41.36,12.3725,2.1025,8.41,0.168977295559574,0.0930232558139534,1,Q3,Mid-High,2024-06,2025-12,0,0,Recent,0,0,1,0.41559829059829057
63,Female,4,20,0,Organic,low,5,115.32,24.442222222222224,0.1777777777777777,39.73,10.528333333333334,3.9066666666666663,23.44,0.3710622130758271,0.1333333333333333,1,Q2,High,2024-10,2025-11,1,0,Mid-Inactive,0,0,0,0.31303418803418803
44,Male,3,167,1,Organic,medium,9,97.4,26.002702702702702,0.1081081081081081,36.23,15.64,3.563333333333333,10.69,0.2278346121057118,0.081081081081081,0,Q2,Mid-Low,2023-02,2025-12,1,1,Inactive,0,0,0,0.4802350427350427
34,Other,2,24,1,Organic,medium,3,90.84,26.16969696969697,0.1212121212121212,10.5,3.753333333333333,0.2533333333333334,0.7600000000000002,0.0674955595026643,0.0909090909090909,1,Q2,Mid-High,2023-04,2025-12,1,0,Mid-Inactive,0,0,0,0.421474358974359
55,Female,6,1,0,Partnership,medium,4,100.86,24.1,0.1081081081081081,24.380000000000003,11.413333333333334,3.286666666666666,9.86,0.2879672897196261,0.081081081081081,0,Q2,Mid-Low,2024-11,2025-12,0,0,Recent,0,0,1,0.3482905982905983
42,Male,1,6,0,Partnership,medium,5,61.94,22.27391304347826,0.1304347826086956,11.17,13.24,2.0700000000000003,2.0700000000000003,0.1563444108761329,0.0434782608695652,0,Q1,Low,2023-09,2025-12,0,0,Recent,0,0,1,0.20512820512820512
31,Female,3,24,0,Referral,medium,7,82.55,25.24516129032258,0.2580645161290322,69.55,18.648000000000003,4.738000000000001,23.690000000000005,0.2540755040755041,0.1612903225806451,1,Q1,High,2024-08,2025-12,1,0,Mid-Inactive,0,0,0,0.4476495726495726
47,Female,4,31,0,Referral,medium,1,158.63,22.1675,0.125,38.56,13.4775,4.01,16.04,0.2937728937728937,0.1,1,Q3,Mid-High,2023-03,2025-12,1,1,Inactive,0,0,0,0.47916666666666663
47,Other,2,18,0,Organic,medium,1,102.75,22.4,0.15625,28.53,15.333333333333334,5.823333333333333,17.47,0.3797826086956521,0.09375,1,Q2,Mid-High,2024-07,2025-12,0,0,Mid-Inactive,0,0,0,0.38247863247863245
20,Female,8,2,0,Organic,medium,6,173.1,23.80333333333333,0.15,37.92,9.6,2.082,10.41,0.2153941651148355,0.0833333333333333,0,Q4,Mid-Low,2024-10,2025-12,0,0,Recent,1,0,1,0.5368589743589745
48,Female,0,82,0,Referral,low,8,89.18,25.366666666666667,0.1818181818181818,36.22,11.7525,2.78,11.12,0.2348964934516265,0.1212121212121212,1,Q1,High,2023-08,2025-12,1,1,Inactive,0,0,0,0.4631410256410256
28,Female,2,39,0,Referral,medium,5,75.14,24.416,0.32,56.86000000000001,12.685,3.2083333333333326,19.25,0.2529234003416107,0.24,1,Q1,High,2023-09,2025-12,1,1,Inactive,0,0,0,0.4567307692307692
55,Other,1,20,1,Partnership,low,6,83.92,25.67142857142857,0.0857142857142857,23.36,14.14,2.46,4.92,0.1739745403111739,0.0571428571428571,0,Q1,Low,2025-09,2025-12,1,0,Mid-Inactive,0,0,0,0.2077991452991453
64,Female,2,7,0,Partnership,medium,5,130.4,22.452272727272728,0.1363636363636363,79.31,18.46,5.241666666666666,31.45,0.2839472733838931,0.1363636363636363,1,Q3,High,2023-10,2025-12,0,0,Recent,0,0,1,0.5240384615384615
32,Other,5,8,0,Partnership,high,11,284.49,27.115277777777777,0.125,79.12,15.117142857142856,3.857142857142857,27.0,0.2544289483603467,0.0972222222222222,1,Q4,Mid-High,2023-01,2025-11,0,0,Mid-Recent,1,0,1,0.6992521367521367
43,Other,1,8,0,Ads,medium,2,49.76,24.063157894736843,0.1578947368421052,6.23,8.0,1.7699999999999996,1.7699999999999996,0.2212499999999999,0.0526315789473684,0,Q1,Low,2023-10,2025-11,0,0,Mid-Recent,0,0,1,0.44497863247863245
62,Other,2,44,0,Ads,medium,8,69.71,23.321428571428573,0.2142857142857142,43.17,15.426666666666668,1.37,4.109999999999999,0.0869289340101522,0.1071428571428571,1,Q1,Mid-High,2025-10,2025-12,1,1,Inactive,0,0,0,0.17094017094017094
68,Male,8,28,0,Organic,medium,4,162.85,25.152941176470588,0.1568627450980392,91.09,15.528571428571428,2.877142857142857,20.14,0.18106625910276,0.1372549019607843,1,Q3,High,2023-11,2025-11,1,0,Inactive,0,0,0,0.3456196581196581
43,Male,3,0,0,Referral,low,7,125.69,23.22391304347826,0.217391304347826,48.18,12.398,2.8,14.0,0.2251527822450948,0.108695652173913,1,Q3,Mid-High,2024-09,2025-12,0,0,Recent,0,0,1,0.49091880341880345
37,Female,1,0,0,Ads,medium,2,152.79,24.772093023255817,0.1860465116279069,51.28,16.58,3.76,15.04,0.2267792521109771,0.0930232558139534,1,Q3,Mid-High,2025-06,2025-12,0,0,Recent,0,0,1,0.5753205128205128
23,Other,3,3,1,Ads,low,5,77.61,22.384375,0.21875,75.22,17.085,4.548333333333333,27.29,0.2662179299580529,0.1875,1,Q1,High,2023-05,2025-12,0,0,Recent,0,0,1,0.2297008547008547
28,Female,0,92,1,Partnership,low,5,145.65,21.088461538461537,0.2115384615384615,70.14,13.644285714285711,3.6242857142857146,25.37,0.2656266359543503,0.1346153846153846,1,Q3,High,2024-01,2025-12,1,1,Inactive,0,0,0,0.44017094017094016
48,Other,6,9,0,Partnership,medium,5,192.58,26.682539682539684,0.1428571428571428,54.64,15.75,4.908,24.54,0.3099267491790856,0.0793650793650793,0,Q4,Mid-Low,2023-08,2025-12,0,0,Mid-Recent,1,0,1,0.3552350427350428
26,Female,3,3,0,Partnership,low,3,75.65,22.159259259259255,0.074074074074074,9.19,13.24,4.050000000000001,4.050000000000001,0.3058912386706949,0.037037037037037,0,Q1,Low,2025-04,2025-12,0,0,Recent,0,0,1,0.3611111111111111
56,Female,4,21,0,Organic,low,3,103.13,28.489743589743583,0.2051282051282051,47.190000000000005,12.1275,0.8124999999999998,3.249999999999999,0.0644329896907216,0.1025641025641025,1,Q2,Mid-High,2025-04,2025-12,1,0,Mid-Inactive,0,0,0,0.26655982905982906
19,Male,5,11,0,Ads,medium,5,84.53,24.82903225806452,0.1290322580645161,38.8,12.6,0.1233333333333336,0.370000000000001,0.0094460045953536,0.0967741935483871,1,Q1,Mid-High,2025-09,2025-11,0,0,Mid-Recent,0,0,1,0.2879273504273504
50,Male,5,32,0,Referral,medium,8,157.17000000000002,26.78813559322034,0.1694915254237288,81.31,14.423333333333332,1.3033333333333337,7.82,0.0877370133512846,0.1016949152542373,1,Q3,Mid-High,2024-03,2025-11,1,1,Inactive,0,0,0,0.608974358974359
30,Male,0,23,0,Organic,low,2,64.78,24.252380952380957,0.0952380952380952,0.0,0.0,0.0,0.0,0.0,0.0,0,Q1,Low,2023-12,2025-11,1,0,Mid-Inactive,0,0,0,0.3840811965811966
42,Other,4,49,1,Partnership,medium,5,147.48,23.38936170212766,0.1702127659574468,43.3,10.936,2.276,11.38,0.2081199707388442,0.1063829787234042,1,Q3,Mid-High,2023-01,2025-11,1,1,Inactive,0,0,0,0.5507478632478632
42,Other,4,7,0,Referral,medium,3,65.13,27.079166666666666,0.2916666666666667,54.21,13.6,2.906,14.53,0.2113762001745708,0.2083333333333333,1,Q1,High,2023-10,2025-09,0,0,Recent,0,0,1,0.43856837606837606
28,Female,0,84,0,Partnership,medium,5,228.35,27.035,0.0833333333333333,22.32,12.0,0.8400000000000003,1.6800000000000006,0.07,0.0333333333333333,0,Q4,Low,2023-02,2025-11,1,1,Inactive,1,1,0,0.5438034188034189
59,Female,0,20,0,Ads,high,7,222.32,25.692592592592597,0.1666666666666666,88.32,15.533333333333331,1.2633333333333332,7.579999999999999,0.0790406673618352,0.1111111111111111,1,Q4,Mid-High,2024-03,2025-12,1,0,Mid-Inactive,1,1,0,0.3237179487179487
50,Female,8,5,0,Referral,medium,6,161.04,25.12222222222222,0.074074074074074,34.82,12.836666666666666,1.2966666666666662,3.889999999999999,0.1004908292430896,0.0555555555555555,0,Q3,Low,2023-04,2025-12,0,0,Recent,0,0,1,0.4209401709401709
45,Male,6,10,0,Partnership,low,7,127.73,26.606122448979598,0.2244897959183673,57.33,14.043333333333331,4.488333333333333,26.93,0.3196059814858771,0.1224489795918367,1,Q3,High,2024-05,2025-12,0,0,Mid-Recent,0,0,1,0.48290598290598286
56,Female,1,4,0,Partnership,high,3,216.14,23.852083333333336,0.1458333333333333,65.97,13.38,2.58,15.48,0.1900552486187845,0.125,1,Q4,High,2025-09,2025-12,0,0,Recent,1,0,1,0.4230769230769231
25,Male,1,15,0,Partnership,medium,4,73.4,23.693103448275863,0.1724137931034483,26.7,12.0,3.1,9.3,0.2583333333333333,0.1034482758620689,1,Q1,Mid-High,2023-07,2025-12,0,0,Mid-Inactive,0,0,0,0.18215811965811968
39,Other,2,0,0,Ads,high,9,255.17,25.57575757575757,0.1515151515151515,68.07,15.121666666666668,3.776666666666667,22.66,0.2497520114625813,0.0909090909090909,1,Q4,Mid-High,2025-05,2025-12,0,0,Recent,1,0,1,0.42361111111111116
47,Female,0,30,0,Referral,high,6,261.25,23.910344827586208,0.1896551724137931,76.99,13.03125,3.595,28.76,0.2719621749408983,0.1379310344827586,1,Q4,High,2023-09,2025-12,1,1,Inactive,1,1,0,0.43803418803418803
21,Other,5,27,0,Organic,medium,9,87.55,22.664516129032258,0.064516129032258,19.42,12.62,2.91,5.82,0.2305863708399366,0.064516129032258,0,Q1,Mid-Low,2025-05,2025-12,1,0,Mid-Inactive,0,0,0,0.3295940170940171
67,Male,6,25,0,Ads,medium,7,157.64,22.0280701754386,0.1929824561403508,87.73,16.202857142857145,3.767142857142857,26.37,0.2311130587204206,0.1228070175438596,1,Q3,High,2023-11,2025-11,1,0,Mid-Inactive,0,0,0,0.5518162393162394
19,Female,3,13,0,Organic,low,7,90.56,29.28918918918919,0.1891891891891892,62.370000000000005,25.666666666666668,4.876666666666666,14.63,0.1899999999999999,0.081081081081081,0,Q2,Mid-Low,2024-05,2025-12,0,0,Mid-Recent,0,0,1,0.3205128205128205
40,Other,5,17,0,Partnership,high,8,222.75,27.75,0.1166666666666666,44.9,13.492,4.5120000000000005,22.56,0.3344203972724577,0.0833333333333333,0,Q4,Mid-Low,2023-05,2025-12,0,0,Mid-Inactive,1,0,0,0.6479700854700854
52,Male,6,11,0,Ads,high,4,157.37,24.32926829268293,0.1463414634146341,0.0,0.0,0.0,0.0,0.0,0.0,0,Q3,Low,2023-03,2025-12,0,0,Mid-Recent,0,0,1,0.42788461538461536
40,Female,7,10,0,Partnership,medium,8,130.39,26.032558139534885,0.1395348837209302,67.92,15.43,1.8560000000000003,9.28,0.1202072538860103,0.1162790697674418,1,Q3,Mid-High,2024-10,2025-12,0,0,Mid-Recent,0,0,1,0.4294871794871795
41,Male,3,1,0,Referral,medium,10,167.28,22.88833333333333,0.1,39.83,13.25,3.2924999999999995,13.169999999999998,0.2484905660377358,0.0666666666666666,0,Q4,Mid-Low,2024-03,2025-12,0,0,Recent,1,0,1,0.5090811965811965
39,Other,6,39,0,Partnership,high,2,167.31,25.41190476190476,0.1428571428571428,15.95,9.153333333333334,3.8366666666666656,11.51,0.419155134741442,0.0714285714285714,0,Q4,Mid-Low,2023-08,2025-12,1,1,Inactive,1,1,0,0.4043803418803419
65,Female,2,10,0,Partnership,medium,2,117.86,25.441666666666663,0.1666666666666666,15.22,7.56,2.486666666666667,7.46,0.3289241622574956,0.0833333333333333,0,Q2,Mid-Low,2023-03,2025-11,0,0,Mid-Recent,0,0,1,0.48290598290598286
34,Female,1,13,0,Referral,medium,2,42.99,26.49333333333333,0.2,40.24,17.916666666666668,4.503333333333334,13.510000000000002,0.2513488372093023,0.2,1,Q1,High,2025-01,2025-12,0,0,Mid-Recent,0,0,1,0.39316239316239315
31,Female,2,6,0,Ads,low,7,67.26,24.13703703703704,0.1851851851851851,24.35,12.6,4.483333333333333,13.45,0.3558201058201058,0.1111111111111111,1,Q1,Mid-High,2025-08,2025-12,0,0,Recent,0,0,1,0.4236111111111111
56,Female,5,28,0,Organic,high,6,202.2,26.20625,0.125,19.56,9.153333333333334,2.6333333333333333,7.899999999999999,0.2876911871813546,0.0625,0,Q4,Mid-Low,2023-10,2025-11,1,0,Inactive,1,1,0,0.2911324786324786
31,Male,3,10,0,Ads,low,5,155.66,27.932727272727277,0.1818181818181818,73.98,11.1875,2.1525,17.22,0.1888157894736842,0.1454545454545454,1,Q3,High,2024-04,2025-12,0,0,Mid-Recent,0,0,1,0.5988247863247863
56,Other,3,7,0,Referral,low,5,101.35,25.071428571428573,0.2285714285714285,56.46,13.768,2.556,12.779999999999998,0.1845753899480069,0.1428571428571428,1,Q2,High,2025-10,2025-12,0,0,Recent,0,0,1,0.26335470085470086
63,Female,1,58,1,Referral,high,4,209.35,23.094117647058823,0.1372549019607843,66.8,16.808,3.4479999999999995,17.24,0.205140409328891,0.0980392156862745,1,Q4,Mid-High,2025-02,2025-12,1,1,Inactive,1,1,0,0.3317307692307693
47,Other,2,4,0,Organic,medium,2,76.34,25.09230769230769,0.1538461538461538,25.34,12.59,0.0199999999999995,0.0399999999999991,0.0015760441292355,0.0769230769230769,0,Q1,Mid-Low,2023-10,2025-12,0,0,Recent,0,0,1,0.3985042735042735
18,Female,0,5,0,Organic,medium,2,80.17,20.673076923076923,0.1538461538461538,26.49,12.88,0.1749999999999998,0.3499999999999996,0.0130402384500745,0.0769230769230769,0,Q1,Mid-Low,2024-11,2025-11,0,0,Recent,0,0,1,0.25267094017094016
47,Other,7,8,0,Ads,medium,1,171.71,22.99791666666667,0.125,63.31,14.504,1.987999999999999,9.939999999999996,0.1356996587030716,0.1041666666666666,1,Q4,Mid-High,2023-06,2025-11,0,0,Mid-Recent,1,0,1,0.6036324786324787
34,Female,4,33,0,Referral,low,1,90.43,22.82058823529412,0.1470588235294117,27.9,16.0,2.05,4.1,0.128125,0.0588235294117647,0,Q2,Mid-Low,2023-03,2025-11,1,1,Inactive,0,0,0,0.2313034188034188
23,Male,3,28,0,Organic,medium,3,86.24,22.71333333333333,0.1666666666666666,35.33,13.916666666666666,2.140000000000001,6.420000000000002,0.1537724550898204,0.1,1,Q1,Mid-High,2023-04,2025-11,1,0,Inactive,0,0,0,0.25587606837606836
61,Female,0,17,0,Ads,low,3,110.16,21.85897435897436,0.2564102564102564,61.92,14.512,2.348,11.739999999999998,0.159380939451534,0.1282051282051282,1,Q2,High,2025-11,2025-12,0,0,Mid-Inactive,0,0,0,0.16933760683760685
54,Female,3,8,0,Referral,medium,6,95.3,24.852941176470587,0.088235294117647,23.04,29.0,5.960000000000001,5.960000000000001,0.2055172413793103,0.0294117647058823,0,Q2,Low,2024-12,2025-12,0,0,Mid-Recent,0,0,1,0.19658119658119658
33,Female,3,19,0,Partnership,low,3,68.57,28.42142857142857,0.1785714285714285,37.96,20.5,1.535,3.0700000000000003,0.0748233000243724,0.0714285714285714,0,Q1,Mid-Low,2023-12,2025-12,0,0,Mid-Inactive,0,0,0,0.532051282051282
31,Male,2,5,0,Organic,low,4,76.81,27.241935483870968,0.1290322580645161,12.48,9.52,3.28,6.56,0.3445378151260504,0.064516129032258,0,Q1,Mid-Low,2024-08,2025-12,0,0,Recent,0,0,1,0.34348290598290593
53,Female,1,75,1,Ads,low,3,137.29,27.241304347826084,0.1304347826086956,21.48,17.62,6.88,13.76,0.3904653802497162,0.0434782608695652,0,Q3,Low,2024-11,2025-12,1,1,Inactive,0,0,0,0.5950854700854701
38,Female,0,11,0,Organic,medium,2,89.13,24.053571428571427,0.0714285714285714,23.5,13.24,1.75,3.5,0.1296296296296296,0.0714285714285714,0,Q1,Mid-Low,2025-06,2025-12,0,0,Mid-Recent,0,0,1,0.3028846153846154
49,Female,4,15,0,Partnership,low,4,121.85,24.365957446808512,0.0638297872340425,46.71,19.33333333333333,3.7633333333333336,11.29,0.1946551724137931,0.0638297872340425,0,Q3,Mid-Low,2023-04,2025-11,0,0,Mid-Inactive,0,0,0,0.43963675213675213
36,Male,5,62,0,Partnership,low,4,138.14,26.162745098039213,0.0980392156862745,40.02,21.5,1.6300000000000008,3.2600000000000016,0.0753234750462107,0.0392156862745098,0,Q3,Low,2024-12,2025-12,1,1,Inactive,0,0,0,0.609508547008547
42,Other,5,11,0,Partnership,high,10,309.33,25.47297297297297,0.1081081081081081,52.010000000000005,13.69,0.6924999999999994,2.769999999999998,0.0505658999634902,0.054054054054054,0,Q4,Low,2023-12,2025-11,0,0,Mid-Recent,1,0,1,0.6383547008547008
57,Male,5,2,0,Referral,high,6,119.63,27.24,0.1714285714285714,76.7,19.352,4.012,20.06,0.2073170731707316,0.1428571428571428,1,Q2,High,2023-06,2025-11,0,0,Recent,0,0,1,0.27724358974358976
57,Male,2,39,0,Partnership,medium,0,51.67,26.9,0.1764705882352941,18.71,22.0,3.289999999999999,3.289999999999999,0.1495454545454545,0.0588235294117647,0,Q1,Mid-Low,2025-03,2025-11,1,1,Inactive,0,0,0,0.3669871794871795
65,Other,4,38,0,Ads,high,6,101.87,24.07307692307692,0.0769230769230769,23.92,22.0,0.0,0.0,0.0,0.0384615384615384,0,Q2,Low,2024-06,2025-12,1,1,Inactive,0,0,0,0.3846153846153846
64,Male,2,2,0,Partnership,medium,2,79.84,23.838461538461537,0.1153846153846153,3.37,4.76,1.3899999999999997,1.3899999999999997,0.292016806722689,0.0384615384615384,0,Q1,Low,2024-04,2025-11,0,0,Recent,0,0,1,0.29433760683760685
36,Male,2,24,1,Ads,medium,2,152.23,26.088372093023256,0.1395348837209302,34.32,13.093333333333334,1.653333333333333,4.959999999999999,0.1262729124236252,0.0697674418604651,0,Q3,Mid-Low,2025-01,2025-12,1,0,Mid-Inactive,0,0,0,0.5544871794871795
61,Other,6,9,0,Ads,medium,4,151.61,27.472340425531915,0.2127659574468085,70.3,13.145714285714286,3.228571428571428,22.6,0.2432723358449946,0.1489361702127659,1,Q3,High,2025-02,2025-12,0,0,Mid-Recent,0,0,1,0.5576923076923077
59,Male,7,5,0,Ads,medium,0,119.33,25.38536585365853,0.1463414634146341,32.81,9.5025,1.2999999999999998,5.199999999999999,0.1368061036569323,0.0975609756097561,1,Q2,Mid-High,2023-12,2025-12,0,0,Recent,0,0,1,0.2473290598290598
18,Other,6,7,0,Partnership,high,3,156.55,23.77435897435897,0.2307692307692307,55.11,19.07,5.362500000000001,21.450000000000003,0.2801724137931035,0.1025641025641025,1,Q3,Mid-High,2025-08,2025-12,0,0,Recent,0,0,1,0.49572649572649574
68,Female,4,5,0,Referral,high,7,237.26,24.803389830508475,0.1864406779661017,84.16,12.101111111111113,2.7500000000000004,24.750000000000004,0.2272518593333946,0.1525423728813559,1,Q4,High,2024-06,2025-12,0,0,Recent,1,0,1,0.42841880341880345
64,Male,5,6,0,Partnership,low,7,150.89,23.63448275862069,0.1551724137931034,78.7,14.154285714285717,2.927142857142857,20.49,0.206573243270491,0.1206896551724138,1,Q3,High,2024-09,2025-12,0,0,Recent,0,0,1,0.6116452991452992
63,Other,1,5,0,Partnership,low,4,76.63,26.186666666666667,0.1333333333333333,40.17,23.5,4.565,9.13,0.1851926977687626,0.0666666666666666,0,Q1,Mid-Low,2023-08,2025-12,0,0,Recent,0,0,1,0.36004273504273504
34,Other,3,19,0,Ads,medium,3,115.59,25.891666666666666,0.1666666666666666,20.75,14.64,4.265,8.53,0.2913251366120218,0.0555555555555555,0,Q2,Low,2023-09,2025-12,0,0,Mid-Inactive,0,0,0,0.5176282051282051
27,Male,2,11,0,Ads,medium,4,138.49,24.80212765957447,0.1276595744680851,54.81,16.064,5.101999999999999,25.51,0.3176045816733068,0.1063829787234042,1,Q3,Mid-High,2024-03,2025-12,0,0,Mid-Recent,0,0,1,0.5854700854700854
59,Other,0,18,0,Partnership,medium,5,106.05,24.54,0.0571428571428571,34.95,17.88,1.2799999999999998,2.56,0.0682484670754465,0.0571428571428571,0,Q2,Low,2025-07,2025-12,0,0,Mid-Inactive,0,0,0,0.46474358974358976
39,Female,3,57,0,Organic,medium,2,131.3,21.4175,0.1,3.53,4.76,1.23,1.23,0.2584033613445378,0.025,0,Q3,Low,2024-04,2025-12,1,1,Inactive,0,0,0,0.2777777777777778
54,Female,5,25,0,Ads,medium,5,158.46,24.160377358490567,0.1320754716981132,26.290000000000003,9.57,2.9975,11.989999999999998,0.3132183908045976,0.0754716981132075,0,Q3,Mid-Low,2023-01,2025-12,1,0,Mid-Inactive,0,0,0,0.3125
19,Male,4,10,0,Organic,medium,6,83.03,29.60625,0.15625,32.89,14.186666666666667,3.576666666666666,10.73,0.2459880788629069,0.09375,1,Q1,Mid-High,2025-09,2025-12,0,0,Mid-Recent,0,0,1,0.41720085470085466
54,Other,5,48,1,Partnership,medium,6,155.23,26.186666666666667,0.2444444444444444,104.85,12.596363636363636,3.095454545454545,34.05,0.2451403887688985,0.2444444444444444,1,Q3,High,2024-08,2025-11,1,1,Inactive,0,0,0,0.43108974358974356
27,Other,4,20,1,Ads,medium,4,110.06,25.91111111111111,0.2222222222222222,76.69,13.385714285714286,2.8228571428571425,19.76,0.2048729911871436,0.1944444444444444,1,Q2,High,2023-05,2025-08,1,0,Mid-Inactive,0,0,0,0.24679487179487178
58,Male,5,13,0,Ads,medium,10,143.61,26.392857142857142,0.125,38.75,12.69,3.0025,12.01,0.2366036249014972,0.0714285714285714,0,Q3,Mid-Low,2024-01,2025-12,0,0,Mid-Recent,0,0,1,0.4017094017094017
18,Female,5,32,1,Partnership,medium,6,91.52,25.62121212121212,0.1212121212121212,34.85,14.663333333333334,3.4966666666666675,10.490000000000002,0.2313630348478165,0.0909090909090909,1,Q2,Mid-High,2023-04,2025-11,1,1,Inactive,0,0,0,0.3936965811965812
40,Other,1,43,0,Organic,medium,2,90.88,26.460714285714285,0.2142857142857142,36.56,17.080000000000002,4.8933333333333335,14.68,0.2864949258391882,0.1071428571428571,1,Q2,Mid-High,2025-08,2025-12,1,1,Inactive,0,0,0,0.43482905982905984
59,Male,4,17,0,Ads,low,3,100.47,25.49230769230769,0.1794871794871795,64.27,15.352,2.5780000000000003,12.89,0.1670554691550026,0.1282051282051282,1,Q2,High,2025-08,2025-12,0,0,Mid-Inactive,0,0,0,0.23183760683760682
60,Male,6,22,0,Ads,high,6,281.04,25.00422535211268,0.1126760563380281,41.19,7.604285714285714,1.7428571428571429,12.2,0.2285072110882187,0.0985915492957746,1,Q4,Mid-High,2023-02,2025-12,1,0,Mid-Inactive,1,1,0,0.4241452991452992
27,Female,0,4,0,Ads,medium,5,133.36,26.29230769230769,0.2051282051282051,91.75,14.3,2.9224999999999994,23.379999999999995,0.2030747850256231,0.2051282051282051,1,Q3,High,2025-11,2025-12,0,0,Recent,0,0,1,0.1971153846153846
54,Other,1,19,0,Ads,low,2,79.52,20.73928571428572,0.1785714285714285,32.8,10.9,2.6999999999999997,10.799999999999995,0.2477064220183485,0.1428571428571428,1,Q1,High,2024-08,2025-12,0,0,Mid-Inactive,0,0,0,0.26121794871794873
43,Other,2,7,1,Organic,high,12,252.42,25.85692307692308,0.123076923076923,46.13,9.814285714285717,3.224285714285714,22.57,0.3285298398835517,0.1076923076923077,1,Q4,Mid-High,2023-01,2025-11,0,0,Recent,1,0,1,0.579059829059829
52,Other,5,1,0,Referral,medium,7,107.39,26.04102564102564,0.1538461538461538,70.96,18.195,1.11,4.44,0.0588859416445623,0.1025641025641025,1,Q2,Mid-High,2023-04,2025-11,0,0,Recent,0,0,1,0.2248931623931624
33,Male,3,8,1,Ads,medium,1,97.84,23.73333333333333,0.1333333333333333,26.17,12.245,0.2100000000000002,0.4200000000000004,0.0157954118089507,0.0666666666666666,0,Q2,Mid-Low,2023-07,2025-11,0,0,Mid-Recent,0,0,1,0.21420940170940173
29,Male,1,40,1,Organic,low,1,57.35,21.681818181818183,0.0909090909090909,31.89,16.0,0.9349999999999996,1.8699999999999992,0.0553909952606634,0.0909090909090909,1,Q1,Mid-High,2023-01,2025-12,1,1,Inactive,0,0,0,0.18696581196581197
64,Male,5,9,0,Organic,medium,3,136.62,25.04,0.125,31.94,11.0525,3.0675,12.27,0.2775390183216467,0.1,1,Q3,Mid-High,2024-08,2025-12,0,0,Mid-Recent,0,0,1,0.3402777777777778
33,Other,5,9,0,Partnership,medium,8,242.62,21.384415584415585,0.1038961038961039,54.99,20.25,6.5025,26.01,0.321111111111111,0.0519480519480519,0,Q4,Low,2024-12,2025-12,0,0,Mid-Recent,1,0,1,0.6511752136752137
38,Other,4,24,1,Ads,high,10,301.78,23.597142857142856,0.0857142857142857,42.98,18.666666666666668,4.340000000000001,13.02,0.2325,0.0428571428571428,0,Q4,Low,2024-11,2025-12,1,0,Mid-Inactive,1,1,0,0.40598290598290604
23,Female,3,67,1,Referral,low,4,65.16,21.99230769230769,0.1538461538461538,32.3,19.14,2.99,5.98,0.1562173458725183,0.0769230769230769,0,Q1,Mid-Low,2025-09,2025-12,1,1,Inactive,0,0,0,0.3360042735042735
37,Other,1,10,0,Partnership,low,2,89.81,22.05555555555556,0.1388888888888889,30.59,14.985,0.375,0.75,0.0239310784939374,0.0555555555555555,0,Q1,Low,2023-07,2025-11,0,0,Mid-Recent,0,0,1,0.4412393162393162
67,Other,4,16,1,Partnership,low,5,139.83,27.01132075471698,0.1698113207547169,48.58,18.666666666666668,2.473333333333334,7.420000000000002,0.1325,0.0566037735849056,0,Q3,Low,2024-04,2025-12,0,0,Mid-Inactive,0,0,0,0.5
56,Female,2,9,0,Ads,low,3,85.8,25.727272727272727,0.1212121212121212,23.53,29.0,5.469999999999999,5.469999999999999,0.1886206896551723,0.0303030303030303,0,Q1,Low,2023-05,2025-11,0,0,Mid-Recent,0,0,1,0.3936965811965812
50,Female,2,42,0,Organic,low,0,63.02,27.86,0.16,73.0,22.0,4.272499999999999,17.089999999999996,0.1896991896991896,0.16,1,Q1,High,2023-01,2025-12,1,1,Inactive,0,0,0,0.547008547008547
61,Other,1,1,0,Partnership,medium,6,89.84,23.83428571428572,0.2285714285714285,66.4,12.64,1.7466666666666668,10.48,0.1363163371488033,0.1714285714285714,1,Q1,High,2023-12,2025-12,0,0,Recent,0,0,1,0.37446581196581197
18,Female,2,26,0,Partnership,low,6,155.48,26.021052631578947,0.1403508771929824,67.25,15.904,2.784,13.92,0.1714919305162005,0.087719298245614,1,Q3,Mid-High,2025-06,2025-12,1,0,Mid-Inactive,0,0,0,0.5032051282051282
66,Female,1,0,0,Referral,high,2,115.5,23.636666666666667,0.1,11.17,7.88,2.295,4.59,0.291243654822335,0.0666666666666666,0,Q2,Mid-Low,2025-01,2025-12,0,0,Recent,0,0,1,0.22809829059829062
29,Male,5,4,0,Ads,medium,7,137.69,24.127906976744185,0.2093023255813953,74.25,11.26875,2.1725,17.38,0.1896758703481392,0.1860465116279069,1,Q3,High,2025-06,2025-12,0,0,Recent,0,0,1,0.5267094017094017
37,Female,3,12,0,Referral,medium,4,61.13,24.46666666666667,0.1666666666666666,22.0,12.76,1.7599999999999998,3.52,0.1379310344827586,0.0833333333333333,0,Q1,Mid-Low,2025-08,2025-12,0,0,Mid-Recent,0,0,1,0.2094017094017094
54,Other,6,7,0,Organic,medium,4,216.46,27.21746031746032,0.2222222222222222,64.25,12.876666666666669,2.168333333333333,13.01,0.1683924411079471,0.0952380952380952,1,Q4,Mid-High,2025-07,2025-12,0,0,Recent,1,0,1,0.6885683760683761
68,Male,3,14,0,Ads,low,2,88.45,27.34333333333333,0.0666666666666666,8.86,9.92,1.0600000000000005,1.0600000000000005,0.1068548387096774,0.0333333333333333,0,Q1,Low,2025-04,2025-12,0,0,Mid-Recent,0,0,1,0.46420940170940167
59,Other,1,26,0,Organic,low,1,40.79,26.625,0.125,12.89,12.0,0.0,0.0,0.0,0.0625,0,Q1,Mid-Low,2024-02,2025-11,1,0,Mid-Inactive,0,0,0,0.4668803418803419
37,Female,2,31,0,Organic,low,4,92.32,23.205714285714286,0.1428571428571428,20.8,14.38,3.98,7.96,0.2767732962447844,0.0571428571428571,0,Q2,Low,2024-05,2025-11,1,1,Inactive,0,0,0,0.4161324786324786
65,Female,9,0,0,Organic,medium,8,152.72,24.823636363636364,0.1818181818181818,72.29,14.551999999999998,0.4499999999999999,2.25,0.0301851354977193,0.0909090909090909,1,Q3,Mid-High,2024-12,2025-11,0,0,Recent,0,0,1,0.6127136752136753
66,Female,1,2,0,Partnership,low,1,56.93,22.242857142857144,0.0952380952380952,8.91,12.28,3.369999999999999,3.369999999999999,0.27442996742671,0.0476190476190476,0,Q1,Low,2025-11,2025-12,0,0,Recent,0,0,1,0.11324786324786325
59,Male,1,20,0,Organic,medium,13,181.14,26.133333333333333,0.1818181818181818,90.56,19.26833333333333,4.473333333333334,26.84,0.2286201022146507,0.0909090909090909,1,Q4,Mid-High,2024-04,2025-11,1,0,Mid-Inactive,1,1,0,0.6527777777777779
31,Other,6,44,0,Organic,medium,6,131.76,26.454545454545453,0.0909090909090909,8.97,14.0,5.029999999999999,5.029999999999999,0.3592857142857142,0.0227272727272727,0,Q3,Low,2024-02,2025-12,1,1,Inactive,0,0,0,0.4962606837606838
45,Female,4,11,0,Ads,medium,10,139.96,23.12307692307693,0.1346153846153846,48.31,18.25,3.1466666666666665,9.44,0.1634632034632034,0.0576923076923076,0,Q3,Mid-Low,2023-11,2025-12,0,0,Mid-Recent,0,0,1,0.592948717948718
46,Female,0,42,1,Referral,medium,2,87.46000000000001,25.40909090909091,0.2121212121212121,42.98,16.163333333333334,1.8533333333333333,5.56,0.1145447053976101,0.0909090909090909,1,Q1,Mid-High,2024-02,2025-12,1,1,Inactive,0,0,0,0.4145299145299145
64,Female,1,69,0,Referral,medium,6,189.47,25.845161290322583,0.1451612903225806,19.53,9.153333333333334,2.643333333333333,7.93,0.2887836853605244,0.0483870967741935,0,Q4,Low,2024-06,2025-12,1,1,Inactive,1,1,0,0.5384615384615384
33,Female,5,12,0,Referral,low,4,105.38,25.607894736842105,0.1052631578947368,24.76,20.5,8.120000000000001,16.240000000000002,0.3960975609756098,0.0526315789473684,0,Q2,Low,2025-01,2025-12,0,0,Mid-Recent,0,0,1,0.32478632478632474
35,Other,4,41,0,Partnership,medium,7,106.7,21.825,0.225,66.69,11.8075,3.47125,27.77,0.2939868727503705,0.2,1,Q2,High,2023-10,2025-12,1,1,Inactive,0,0,0,0.2777777777777778
26,Other,2,103,0,Organic,low,1,120.53,25.57179487179487,0.1538461538461538,24.06,6.922499999999999,0.9075000000000004,3.630000000000001,0.1310942578548212,0.1025641025641025,1,Q2,Mid-High,2023-11,2025-09,1,1,Inactive,0,0,0,0.4193376068376068
55,Female,3,8,0,Referral,medium,3,150.35,26.172727272727272,0.1590909090909091,56.0,16.295,2.5475000000000003,10.19,0.1539507478471068,0.0909090909090909,1,Q3,Mid-High,2024-04,2025-11,0,0,Mid-Recent,0,0,1,0.27403846153846156
54,Other,5,21,0,Organic,medium,5,89.53,23.91891891891892,0.081081081081081,10.78,12.0,1.2200000000000006,1.2200000000000006,0.1016666666666667,0.027027027027027,0,Q1,Low,2025-04,2025-12,1,0,Mid-Inactive,0,0,0,0.25106837606837606
68,Other,8,26,0,Organic,high,7,233.43,21.83333333333333,0.0833333333333333,59.61,27.0,7.13,21.39,0.264074074074074,0.05,0,Q4,Low,2024-07,2025-12,1,0,Mid-Inactive,1,1,0,0.6340811965811965
29,Female,1,5,1,Ads,medium,7,154.51,20.59565217391304,0.108695652173913,17.6,15.64,6.84,13.68,0.4373401534526854,0.0434782608695652,0,Q3,Low,2023-11,2025-12,0,0,Recent,0,0,1,0.3520299145299145
30,Other,2,5,1,Organic,medium,5,77.98,25.666666666666668,0.2,45.39,15.566666666666668,0.6800000000000003,2.040000000000001,0.043010752688172,0.1,1,Q1,Mid-High,2023-01,2025-09,0,0,Recent,0,0,1,0.41559829059829057
59,Female,5,30,0,Partnership,high,7,284.54,27.2515625,0.125,98.49,21.33333333333333,5.246666666666666,31.48,0.2422097407093944,0.09375,1,Q4,Mid-High,2024-01,2025-12,1,1,Inactive,1,1,0,0.3386752136752137
21,Other,2,15,1,Referral,medium,3,108.48,24.60833333333333,0.1944444444444444,75.77,14.543333333333337,2.123333333333334,12.740000000000004,0.143938538018303,0.1666666666666666,1,Q2,High,2023-03,2025-10,0,0,Mid-Inactive,0,0,0,0.35096153846153844
38,Other,2,7,1,Organic,medium,3,87.46000000000001,26.567741935483877,0.1290322580645161,42.620000000000005,22.0,0.7699999999999996,1.5399999999999991,0.034873188405797,0.064516129032258,0,Q1,Mid-Low,2023-04,2025-10,0,0,Recent,0,0,1,0.3851495726495726
65,Male,8,23,0,Referral,high,6,212.85,25.25294117647059,0.2156862745098039,68.45,14.186666666666667,2.778333333333333,16.669999999999998,0.1958411654135338,0.1176470588235294,1,Q4,High,2025-07,2025-12,1,0,Mid-Inactive,1,1,0,0.5817307692307692
54,Female,5,29,0,Referral,high,4,252.49,24.905263157894737,0.1052631578947368,23.04,4.976,0.4119999999999998,2.059999999999999,0.0820717131474103,0.087719298245614,1,Q4,Mid-High,2024-01,2025-12,1,0,Inactive,1,1,0,0.6004273504273504
46,Other,1,70,1,Organic,low,3,50.41,24.45714285714286,0.2857142857142857,25.83,9.275,2.8175000000000003,11.27,0.3037735849056604,0.1904761904761904,1,Q1,High,2025-01,2025-12,1,1,Inactive,0,0,0,0.453525641025641
39,Female,2,49,1,Referral,medium,1,71.91,25.820833333333336,0.125,31.81,25.5,9.595,19.19,0.3762745098039216,0.0833333333333333,0,Q1,Mid-Low,2023-11,2025-10,1,1,Inactive,0,0,0,0.1955128205128205
18,Other,2,1,1,Referral,medium,6,155.86,27.22641509433962,0.1320754716981132,64.41,14.303999999999998,1.6439999999999997,8.219999999999999,0.1131763733994217,0.0943396226415094,1,Q3,Mid-High,2023-05,2025-11,0,0,Recent,0,0,1,0.3819444444444444
45,Male,3,59,0,Ads,medium,5,128.82,25.29318181818182,0.1818181818181818,36.3,15.0,2.9,8.7,0.1933333333333333,0.0681818181818181,0,Q3,Mid-Low,2023-12,2025-12,1,1,Inactive,0,0,0,0.3504273504273504
59,Other,3,18,0,Organic,low,5,133.33,25.537254901960782,0.1764705882352941,65.92,14.775714285714283,5.3585714285714285,37.51,0.3626607367301556,0.1372549019607843,1,Q3,High,2023-02,2025-12,0,0,Mid-Inactive,0,0,0,0.484508547008547
31,Female,3,3,0,Referral,medium,6,140.34,25.097727272727276,0.0909090909090909,27.33,11.333333333333334,2.223333333333333,6.67,0.1961764705882352,0.0681818181818181,0,Q3,Mid-Low,2023-02,2025-10,0,0,Recent,0,0,1,0.3643162393162393
20,Male,5,2,0,Referral,medium,4,115.33,21.423809523809524,0.0714285714285714,27.58,15.5,1.71,3.42,0.1103225806451612,0.0476190476190476,0,Q2,Low,2023-12,2025-10,0,0,Recent,0,0,1,0.4043803418803419
60,Male,0,32,0,Organic,medium,4,121.58,25.27179487179487,0.2564102564102564,62.09,14.446666666666667,4.098333333333334,24.59,0.2836871250576834,0.1538461538461538,1,Q3,High,2023-06,2025-11,1,1,Inactive,0,0,0,0.579059829059829
32,Male,1,7,1,Referral,medium,3,111.91,21.445714285714285,0.1714285714285714,48.34,18.32,6.235,24.94,0.3403384279475983,0.1142857142857142,1,Q2,Mid-High,2025-06,2025-12,0,0,Recent,0,0,1,0.3883547008547008
42,Male,5,7,0,Ads,high,8,259.67,25.22205882352941,0.1176470588235294,44.25,11.816,3.056,15.279999999999998,0.2566773055602216,0.0735294117647058,0,Q4,Mid-Low,2025-08,2025-12,0,0,Recent,1,0,1,0.5502136752136753
46,Female,3,6,0,Ads,low,2,78.67,23.166666666666668,0.1481481481481481,7.6,5.76,1.96,3.92,0.3402777777777778,0.074074074074074,0,Q1,Mid-Low,2024-12,2025-12,0,0,Recent,0,0,1,0.3680555555555555
23,Male,9,14,0,Ads,high,7,260.2,22.19122807017544,0.1228070175438596,46.78,18.23,2.8300000000000005,8.490000000000002,0.1536095531029492,0.0526315789473684,0,Q4,Low,2024-05,2025-11,0,0,Mid-Recent,1,0,1,0.3157051282051282
65,Other,1,12,1,Organic,low,5,103.71,25.5175,0.2,49.39,13.024,3.2019999999999995,16.009999999999998,0.2448012232415901,0.125,1,Q2,High,2025-11,2025-12,0,0,Mid-Recent,0,0,1,0.22916666666666666
23,Other,4,16,0,Partnership,medium,3,175.84,24.475510204081637,0.1428571428571428,55.8,17.32,3.37,13.48,0.1945727482678984,0.0816326530612244,0,Q4,Mid-Low,2024-06,2025-12,0,0,Mid-Inactive,1,0,0,0.5801282051282052
47,Male,3,7,0,Partnership,high,5,167.03,23.9875,0.15,75.89,16.403333333333332,3.755,22.53,0.2289168868116236,0.15,1,Q4,High,2023-10,2025-11,0,0,Recent,1,0,1,0.5138888888888888
40,Female,0,6,0,Referral,high,3,162.97,24.365,0.1,5.16,9.0,3.84,3.84,0.4266666666666666,0.025,0,Q3,Low,2023-03,2025-12,0,0,Recent,0,0,1,0.33333333333333326
32,Other,3,48,0,Partnership,medium,4,109.13,22.0,0.1176470588235294,36.39,15.0,2.87,8.61,0.1913333333333333,0.088235294117647,1,Q2,Mid-High,2024-03,2025-12,1,1,Inactive,0,0,0,0.5507478632478633
64,Other,1,22,1,Referral,medium,2,99.37,23.546875,0.03125,10.38,11.75,1.3699999999999992,1.3699999999999992,0.116595744680851,0.03125,0,Q2,Low,2025-05,2025-12,1,0,Mid-Inactive,0,0,0,0.4241452991452991
54,Male,1,20,0,Ads,medium,2,49.18,22.1125,0.125,11.23,12.28,1.049999999999999,1.049999999999999,0.0855048859934852,0.0625,0,Q1,Mid-Low,2024-09,2025-12,1,0,Mid-Inactive,0,0,0,0.45299145299145294
66,Male,1,4,0,Ads,low,5,98.1,24.97567567567568,0.1351351351351351,7.02,9.0,1.9800000000000004,1.9800000000000004,0.22,0.027027027027027,0,Q2,Low,2024-06,2025-12,0,0,Recent,0,0,1,0.42467948717948717
44,Male,2,16,0,Ads,medium,5,128.39,25.79375,0.1666666666666666,74.15,14.565,2.5316666666666667,15.19,0.1700246250279829,0.125,1,Q3,High,2025-03,2025-12,0,0,Mid-Inactive,0,0,0,0.5897435897435896
65,Other,2,20,0,Organic,medium,6,125.12,25.342857142857145,0.1666666666666666,41.1,16.76,3.06,9.18,0.1825775656324582,0.0714285714285714,0,Q3,Mid-Low,2023-01,2025-11,1,0,Mid-Inactive,0,0,0,0.4391025641025641
49,Male,1,22,0,Partnership,high,8,233.89,27.07777777777778,0.1111111111111111,34.32,10.4175,1.8375,7.35,0.1763858891288696,0.074074074074074,0,Q4,Mid-Low,2025-01,2025-12,1,0,Mid-Inactive,1,1,0,0.2959401709401709
38,Male,0,11,0,Organic,medium,7,127.39,25.328888888888887,0.0666666666666666,46.46,20.33333333333333,4.846666666666667,14.54,0.2383606557377049,0.0666666666666666,0,Q3,Mid-Low,2023-02,2025-12,0,0,Mid-Recent,0,0,1,0.45192307692307687
65,Male,5,21,0,Referral,high,4,159.97,26.45,0.1842105263157894,36.17,9.134,1.9,9.5,0.2080140135756514,0.131578947368421,1,Q3,High,2025-07,2025-12,1,0,Mid-Inactive,0,0,0,0.4706196581196581
28,Male,5,26,0,Referral,medium,9,154.51,23.857894736842105,0.1403508771929824,71.17,15.86,1.6259999999999994,8.129999999999997,0.1025220680958385,0.087719298245614,1,Q3,Mid-High,2023-12,2025-12,1,0,Mid-Inactive,0,0,0,0.3573717948717949
44,Male,1,0,0,Partnership,high,7,181.03,25.18723404255319,0.1489361702127659,33.15,8.443999999999999,1.814,9.07,0.2148270961629559,0.1063829787234042,1,Q4,Mid-High,2023-10,2025-11,0,0,Recent,1,0,1,0.34935897435897434
46,Male,5,15,0,Organic,medium,5,71.06,24.348148148148148,0.1851851851851851,28.18,10.583333333333334,1.3266666666666669,3.98,0.1237562189054726,0.1111111111111111,1,Q1,Mid-High,2025-02,2025-12,0,0,Mid-Inactive,0,0,0,0.4583333333333333
26,Female,6,1,0,Referral,medium,7,130.97,25.306122448979597,0.0816326530612244,31.16,10.76,0.9833333333333334,2.95,0.0864849017883318,0.0612244897959183,0,Q3,Mid-Low,2025-03,2025-12,0,0,Recent,0,0,1,0.3995726495726496
30,Male,3,9,0,Ads,medium,1,62.97,24.756521739130434,0.0869565217391304,0.0,0.0,0.0,0.0,0.0,0.0,0,Q1,Low,2025-10,2025-12,0,0,Mid-Recent,0,0,1,0.17735042735042733
65,Male,2,9,0,Organic,high,5,334.3,24.461842105263155,0.131578947368421,72.0,13.48,3.221428571428571,22.55,0.2384981491274457,0.0921052631578947,1,Q4,Mid-High,2025-10,2025-12,0,0,Mid-Recent,1,0,1,0.39690170940170943
34,Male,2,39,1,Organic,medium,1,140.85,20.35238095238095,0.1428571428571428,32.82,10.9,2.6950000000000003,10.78,0.2472477064220183,0.0952380952380952,1,Q3,Mid-High,2025-01,2025-12,1,1,Inactive,0,0,0,0.45299145299145294
51,Other,6,2,0,Ads,medium,8,94.97,24.897142857142857,0.2,12.25,6.88,0.79,1.58,0.1142443962400578,0.0571428571428571,0,Q2,Low,2025-01,2025-12,0,0,Recent,0,0,1,0.23557692307692307
60,Male,5,31,0,Partnership,medium,4,153.95,24.433333333333334,0.1041666666666666,27.96,12.46,3.1399999999999992,9.419999999999998,0.2520064205457463,0.0625,0,Q3,Mid-Low,2023-09,2025-12,1,1,Inactive,0,0,0,0.5202991452991452
18,Male,6,18,0,Ads,medium,9,204.24,23.34090909090909,0.1363636363636363,81.22,13.77125,3.7175,29.74,0.2680245133381398,0.1212121212121212,1,Q4,High,2025-02,2025-12,0,0,Mid-Inactive,1,0,0,0.48611111111111116
18,Other,3,1,0,Partnership,medium,7,99.26,24.7027027027027,0.081081081081081,15.06,7.8,0.385,0.77,0.0486418193303853,0.054054054054054,0,Q2,Low,2025-09,2025-12,0,0,Recent,0,0,1,0.29967948717948717
43,Female,2,15,1,Partnership,medium,2,60.73,26.25263157894737,0.0526315789473684,12.68,19.0,6.32,6.32,0.3326315789473684,0.0526315789473684,0,Q1,Low,2024-08,2025-11,0,0,Mid-Inactive,0,0,0,0.44497863247863245
25,Other,1,2,0,Organic,low,1,102.19,25.59210526315789,0.0789473684210526,11.3,10.14,4.49,8.98,0.4428007889546351,0.0526315789473684,0,Q2,Low,2025-04,2025-12,0,0,Recent,0,0,1,0.4081196581196581
39,Female,5,74,1,Referral,medium,8,146.14,24.025,0.3035714285714285,126.44,12.716666666666669,2.3408333333333333,28.09,0.1817770012295347,0.2142857142857142,1,Q3,High,2024-01,2025-12,1,1,Inactive,0,0,0,0.5683760683760684
22,Female,6,14,0,Referral,medium,9,98.94,27.3972972972973,0.1351351351351351,29.61,13.366666666666667,3.5933333333333337,10.78,0.2668977469670711,0.081081081081081,0,Q2,Mid-Low,2025-05,2025-12,0,0,Mid-Recent,0,0,1,0.34134615384615385
47,Male,1,42,1,Organic,medium,5,265.49,26.985714285714288,0.1428571428571428,150.87,16.665454545454544,2.950909090909091,32.46,0.1770577646866306,0.1428571428571428,1,Q4,High,2025-06,2025-12,1,1,Inactive,1,1,0,0.6928418803418803
46,Female,1,34,0,Ads,medium,2,34.72,22.4,0.1666666666666666,18.55,23.0,4.449999999999999,4.449999999999999,0.1934782608695651,0.0833333333333333,0,Q1,Mid-Low,2025-03,2025-12,1,1,Inactive,0,0,0,0.37339743589743585
27,Other,4,3,0,Referral,medium,7,154.69,23.52553191489362,0.1489361702127659,34.65,11.75,0.7599999999999998,2.28,0.0617384240454914,0.0638297872340425,0,Q3,Mid-Low,2024-03,2025-11,0,0,Recent,0,0,1,0.43963675213675213
51,Other,0,15,1,Referral,medium,4,106.38,25.7275,0.2,25.71,10.586666666666666,2.016666666666666,6.049999999999999,0.1904911838790931,0.075,0,Q2,Mid-Low,2023-03,2025-12,0,0,Mid-Inactive,0,0,0,0.3402777777777778
62,Other,0,30,0,Organic,medium,8,164.67,21.70384615384615,0.1923076923076923,46.26,10.768,1.516,7.58,0.1407875185735512,0.0961538461538461,1,Q3,Mid-High,2024-08,2025-12,1,1,Inactive,0,0,0,0.5443376068376068
58,Other,4,7,0,Ads,medium,4,163.14,27.057142857142857,0.1224489795918367,68.75,20.4,6.65,33.25,0.3259803921568627,0.1020408163265306,1,Q3,Mid-High,2023-03,2025-11,0,0,Recent,0,0,1,0.5384615384615384
21,Female,2,17,1,Partnership,medium,4,96.11,24.735294117647054,0.1176470588235294,38.76,15.733333333333334,3.1366666666666667,9.41,0.1953498027818144,0.088235294117647,1,Q2,Mid-High,2025-06,2025-12,0,0,Mid-Inactive,0,0,0,0.5299145299145298
38,Male,1,20,0,Referral,low,4,80.61,23.196666666666665,0.1,23.94,17.0,5.03,10.06,0.2958823529411765,0.0666666666666666,0,Q1,Mid-Low,2023-03,2025-11,1,0,Mid-Inactive,0,0,0,0.33920940170940167
60,Female,0,7,0,Referral,medium,2,81.11,21.81,0.1666666666666666,24.67,11.215,5.0475,20.19,0.4500668747213553,0.1333333333333333,1,Q1,High,2023-06,2025-11,0,0,Recent,0,0,1,0.33920940170940167
27,Female,3,3,0,Ads,medium,9,119.0,26.6525,0.2,34.77,11.945,3.31,13.24,0.2757758800249948,0.1,1,Q2,Mid-High,2023-05,2025-12,0,0,Recent,0,0,1,0.23611111111111108
43,Other,1,8,0,Ads,low,3,132.03,24.93877551020408,0.1428571428571428,53.35,11.816666666666668,2.9250000000000003,17.55,0.2475317348377997,0.1224489795918367,1,Q3,High,2025-05,2025-12,0,0,Mid-Recent,0,0,1,0.5106837606837606
35,Male,5,11,0,Referral,medium,9,169.5,25.863636363636363,0.1272727272727272,44.42,19.666666666666668,4.86,14.58,0.2471186440677966,0.0545454545454545,0,Q4,Low,2023-02,2025-12,0,0,Mid-Recent,1,0,1,0.4321581196581197
27,Other,6,5,0,Organic,low,3,147.75,23.318,0.16,40.72,11.47,1.715,6.859999999999999,0.1441782261454392,0.08,0,Q3,Mid-Low,2025-06,2025-12,0,0,Recent,0,0,1,0.4107905982905983
51,Female,8,1,0,Partnership,high,8,239.59,24.06551724137931,0.1034482758620689,40.2,14.333333333333334,1.4600000000000002,4.380000000000001,0.098250336473755,0.0517241379310344,0,Q4,Low,2024-10,2025-12,0,0,Recent,1,0,1,0.4935897435897436
37,Male,3,7,0,Ads,low,4,86.51,25.51111111111111,0.2222222222222222,30.15,16.62,1.5450000000000008,3.0900000000000016,0.0929602888086643,0.0555555555555555,0,Q1,Low,2025-09,2025-12,0,0,Recent,0,0,1,0.3092948717948718
35,Male,5,11,1,Organic,medium,4,103.41,29.025,0.15625,26.79,14.243333333333334,5.3133333333333335,15.94,0.3730400187222092,0.09375,1,Q2,Mid-High,2024-02,2025-11,0,0,Mid-Recent,0,0,1,0.25747863247863245
45,Other,6,10,0,Partnership,low,6,126.01,22.953333333333337,0.1333333333333333,41.82,25.0,4.090000000000001,8.180000000000001,0.1636,0.0444444444444444,0,Q3,Low,2025-01,2025-12,0,0,Mid-Recent,0,0,1,0.36858974358974356
24,Male,3,4,0,Ads,medium,3,50.74,25.86842105263158,0.2105263157894736,31.35,13.746666666666668,3.296666666666667,9.89,0.2398157129000969,0.1578947368421052,1,Q1,High,2024-11,2025-10,0,0,Recent,0,0,1,0.36858974358974356
44,Male,3,23,0,Organic,low,4,85.83,26.08529411764706,0.2647058823529412,42.14,10.45,2.022,10.11,0.1934928229665072,0.1470588235294117,1,Q1,High,2025-03,2025-12,1,0,Mid-Inactive,0,0,0,0.36324786324786323
39,Female,0,58,1,Organic,medium,9,119.86,23.328888888888887,0.1333333333333333,25.65,9.703333333333331,1.4766666666666668,4.430000000000001,0.1472739361702127,0.0666666666666666,0,Q2,Mid-Low,2024-02,2025-11,1,1,Inactive,0,0,0,0.2783119658119658
63,Female,1,32,0,Partnership,high,6,135.42,23.075000000000003,0.1388888888888889,58.26,18.695,4.13,16.52,0.2209146830703396,0.1111111111111111,1,Q3,Mid-High,2023-08,2025-12,1,1,Inactive,0,0,0,0.5454059829059829
60,Female,4,42,0,Partnership,low,3,154.53,25.564285714285717,0.125,36.51,14.39,5.262499999999999,21.05,0.3657053509381515,0.0714285714285714,0,Q3,Mid-Low,2023-02,2025-11,1,1,Inactive,0,0,0,0.31143162393162394
60,Female,2,9,0,Referral,medium,5,69.62,21.028,0.16,4.27,6.76,2.49,2.49,0.3683431952662722,0.04,0,Q1,Low,2024-02,2025-12,0,0,Mid-Recent,0,0,1,0.49145299145299143
25,Male,6,4,1,Partnership,high,6,251.48,27.9271186440678,0.1186440677966101,34.75,12.08,0.5666666666666664,1.6999999999999993,0.0466392318244169,0.0508474576271186,0,Q4,Low,2023-05,2025-12,0,0,Recent,1,0,1,0.48397435897435903
40,Other,1,24,0,Partnership,high,4,149.94,23.76388888888889,0.1111111111111111,25.31,10.1125,3.785,15.14,0.3742892459826947,0.1111111111111111,1,Q3,Mid-High,2023-09,2025-11,1,0,Mid-Inactive,0,0,0,0.38568376068376065
60,Male,2,18,0,Ads,low,3,114.42,26.542105263157897,0.1842105263157894,22.49,10.406666666666666,2.91,8.73,0.2796284433055733,0.0789473684210526,0,Q2,Mid-Low,2023-11,2025-12,0,0,Mid-Inactive,0,0,0,0.42200854700854695
24,Female,7,9,0,Referral,medium,10,119.16,27.269767441860463,0.1395348837209302,51.58,17.9375,5.0425,20.17,0.2811149825783972,0.0930232558139534,1,Q2,Mid-High,2023-04,2025-11,0,0,Mid-Recent,0,0,1,0.4503205128205128
61,Female,5,20,0,Ads,medium,7,114.29,25.38478260869565,0.108695652173913,21.17,15.375,4.790000000000001,9.580000000000002,0.3115447154471545,0.0434782608695652,0,Q2,Low,2024-05,2025-11,1,0,Mid-Inactive,0,0,0,0.5603632478632479
38,Female,10,9,0,Ads,high,8,285.51,24.964705882352945,0.1617647058823529,85.45,16.50142857142857,4.427142857142857,30.99,0.2661456544142906,0.1029411764705882,1,Q4,Mid-High,2024-03,2025-11,0,0,Mid-Recent,1,0,1,0.39743589743589747
59,Female,3,3,0,Organic,medium,7,112.25,25.82702702702703,0.2162162162162162,59.23,16.439999999999998,1.815,7.260000000000001,0.1091893517822229,0.1081081081081081,1,Q2,Mid-High,2023-12,2025-12,0,0,Recent,0,0,1,0.4802350427350427
39,Female,0,65,1,Organic,high,4,122.27,26.096428571428568,0.1428571428571428,31.69,12.28,1.84,5.52,0.1483472184896533,0.1071428571428571,1,Q3,Mid-High,2025-07,2025-12,1,1,Inactive,0,0,0,0.4903846153846154
58,Female,3,24,0,Partnership,high,2,168.38,28.51944444444445,0.0277777777777777,10.09,14.0,3.91,3.91,0.2792857142857143,0.0277777777777777,0,Q4,Low,2025-01,2025-11,1,0,Mid-Inactive,1,1,0,0.344017094017094
34,Other,8,56,1,Organic,medium,8,223.17,24.965151515151515,0.106060606060606,78.68,20.312,4.634,23.17,0.2274914089347078,0.0757575757575757,0,Q4,Mid-Low,2023-12,2025-12,1,1,Inactive,1,1,0,0.625
66,Male,6,0,0,Organic,medium,5,129.54,24.929166666666664,0.1458333333333333,29.56,15.52,5.666666666666667,17.0,0.3651202749140893,0.0625,0,Q3,Mid-Low,2025-03,2025-12,0,0,Recent,0,0,1,0.4091880341880342
55,Female,3,18,0,Ads,medium,2,158.42000000000002,24.204444444444444,0.2666666666666666,21.19,7.5,0.4999999999999994,1.4999999999999982,0.0661084178052004,0.0666666666666666,0,Q3,Mid-Low,2025-03,2025-11,0,0,Mid-Inactive,0,0,0,0.45192307692307687
30,Male,10,63,0,Partnership,high,6,341.03,26.35185185185185,0.2222222222222222,135.98000000000002,14.833333333333334,3.51,42.12,0.2364963503649634,0.1481481481481481,1,Q4,High,2025-06,2025-12,1,1,Inactive,1,1,0,0.654380341880342
52,Female,5,32,0,Ads,medium,3,108.48,24.59705882352941,0.2352941176470588,54.85,13.1,3.9583333333333335,23.75,0.3021628498727735,0.1764705882352941,1,Q2,High,2023-04,2025-11,1,1,Inactive,0,0,0,0.47435897435897434
57,Other,3,27,0,Organic,medium,4,128.21,23.977272727272727,0.1818181818181818,42.85,14.56,3.88,15.52,0.2658900119924618,0.0909090909090909,1,Q3,Mid-High,2024-10,2025-12,1,0,Mid-Inactive,0,0,0,0.5379273504273504
33,Other,4,4,0,Organic,high,8,238.6,24.124590163934425,0.0983606557377049,21.22,11.173333333333332,4.1000000000000005,12.3,0.366945107398568,0.0491803278688524,0,Q4,Low,2023-08,2025-12,0,0,Recent,1,0,1,0.5827991452991452
62,Male,9,9,1,Ads,medium,4,189.68,23.488709677419354,0.1290322580645161,50.35,11.486,1.556,7.78,0.1338379494237055,0.0806451612903225,0,Q4,Mid-Low,2023-03,2025-11,0,0,Mid-Recent,1,0,1,0.607905982905983
27,Male,1,27,0,Ads,medium,4,209.22,25.38148148148148,0.2407407407407407,59.32,13.253333333333332,3.3666666666666667,20.2,0.2540241448692153,0.1111111111111111,1,Q4,Mid-High,2024-06,2025-12,1,0,Mid-Inactive,1,1,0,0.4556623931623931
46,Female,0,2,0,Partnership,low,4,119.54,26.617073170731707,0.0975609756097561,40.99,15.666666666666666,2.0033333333333334,6.01,0.1278723404255319,0.073170731707317,0,Q2,Mid-Low,2024-11,2025-11,0,0,Recent,0,0,1,0.39316239316239315
43,Other,3,16,1,Organic,medium,4,109.84,24.494444444444444,0.1388888888888889,46.83,12.4375,1.1149999999999998,4.459999999999999,0.0869565217391304,0.1111111111111111,1,Q2,Mid-High,2023-08,2025-12,0,0,Mid-Inactive,0,0,0,0.3787393162393162
41,Female,1,16,0,Organic,low,5,84.35000000000001,22.93125,0.3125,100.29,14.518571428571429,0.6257142857142858,4.380000000000001,0.0418458010891373,0.21875,1,Q1,High,2025-05,2025-11,0,0,Mid-Inactive,0,0,0,0.3060897435897436
38,Other,0,37,0,Ads,medium,3,154.41,22.59777777777778,0.1555555555555555,41.63,14.676666666666668,0.9833333333333336,2.950000000000001,0.0661731718259309,0.0666666666666666,0,Q3,Mid-Low,2025-01,2025-11,1,1,Inactive,0,0,0,0.5144230769230769
52,Female,6,10,0,Ads,low,6,136.05,25.49074074074074,0.2407407407407407,97.62,12.247777777777776,1.8288888888888888,16.459999999999997,0.1442847124824684,0.1666666666666666,1,Q3,High,2023-05,2025-11,0,0,Mid-Recent,0,0,1,0.6292735042735043
32,Female,1,22,1,Referral,medium,8,39.01,26.55555555555556,0.1666666666666666,28.26,19.0,4.87,9.74,0.2563157894736842,0.1111111111111111,1,Q1,Mid-High,2024-08,2025-11,1,0,Mid-Inactive,0,0,0,0.22542735042735046
49,Other,2,8,1,Referral,low,4,105.62,25.37777777777778,0.0555555555555555,2.93,4.76,1.83,1.83,0.384453781512605,0.0277777777777777,0,Q2,Low,2024-11,2025-12,0,0,Mid-Recent,0,0,1,0.24679487179487178
46,Other,4,99,1,Organic,medium,6,70.18,25.1,0.1,20.42,16.09,5.879999999999999,11.759999999999998,0.36544437538844,0.0666666666666666,0,Q1,Mid-Low,2024-07,2025-11,1,1,Inactive,0,0,0,0.23504273504273504
22,Other,4,2,0,Referral,medium,3,115.5,22.27837837837838,0.2972972972972973,86.05,13.755714285714287,1.5742857142857145,11.02,0.1135263212114968,0.1891891891891892,1,Q2,High,2023-08,2025-12,0,0,Recent,0,0,1,0.5010683760683761
64,Male,3,23,0,Partnership,medium,8,158.3,22.922807017543857,0.1929824561403508,77.94,14.912857142857144,3.778571428571429,26.45,0.2533767602260753,0.1228070175438596,1,Q3,High,2023-12,2025-12,1,0,Mid-Inactive,0,0,0,0.405982905982906
60,Female,3,46,0,Organic,medium,6,145.41,23.132608695652173,0.1739130434782608,35.64,15.746666666666668,4.069999999999999,12.21,0.2551724137931034,0.0652173913043478,0,Q3,Mid-Low,2024-01,2025-12,1,1,Inactive,0,0,0,0.5950854700854701
50,Female,4,12,0,Organic,medium,7,68.13,21.960714285714285,0.1428571428571428,23.64,13.62,1.7999999999999998,3.6,0.13215859030837,0.0714285714285714,0,Q1,Mid-Low,2025-07,2025-12,0,0,Mid-Recent,0,0,1,0.34455128205128205
63,Female,0,28,0,Referral,high,11,340.16,24.03076923076923,0.1923076923076923,83.69999999999999,11.572,3.2920000000000003,32.92,0.282284342308352,0.1282051282051282,1,Q4,High,2025-06,2025-12,1,0,Inactive,1,1,0,0.43322649572649574
64,Male,1,41,0,Ads,low,1,66.42,22.545454545454547,0.1818181818181818,30.71,20.0,4.6450000000000005,9.29,0.23225,0.0909090909090909,1,Q1,Mid-High,2023-11,2025-10,1,1,Inactive,0,0,0,0.3466880341880342
59,Female,7,3,0,Organic,high,10,297.4,25.436486486486487,0.1216216216216216,87.56,13.295555555555556,3.685555555555555,33.169999999999995,0.2747452994284767,0.1216216216216216,1,Q4,High,2025-06,2025-12,0,0,Recent,1,0,1,0.5897435897435898
54,Other,2,93,1,Partnership,low,5,55.85,25.883333333333336,0.0833333333333333,28.76,16.88,2.5,4.999999999999999,0.1481042654028435,0.0833333333333333,0,Q1,Mid-Low,2024-08,2025-12,1,1,Inactive,0,0,0,0.3552350427350427
26,Female,0,24,0,Referral,low,3,126.06,25.20888888888889,0.2222222222222222,126.75,21.0,3.1814285714285715,22.27,0.1494430277815058,0.1555555555555555,1,Q3,High,2024-04,2025-12,1,0,Mid-Inactive,0,0,0,0.5908119658119658
63,Female,4,42,0,Partnership,medium,1,131.75,22.65833333333333,0.1944444444444444,33.1,14.52,3.4866666666666664,10.46,0.2401285583103764,0.0833333333333333,0,Q3,Mid-Low,2025-11,2025-12,1,1,Inactive,0,0,0,0.17735042735042733
43,Male,4,8,0,Organic,medium,4,79.07000000000001,23.074074074074076,0.1851851851851851,40.61,14.52,0.9833333333333324,2.949999999999997,0.0677226813590449,0.1111111111111111,1,Q1,Mid-High,2025-08,2025-12,0,0,Mid-Recent,0,0,1,0.3611111111111111
66,Male,1,24,0,Referral,low,2,46.22,26.376470588235293,0.1176470588235294,27.75,26.0,0.0,0.0,0.0,0.0588235294117647,0,Q1,Mid-Low,2024-05,2025-12,1,0,Mid-Inactive,0,0,0,0.43643162393162394
61,Female,3,16,0,Ads,high,8,276.35,24.423809523809524,0.1111111111111111,51.76,13.19,0.7624999999999998,3.0499999999999994,0.0556467797847108,0.0634920634920634,0,Q4,Mid-Low,2024-07,2025-12,0,0,Mid-Inactive,1,0,0,0.5288461538461539
18,Female,5,1,0,Organic,high,11,244.93,27.496923076923075,0.1384615384615384,69.08,14.158333333333331,2.85,17.1,0.1984219076351821,0.0923076923076923,1,Q4,Mid-High,2024-06,2025-12,0,0,Recent,1,0,1,0.5373931623931624
41,Male,6,17,1,Ads,medium,6,102.73,28.141176470588235,0.2352941176470588,46.010000000000005,14.185,2.6825,10.73,0.1891082129009516,0.1176470588235294,1,Q2,High,2024-12,2025-12,0,0,Mid-Inactive,0,0,0,0.28685897435897434
31,Female,4,0,1,Ads,medium,7,97.53,27.272222222222226,0.2222222222222222,37.38,10.6925,1.5425,6.17,0.1416762342135476,0.1111111111111111,1,Q2,Mid-High,2024-05,2025-12,0,0,Recent,0,0,1,0.48290598290598286
46,Other,5,101,1,Ads,medium,7,172.19,27.05192307692308,0.0769230769230769,26.68,8.313333333333333,0.0,0.0,0.0,0.0576923076923076,0,Q4,Mid-Low,2023-04,2025-11,1,1,Inactive,1,1,0,0.32905982905982906
20,Other,2,22,0,Organic,medium,6,129.25,23.90869565217391,0.1956521739130435,42.34,12.39,1.9799999999999995,7.919999999999998,0.1575805809789096,0.0869565217391304,0,Q3,Mid-Low,2025-08,2025-12,1,0,Mid-Inactive,0,0,0,0.5256410256410257
61,Male,1,6,0,Referral,medium,8,127.06,27.422916666666666,0.1041666666666666,19.23,14.14,4.525,9.05,0.32001414427157,0.0416666666666666,0,Q3,Low,2025-10,2025-12,0,0,Recent,0,0,1,0.2564102564102564
27,Other,1,62,0,Partnership,medium,4,50.34,23.285,0.2,34.730000000000004,15.07,3.543333333333333,10.63,0.234347442680776,0.15,1,Q1,High,2025-01,2025-11,1,1,Inactive,0,0,0,0.3589743589743589
60,Other,11,54,0,Organic,high,8,339.0,24.91794871794872,0.1794871794871795,108.74,16.89875,3.72125,29.77,0.2149303299400765,0.1025641025641025,1,Q4,Mid-High,2024-08,2025-12,1,1,Inactive,1,1,0,0.6207264957264957
33,Female,0,10,0,Partnership,medium,6,184.67,25.527272727272727,0.0727272727272727,28.54,17.5,3.2300000000000004,6.460000000000001,0.1845714285714286,0.0363636363636363,0,Q4,Low,2023-05,2025-11,0,0,Mid-Recent,1,0,1,0.3071581196581197
48,Other,6,6,0,Referral,high,9,198.71,23.859183673469385,0.1632653061224489,30.95,10.576666666666666,0.5199999999999999,1.5599999999999996,0.0479852353122116,0.0612244897959183,0,Q4,Mid-Low,2025-07,2025-12,0,0,Recent,1,0,1,0.3926282051282052
54,Other,2,12,0,Ads,medium,8,93.0,26.02647058823529,0.1176470588235294,16.88,7.893333333333333,2.266666666666667,6.800000000000001,0.2871621621621621,0.088235294117647,1,Q2,Mid-High,2023-08,2025-11,0,0,Mid-Recent,0,0,1,0.48824786324786323
46,Male,3,12,1,Partnership,medium,10,157.5,28.083673469387755,0.1020408163265306,46.1,12.536,3.3160000000000003,16.580000000000002,0.2645181876196554,0.1020408163265306,1,Q3,Mid-High,2023-02,2025-12,0,0,Mid-Recent,0,0,1,0.344017094017094
23,Female,1,12,0,Partnership,low,3,116.18,22.95641025641025,0.1794871794871795,81.89,14.253333333333336,1.095,6.569999999999999,0.0742708568844675,0.1538461538461538,1,Q2,High,2025-07,2025-12,0,0,Mid-Recent,0,0,1,0.391559829059829
48,Other,1,15,1,Organic,medium,9,85.55,25.322857142857146,0.2,48.89,12.445,0.6599999999999997,2.639999999999999,0.0512322918688142,0.1142857142857142,1,Q1,Mid-High,2023-08,2025-12,0,0,Mid-Inactive,0,0,0,0.33279914529914534
51,Male,3,7,0,Referral,high,4,163.7,22.834146341463416,0.1463414634146341,9.47,4.97,0.33,0.6600000000000001,0.0651530108588351,0.048780487804878,0,Q3,Low,2023-09,2025-11,0,0,Recent,0,0,1,0.4626068376068376
52,Male,1,32,0,Referral,medium,3,84.73,25.00333333333333,0.2,33.71,10.7275,2.495,9.98,0.2284275577935454,0.1333333333333333,1,Q1,High,2025-05,2025-11,1,1,Inactive,0,0,0,0.31837606837606836
42,Male,1,42,0,Referral,medium,2,70.98,26.28846153846154,0.1923076923076923,51.65,19.06,6.1475,24.59,0.3225341028331585,0.1538461538461538,1,Q1,High,2024-03,2025-12,1,1,Inactive,0,0,0,0.3846153846153846
51,Male,0,10,0,Referral,medium,5,89.48,25.913888888888888,0.1111111111111111,16.22,9.503333333333332,4.096666666666667,12.29,0.431076815152578,0.0833333333333333,0,Q1,Mid-Low,2024-08,2025-12,0,0,Mid-Recent,0,0,1,0.38568376068376065
29,Male,1,7,0,Referral,low,3,91.71,25.60833333333333,0.1666666666666666,56.21,15.25,1.83,7.32,0.1152211553596726,0.1111111111111111,1,Q2,Mid-High,2023-01,2025-12,0,0,Recent,0,0,1,0.4273504273504273
54,Other,5,5,0,Referral,medium,6,181.54,24.677777777777777,0.1296296296296296,56.33,14.74,3.4739999999999998,17.369999999999997,0.2356852103120759,0.0925925925925925,1,Q4,Mid-High,2023-07,2025-12,0,0,Recent,1,0,1,0.532051282051282
36,Male,1,2,0,Organic,high,9,256.29,25.016666666666666,0.1,25.45,10.486666666666666,2.106666666666667,6.32,0.1989298079949638,0.05,0,Q4,Low,2023-10,2025-11,0,0,Recent,1,0,1,0.5438034188034189
41,Female,1,20,0,Ads,medium,4,137.85,28.57317073170732,0.1707317073170731,32.22,12.56,4.505,18.02,0.3586783439490446,0.0975609756097561,1,Q3,Mid-High,2023-09,2025-12,1,0,Mid-Inactive,0,0,0,0.3862179487179487
57,Other,1,6,0,Partnership,medium,4,130.01,22.975,0.0833333333333333,20.5,21.0,0.5,0.5,0.0238095238095238,0.0277777777777777,0,Q3,Low,2023-10,2025-12,0,0,Recent,0,0,1,0.44818376068376065
44,Other,7,9,0,Partnership,medium,4,110.68,26.41025641025641,0.1794871794871795,45.76,12.292,3.14,15.7,0.2554506996420436,0.1282051282051282,1,Q2,High,2023-03,2025-11,0,0,Mid-Recent,0,0,1,0.5860042735042734
30,Female,5,8,0,Referral,medium,4,135.05,27.62666666666667,0.0666666666666666,18.03,22.0,3.969999999999999,3.969999999999999,0.1804545454545454,0.0222222222222222,0,Q3,Low,2025-03,2025-12,0,0,Mid-Recent,0,0,1,0.26442307692307687
26,Other,2,5,0,Referral,low,2,61.32,26.432,0.04,0.0,0.0,0.0,0.0,0.0,0.0,0,Q1,Low,2024-05,2025-12,0,0,Recent,0,0,1,0.5122863247863247
68,Female,3,2,0,Ads,medium,3,157.0,25.993333333333336,0.0888888888888888,36.87,15.25,3.036666666666667,9.11,0.1981296215745976,0.0666666666666666,0,Q3,Mid-Low,2023-07,2025-11,0,0,Recent,0,0,1,0.5560897435897436
61,Other,0,15,1,Organic,medium,6,111.69,25.55675675675676,0.1351351351351351,32.2,11.99,3.94,15.759999999999998,0.3286071726438698,0.1081081081081081,1,Q2,Mid-High,2023-07,2025-10,0,0,Mid-Inactive,0,0,0,0.30662393162393164
34,Male,6,33,0,Partnership,medium,4,111.55,23.488235294117647,0.1764705882352941,0.0,0.0,0.0,0.0,0.0,0.0,0,Q2,Low,2023-12,2025-10,1,1,Inactive,0,0,0,0.5299145299145298
49,Male,4,19,0,Referral,medium,5,103.26,22.93783783783784,0.2162162162162162,57.61,14.807999999999998,3.286,16.43,0.2219070772555375,0.1351351351351351,1,Q2,High,2024-12,2025-12,0,0,Mid-Inactive,0,0,0,0.4316239316239316
25,Male,8,8,0,Partnership,high,13,196.72,26.286538461538463,0.1346153846153846,76.57,14.251666666666669,1.5266666666666666,9.16,0.1068470780356934,0.1153846153846153,1,Q4,Mid-High,2024-11,2025-11,0,0,Mid-Recent,1,0,1,0.37072649572649574
33,Female,7,28,0,Partnership,high,3,217.76,26.66862745098039,0.1568627450980392,50.32,14.598000000000004,4.534,22.67,0.3105904918481983,0.0980392156862745,1,Q4,Mid-High,2024-10,2025-12,1,0,Inactive,1,1,0,0.5192307692307692
67,Male,2,4,0,Ads,medium,4,101.73,23.27647058823529,0.1176470588235294,20.91,10.853333333333332,3.883333333333333,11.65,0.3578009828009827,0.088235294117647,1,Q2,Mid-High,2025-08,2025-12,0,0,Recent,0,0,1,0.41880341880341876
18,Male,1,45,1,Organic,medium,3,52.58,25.67619047619048,0.1904761904761904,7.15,12.28,5.129999999999999,5.129999999999999,0.4177524429967426,0.0476190476190476,0,Q1,Low,2025-10,2025-12,1,1,Inactive,0,0,0,0.2382478632478633
30,Other,4,3,0,Partnership,low,4,86.8,26.790909090909093,0.0909090909090909,8.78,17.0,8.22,8.22,0.4835294117647059,0.0303030303030303,0,Q1,Low,2023-04,2025-11,0,0,Recent,0,0,1,0.3520299145299145
50,Male,7,3,0,Ads,medium,9,140.46,24.994,0.1,22.34,12.59,1.42,2.84,0.1127879269261318,0.04,0,Q3,Low,2024-03,2025-12,0,0,Recent,0,0,1,0.2857905982905983
19,Female,2,19,0,Ads,low,2,54.82,24.64,0.15,14.9,21.0,6.1,6.1,0.2904761904761904,0.05,0,Q1,Low,2023-11,2025-11,0,0,Mid-Inactive,0,0,0,0.4353632478632478
27,Other,1,28,1,Referral,medium,3,120.82,29.23783783783784,0.1351351351351351,28.12,16.333333333333332,6.96,20.88,0.4261224489795918,0.081081081081081,0,Q2,Mid-Low,2023-09,2025-11,1,0,Inactive,0,0,0,0.48717948717948717
44,Other,4,56,0,Ads,high,6,307.77,24.51710526315789,0.131578947368421,65.05,10.01625,1.89875,15.189999999999998,0.1893070787637088,0.1052631578947368,1,Q4,Mid-High,2024-04,2025-12,1,1,Inactive,1,1,0,0.45245726495726496
27,Male,7,13,0,Referral,high,7,210.18,24.9265306122449,0.1224489795918367,45.83,10.918,1.7520000000000002,8.760000000000002,0.1604689503572083,0.1020408163265306,1,Q4,Mid-High,2025-04,2025-12,0,0,Mid-Recent,1,0,1,0.5245726495726496
21,Female,2,4,0,Ads,medium,5,126.33,27.354347826086958,0.0869565217391304,7.7,11.75,4.05,4.05,0.3446808510638298,0.0217391304347826,0,Q3,Low,2024-05,2025-11,0,0,Recent,0,0,1,0.5048076923076923
22,Male,2,14,0,Partnership,medium,9,136.94,24.727083333333336,0.0833333333333333,31.01,18.0,3.035,6.07,0.1637001078748651,0.0416666666666666,0,Q3,Low,2025-07,2025-12,0,0,Mid-Recent,0,0,1,0.2911324786324786
42,Female,8,11,0,Partnership,medium,4,118.84,25.51707317073171,0.1707317073170731,40.73,10.704,2.558,12.79,0.2389760837070254,0.1219512195121951,1,Q2,High,2025-03,2025-12,0,0,Mid-Recent,0,0,1,0.41399572649572647
48,Male,6,6,0,Organic,low,4,131.13,27.91764705882353,0.0,0.0,0.0,0.0,0.0,0.0,0.0,0,Q3,Low,2025-08,2025-12,0,0,Recent,0,0,1,0.2831196581196581
58,Other,3,17,0,Partnership,medium,13,158.49,23.35483870967742,0.1290322580645161,55.69,18.184,7.046000000000001,35.230000000000004,0.3874835019797624,0.0806451612903225,0,Q3,Mid-Low,2025-05,2025-12,0,0,Mid-Inactive,0,0,0,0.6009615384615384
65,Male,6,19,0,Organic,medium,6,98.02,26.53076923076923,0.1538461538461538,37.9,13.2325,3.7575,15.03,0.2839599470999433,0.1025641025641025,1,Q2,Mid-High,2025-01,2025-12,0,0,Mid-Inactive,0,0,0,0.391559829059829
44,Other,3,11,0,Partnership,low,3,132.11,25.718367346938777,0.1836734693877551,80.59,17.255,3.8233333333333337,22.94,0.2215782864870086,0.1224489795918367,1,Q3,High,2025-05,2025-12,0,0,Mid-Recent,0,0,1,0.3648504273504274
31,Female,3,10,0,Partnership,medium,2,59.28,24.09,0.2,29.16,13.839999999999998,4.316666666666666,12.95,0.3075279031109,0.15,1,Q1,High,2025-10,2025-12,0,0,Mid-Recent,0,0,1,0.1784188034188034
46,Female,3,6,0,Organic,low,3,75.19,21.32758620689655,0.1034482758620689,30.08,20.5,5.459999999999999,10.919999999999998,0.2663414634146341,0.0689655172413793,0,Q1,Mid-Low,2024-02,2025-11,0,0,Recent,0,0,1,0.3766025641025641
26,Other,0,24,0,Ads,low,5,85.03,24.17878787878788,0.2121212121212121,99.55,18.83333333333333,2.708333333333333,16.25,0.140328151986183,0.1818181818181818,1,Q1,High,2023-03,2025-12,1,0,Mid-Inactive,0,0,0,0.5186965811965811
54,Male,1,21,0,Partnership,medium,5,211.67,24.26774193548387,0.1129032258064516,12.580000000000002,5.98,1.7866666666666664,5.359999999999999,0.2987736900780378,0.0483870967741935,0,Q4,Low,2024-11,2025-12,1,0,Mid-Inactive,1,1,0,0.6356837606837606
31,Female,3,58,1,Partnership,medium,5,125.87,23.28809523809524,0.0952380952380952,23.03,19.5,7.984999999999999,15.97,0.4094871794871794,0.0476190476190476,0,Q3,Low,2023-12,2025-12,1,1,Inactive,0,0,0,0.45993589743589747
37,Other,2,17,0,Referral,low,7,146.7,24.354716981132075,0.1698113207547169,36.69,13.0,0.7766666666666664,2.329999999999999,0.0597129677088672,0.0566037735849056,0,Q3,Low,2023-12,2025-12,0,0,Mid-Inactive,0,0,0,0.39583333333333337
53,Male,9,11,0,Partnership,medium,8,170.48,24.66379310344828,0.1206896551724138,44.42,13.3725,2.2675,9.07,0.1695644045616003,0.0689655172413793,0,Q4,Mid-Low,2024-11,2025-12,0,0,Mid-Recent,1,0,1,0.3685897435897436
62,Male,1,21,0,Ads,high,8,193.54,23.86603773584906,0.2264150943396226,60.25,16.3125,1.4924999999999995,5.969999999999999,0.0901540320144971,0.0754716981132075,0,Q4,Mid-Low,2024-04,2025-12,1,0,Mid-Inactive,1,1,0,0.4027777777777778
67,Male,2,44,0,Ads,medium,1,40.12,23.98,0.1333333333333333,6.44,4.125,0.905,1.8100000000000005,0.2193939393939394,0.1333333333333333,1,Q1,High,2024-02,2025-09,1,1,Inactive,0,0,0,0.37927350427350426
47,Male,3,9,0,Partnership,medium,4,87.31,24.35151515151515,0.0303030303030303,10.88,13.24,2.3599999999999994,2.3599999999999994,0.1782477341389727,0.0303030303030303,0,Q1,Low,2025-08,2025-12,0,0,Mid-Recent,0,0,1,0.4561965811965812
51,Other,1,42,0,Referral,medium,7,103.43,26.70555555555556,0.1666666666666666,57.15,16.94,3.0475,12.19,0.1758004038073262,0.1111111111111111,1,Q2,Mid-High,2024-11,2025-12,1,1,Inactive,0,0,0,0.28846153846153844
18,Male,6,12,0,Referral,high,8,152.28,26.77560975609756,0.1951219512195122,81.37,16.115,2.8366666666666664,17.02,0.1729850594572619,0.1463414634146341,1,Q3,High,2024-02,2025-11,0,0,Mid-Recent,0,0,1,0.545940170940171
65,Male,3,38,0,Organic,medium,9,221.46,25.248529411764707,0.1764705882352941,70.88,14.74,2.926666666666667,17.560000000000002,0.1985526910900045,0.088235294117647,1,Q4,Mid-High,2023-03,2025-11,1,1,Inactive,1,1,0,0.41132478632478636
38,Other,4,18,0,Partnership,medium,4,119.3,27.4825,0.15,26.950000000000003,8.09,1.395,5.58,0.1715339686443283,0.1,1,Q2,Mid-High,2023-07,2025-11,0,0,Mid-Inactive,0,0,0,0.24305555555555552
36,Female,3,14,0,Ads,medium,5,105.06,22.41290322580645,0.1935483870967742,59.18,14.654,2.858,14.289999999999996,0.1945011569348033,0.1612903225806451,1,Q2,High,2025-01,2025-12,0,0,Mid-Recent,0,0,1,0.517094017094017
25,Other,1,34,0,Ads,low,2,58.96,21.916666666666668,0.1666666666666666,23.99,11.2,3.203333333333333,9.61,0.2860119047619048,0.1666666666666666,1,Q1,High,2025-08,2025-12,1,1,Inactive,0,0,0,0.1907051282051282
62,Male,2,160,1,Ads,medium,5,129.72,24.595,0.1,16.29,9.106666666666667,3.6766666666666654,11.03,0.4037335285505124,0.075,0,Q3,Mid-Low,2023-08,2025-12,1,1,Inactive,0,0,0,0.38888888888888884
26,Female,5,9,1,Partnership,high,7,176.16,25.135555555555552,0.2888888888888888,94.48,11.7,2.385,23.85,0.2015549733795318,0.2222222222222222,1,Q4,High,2023-01,2025-12,0,0,Mid-Recent,1,0,1,0.38247863247863245
55,Other,0,20,0,Partnership,high,7,135.79,27.205882352941178,0.088235294117647,11.59,12.28,0.6899999999999995,0.6899999999999995,0.0561889250814331,0.0294117647058823,0,Q3,Low,2024-01,2025-11,1,0,Mid-Inactive,0,0,0,0.35630341880341876
49,Other,4,21,0,Organic,high,3,145.31,26.023529411764702,0.1176470588235294,27.74,15.12,1.2499999999999991,2.4999999999999982,0.0826719576719576,0.0588235294117647,0,Q3,Mid-Low,2025-10,2025-12,1,0,Mid-Inactive,0,0,0,0.35630341880341876
29,Male,7,0,0,Partnership,high,10,279.48,25.72238805970149,0.1641791044776119,56.11,12.659999999999998,3.438333333333334,20.630000000000003,0.2688298149596038,0.0895522388059701,1,Q4,Mid-High,2023-04,2025-12,0,0,Recent,1,0,1,0.6014957264957266
58,Female,4,31,0,Referral,medium,2,188.55,22.939622641509438,0.1509433962264151,41.02,14.8025,4.547499999999999,18.19,0.3072116196588413,0.0754716981132075,0,Q4,Mid-Low,2024-12,2025-12,1,1,Inactive,1,1,0,0.39583333333333337
19,Other,9,1,0,Ads,low,2,161.87,24.808474576271188,0.1864406779661017,80.51,14.862857142857145,3.361428571428572,23.53,0.2261630142252979,0.1186440677966101,1,Q3,High,2023-06,2025-12,0,0,Recent,0,0,1,0.33814102564102566
50,Female,3,41,0,Partnership,medium,9,158.97,25.26666666666667,0.2037037037037037,63.92,12.808571428571428,3.9614285714285713,27.73,0.3025641025641025,0.1296296296296296,1,Q3,High,2024-03,2025-11,1,1,Inactive,0,0,0,0.4487179487179487
59,Male,11,2,0,Organic,high,9,338.17,26.566666666666663,0.0864197530864197,33.27,6.565,1.0816666666666668,6.49,0.1632293762575452,0.074074074074074,0,Q4,Mid-Low,2023-02,2025-12,0,0,Recent,1,0,1,0.654380341880342
20,Female,4,12,1,Referral,medium,5,150.91,23.884313725490195,0.1568627450980392,32.5,13.846666666666666,3.013333333333333,9.04,0.2176215695714973,0.0588235294117647,0,Q3,Mid-Low,2024-04,2025-12,0,0,Mid-Recent,0,0,1,0.2831196581196581
26,Other,1,28,0,Referral,high,7,239.92,22.0765625,0.203125,60.04,13.62,3.613333333333333,21.68,0.2652961331375428,0.09375,1,Q4,Mid-High,2025-08,2025-12,1,0,Inactive,1,1,0,0.6372863247863247
48,Female,4,18,1,Referral,medium,1,166.32,26.15531914893617,0.1914893617021276,67.59,13.67,2.5383333333333336,15.23,0.1838927795218546,0.1276595744680851,1,Q4,High,2025-07,2025-12,0,0,Mid-Inactive,1,0,0,0.4882478632478632
39,Female,2,12,0,Partnership,low,0,59.28,25.035000000000004,0.25,49.8,15.084,5.124,25.62,0.3396976929196499,0.25,1,Q1,High,2023-07,2025-10,0,0,Mid-Recent,0,0,1,0.12286324786324786
64,Female,0,15,0,Partnership,medium,4,110.94,25.402857142857144,0.2857142857142857,46.17,18.593333333333334,3.6766666666666654,11.03,0.1928321678321678,0.0857142857142857,0,Q2,Mid-Low,2023-09,2025-11,0,0,Mid-Inactive,0,0,0,0.423076923076923
46,Other,0,7,0,Organic,high,2,194.4,24.11063829787234,0.1276595744680851,0.0,0.0,0.0,0.0,0.0,0.0,0,Q4,Low,2025-02,2025-12,0,0,Recent,1,0,1,0.5299145299145299
66,Male,2,54,1,Referral,medium,2,76.03,24.072727272727278,0.1363636363636363,0.0,0.0,0.0,0.0,0.0,0.0,0,Q1,Low,2023-08,2025-08,1,1,Inactive,0,0,0,0.37446581196581197
27,Other,7,27,0,Referral,high,9,197.03,24.328000000000003,0.16,72.66,17.056,2.6919999999999997,13.459999999999996,0.1562935438922433,0.1,1,Q4,Mid-High,2023-06,2025-11,1,0,Mid-Inactive,1,1,0,0.31356837606837606
65,Female,3,1,0,Ads,high,7,204.7,25.38936170212766,0.1063829787234042,27.07,10.7675,4.0,15.999999999999998,0.3714882749013233,0.0851063829787234,0,Q4,Mid-Low,2025-07,2025-12,0,0,Recent,1,0,1,0.32852564102564097
68,Other,3,7,1,Referral,medium,10,137.53,25.20566037735849,0.1698113207547169,34.81,15.25,3.6466666666666665,10.94,0.2391256830601092,0.0566037735849056,0,Q3,Low,2025-03,2025-12,0,0,Recent,0,0,1,0.5138888888888888
30,Other,3,3,0,Ads,medium,3,164.87,23.63695652173913,0.1304347826086956,20.68,11.39,1.1349999999999998,2.27,0.0989106753812636,0.0434782608695652,0,Q3,Low,2023-10,2025-11,0,0,Recent,0,0,1,0.45619658119658113
18,Female,11,36,1,Ads,high,7,332.44,26.22876712328767,0.1506849315068493,77.5,15.754285714285714,4.682857142857143,32.78,0.2972433804860355,0.0958904109589041,1,Q4,Mid-High,2024-12,2025-12,1,1,Inactive,1,1,0,0.5993589743589745
42,Female,2,4,0,Partnership,high,8,189.97,26.825,0.1458333333333333,32.49,12.92,2.09,6.27,0.1617647058823529,0.0625,0,Q4,Mid-Low,2024-06,2025-12,0,0,Recent,1,0,1,0.4300213675213675
56,Other,1,77,1,Partnership,low,5,87.04,24.84,0.1142857142857142,3.12,3.32,0.1999999999999997,0.1999999999999997,0.0602409638554216,0.0285714285714285,0,Q1,Low,2024-12,2025-12,1,1,Inactive,0,0,0,0.3466880341880342
21,Female,2,0,0,Referral,medium,6,101.32,28.775,0.1944444444444444,27.8,16.5,2.815,5.63,0.1684116063416093,0.0555555555555555,0,Q2,Low,2023-02,2025-11,0,0,Recent,0,0,1,0.44818376068376065
34,Male,0,1,0,Referral,medium,1,79.48,25.17727272727273,0.1363636363636363,10.46,7.869999999999999,2.68,5.359999999999999,0.338811630847029,0.0909090909090909,1,Q1,Mid-High,2025-03,2025-11,0,0,Recent,0,0,1,0.4230769230769231
38,Male,5,14,0,Partnership,medium,5,169.71,26.14423076923077,0.1153846153846153,42.72,15.6875,5.007499999999999,20.03,0.319203187250996,0.0769230769230769,0,Q4,Mid-Low,2023-10,2025-12,0,0,Mid-Recent,1,0,1,0.4610042735042735
50,Other,2,10,0,Ads,low,6,122.51,28.16,0.1111111111111111,31.6,16.89,1.5699999999999994,3.139999999999999,0.0903857225100748,0.0444444444444444,0,Q3,Low,2023-06,2025-12,0,0,Mid-Recent,0,0,1,0.38247863247863245
65,Male,4,11,1,Organic,medium,2,142.86,23.75434782608696,0.0869565217391304,35.21,17.0,0.0,0.0,0.0,0.0434782608695652,0,Q3,Low,2024-06,2025-12,0,0,Mid-Recent,0,0,1,0.5186965811965811
21,Male,3,2,0,Organic,high,9,320.68,25.15731707317073,0.2073170731707317,145.73,12.372142857142858,1.985,27.79,0.160154449054864,0.1707317073170731,1,Q4,High,2024-03,2025-12,0,0,Recent,1,0,1,0.7350427350427351
23,Other,0,37,0,Referral,low,4,86.13,23.846875,0.0625,11.4,12.28,0.879999999999999,0.879999999999999,0.0716612377850162,0.03125,0,Q1,Low,2025-07,2025-12,1,1,Inactive,0,0,0,0.43803418803418803
67,Female,6,147,0,Organic,medium,6,100.19,21.468571428571423,0.1714285714285714,36.35,23.0,4.824999999999999,9.65,0.2097826086956521,0.0571428571428571,0,Q2,Low,2023-07,2025-11,1,1,Inactive,0,0,0,0.2077991452991453
65,Female,8,144,1,Partnership,medium,9,128.72,23.92452830188679,0.1886792452830188,101.79,16.25125,3.65875,29.27,0.2233328246604608,0.1509433962264151,1,Q3,High,2025-01,2025-12,1,1,Inactive,0,0,0,0.625
52,Other,3,39,0,Ads,medium,10,81.92,21.694117647058825,0.088235294117647,36.11,11.686666666666667,0.2266666666666665,0.6799999999999997,0.0184832835009513,0.088235294117647,1,Q1,Mid-High,2023-07,2025-12,1,1,Inactive,0,0,0,0.47435897435897434
44,Female,3,3,0,Organic,medium,10,148.38,27.13157894736842,0.1052631578947368,40.6,13.21,3.06,12.239999999999998,0.2316426949280847,0.0701754385964912,0,Q3,Mid-Low,2025-10,2025-12,0,0,Recent,0,0,1,0.33653846153846156
46,Male,4,5,0,Partnership,low,5,138.93,26.258333333333336,0.1041666666666666,47.44,16.84,1.5566666666666664,4.669999999999999,0.0896181155248512,0.0625,0,Q3,Mid-Low,2025-03,2025-11,0,0,Recent,0,0,1,0.5272435897435896
68,Female,1,6,0,Ads,medium,2,89.64,26.932,0.08,8.95,12.28,3.33,3.33,0.2711726384364821,0.04,0,Q1,Low,2023-09,2025-11,0,0,Recent,0,0,1,0.4428418803418803
45,Other,3,23,0,Ads,high,11,225.73,21.894642857142856,0.1428571428571428,71.53,11.85,3.0225,24.18,0.252638177828858,0.1428571428571428,1,Q4,High,2024-08,2025-12,1,0,Mid-Inactive,1,1,0,0.5822649572649573
19,Female,6,57,0,Ads,high,4,222.4,22.10576923076923,0.1923076923076923,82.79,15.787142857142856,3.96,27.72,0.2508370283232286,0.1346153846153846,1,Q4,High,2024-07,2025-12,1,1,Inactive,1,1,0,0.5443376068376068
19,Female,7,2,0,Ads,medium,8,187.99,23.975862068965515,0.0517241379310344,20.16,19.0,0.0,0.0,0.0,0.0172413793103448,0,Q4,Low,2024-05,2025-12,0,0,Recent,1,0,1,0.3547008547008547
32,Male,0,9,0,Partnership,medium,5,130.49,26.702439024390245,0.2195121951219512,53.32,12.856,2.43,12.15,0.1855811822208645,0.1219512195121951,1,Q3,High,2025-10,2025-12,0,0,Mid-Recent,0,0,1,0.2473290598290598
49,Other,8,2,0,Organic,medium,8,198.42,25.346153846153847,0.1076923076923077,38.84,13.333333333333334,0.4733333333333333,1.42,0.0352707401887729,0.0461538461538461,0,Q4,Low,2024-11,2025-11,0,0,Recent,1,0,1,0.5860042735042735
63,Female,0,11,0,Ads,medium,2,55.77,22.76,0.2,28.95,11.253333333333332,1.6033333333333335,4.810000000000001,0.1424763033175356,0.15,1,Q1,High,2024-04,2025-12,0,0,Mid-Recent,0,0,1,0.20619658119658119
31,Female,0,43,0,Referral,low,2,82.34,27.682142857142857,0.1071428571428571,18.12,22.0,3.879999999999999,3.879999999999999,0.1763636363636363,0.0357142857142857,0,Q1,Low,2023-03,2025-11,1,1,Inactive,0,0,0,0.2681623931623932
39,Other,2,11,0,Partnership,medium,1,109.06,24.22903225806452,0.1612903225806451,32.93,12.253333333333332,1.5266666666666666,4.58,0.122100773127166,0.0967741935483871,1,Q2,Mid-High,2024-02,2025-12,0,0,Mid-Recent,0,0,1,0.21848290598290596
51,Female,1,14,0,Organic,medium,1,103.9,24.384848484848487,0.0606060606060606,8.83,12.28,3.4499999999999997,3.4499999999999997,0.2809446254071661,0.0303030303030303,0,Q2,Low,2023-09,2025-12,0,0,Mid-Recent,0,0,1,0.3173076923076923
48,Male,4,22,0,Partnership,medium,5,110.0,24.78717948717949,0.1025641025641025,18.24,12.76,3.640000000000001,7.280000000000001,0.2852664576802508,0.0512820512820512,0,Q2,Low,2025-06,2025-12,1,0,Mid-Inactive,0,0,0,0.454059829059829
31,Female,1,92,0,Organic,medium,2,128.2,22.635135135135137,0.1891891891891892,25.85,15.375,3.02,6.039999999999999,0.1894010661649419,0.054054054054054,0,Q3,Low,2024-08,2025-12,1,1,Inactive,0,0,0,0.21634615384615385
39,Other,0,0,0,Ads,medium,2,38.48,26.72142857142857,0.1428571428571428,11.28,13.24,1.9600000000000009,1.9600000000000009,0.1480362537764351,0.0714285714285714,0,Q1,Mid-Low,2025-10,2025-12,0,0,Recent,0,0,1,0.1388888888888889
32,Other,6,5,0,Ads,medium,8,132.04,27.025,0.0909090909090909,49.9,18.76,2.773333333333333,8.32,0.1429062177945723,0.0681818181818181,0,Q3,Mid-Low,2024-02,2025-12,0,0,Recent,0,0,1,0.280982905982906
19,Female,5,40,0,Partnership,low,6,111.71,27.743589743589745,0.0769230769230769,15.21,13.97,0.0,0.0,0.0,0.0256410256410256,0,Q2,Low,2024-06,2025-11,1,1,Inactive,0,0,0,0.3846153846153846
23,Other,3,6,0,Partnership,medium,9,76.3,27.95757575757576,0.1515151515151515,50.15,16.746666666666666,0.5299999999999999,1.59,0.0307305759567066,0.0909090909090909,1,Q1,Mid-High,2023-10,2025-12,0,0,Recent,0,0,1,0.5534188034188035
42,Male,1,1,0,Ads,low,5,99.19,22.741463414634147,0.1219512195121951,32.34,13.24,2.766666666666667,8.3,0.2042322834645669,0.073170731707317,0,Q2,Mid-Low,2025-07,2025-12,0,0,Recent,0,0,1,0.48344017094017094
33,Male,4,8,0,Organic,low,3,65.27,27.589655172413792,0.2413793103448276,42.83,12.185,1.4775000000000005,5.910000000000001,0.1212556421830119,0.1379310344827586,1,Q1,High,2025-02,2025-12,0,0,Mid-Recent,0,0,1,0.2932692307692308
53,Male,3,24,0,Organic,low,7,59.97,25.05862068965517,0.2068965517241379,10.81,13.24,2.43,2.43,0.1835347432024169,0.0344827586206896,0,Q1,Low,2025-09,2025-12,1,0,Mid-Inactive,0,0,0,0.327991452991453
52,Male,5,45,0,Referral,medium,8,126.57,27.859523809523807,0.0714285714285714,60.02,22.26,2.696666666666666,8.089999999999998,0.1187784466304507,0.0714285714285714,0,Q3,Mid-Low,2024-03,2025-12,1,1,Inactive,0,0,0,0.3766025641025641
65,Male,5,22,0,Ads,high,12,273.03,24.77142857142857,0.1285714285714285,45.2,16.795,5.52,22.08,0.328180737217598,0.0571428571428571,0,Q4,Low,2024-03,2025-12,1,0,Mid-Inactive,1,1,0,0.5657051282051282
37,Female,2,14,0,Ads,high,11,299.27,26.509722222222223,0.1805555555555555,119.4,16.80625,2.12,16.96,0.1243766500440011,0.1111111111111111,1,Q4,Mid-High,2025-01,2025-12,0,0,Mid-Recent,1,0,1,0.6992521367521367
59,Other,1,9,1,Referral,high,5,223.75,25.23584905660377,0.0754716981132075,7.59,5.66,1.865,3.73,0.3295053003533569,0.0377358490566037,0,Q4,Low,2024-04,2025-12,0,0,Mid-Recent,1,0,1,0.5069444444444444
46,Other,1,15,0,Ads,medium,3,136.6,24.6775,0.1,46.89,14.71,3.3325,13.33,0.2213550315509797,0.1,1,Q3,Mid-High,2024-10,2025-12,0,0,Mid-Inactive,0,0,0,0.35416666666666663
35,Female,6,8,0,Ads,high,4,194.93,23.55208333333333,0.125,41.41,14.839999999999998,1.3966666666666665,4.19,0.0918859649122807,0.0625,0,Q4,Mid-Low,2025-07,2025-12,0,0,Mid-Recent,1,0,1,0.5341880341880342
55,Male,8,7,1,Referral,medium,6,224.46,28.384848484848487,0.1212121212121212,69.72,14.339999999999998,2.78,16.68,0.1930555555555555,0.0909090909090909,1,Q4,Mid-High,2025-09,2025-12,0,0,Recent,1,0,1,0.40972222222222227
53,Female,1,0,0,Ads,medium,6,110.32,24.413157894736845,0.1842105263157894,21.19,10.306666666666668,3.2433333333333336,9.73,0.3146830530401034,0.0789473684210526,0,Q2,Mid-Low,2024-05,2025-12,0,0,Recent,0,0,1,0.48450854700854695
53,Male,3,2,0,Organic,low,4,95.52,25.144736842105264,0.1052631578947368,37.43,13.45,4.0925,16.37,0.304275092936803,0.1052631578947368,1,Q2,Mid-High,2025-10,2025-12,0,0,Recent,0,0,1,0.22756410256410253
57,Male,0,4,0,Organic,medium,5,127.51,26.19285714285714,0.119047619047619,40.12,19.33333333333333,5.989999999999999,17.97,0.3093475641246342,0.0714285714285714,0,Q3,Mid-Low,2024-11,2025-11,0,0,Recent,0,0,1,0.3557692307692307
64,Other,10,1,1,Partnership,high,10,215.35,24.938333333333333,0.1333333333333333,55.61,14.1075,0.6800000000000007,2.720000000000003,0.0466312360706326,0.0666666666666666,0,Q4,Mid-Low,2023-12,2025-12,0,0,Recent,1,0,1,0.6063034188034189
27,Male,2,79,1,Ads,medium,7,182.42,26.24210526315789,0.1403508771929824,72.4,18.75,4.634,23.17,0.2424400962645181,0.087719298245614,1,Q4,Mid-High,2025-03,2025-12,1,1,Inactive,1,1,0,0.6073717948717948
39,Male,4,2,0,Organic,medium,7,114.51,25.169565217391305,0.0869565217391304,45.150000000000006,13.3625,2.1525,8.61,0.1601562499999999,0.0869565217391304,0,Q2,Mid-Low,2023-04,2025-11,0,0,Recent,0,0,1,0.4770299145299145
52,Male,5,31,0,Partnership,low,5,106.25,28.311627906976742,0.1860465116279069,68.13,12.973333333333334,1.885,11.31,0.1423716012084592,0.1395348837209302,1,Q2,High,2023-12,2025-12,1,1,Inactive,0,0,0,0.485042735042735
31,Female,0,0,0,Referral,high,9,189.81,22.57708333333333,0.2083333333333333,62.43000000000001,12.76,2.3549999999999995,14.129999999999995,0.1845611285266457,0.125,1,Q4,High,2023-11,2025-12,0,0,Recent,1,0,1,0.3952991452991453
21,Other,7,11,0,Referral,medium,4,165.29,25.429411764705883,0.1764705882352941,69.17,14.86,1.294,6.47,0.0855367530407192,0.0980392156862745,1,Q3,Mid-High,2023-08,2025-11,0,0,Mid-Recent,0,0,1,0.5747863247863247
20,Male,5,42,0,Ads,high,5,201.13,25.740816326530613,0.1632653061224489,59.13,15.702000000000002,3.876,19.38,0.2468475353458158,0.1020408163265306,1,Q4,Mid-High,2024-08,2025-12,1,1,Inactive,1,1,0,0.35096153846153844
38,Female,1,0,0,Referral,medium,8,163.12,25.856896551724137,0.1206896551724138,15.9,7.66,2.436666666666667,7.31,0.3149504523912107,0.0517241379310344,0,Q3,Low,2023-12,2025-12,0,0,Recent,0,0,1,0.4033119658119658
60,Other,3,11,0,Referral,high,6,158.21,24.653658536585368,0.0975609756097561,20.17,11.226666666666668,4.503333333333333,13.509999999999998,0.4011282660332541,0.073170731707317,0,Q3,Mid-Low,2024-08,2025-12,0,0,Mid-Recent,0,0,1,0.545940170940171
20,Male,0,15,0,Partnership,medium,4,55.77,21.595454545454547,0.1363636363636363,8.87,13.24,4.370000000000001,4.370000000000001,0.3300604229607251,0.0454545454545454,0,Q1,Low,2024-09,2025-12,0,0,Mid-Inactive,0,0,0,0.2702991452991453
55,Female,0,81,0,Partnership,high,5,184.6,27.393023255813954,0.0930232558139534,37.17,17.586666666666666,5.196666666666666,15.59,0.295489006823351,0.0697674418604651,0,Q4,Mid-Low,2023-06,2025-12,1,1,Inactive,1,1,0,0.34615384615384615
18,Other,5,31,0,Organic,medium,10,93.72,25.916666666666668,0.1666666666666666,23.1,10.646666666666668,2.953333333333333,8.86,0.2772215269086358,0.0833333333333333,0,Q2,Mid-Low,2024-05,2025-12,1,1,Inactive,0,0,0,0.4898504273504273
28,Male,5,20,1,Organic,low,2,95.82,25.677142857142854,0.0571428571428571,16.28,19.0,2.719999999999999,2.719999999999999,0.143157894736842,0.0285714285714285,0,Q2,Low,2024-04,2025-12,1,0,Mid-Inactive,0,0,0,0.39529914529914534
43,Male,7,99,1,Partnership,medium,4,133.02,28.626829268292685,0.1951219512195122,61.37,11.617142857142856,2.958571428571428,20.71,0.2523148148148147,0.1707317073170731,1,Q3,High,2023-02,2025-12,1,1,Inactive,0,0,0,0.5181623931623931
59,Other,6,5,1,Ads,medium,4,110.5,25.846153846153847,0.3076923076923077,117.44,17.15777777777778,4.108888888888889,36.98,0.2394767517160989,0.2307692307692307,1,Q2,High,2023-05,2025-10,0,0,Recent,0,0,1,0.329059829059829
42,Male,2,45,0,Ads,high,9,185.78,27.095744680851062,0.0425531914893617,10.41,13.24,2.83,2.83,0.2137462235649546,0.0212765957446808,0,Q4,Low,2023-05,2025-11,1,1,Inactive,1,1,0,0.5090811965811965
55,Female,2,18,0,Partnership,medium,1,90.66,23.70833333333333,0.0416666666666666,9.93,17.0,7.07,7.07,0.4158823529411765,0.0416666666666666,0,Q2,Low,2023-05,2025-12,0,0,Mid-Inactive,0,0,0,0.3899572649572649
54,Female,2,4,0,Referral,medium,2,151.94,24.55,0.1590909090909091,25.67,12.92,4.42,13.26,0.3406113537117904,0.0681818181818181,0,Q3,Mid-Low,2024-10,2025-11,0,0,Recent,0,0,1,0.4268162393162393
29,Female,0,3,0,Partnership,medium,6,134.44,26.186956521739127,0.1956521739130435,26.5,8.67,2.1,8.399999999999999,0.2406876790830945,0.0869565217391304,0,Q3,Mid-Low,2024-06,2025-11,0,0,Recent,0,0,1,0.3450854700854701
47,Female,5,38,0,Partnership,medium,4,77.28,26.92,0.2,47.59,16.2425,4.345000000000001,17.380000000000003,0.2675080806526089,0.1333333333333333,1,Q1,High,2023-04,2025-12,1,1,Inactive,0,0,0,0.40865384615384615
36,Other,9,3,0,Referral,medium,12,135.76,24.578000000000003,0.12,64.83,15.216,2.25,11.25,0.1478706624605678,0.1,1,Q3,Mid-High,2025-08,2025-12,0,0,Recent,0,0,1,0.5288461538461539
57,Male,8,41,1,Organic,high,8,239.21,22.42622950819672,0.180327868852459,116.56,13.652222222222225,0.98,8.819999999999999,0.0703461477109586,0.1475409836065573,1,Q4,High,2025-02,2025-12,1,1,Inactive,1,1,0,0.5827991452991452
42,Other,7,41,0,Referral,low,5,126.97,26.408510638297876,0.2340425531914893,85.78,16.575,2.6183333333333336,15.71,0.1547935757217459,0.1276595744680851,1,Q3,High,2023-04,2025-12,1,1,Inactive,0,0,0,0.4326923076923077
59,Male,3,13,0,Organic,medium,7,142.8,27.565957446808508,0.1276595744680851,38.76,10.182,2.5740000000000003,12.87,0.2492736780941313,0.1063829787234042,1,Q3,Mid-High,2023-08,2025-10,0,0,Mid-Recent,0,0,1,0.5090811965811965
59,Male,0,8,0,Referral,low,8,123.65,23.93404255319149,0.2127659574468085,71.67999999999999,17.166666666666668,5.22,31.32,0.3040776699029126,0.1276595744680851,1,Q3,High,2023-03,2025-11,0,0,Mid-Recent,0,0,1,0.5438034188034188
34,Female,0,43,1,Referral,medium,6,106.0,25.47142857142857,0.0857142857142857,6.63,12.0,5.37,5.37,0.4475,0.0285714285714285,0,Q2,Low,2024-05,2025-12,1,1,Inactive,0,0,0,0.22863247863247863
18,Male,0,0,0,Ads,medium,2,67.49000000000001,27.268181818181816,0.1818181818181818,32.64,17.14,0.92,1.84,0.0533642691415313,0.0909090909090909,1,Q1,Mid-High,2025-01,2025-11,0,0,Recent,0,0,1,0.3536324786324786
35,Female,2,19,0,Partnership,medium,2,85.52,23.87333333333333,0.0,0.0,0.0,0.0,0.0,0.0,0.0,0,Q1,Low,2025-05,2025-12,0,0,Mid-Inactive,0,0,0,0.3878205128205128
31,Male,5,8,0,Partnership,medium,4,135.72,24.28048780487805,0.2439024390243902,96.29,16.21857142857143,2.585714285714286,18.1,0.1582306145642102,0.1707317073170731,1,Q3,High,2023-10,2025-10,0,0,Mid-Recent,0,0,1,0.25427350427350426
45,Female,1,32,1,Ads,low,3,128.71,24.30652173913043,0.0869565217391304,16.259999999999998,10.66,2.6900000000000004,5.380000000000001,0.2486136783733826,0.0434782608695652,0,Q3,Low,2024-07,2025-12,1,1,Inactive,0,0,0,0.33814102564102566
60,Male,5,85,0,Organic,high,12,296.76,25.57638888888889,0.1388888888888889,62.010000000000005,14.044285714285715,5.185714285714285,36.3,0.369240158681721,0.0972222222222222,1,Q4,Mid-High,2024-04,2025-12,1,1,Inactive,1,1,0,0.5325854700854701
19,Other,6,41,0,Ads,medium,3,124.01,26.402564102564103,0.2307692307692307,88.5,18.361666666666668,3.611666666666666,21.669999999999995,0.1966960152491603,0.1538461538461538,1,Q3,High,2023-10,2025-10,1,1,Inactive,0,0,0,0.5443376068376068
18,Other,7,80,0,Partnership,low,4,136.73,24.03703703703704,0.1296296296296296,27.68,14.586666666666666,5.36,16.080000000000002,0.3674588665447897,0.0555555555555555,0,Q3,Low,2023-06,2025-12,1,1,Inactive,0,0,0,0.6014957264957265
36,Female,3,18,0,Organic,high,4,88.54,26.941666666666663,0.1666666666666666,27.85,17.5,3.575,7.15,0.2042857142857143,0.0833333333333333,0,Q1,Mid-Low,2025-07,2025-12,0,0,Mid-Inactive,0,0,0,0.36912393162393164
28,Female,1,17,0,Ads,medium,2,36.48,21.93636363636364,0.0,0.0,0.0,0.0,0.0,0.0,0.0,0,Q1,Low,2023-09,2025-11,0,0,Mid-Inactive,0,0,0,0.29967948717948717
44,Male,1,41,0,Organic,medium,2,135.32,26.41428571428572,0.1666666666666666,50.93,18.093333333333334,1.7099999999999995,5.129999999999999,0.0915090973956475,0.0714285714285714,0,Q3,Mid-Low,2023-05,2025-12,1,1,Inactive,0,0,0,0.4668803418803419
27,Other,3,13,0,Partnership,medium,5,63.67,22.830434782608695,0.1304347826086956,23.31,19.5,7.845,15.69,0.4023076923076923,0.0869565217391304,0,Q1,Mid-Low,2023-03,2025-11,0,0,Mid-Recent,0,0,1,0.30929487179487175
56,Female,5,89,0,Organic,high,9,319.19,26.044736842105262,0.1052631578947368,77.36,14.420000000000002,1.5516666666666674,9.310000000000004,0.107418945425176,0.0789473684210526,0,Q4,Mid-Low,2025-08,2025-12,1,1,Inactive,1,1,0,0.5774572649572649
46,Other,2,31,0,Referral,low,6,71.36,27.0,0.2592592592592592,53.81,15.57,2.415,9.66,0.1521978887663463,0.1481481481481481,1,Q1,High,2025-04,2025-12,1,1,Inactive,0,0,0,0.3611111111111111
56,Female,3,12,0,Ads,medium,3,93.04,23.55172413793104,0.1034482758620689,38.12,22.5,3.4400000000000004,6.880000000000001,0.1528888888888889,0.0689655172413793,0,Q2,Mid-Low,2023-02,2025-11,0,0,Mid-Recent,0,0,1,0.20993589743589744
23,Female,8,12,1,Referral,low,5,143.6,25.96949152542373,0.2711864406779661,104.38,14.848888888888888,3.261111111111111,29.35,0.2194720705899947,0.1525423728813559,1,Q3,High,2025-01,2025-12,0,0,Mid-Recent,0,0,1,0.5742521367521367
34,Other,10,8,0,Ads,high,13,286.65,26.036619718309858,0.1267605633802817,40.24,15.0675,5.0075,20.03,0.3323378131740501,0.056338028169014,0,Q4,Low,2025-06,2025-12,0,0,Mid-Recent,1,0,1,0.5074786324786325
38,Other,2,17,0,Partnership,high,7,301.12,26.694366197183097,0.1971830985915492,91.51,16.714285714285715,3.714285714285714,26.0,0.2212577652965704,0.0985915492957746,1,Q4,Mid-High,2023-12,2025-12,0,0,Mid-Inactive,1,0,0,0.5977564102564104
40,Other,3,21,0,Referral,medium,2,86.42,25.64333333333333,0.1333333333333333,24.01,12.015,0.5499999999999998,1.0999999999999996,0.0438072481083233,0.0666666666666666,0,Q1,Mid-Low,2023-02,2025-12,1,0,Mid-Inactive,0,0,0,0.49893162393162394
27,Other,3,18,0,Referral,low,7,92.1,27.237142857142857,0.1428571428571428,74.15,16.444,2.084,10.42,0.1232115407354853,0.1428571428571428,1,Q2,High,2024-05,2025-12,0,0,Mid-Inactive,0,0,0,0.49946581196581197
22,Other,1,6,0,Ads,medium,3,152.18,21.692682926829267,0.0975609756097561,21.17,30.0,8.829999999999998,8.829999999999998,0.2943333333333333,0.024390243902439,0,Q3,Low,2025-06,2025-12,0,0,Recent,0,0,1,0.5251068376068375
52,Other,0,45,0,Ads,medium,1,107.73,25.11,0.2333333333333333,44.08,15.7,4.68,18.72,0.2980891719745223,0.1333333333333333,1,Q2,High,2025-02,2025-12,1,1,Inactive,0,0,0,0.25587606837606836
36,Male,4,6,1,Ads,high,7,271.61,26.85967741935484,0.1129032258064516,40.33,15.82,5.7375,22.95,0.3626738305941845,0.064516129032258,0,Q4,Mid-Low,2024-04,2025-12,0,0,Recent,1,0,1,0.594017094017094
46,Male,7,7,0,Organic,medium,6,149.03,25.93653846153846,0.1346153846153846,83.83,21.32,0.7699999999999991,3.0799999999999965,0.0354389598435162,0.0769230769230769,0,Q3,Mid-Low,2023-09,2025-12,0,0,Recent,0,0,1,0.6137820512820512
37,Female,0,28,0,Organic,medium,2,86.63,24.65714285714285,0.2142857142857142,69.51,17.248,3.346,16.73,0.1939935064935064,0.1785714285714285,1,Q1,High,2023-09,2025-11,1,0,Inactive,0,0,0,0.37232905982905984
57,Other,6,31,0,Referral,low,4,142.74,24.89444444444444,0.1481481481481481,42.01,12.28,3.8779999999999992,19.39,0.3157980456026059,0.0925925925925925,1,Q3,Mid-High,2025-10,2025-12,1,1,Inactive,0,0,0,0.35149572649572647
38,Female,3,80,1,Organic,low,4,108.0,24.302777777777777,0.1944444444444444,45.49,14.13,2.7575,11.03,0.1951521585279547,0.1111111111111111,1,Q2,Mid-High,2024-07,2025-12,1,1,Inactive,0,0,0,0.4412393162393162
67,Male,3,7,0,Organic,medium,6,74.06,24.585714285714285,0.1785714285714285,36.04,18.5,0.7850000000000001,1.5700000000000005,0.0417442169635735,0.0714285714285714,0,Q1,Mid-Low,2023-12,2025-11,0,0,Recent,0,0,1,0.43482905982905984
20,Female,1,9,0,Partnership,low,13,136.8,25.76833333333333,0.1166666666666666,38.07,13.07,3.5524999999999998,14.209999999999996,0.271805661820964,0.0666666666666666,0,Q3,Mid-Low,2023-02,2025-12,0,0,Mid-Recent,0,0,1,0.641025641025641
23,Male,7,4,0,Partnership,high,8,231.98,28.22258064516129,0.1612903225806451,80.15,11.2825,1.30375,10.43,0.115146831530139,0.1290322580645161,1,Q4,High,2023-04,2025-12,0,0,Recent,1,0,1,0.6773504273504274
33,Other,0,0,0,Referral,medium,3,119.48,28.76511627906977,0.0930232558139534,24.84,12.28,0.0999999999999996,0.1999999999999993,0.0079872204472843,0.0465116279069767,0,Q2,Low,2025-09,2025-12,0,0,Recent,0,0,1,0.41559829059829057
67,Other,0,24,0,Ads,medium,5,75.1,28.985714285714288,0.1428571428571428,38.36,13.44,1.236666666666667,3.710000000000001,0.0881863560732113,0.1071428571428571,1,Q1,Mid-High,2023-07,2025-12,1,0,Mid-Inactive,0,0,0,0.3653846153846154
61,Male,0,1,0,Partnership,high,1,36.82,22.566666666666663,0.2222222222222222,19.04,12.28,2.76,5.52,0.2247557003257329,0.2222222222222222,1,Q1,High,2025-10,2025-12,0,0,Recent,0,0,1,0.11057692307692306
47,Female,5,5,0,Referral,medium,8,211.07,22.207462686567165,0.0746268656716417,5.13,8.0,2.87,2.87,0.35875,0.0149253731343283,0,Q4,Low,2024-09,2025-12,0,0,Recent,1,0,1,0.3167735042735043
62,Other,4,30,0,Ads,high,6,133.48,23.212903225806453,0.032258064516129,11.91,12.28,0.3699999999999992,0.3699999999999992,0.030130293159609,0.032258064516129,0,Q3,Low,2023-05,2025-12,1,1,Inactive,0,0,0,0.3365384615384615
20,Female,0,97,1,Partnership,medium,6,190.32,25.110169491525426,0.135593220338983,39.81,25.5,5.595000000000001,11.19,0.2194117647058824,0.0338983050847457,0,Q4,Low,2024-04,2025-12,1,1,Inactive,1,1,0,0.49786324786324787
22,Male,0,20,0,Partnership,medium,5,138.65,22.202380952380956,0.1428571428571428,52.19,14.58,1.5325000000000002,6.130000000000001,0.1051097393689986,0.0952380952380952,1,Q3,Mid-High,2023-03,2025-12,1,0,Mid-Inactive,0,0,0,0.3141025641025641
67,Other,3,11,0,Partnership,low,2,121.32,25.19545454545454,0.1818181818181818,32.1,10.3,2.2749999999999995,9.099999999999998,0.2208737864077669,0.0909090909090909,1,Q2,Mid-High,2025-01,2025-12,0,0,Mid-Recent,0,0,1,0.5101495726495726
32,Female,4,20,0,Ads,medium,6,119.99,25.614285714285717,0.119047619047619,44.15,15.926666666666668,2.276666666666667,6.83,0.1339741074931345,0.0714285714285714,0,Q2,Mid-Low,2023-11,2025-12,1,0,Mid-Inactive,0,0,0,0.4321581196581197
24,Male,4,19,0,Ads,high,2,153.42,26.81935483870968,0.1612903225806451,80.91,21.0,0.8600000000000003,3.4400000000000013,0.0407824540604623,0.1290322580645161,1,Q3,High,2025-06,2025-12,0,0,Mid-Inactive,0,0,0,0.3226495726495726
41,Other,5,3,0,Referral,low,6,102.25,23.772093023255817,0.1395348837209302,64.09,16.084,3.3040000000000007,16.520000000000003,0.204937352685771,0.1162790697674418,1,Q2,Mid-High,2025-08,2025-12,0,0,Recent,0,0,1,0.4919871794871795
24,Female,1,31,0,Referral,medium,7,121.32,23.365116279069767,0.2093023255813953,28.49,17.14,2.8950000000000005,5.790000000000001,0.1689031505250875,0.0465116279069767,0,Q2,Low,2025-05,2025-12,1,1,Inactive,0,0,0,0.5267094017094017
62,Female,4,19,0,Referral,medium,3,84.05,26.87307692307693,0.2307692307692307,55.45,14.6725,1.1549999999999998,4.619999999999999,0.0769102713500915,0.1538461538461538,1,Q1,High,2023-10,2025-11,0,0,Mid-Inactive,0,0,0,0.16933760683760685
48,Female,8,89,0,Ads,medium,2,136.25,23.238636363636363,0.1136363636363636,54.64,17.7575,4.1175,16.47,0.2316129939530305,0.0909090909090909,1,Q3,Mid-High,2025-03,2025-12,1,1,Inactive,0,0,0,0.4198717948717949
23,Other,5,25,0,Ads,medium,7,263.4,24.68875,0.2,115.6,12.452727272727271,1.971818181818182,21.69,0.1579867433899046,0.1375,1,Q4,High,2024-07,2025-12,1,0,Mid-Inactive,1,1,0,0.670940170940171
41,Other,5,14,0,Partnership,medium,9,78.46000000000001,22.76875,0.09375,8.49,16.0,7.51,7.51,0.469375,0.03125,0,Q1,Low,2025-09,2025-12,0,0,Mid-Recent,0,0,1,0.3408119658119658
55,Female,2,6,1,Referral,medium,5,84.24,27.074074074074076,0.2222222222222222,14.73,4.935,1.3175,5.27,0.2634999999999999,0.1481481481481481,1,Q1,High,2024-10,2025-09,0,0,Recent,0,0,1,0.45138888888888884
37,Male,3,76,1,Referral,medium,3,158.47,25.18139534883721,0.0930232558139534,33.57,10.9975,2.605,10.42,0.2368720163673562,0.0930232558139534,1,Q3,Mid-High,2024-04,2025-10,1,1,Inactive,0,0,0,0.3947649572649572
68,Male,2,106,0,Organic,medium,5,81.67,26.25,0.2666666666666666,87.21000000000001,18.576666666666668,4.409999999999999,26.46,0.2327790973871733,0.2,1,Q1,High,2023-04,2025-10,1,1,Inactive,0,0,0,0.5267094017094017
38,Male,7,16,0,Ads,medium,4,214.55,27.287096774193547,0.3225806451612903,111.53,13.916,2.7629999999999995,27.629999999999995,0.1985484334578901,0.1612903225806451,1,Q4,High,2025-08,2025-12,0,0,Mid-Inactive,1,0,0,0.3717948717948718
48,Female,2,18,0,Referral,low,4,129.13,25.702222222222225,0.1111111111111111,31.15,13.666666666666666,3.41,10.23,0.2472208796520058,0.0666666666666666,0,Q3,Mid-Low,2024-05,2025-12,0,0,Mid-Inactive,0,0,0,0.5213675213675213
58,Other,4,2,0,Ads,medium,3,91.57,22.259375,0.09375,22.81,18.0,6.595000000000001,13.19,0.3663888888888889,0.0625,0,Q2,Mid-Low,2024-06,2025-11,0,0,Recent,0,0,1,0.44497863247863245
66,Male,0,9,0,Referral,medium,2,187.78,25.27,0.18,45.120000000000005,14.0,2.72,10.88,0.1942857142857142,0.08,0,Q4,Mid-Low,2023-07,2025-12,0,0,Mid-Recent,1,0,1,0.4246794871794871
58,Female,2,10,0,Organic,low,2,109.98,22.3925,0.175,47.2,12.232,2.7920000000000003,13.96,0.2282537606278613,0.125,1,Q2,High,2025-03,2025-12,0,0,Mid-Recent,0,0,1,0.5347222222222222
20,Female,4,10,1,Referral,low,4,120.0,24.219047619047625,0.1666666666666666,32.14,10.575,2.7525,11.01,0.2551564310544612,0.0952380952380952,1,Q2,Mid-High,2025-05,2025-12,0,0,Mid-Recent,0,0,1,0.4113247863247863
43,Female,1,31,0,Ads,medium,5,104.42,25.697222222222223,0.1111111111111111,19.59,12.62,2.825,5.65,0.223851030110935,0.0555555555555555,0,Q2,Low,2024-04,2025-10,1,1,Inactive,0,0,0,0.4620726495726496
44,Other,0,0,0,Ads,medium,2,55.95,23.37368421052632,0.2105263157894736,22.97,15.0,3.515000000000001,7.030000000000001,0.2343333333333333,0.1052631578947368,1,Q1,Mid-High,2024-02,2025-11,0,0,Recent,0,0,1,0.39636752136752135
45,Other,2,48,0,Partnership,high,4,231.06,24.816666666666663,0.0555555555555555,25.65,12.76,0.3550000000000004,0.7100000000000009,0.0269347496206373,0.037037037037037,0,Q4,Low,2024-03,2025-12,1,1,Inactive,1,1,0,0.37927350427350426
63,Male,0,10,0,Organic,high,8,254.75,26.68983050847458,0.0338983050847457,0.0,0.0,0.0,0.0,0.0,0.0,0,Q4,Low,2023-09,2025-11,0,0,Mid-Recent,1,0,1,0.36591880341880345
47,Other,9,7,1,Organic,medium,7,151.33,23.549122807017543,0.1228070175438596,65.39,10.79,0.3933333333333333,2.36,0.0348339483394833,0.1052631578947368,1,Q3,Mid-High,2024-06,2025-12,0,0,Recent,0,0,1,0.6073717948717948
50,Female,0,27,0,Ads,low,3,55.84,27.33333333333333,0.1428571428571428,18.0,14.38,5.380000000000001,10.760000000000002,0.3741307371349096,0.0952380952380952,1,Q1,Mid-High,2023-11,2025-12,1,0,Mid-Inactive,0,0,0,0.48130341880341876
62,Female,3,5,0,Referral,high,5,133.27,29.453125,0.09375,6.17,12.28,6.109999999999999,6.109999999999999,0.497557003257329,0.03125,0,Q3,Low,2025-10,2025-12,0,0,Recent,0,0,1,0.22275641025641024
35,Female,0,77,1,Organic,medium,1,100.65,23.967857142857145,0.0714285714285714,8.27,12.0,3.73,3.73,0.3108333333333333,0.0357142857142857,0,Q2,Low,2023-10,2025-11,1,1,Inactive,0,0,0,0.27510683760683763
30,Female,1,34,0,Ads,medium,1,108.25,21.53428571428572,0.2571428571428571,85.75,21.156,4.1,20.5,0.1929411764705882,0.1428571428571428,1,Q2,High,2023-01,2025-11,1,1,Inactive,0,0,0,0.31196581196581197
35,Female,3,4,1,Ads,low,2,67.38,28.34,0.12,3.07,4.76,1.69,1.69,0.3550420168067227,0.04,0,Q1,Low,2024-10,2025-12,0,0,Recent,0,0,1,0.3942307692307692
30,Other,1,15,0,Organic,medium,3,94.55,24.78125,0.28125,45.01,12.95,1.82,7.279999999999999,0.1392235609103078,0.125,1,Q2,High,2025-04,2025-12,0,0,Mid-Inactive,0,0,0,0.4310897435897436
51,Male,3,8,0,Organic,medium,5,84.42,26.33,0.0666666666666666,11.44,22.0,10.56,10.56,0.48,0.0333333333333333,0,Q1,Low,2024-08,2025-12,0,0,Mid-Recent,0,0,1,0.42254273504273504
68,Other,1,34,0,Ads,medium,5,137.79,26.297826086956523,0.1956521739130435,116.99,17.458750000000002,3.2937500000000006,26.350000000000005,0.1838286591321334,0.1739130434782608,1,Q3,High,2024-04,2025-12,1,1,Inactive,0,0,0,0.49786324786324787
43,Female,4,42,0,Partnership,medium,6,150.18,23.545454545454547,0.1818181818181818,48.98,13.808000000000002,4.106,20.53,0.2953531865918572,0.1136363636363636,1,Q3,Mid-High,2025-01,2025-12,1,1,Inactive,0,0,0,0.2879273504273504
56,Male,3,32,0,Referral,medium,2,80.93,24.604347826086958,0.1739130434782608,30.56,14.0,3.813333333333333,11.44,0.2723809523809524,0.1304347826086956,1,Q1,High,2024-05,2025-11,1,1,Inactive,0,0,0,0.3787393162393162
18,Male,4,9,0,Organic,low,2,111.28,25.855,0.075,12.64,10.88,4.56,9.12,0.4191176470588235,0.05,0,Q2,Low,2024-01,2025-12,0,0,Mid-Recent,0,0,1,0.41666666666666663
55,Female,3,9,0,Ads,medium,0,71.38,26.00909090909091,0.1363636363636363,16.78,14.38,5.99,11.98,0.4165507649513212,0.0909090909090909,1,Q1,Mid-High,2023-03,2025-11,0,0,Mid-Recent,0,0,1,0.2564102564102564
58,Female,0,11,0,Partnership,low,4,110.84,23.92439024390244,0.0975609756097561,24.61,11.153333333333334,2.9500000000000006,8.850000000000001,0.2644949193066348,0.073170731707317,0,Q2,Mid-Low,2024-11,2025-12,0,0,Mid-Recent,0,0,1,0.39316239316239315
25,Male,0,27,1,Referral,medium,7,121.36,23.720454545454547,0.1818181818181818,44.84,15.9825,4.7725,19.09,0.2986078523384952,0.0909090909090909,1,Q2,Mid-High,2023-05,2025-11,1,0,Mid-Inactive,0,0,0,0.3087606837606838
22,Female,3,18,0,Organic,high,5,228.39,24.801666666666662,0.1166666666666666,73.24000000000001,18.04,3.444,17.22,0.1903603802785761,0.0833333333333333,0,Q4,Mid-Low,2024-07,2025-12,0,0,Mid-Inactive,1,0,0,0.4396367521367522
31,Male,2,13,0,Referral,low,7,51.49,22.02857142857143,0.0476190476190476,15.1,19.0,3.9,3.9,0.2052631578947368,0.0476190476190476,0,Q1,Low,2024-05,2025-10,0,0,Mid-Recent,0,0,1,0.4326923076923077
64,Female,4,62,1,Partnership,medium,0,94.97,22.836666666666662,0.1666666666666666,30.15,10.58,3.0425,12.17,0.287570888468809,0.1333333333333333,1,Q2,High,2025-06,2025-12,1,1,Inactive,0,0,0,0.49893162393162394
57,Other,3,3,0,Organic,medium,2,136.38,24.6075,0.125,53.01,16.0,2.9525,11.81,0.1821968528232027,0.1,1,Q3,Mid-High,2024-07,2025-11,0,0,Recent,0,0,1,0.3194444444444444
53,Other,9,16,0,Ads,high,6,307.9,24.506944444444443,0.1111111111111111,59.27,13.746,2.1020000000000003,10.510000000000002,0.1506162224132989,0.0694444444444444,0,Q4,Mid-Low,2023-10,2025-12,0,0,Mid-Inactive,1,0,0,0.39369658119658124
52,Other,1,78,0,Ads,medium,6,189.87,23.205172413793104,0.0689655172413793,43.97,16.919999999999998,2.3200000000000003,6.960000000000001,0.1366581582564304,0.0517241379310344,0,Q4,Low,2023-05,2025-11,1,1,Inactive,1,1,0,0.5213675213675213
35,Female,0,18,0,Referral,medium,4,100.41,23.53611111111111,0.1666666666666666,55.99,18.9375,4.94,19.76,0.2608580858085808,0.1111111111111111,1,Q2,Mid-High,2023-08,2025-12,0,0,Mid-Inactive,0,0,0,0.41346153846153844
33,Female,1,13,1,Ads,medium,7,133.52,24.28478260869565,0.1304347826086956,62.54,15.76,3.426,17.13,0.2150119241872724,0.108695652173913,1,Q3,Mid-High,2025-08,2025-12,0,0,Mid-Recent,0,0,1,0.36591880341880345
18,Male,4,19,0,Partnership,high,8,249.28,24.9344262295082,0.1967213114754098,135.59,16.637,3.254,32.54,0.1935407125438648,0.1639344262295081,1,Q4,High,2025-07,2025-12,0,0,Mid-Inactive,1,0,0,0.6036324786324787
32,Male,1,68,0,Partnership,medium,8,146.63,23.96122448979592,0.1428571428571428,48.05,15.6275,3.615,14.46,0.2313229883218685,0.0816326530612244,0,Q3,Mid-Low,2025-01,2025-11,1,1,Inactive,0,0,0,0.3023504273504274
65,Female,1,6,0,Referral,medium,4,187.79,24.705,0.2,76.93,11.745714285714286,0.87,6.09,0.0733558178752107,0.1166666666666666,1,Q4,High,2023-10,2025-12,0,0,Recent,1,0,1,0.4465811965811966
45,Other,0,0,1,Organic,low,3,88.17,25.80555555555556,0.1944444444444444,36.9,13.57,4.345,17.38,0.3201915991156964,0.1111111111111111,1,Q1,Mid-High,2024-02,2025-11,0,0,Recent,0,0,1,0.2676282051282051
57,Female,4,8,1,Ads,medium,5,109.48,27.92,0.0571428571428571,11.69,13.24,1.5500000000000007,1.5500000000000007,0.1170694864048338,0.0285714285714285,0,Q2,Low,2025-09,2025-12,0,0,Mid-Recent,0,0,1,0.33279914529914534
56,Other,1,13,0,Ads,high,8,161.57999999999998,23.38780487804878,0.0975609756097561,41.1,19.25333333333333,5.553333333333334,16.66,0.2884349030470914,0.073170731707317,0,Q3,Mid-Low,2024-10,2025-12,0,0,Mid-Recent,0,0,1,0.31677350427350426
38,Female,1,31,1,Organic,medium,4,134.57999999999998,24.692500000000003,0.275,55.11,14.551999999999998,3.53,17.65,0.2425783397471138,0.125,1,Q3,High,2023-12,2025-12,1,1,Inactive,0,0,0,0.5902777777777777
32,Female,1,3,0,Referral,medium,6,73.14,24.68275862068965,0.1034482758620689,7.29,12.28,4.989999999999999,4.989999999999999,0.4063517915309446,0.0344827586206896,0,Q1,Low,2025-08,2025-12,0,0,Recent,0,0,1,0.4182692307692308
46,Other,4,25,0,Partnership,high,5,157.38,25.06341463414634,0.1219512195121951,29.16,12.2425,4.952500000000001,19.81,0.4045333877884419,0.0975609756097561,1,Q3,Mid-High,2025-08,2025-12,1,0,Mid-Inactive,0,0,0,0.27510683760683763
19,Female,0,10,0,Partnership,low,4,66.8,24.6,0.2,44.72,13.26,2.205,8.819999999999999,0.1647366454986925,0.16,1,Q1,High,2025-03,2025-12,0,0,Mid-Recent,0,0,1,0.172008547008547
34,Female,7,42,0,Organic,low,5,142.02,25.09622641509434,0.1132075471698113,25.23,12.485,0.4100000000000001,0.8200000000000003,0.0314779270633397,0.0377358490566037,0,Q3,Low,2025-05,2025-12,1,1,Inactive,0,0,0,0.45833333333333337
28,Male,1,1,0,Ads,low,2,64.64,30.14642857142857,0.0714285714285714,7.54,9.0,1.46,1.46,0.1622222222222222,0.0357142857142857,0,Q1,Low,2023-08,2025-10,0,0,Recent,0,0,1,0.3167735042735043
21,Male,7,5,0,Ads,medium,6,142.6,25.926,0.16,93.9,19.648000000000003,1.138,5.69,0.0571342504267496,0.1,1,Q3,Mid-High,2024-11,2025-12,0,0,Recent,0,0,1,0.43162393162393164
21,Female,5,40,0,Organic,medium,3,110.68,24.61315789473684,0.1842105263157894,43.55,13.024,4.314,21.57,0.3312346437346437,0.131578947368421,1,Q2,High,2025-11,2025-12,1,1,Inactive,0,0,0,0.19284188034188032
27,Female,2,23,1,Ads,medium,13,181.9,28.68955223880597,0.1791044776119403,129.97,15.0,2.2270000000000003,22.270000000000003,0.1462821860220704,0.1492537313432835,1,Q4,High,2025-04,2025-12,1,0,Mid-Inactive,1,1,0,0.4070512820512821
28,Other,1,43,1,Ads,medium,8,132.28,24.428260869565214,0.108695652173913,35.760000000000005,12.06,0.4300000000000001,1.2900000000000005,0.0348178137651821,0.0652173913043478,0,Q3,Mid-Low,2023-11,2025-11,1,1,Inactive,0,0,0,0.46314102564102566
54,Other,1,15,0,Organic,high,3,237.56,23.3875,0.25,68.35,14.368571428571428,4.604285714285714,32.23,0.3204414396500298,0.125,1,Q4,High,2024-07,2025-12,0,0,Mid-Inactive,1,0,0,0.5544871794871795
33,Male,3,20,0,Referral,medium,6,172.97,21.811764705882357,0.2549019607843137,114.27,17.8275,3.98625,31.89,0.2181855500821018,0.1568627450980392,1,Q4,High,2024-12,2025-12,1,0,Mid-Inactive,1,1,0,0.6025641025641025
68,Male,5,11,0,Partnership,medium,10,104.13,23.23414634146341,0.0975609756097561,58.42,16.56,2.3775000000000004,9.510000000000002,0.1399970557927278,0.0975609756097561,1,Q2,Mid-High,2023-11,2025-11,0,0,Mid-Recent,0,0,1,0.42788461538461536
27,Other,0,23,0,Ads,medium,3,80.61,25.063333333333333,0.1333333333333333,21.62,14.14,3.329999999999999,6.659999999999998,0.2355021216407354,0.0666666666666666,0,Q1,Mid-Low,2025-11,2025-12,1,0,Mid-Inactive,0,0,0,0.17254273504273504
67,Female,1,19,0,Referral,medium,3,177.41,26.30943396226415,0.1886792452830188,47.26,9.072857142857142,2.355714285714286,16.490000000000002,0.2586666666666667,0.1320754716981132,1,Q4,High,2024-03,2025-12,0,0,Mid-Inactive,1,0,0,0.5763888888888888
21,Female,0,12,0,Ads,medium,4,140.42,24.52439024390244,0.0975609756097561,9.69,5.59,0.7450000000000001,1.4900000000000002,0.1332737030411449,0.048780487804878,0,Q3,Low,2023-11,2025-11,0,0,Mid-Recent,0,0,1,0.35149572649572647
54,Female,1,2,0,Ads,medium,7,101.29,23.864102564102566,0.1025641025641025,29.53,18.5,3.7350000000000008,7.4700000000000015,0.2018918918918919,0.0512820512820512,0,Q2,Low,2023-09,2025-12,0,0,Recent,0,0,1,0.4887820512820512
63,Male,5,3,0,Referral,high,6,300.25,25.654285714285717,0.1714285714285714,57.29,12.568333333333332,3.233333333333333,19.4,0.2529664884600339,0.0857142857142857,0,Q4,Mid-Low,2025-03,2025-12,0,0,Recent,1,0,1,0.3712606837606838
18,Female,4,16,0,Partnership,medium,5,188.93,25.24230769230769,0.1538461538461538,45.86,13.6325,2.445,9.78,0.1757728253055355,0.0769230769230769,0,Q4,Mid-Low,2025-09,2025-12,0,0,Mid-Inactive,1,0,0,0.39155982905982906
64,Female,5,6,1,Organic,medium,5,103.43,25.408571428571427,0.1428571428571428,61.85,18.75,3.6275,14.510000000000002,0.1900209533787323,0.1142857142857142,1,Q2,Mid-High,2023-02,2025-11,0,0,Recent,0,0,1,0.3883547008547008
44,Male,3,33,0,Ads,medium,3,124.54,22.742857142857144,0.1904761904761904,59.95,15.5,0.8599999999999994,3.4399999999999977,0.0542672345795866,0.0952380952380952,1,Q3,Mid-High,2023-12,2025-10,1,1,Inactive,0,0,0,0.2793803418803419
56,Female,6,36,0,Referral,high,4,163.08,22.11315789473684,0.2368421052631578,56.760000000000005,16.448,5.392,26.96,0.3220258002866699,0.131578947368421,1,Q3,High,2025-01,2025-12,1,1,Inactive,0,0,0,0.2761752136752137
37,Female,3,9,0,Organic,low,5,100.94,21.4125,0.175,30.87,14.253333333333332,3.963333333333333,11.89,0.2780636108512628,0.075,0,Q2,Mid-Low,2024-05,2025-12,0,0,Mid-Recent,0,0,1,0.3472222222222222
31,Female,5,54,1,Partnership,high,5,144.6,26.00243902439024,0.2195121951219512,95.06,17.324285714285715,3.744285714285714,26.21,0.2161292982600808,0.1707317073170731,1,Q3,High,2025-01,2025-12,1,1,Inactive,0,0,0,0.37232905982905984
43,Male,1,6,0,Referral,medium,2,138.96,24.361538461538466,0.1025641025641025,29.9,12.586666666666666,2.620000000000001,7.860000000000001,0.208156779661017,0.0769230769230769,0,Q3,Mid-Low,2023-04,2025-12,0,0,Recent,0,0,1,0.40544871794871795
49,Female,7,22,0,Partnership,medium,6,132.81,27.26666666666667,0.1666666666666666,62.760000000000005,24.33333333333333,3.4133333333333327,10.239999999999998,0.1402739726027397,0.0714285714285714,0,Q3,Mid-Low,2023-01,2025-12,1,0,Mid-Inactive,0,0,0,0.4391025641025641
26,Female,0,0,0,Ads,low,3,111.52,25.15128205128205,0.2564102564102564,97.65,14.67875,2.6675000000000004,21.340000000000003,0.1793428019161274,0.2051282051282051,1,Q2,High,2024-01,2025-12,0,0,Recent,0,0,1,0.391559829059829
36,Female,4,14,0,Organic,high,9,375.11,23.643181818181816,0.125,90.02,15.44,4.195,33.56,0.2715649781518045,0.0909090909090909,1,Q4,Mid-High,2024-01,2025-12,0,0,Mid-Recent,1,0,1,0.6634615384615385
22,Other,7,13,1,Organic,low,4,166.09,25.41551724137931,0.1379310344827586,10.89,5.3133333333333335,1.6833333333333331,5.05,0.3168130489335006,0.0517241379310344,0,Q4,Low,2023-06,2025-12,0,0,Mid-Recent,1,0,1,0.47275641025641024
22,Female,3,23,0,Ads,low,2,78.06,26.37777777777778,0.1111111111111111,14.55,10.64,3.365,6.73,0.3162593984962406,0.074074074074074,0,Q1,Mid-Low,2024-12,2025-12,1,0,Mid-Inactive,0,0,0,0.47916666666666663
18,Male,0,21,1,Organic,medium,5,102.73,24.05454545454545,0.2727272727272727,70.00999999999999,13.565714285714284,3.7,25.9,0.2700448336982588,0.2121212121212121,1,Q2,High,2024-06,2025-12,1,0,Mid-Inactive,0,0,0,0.31036324786324787
31,Other,1,54,1,Referral,medium,1,64.02,22.913636363636364,0.1363636363636363,0.0,0.0,0.0,0.0,0.0,0.0,0,Q1,Low,2023-05,2025-12,1,1,Inactive,0,0,0,0.4577991452991453
57,Female,2,0,0,Organic,medium,4,81.49,27.86875,0.1875,79.07,20.4,4.586,22.93,0.2248039215686274,0.15625,1,Q1,High,2025-01,2025-12,0,0,Recent,0,0,1,0.5144230769230769
51,Other,4,36,0,Partnership,high,5,158.11,26.58974358974359,0.1025641025641025,37.32,16.583333333333332,4.283333333333334,12.85,0.2561291608530995,0.0769230769230769,0,Q3,Mid-Low,2025-04,2025-12,1,1,Inactive,0,0,0,0.516559829059829
20,Other,3,24,1,Ads,medium,10,92.81,28.35641025641026,0.2307692307692307,76.96,25.25,6.3225,25.29,0.2473349633251833,0.1025641025641025,1,Q2,Mid-High,2024-09,2025-10,1,0,Mid-Inactive,0,0,0,0.28739316239316237
64,Other,0,5,1,Ads,low,4,58.98,29.196153846153848,0.1153846153846153,8.56,8.254999999999999,3.975,7.949999999999999,0.4815263476680799,0.0769230769230769,0,Q1,Mid-Low,2023-01,2025-08,0,0,Recent,0,0,1,0.2248931623931624
57,Female,1,4,0,Partnership,high,6,84.44,26.456,0.16,34.05,20.0,3.415,6.83,0.1670743639921722,0.08,0,Q1,Mid-Low,2023-06,2025-11,0,0,Recent,0,0,1,0.4358974358974359
37,Male,4,0,0,Ads,high,5,128.53,25.71315789473684,0.1842105263157894,54.38,15.43,1.835,7.34,0.1189241736876215,0.1052631578947368,1,Q3,Mid-High,2024-12,2025-12,0,0,Recent,0,0,1,0.547008547008547
44,Male,1,20,0,Organic,medium,2,122.77,27.85833333333333,0.25,114.83,18.2275,3.915,31.32,0.2143003763256927,0.2222222222222222,1,Q3,High,2024-02,2025-12,1,0,Mid-Inactive,0,0,0,0.35096153846153844
28,Male,3,31,0,Partnership,high,3,82.2,25.51363636363636,0.1363636363636363,13.54,13.24,0.0,0.0,0.0,0.0454545454545454,0,Q1,Low,2025-06,2025-12,1,1,Inactive,0,0,0,0.27724358974358976
28,Other,0,2,0,Referral,low,5,69.58,28.582758620689653,0.1379310344827586,25.47,19.0,6.265000000000001,12.53,0.3297368421052631,0.0689655172413793,0,Q1,Mid-Low,2024-10,2025-12,0,0,Recent,0,0,1,0.4460470085470085
39,Other,2,31,0,Partnership,low,3,142.71,24.217647058823527,0.1176470588235294,49.66,17.689999999999998,5.342499999999999,21.37,0.300858792059693,0.0784313725490196,0,Q3,Mid-Low,2024-12,2025-12,1,1,Inactive,0,0,0,0.5053418803418803
53,Other,3,30,0,Organic,medium,2,77.6,23.532,0.12,34.730000000000004,19.62,2.91,5.82,0.1435265104808878,0.08,0,Q1,Mid-Low,2024-05,2025-11,1,1,Inactive,0,0,0,0.3525641025641026
51,Other,5,4,0,Ads,medium,9,107.29,25.98536585365854,0.073170731707317,19.27,9.473333333333334,3.1366666666666667,9.41,0.3281032078103207,0.073170731707317,0,Q2,Mid-Low,2023-12,2025-12,0,0,Recent,0,0,1,0.27510683760683763
48,Female,3,29,1,Organic,low,7,98.16,26.821052631578947,0.0789473684210526,12.59,12.0,0.0,0.0,0.0,0.0263157894736842,0,Q2,Low,2024-07,2025-12,1,0,Inactive,0,0,0,0.5192307692307692
21,Other,1,39,0,Organic,low,7,118.41,25.55434782608696,0.1521739130434782,67.12,11.778333333333334,0.94,5.640000000000001,0.0775151181968114,0.1304347826086956,1,Q2,High,2024-07,2025-12,1,1,Inactive,0,0,0,0.6089743589743589
32,Male,4,6,0,Partnership,medium,7,138.64,25.30638297872341,0.1276595744680851,58.9,13.084,1.492,7.46,0.1124171187462326,0.1063829787234042,1,Q3,Mid-High,2023-01,2025-12,0,0,Recent,0,0,1,0.5854700854700854
50,Female,3,8,0,Partnership,medium,3,110.67,24.345945945945942,0.1351351351351351,16.37,12.62,4.4350000000000005,8.870000000000001,0.3514263074484944,0.054054054054054,0,Q2,Low,2024-12,2025-11,0,0,Mid-Recent,0,0,1,0.2857905982905983
37,Male,4,17,0,Ads,medium,3,128.75,22.53428571428572,0.3428571428571428,34.89,10.97,2.325,9.3,0.2104548540393754,0.1142857142857142,1,Q3,Mid-High,2025-06,2025-12,0,0,Mid-Inactive,0,0,0,0.40224358974358976
67,Female,6,1,0,Partnership,high,8,217.38,23.963157894736845,0.2456140350877192,67.15,11.75,2.301428571428571,16.11,0.1934902714388661,0.1228070175438596,1,Q4,High,2023-09,2025-11,0,0,Recent,1,0,1,0.5101495726495726
44,Female,5,52,1,Organic,medium,6,135.05,25.29767441860465,0.2325581395348837,72.96,12.897142857142857,2.622857142857143,18.360000000000003,0.2010512483574245,0.1627906976744186,1,Q3,High,2024-02,2025-12,1,1,Inactive,0,0,0,0.485042735042735
33,Female,5,8,0,Partnership,medium,11,149.98,24.34042553191489,0.1489361702127659,48.95,11.96,2.176,10.88,0.1818485709510279,0.1063829787234042,1,Q3,Mid-High,2024-06,2025-12,0,0,Mid-Recent,0,0,1,0.4674145299145299
33,Female,4,4,0,Ads,low,4,116.73,25.12142857142857,0.2142857142857142,72.61,15.834285714285716,5.498571428571429,38.49,0.3464446444644465,0.1666666666666666,1,Q2,High,2025-08,2025-12,0,0,Recent,0,0,1,0.3210470085470085
38,Other,6,30,0,Referral,medium,1,120.66,24.394594594594597,0.1891891891891892,65.23,14.88,4.05,24.3,0.2714174019881603,0.1621621621621621,1,Q2,High,2025-01,2025-12,1,1,Inactive,0,0,0,0.3482905982905983
68,Other,2,4,0,Ads,high,4,123.4,21.161290322580644,0.064516129032258,0.0,0.0,0.0,0.0,0.0,0.0,0,Q3,Low,2024-11,2025-12,0,0,Recent,0,0,1,0.5448717948717948
68,Other,1,10,0,Referral,high,5,242.05,25.76206896551724,0.2068965517241379,92.27,14.37625,2.8425,22.74,0.1977219372228502,0.1379310344827586,1,Q4,High,2023-06,2025-12,0,0,Mid-Recent,1,0,1,0.3338675213675214
20,Male,1,1,0,Organic,medium,4,144.62,26.44285714285714,0.1428571428571428,30.380000000000003,12.68,2.649999999999999,7.949999999999997,0.2074093399426036,0.0714285714285714,0,Q3,Mid-Low,2024-12,2025-12,0,0,Recent,0,0,1,0.4738247863247863
23,Male,1,8,0,Organic,medium,4,110.83,23.07619047619048,0.1666666666666666,20.77,11.0,0.6149999999999998,1.2299999999999995,0.0559090909090908,0.0476190476190476,0,Q2,Low,2023-05,2025-11,0,0,Mid-Recent,0,0,1,0.2585470085470085
55,Male,3,20,0,Referral,high,6,181.13,26.832653061224487,0.1632653061224489,43.09,16.426666666666666,2.513333333333333,7.539999999999999,0.1489235631048785,0.0612244897959183,0,Q4,Mid-Low,2025-07,2025-12,1,0,Mid-Inactive,1,1,0,0.3926282051282052
49,Male,2,9,0,Organic,low,7,122.31,25.318181818181817,0.1590909090909091,69.99,14.473333333333334,2.9883333333333333,17.93,0.2039353958143767,0.1363636363636363,1,Q3,High,2025-10,2025-12,0,0,Mid-Recent,0,0,1,0.27403846153846156
26,Male,1,10,0,Organic,medium,9,124.48,25.41590909090909,0.2272727272727272,49.08,12.028,2.554,12.77,0.2064672594987874,0.1136363636363636,1,Q3,Mid-High,2023-11,2025-12,0,0,Mid-Recent,0,0,1,0.5101495726495726
24,Female,4,50,0,Organic,medium,5,83.8,25.11290322580645,0.2580645161290322,50.21,11.458333333333334,3.09,18.54,0.2696727272727273,0.1935483870967742,1,Q1,High,2024-09,2025-12,1,1,Inactive,0,0,0,0.39209401709401703
60,Male,6,35,1,Partnership,medium,9,177.82,24.64032258064516,0.1612903225806451,73.14,15.54,3.6183333333333336,21.71,0.2288877174486031,0.0967741935483871,1,Q4,Mid-High,2023-07,2025-11,1,1,Inactive,1,1,0,0.531517094017094
36,Other,0,4,1,Partnership,medium,4,33.37,22.8,0.0,0.0,0.0,0.0,0.0,0.0,0.0,0,Q1,Low,2023-11,2025-12,0,0,Recent,0,0,1,0.5042735042735043
31,Male,2,66,0,Ads,medium,6,93.11,25.666666666666668,0.1212121212121212,27.45,17.12,3.3950000000000005,6.790000000000001,0.1983060747663551,0.0606060606060606,0,Q2,Mid-Low,2024-08,2025-12,1,1,Inactive,0,0,0,0.21314102564102563
21,Other,4,1,0,Ads,high,7,160.58,28.388372093023257,0.1627906976744186,46.48,12.404,3.108,15.54,0.2505643340857788,0.1162790697674418,1,Q3,Mid-High,2024-07,2025-11,0,0,Recent,0,0,1,0.3044871794871795
27,Other,8,38,0,Organic,medium,5,242.04,24.04383561643836,0.1643835616438356,57.43,13.438333333333333,3.8666666666666663,23.2,0.2877340940096738,0.0821917808219178,0,Q4,Mid-Low,2023-01,2025-12,1,1,Inactive,1,1,0,0.6896367521367521
55,Male,3,19,0,Partnership,medium,12,182.71,24.567123287671237,0.136986301369863,82.46,13.90857142857143,2.345714285714286,16.42,0.1660598705501618,0.0958904109589041,1,Q4,Mid-High,2025-10,2025-12,0,0,Mid-Inactive,1,0,0,0.38408119658119666
64,Other,0,2,1,Ads,medium,2,76.27,20.875,0.25,7.79,11.75,3.96,3.96,0.3370212765957446,0.0357142857142857,0,Q1,Low,2023-01,2025-11,0,0,Recent,0,0,1,0.48344017094017094
41,Male,1,17,0,Ads,high,4,259.25,23.51935483870968,0.1290322580645161,39.35,12.235,2.4250000000000003,9.7,0.1977573904179409,0.064516129032258,0,Q4,Mid-Low,2023-08,2025-12,0,0,Mid-Inactive,1,0,0,0.4342948717948718
20,Female,1,4,0,Ads,high,2,39.12,24.24,0.3,34.099999999999994,24.0,6.950000000000001,13.900000000000002,0.2895833333333333,0.2,1,Q1,High,2023-12,2025-07,0,0,Recent,0,0,1,0.219017094017094
68,Other,1,4,0,Partnership,low,2,75.53,20.32857142857143,0.25,57.51,15.648,4.146000000000001,20.730000000000004,0.2649539877300613,0.1785714285714285,1,Q1,High,2023-08,2025-11,0,0,Recent,0,0,1,0.3653846153846154
60,Female,1,23,0,Referral,low,3,90.38,22.038235294117644,0.1470588235294117,25.26,13.62,1.54,3.08,0.1086803105151729,0.0588235294117647,0,Q2,Mid-Low,2025-07,2025-12,1,0,Mid-Inactive,0,0,0,0.41880341880341876
23,Female,4,18,0,Ads,low,5,75.68,29.53333333333333,0.1,29.38,12.746666666666668,2.9533333333333336,8.860000000000001,0.2316945606694561,0.1,1,Q1,Mid-High,2025-07,2025-12,0,0,Mid-Inactive,0,0,0,0.5197649572649572
50,Other,2,7,1,Organic,medium,4,110.92,24.47142857142857,0.1714285714285714,35.85,12.666666666666666,1.0433333333333337,3.130000000000001,0.0802975885069266,0.0857142857142857,0,Q2,Mid-Low,2024-05,2025-11,0,0,Recent,0,0,1,0.43696581196581197
44,Male,1,11,0,Organic,medium,7,154.93,24.927659574468084,0.1914893617021276,90.51,17.647142857142857,5.001428571428571,35.01,0.2789196940726577,0.1489361702127659,1,Q3,High,2023-06,2025-12,0,0,Mid-Recent,0,0,1,0.5229700854700854
39,Male,1,5,0,Partnership,medium,6,87.15,28.241935483870968,0.1612903225806451,66.78,17.1875,0.7724999999999995,3.089999999999998,0.0442249892657792,0.1290322580645161,1,Q1,High,2023-08,2025-09,0,0,Recent,0,0,1,0.3087606837606837
39,Other,1,70,0,Partnership,medium,1,90.62,23.52,0.16,53.56,16.57,3.3375,13.35,0.1995217456284561,0.16,1,Q2,High,2025-11,2025-12,1,1,Inactive,0,0,0,0.1372863247863248
47,Other,4,33,0,Partnership,high,7,218.55,24.096153846153847,0.1538461538461538,59.69,12.305,2.7,16.2,0.2134668599288443,0.1153846153846153,1,Q4,Mid-High,2023-08,2025-11,1,1,Inactive,1,1,0,0.5512820512820513
19,Female,8,47,0,Partnership,medium,11,188.53,22.940625,0.046875,22.01,12.015,1.0199999999999996,2.039999999999999,0.0848232848232847,0.03125,0,Q4,Low,2025-05,2025-12,1,1,Inactive,1,1,0,0.5470085470085471
54,Male,8,12,0,Ads,medium,7,113.74,25.216666666666665,0.1666666666666666,26.39,13.093333333333334,4.296666666666667,12.89,0.3281568228105906,0.0714285714285714,0,Q2,Mid-Low,2023-05,2025-11,0,0,Mid-Recent,0,0,1,0.3141025641025641
59,Male,3,35,0,Organic,medium,2,72.81,24.89583333333333,0.125,14.5,8.254999999999999,1.0050000000000003,2.0100000000000007,0.1217443973349485,0.0833333333333333,0,Q1,Mid-Low,2024-07,2025-12,1,1,Inactive,0,0,0,0.20245726495726496
51,Male,1,1,0,Ads,high,6,262.27,24.95689655172414,0.1551724137931034,50.76,11.6,1.484,7.42,0.1275352354761086,0.0862068965517241,0,Q4,Mid-Low,2024-05,2025-11,0,0,Recent,1,0,1,0.43803418803418803
18,Female,1,84,0,Referral,low,1,115.1,21.8725,0.15,46.85,11.448,2.1899999999999995,10.949999999999998,0.1894463667820068,0.125,1,Q2,High,2024-11,2025-12,1,1,Inactive,0,0,0,0.49305555555555547
44,Male,5,45,0,Referral,medium,10,146.81,24.243396226415097,0.1132075471698113,34.21,11.56,3.0074999999999994,12.029999999999998,0.2601643598615917,0.0754716981132075,0,Q3,Mid-Low,2023-10,2025-12,1,1,Inactive,0,0,0,0.4930555555555556
52,Other,0,41,0,Referral,medium,4,144.61,26.788095238095234,0.1666666666666666,98.07,18.29,4.578571428571429,32.050000000000004,0.2463110974485091,0.1666666666666666,1,Q3,High,2025-02,2025-12,1,1,Inactive,0,0,0,0.27243589743589747
64,Female,4,36,1,Ads,medium,9,96.23,28.086842105263155,0.131578947368421,41.93,14.853333333333332,1.59,4.77,0.1021413276231263,0.0789473684210526,0,Q2,Mid-Low,2025-07,2025-12,1,1,Inactive,0,0,0,0.3317307692307692
23,Female,6,2,0,Partnership,low,1,120.28,21.98837209302325,0.1162790697674418,44.59,14.04,2.8925000000000005,11.570000000000002,0.2060185185185185,0.0930232558139534,1,Q2,Mid-High,2024-11,2025-12,0,0,Recent,0,0,1,0.34615384615384615
65,Other,2,20,0,Ads,medium,5,155.12,23.32127659574468,0.1063829787234042,20.12,12.28,2.22,4.44,0.1807817589576547,0.0425531914893617,0,Q3,Low,2024-06,2025-12,1,0,Mid-Inactive,0,0,0,0.5715811965811965
44,Male,3,61,0,Ads,medium,3,116.07,25.989473684210527,0.2105263157894736,75.3,12.851666666666668,0.6766666666666664,4.059999999999999,0.0511592741935483,0.1578947368421052,1,Q2,High,2023-03,2025-11,1,1,Inactive,0,0,0,0.40117521367521364
66,Female,4,16,0,Referral,high,4,242.69,24.32950819672131,0.1967213114754098,59.97,12.391666666666666,2.478333333333333,14.87,0.1986905398182789,0.0983606557377049,1,Q4,Mid-High,2025-05,2025-12,0,0,Mid-Inactive,1,0,0,0.6452991452991452
18,Male,6,9,0,Organic,high,8,308.95,25.228947368421053,0.1578947368421052,97.99,15.26,3.15375,25.23,0.2047557214737867,0.1052631578947368,1,Q4,Mid-High,2024-08,2025-12,0,0,Mid-Recent,1,0,1,0.7024572649572649
39,Male,3,1,0,Referral,low,3,88.19,24.22285714285714,0.2285714285714285,37.04,12.795,3.535,14.14,0.2762797967956232,0.1142857142857142,1,Q1,Mid-High,2023-05,2025-11,0,0,Recent,0,0,1,0.30502136752136755
35,Male,0,31,0,Referral,medium,5,124.82,23.38571428571429,0.0952380952380952,15.51,29.0,13.49,13.49,0.4651724137931035,0.0238095238095238,0,Q3,Low,2025-06,2025-12,1,1,Inactive,0,0,0,0.3766025641025641
30,Other,2,5,0,Referral,low,3,51.49,29.791666666666668,0.1666666666666666,22.96,22.0,0.0,0.0,0.0,0.0416666666666666,0,Q1,Low,2024-09,2025-12,0,0,Recent,0,0,1,0.4107905982905983
27,Female,5,7,0,Ads,medium,9,189.24,24.28095238095238,0.1269841269841269,29.53,12.28,2.436666666666666,7.309999999999999,0.1984256243213897,0.0476190476190476,0,Q4,Low,2025-10,2025-12,0,0,Recent,1,0,1,0.3135683760683761
19,Female,7,49,1,Partnership,medium,11,94.66,24.135897435897437,0.0769230769230769,5.32,9.0,3.68,3.68,0.4088888888888888,0.0256410256410256,0,Q2,Low,2024-01,2025-12,1,1,Inactive,0,0,0,0.3012820512820513
31,Male,0,5,0,Partnership,low,1,106.41,25.540625,0.15625,40.0,20.5,1.0,2.0,0.0476190476190476,0.0625,0,Q2,Mid-Low,2025-07,2025-12,0,0,Recent,0,0,1,0.4658119658119658
60,Female,5,5,1,Partnership,medium,6,175.82999999999998,24.03148148148148,0.0925925925925925,31.16,18.0,2.8100000000000005,5.620000000000001,0.1528004350190321,0.037037037037037,0,Q4,Low,2023-03,2025-12,0,0,Recent,1,0,1,0.5876068376068376
30,Male,6,27,0,Partnership,medium,5,98.4,24.94117647058824,0.2647058823529412,70.88,12.541666666666666,1.0750000000000002,6.450000000000001,0.0834087676192939,0.1764705882352941,1,Q2,High,2024-06,2025-11,1,0,Mid-Inactive,0,0,0,0.5229700854700854
40,Male,1,28,0,Organic,medium,6,105.62,28.49761904761905,0.1428571428571428,35.45,13.08,1.6833333333333336,5.050000000000001,0.1246913580246913,0.0714285714285714,0,Q2,Mid-Low,2023-11,2025-12,1,0,Inactive,0,0,0,0.4738247863247863
38,Female,10,0,0,Ads,high,8,279.31,25.66515151515152,0.1666666666666666,107.34,15.82111111111111,3.894444444444445,35.050000000000004,0.2461549266100147,0.1363636363636363,1,Q4,High,2024-04,2025-12,0,0,Recent,1,0,1,0.6111111111111112
53,Male,5,16,0,Partnership,medium,3,98.43,21.88,0.3,76.0,14.26,4.76,38.08,0.3338008415147265,0.2666666666666666,1,Q2,High,2025-09,2025-12,0,0,Mid-Inactive,0,0,0,0.39476495726495725
64,Female,5,44,0,Referral,medium,5,101.68,26.902631578947368,0.1842105263157894,13.29,9.0,2.355,4.71,0.2616666666666666,0.0526315789473684,0,Q2,Low,2024-12,2025-12,1,1,Inactive,0,0,0,0.5817307692307692
52,Female,7,0,0,Referral,medium,5,112.27,25.675,0.2,47.92,16.81,4.83,19.32,0.2873289708506841,0.1,1,Q2,Mid-High,2024-05,2025-12,0,0,Recent,0,0,1,0.2708333333333333
60,Male,3,22,0,Partnership,medium,6,93.85,23.424324324324324,0.1621621621621621,58.42,15.944,4.426,22.13,0.2747361887026691,0.1351351351351351,1,Q2,High,2025-04,2025-12,1,0,Mid-Inactive,0,0,0,0.5288461538461539
44,Male,6,22,0,Referral,medium,7,99.28,22.14864864864865,0.081081081081081,25.38,15.243333333333334,6.783333333333334,20.35,0.4450032801224579,0.081081081081081,0,Q2,Mid-Low,2023-02,2025-10,1,0,Mid-Inactive,0,0,0,0.43856837606837606
44,Male,5,44,1,Organic,medium,8,134.33,24.25869565217392,0.1956521739130435,85.31,18.34,1.6740000000000002,8.370000000000001,0.0893467122117848,0.108695652173913,1,Q3,Mid-High,2024-07,2025-12,1,1,Inactive,0,0,0,0.36591880341880345
26,Other,4,0,0,Organic,high,8,215.97,25.050943396226412,0.1132075471698113,30.58,12.333333333333334,2.14,6.42,0.1735135135135135,0.0566037735849056,0,Q4,Low,2024-03,2025-12,0,0,Recent,1,0,1,0.4444444444444444
67,Female,1,9,0,Referral,medium,2,116.7,24.50294117647059,0.088235294117647,35.85,13.306666666666668,1.7766666666666662,5.329999999999998,0.1294317629917435,0.088235294117647,1,Q2,Mid-High,2023-09,2025-12,0,0,Mid-Recent,0,0,1,0.41185897435897434
55,Male,0,24,0,Referral,medium,5,112.8,26.947222222222223,0.2222222222222222,68.65,12.908333333333331,1.4666666666666666,8.799999999999999,0.1136216914138153,0.1666666666666666,1,Q2,High,2024-09,2025-12,1,0,Mid-Inactive,0,0,0,0.5106837606837606
66,Other,3,22,1,Organic,medium,5,128.93,23.544186046511623,0.1860465116279069,41.39,19.0,5.203333333333334,15.61,0.273859649122807,0.0697674418604651,0,Q3,Mid-Low,2023-03,2025-12,1,0,Mid-Inactive,0,0,0,0.40865384615384615
66,Male,2,22,0,Partnership,low,4,109.06,25.67441860465116,0.1162790697674418,0.0,0.0,0.0,0.0,0.0,0.0,0,Q2,Low,2024-10,2025-11,1,0,Mid-Inactive,0,0,0,0.5058760683760684
35,Other,7,11,0,Ads,medium,6,111.06,24.69047619047619,0.0952380952380952,58.3,17.13,2.7375,10.95,0.1581227436823104,0.0952380952380952,1,Q2,Mid-High,2023-11,2025-12,0,0,Mid-Recent,0,0,1,0.4807692307692307
18,Male,0,19,0,Referral,medium,4,109.88,27.975,0.1666666666666666,53.4,16.259999999999998,2.91,11.64,0.1789667896678967,0.1111111111111111,1,Q2,Mid-High,2024-11,2025-12,0,0,Mid-Inactive,0,0,0,0.406517094017094
52,Male,3,7,1,Ads,low,5,80.47,21.041935483870965,0.1612903225806451,55.66,17.536,6.404000000000001,32.02,0.365191605839416,0.1612903225806451,1,Q1,High,2023-06,2025-10,0,0,Recent,0,0,1,0.46848290598290593
28,Male,3,20,0,Referral,medium,6,162.16,25.115384615384617,0.1923076923076923,68.19,14.554000000000002,1.1900000000000002,5.950000000000001,0.0802535743188562,0.0961538461538461,1,Q3,Mid-High,2023-07,2025-11,1,0,Mid-Inactive,0,0,0,0.5651709401709402
28,Other,3,43,0,Partnership,medium,5,148.93,26.1,0.1,11.2,12.28,1.08,1.08,0.0879478827361563,0.02,0,Q3,Low,2025-07,2025-12,1,1,Inactive,0,0,0,0.6191239316239316
35,Other,7,21,0,Partnership,medium,1,124.59,20.88421052631579,0.1052631578947368,62.82000000000001,23.666666666666668,2.726666666666665,8.179999999999996,0.1152112676056337,0.0789473684210526,0,Q3,Mid-Low,2023-01,2025-12,1,0,Mid-Inactive,0,0,0,0.5331196581196581
31,Other,2,26,0,Ads,low,0,77.35,28.1,0.1379310344827586,11.87,8.52,2.585,5.17,0.3034037558685446,0.0689655172413793,0,Q1,Mid-Low,2024-09,2025-12,1,0,Mid-Inactive,0,0,0,0.390491452991453
43,Other,2,76,0,Organic,medium,3,132.3,24.57435897435897,0.1538461538461538,42.08,15.9375,5.4175,21.67,0.339921568627451,0.1025641025641025,1,Q3,Mid-High,2023-08,2025-12,1,1,Inactive,0,0,0,0.25267094017094016
25,Other,0,2,1,Organic,medium,4,80.44,22.90740740740741,0.2222222222222222,72.04,18.0,3.592,17.96,0.1995555555555555,0.1851851851851851,1,Q1,High,2023-04,2025-12,0,0,Recent,0,0,1,0.2569444444444444
43,Other,1,1,0,Organic,high,4,162.24,26.941666666666663,0.0833333333333333,26.86,12.426666666666668,3.4733333333333327,10.419999999999998,0.2795064377682403,0.0833333333333333,0,Q3,Mid-Low,2023-01,2025-11,0,0,Recent,0,0,1,0.4898504273504273
59,Other,1,32,0,Ads,medium,3,130.77,23.41351351351351,0.1081081081081081,15.75,7.813333333333333,2.563333333333333,7.689999999999999,0.3280716723549488,0.081081081081081,0,Q3,Mid-Low,2024-01,2025-12,1,1,Inactive,0,0,0,0.26495726495726496
32,Male,2,52,0,Referral,high,8,159.35,26.88205128205129,0.1025641025641025,58.19,19.23,5.130000000000001,20.520000000000003,0.260703849574387,0.1025641025641025,1,Q3,Mid-High,2023-07,2025-10,1,1,Inactive,0,0,0,0.391559829059829
35,Male,0,12,0,Ads,medium,4,166.03,27.120833333333334,0.1666666666666666,49.22,18.130000000000003,5.825,23.3,0.3212906784335356,0.0833333333333333,0,Q3,Mid-Low,2025-08,2025-12,0,0,Mid-Recent,0,0,1,0.5758547008547008
44,Male,1,17,0,Ads,high,5,109.63,20.82413793103448,0.2413793103448276,4.92,3.335,0.8750000000000001,1.7500000000000002,0.2623688155922039,0.0689655172413793,0,Q2,Mid-Low,2024-05,2025-12,0,0,Mid-Inactive,0,0,0,0.22382478632478633
64,Other,0,17,0,Organic,medium,3,129.66,22.38048780487805,0.0975609756097561,44.05,16.563333333333333,2.373333333333333,7.12,0.1391440297049052,0.073170731707317,0,Q3,Mid-Low,2023-11,2025-11,0,0,Mid-Inactive,0,0,0,0.4487179487179487
60,Other,1,18,0,Partnership,low,2,115.16,23.184615384615388,0.0769230769230769,31.37,17.12,1.9049999999999996,3.809999999999999,0.1083001705514496,0.0512820512820512,0,Q2,Low,2023-10,2025-11,0,0,Mid-Inactive,0,0,0,0.31517094017094016
31,Female,2,11,1,Ads,medium,1,120.16,23.409375,0.125,21.200000000000003,11.875,1.2749999999999997,2.549999999999999,0.1073684210526315,0.0625,0,Q2,Mid-Low,2024-11,2025-12,0,0,Mid-Recent,0,0,1,0.2297008547008547
35,Female,6,0,0,Organic,low,3,139.05,24.097727272727276,0.0909090909090909,38.12,11.77,2.2725,9.09,0.1925439525524253,0.0909090909090909,1,Q3,Mid-High,2024-04,2025-12,0,0,Recent,0,0,1,0.530982905982906
28,Male,0,28,0,Partnership,low,2,88.79,22.844827586206897,0.1379310344827586,61.54,19.746666666666663,0.0,0.0,0.0,0.1034482758620689,1,Q1,Mid-High,2024-11,2025-12,1,0,Inactive,0,0,0,0.3488247863247863
25,Female,4,31,0,Organic,low,2,92.93,26.005714285714287,0.2,59.61,14.656,2.7339999999999995,13.669999999999998,0.1865447598253274,0.1428571428571428,1,Q2,High,2025-09,2025-12,1,1,Inactive,0,0,0,0.27029914529914534
67,Male,5,3,0,Referral,low,2,102.83,24.450000000000003,0.1666666666666666,12.0,7.885,1.885,3.770000000000001,0.2390615091946734,0.0555555555555555,0,Q2,Low,2025-01,2025-12,0,0,Recent,0,0,1,0.33012820512820507
59,Male,4,2,0,Ads,medium,4,118.69,24.08,0.15,32.58,8.75,0.7875,3.15,0.08816120906801,0.1,1,Q2,Mid-High,2023-04,2025-11,0,0,Recent,0,0,1,0.38888888888888884
35,Male,2,25,0,Ads,low,2,56.31,26.47826086956522,0.1304347826086956,3.8,3.49,0.0,0.0,0.0,0.0434782608695652,0,Q1,Low,2024-08,2025-11,1,0,Mid-Inactive,0,0,0,0.4412393162393162
67,Male,3,40,0,Partnership,high,6,192.95,26.160416666666663,0.125,19.81,16.875,6.97,13.94,0.413037037037037,0.0416666666666666,0,Q4,Low,2024-12,2025-12,1,1,Inactive,1,1,0,0.4091880341880342
59,Male,1,13,0,Organic,medium,7,75.15,26.982142857142858,0.0357142857142857,12.41,12.28,0.0,0.0,0.0,0.0357142857142857,0,Q1,Low,2024-08,2025-12,0,0,Mid-Recent,0,0,1,0.35844017094017094
62,Male,1,4,0,Organic,medium,6,192.46,26.446666666666665,0.1166666666666666,38.54,19.5,1.27,2.54,0.0618305744888023,0.0333333333333333,0,Q4,Low,2023-11,2025-11,0,0,Recent,1,0,1,0.3424145299145299
54,Male,0,18,1,Organic,high,4,190.95,26.28125,0.1041666666666666,26.21,21.12,8.015,16.03,0.3794981060606061,0.0416666666666666,0,Q4,Low,2025-07,2025-12,0,0,Mid-Inactive,1,0,0,0.2841880341880342
57,Other,8,15,0,Partnership,medium,4,137.99,22.66744186046512,0.1162790697674418,42.13,12.9425,2.41,9.64,0.1862082287038826,0.0930232558139534,1,Q3,Mid-High,2025-06,2025-12,0,0,Mid-Inactive,0,0,0,0.3044871794871795
38,Other,5,38,1,Organic,high,6,236.63,24.96,0.1636363636363636,62.66,12.004285714285714,3.067142857142857,21.47,0.2552002852727921,0.1272727272727272,1,Q4,High,2024-11,2025-12,1,1,Inactive,1,1,0,0.5918803418803419
29,Male,4,40,1,Partnership,medium,4,156.37,28.38181818181818,0.1363636363636363,23.24,16.12,4.5,9.0,0.2791563275434243,0.0454545454545454,0,Q3,Low,2025-08,2025-12,1,1,Inactive,0,0,0,0.4268162393162393
55,Male,1,57,0,Organic,medium,4,78.07,27.120689655172413,0.1379310344827586,23.59,8.1325,2.2350000000000003,8.940000000000001,0.2748232400860744,0.1379310344827586,1,Q1,High,2025-01,2025-12,1,1,Inactive,0,0,0,0.4807692307692308
57,Male,2,24,0,Organic,low,5,116.75,23.906976744186046,0.0465116279069767,10.51,19.0,8.49,8.49,0.4468421052631579,0.0232558139534883,0,Q2,Low,2023-10,2025-11,1,0,Mid-Inactive,0,0,0,0.5961538461538461
48,Male,6,50,0,Partnership,medium,7,128.18,25.7,0.2,50.34,15.32,2.9325,11.73,0.1889801836636055,0.0888888888888888,1,Q3,Mid-High,2024-12,2025-12,1,1,Inactive,0,0,0,0.5908119658119658
19,Other,2,27,0,Referral,medium,9,83.09,25.0375,0.1875,56.88,17.07,2.8499999999999988,11.399999999999997,0.1669595782073813,0.125,1,Q1,High,2023-11,2025-12,1,0,Mid-Inactive,0,0,0,0.4033119658119658
20,Male,4,0,1,Partnership,low,4,102.51,25.28108108108108,0.1081081081081081,51.16,17.080000000000002,0.4866666666666669,1.4600000000000009,0.0277461041429114,0.081081081081081,0,Q2,Mid-Low,2025-04,2025-12,0,0,Recent,0,0,1,0.3482905982905983
46,Other,1,26,1,Ads,medium,5,75.87,27.44074074074074,0.2962962962962963,61.06,12.464999999999998,2.2883333333333327,13.729999999999997,0.1835806926059633,0.2222222222222222,1,Q1,High,2024-03,2025-12,1,0,Mid-Inactive,0,0,0,0.38888888888888884
24,Male,1,26,0,Referral,medium,5,101.05,24.767567567567568,0.1351351351351351,31.84,11.623333333333331,1.1266666666666665,3.379999999999999,0.0959681998864281,0.081081081081081,0,Q2,Mid-Low,2023-06,2025-11,1,0,Mid-Inactive,0,0,0,0.34134615384615385
59,Other,2,4,0,Ads,medium,4,114.04,26.756410256410252,0.1794871794871795,39.48,11.82,3.924,19.62,0.331979695431472,0.1282051282051282,1,Q2,High,2025-01,2025-12,0,0,Recent,0,0,1,0.24572649572649571
57,Male,2,7,0,Organic,medium,5,149.5,24.25,0.175,47.45,16.333333333333332,0.6999999999999998,2.1,0.0423814328960645,0.075,0,Q3,Mid-Low,2023-02,2025-12,0,0,Recent,0,0,1,0.3055555555555556
62,Female,0,9,0,Referral,low,9,136.4,26.53684210526316,0.1403508771929824,48.94,16.939999999999998,4.705,18.82,0.2777449822904368,0.0701754385964912,0,Q3,Mid-Low,2024-02,2025-11,0,0,Mid-Recent,0,0,1,0.6490384615384616
39,Male,2,27,1,Ads,low,2,85.12,24.353571428571428,0.2142857142857142,8.6,5.04,0.74,1.48,0.1468253968253968,0.0714285714285714,0,Q1,Mid-Low,2024-10,2025-12,1,0,Mid-Inactive,0,0,0,0.27510683760683763
62,Female,0,29,1,Partnership,low,8,132.03,26.601960784313725,0.1764705882352941,117.6,17.28,2.71375,21.71,0.1558394946522145,0.1568627450980392,1,Q3,High,2023-05,2025-10,1,0,Inactive,0,0,0,0.4011752136752137
58,Other,1,20,0,Organic,high,8,193.4,25.969565217391303,0.1956521739130435,77.66,16.79,1.616,8.08,0.0942383951481222,0.108695652173913,1,Q4,Mid-High,2024-10,2025-11,1,0,Mid-Inactive,1,1,0,0.49091880341880345
32,Other,2,25,1,Ads,medium,3,118.13,25.35151515151515,0.1515151515151515,62.75,20.82,5.244999999999999,20.98,0.2505672996536486,0.1212121212121212,1,Q2,High,2023-09,2025-11,1,0,Mid-Inactive,0,0,0,0.3520299145299145
26,Female,2,69,0,Referral,medium,2,81.07,24.817857142857143,0.0714285714285714,1.95,3.18,1.2300000000000002,1.2300000000000002,0.3867924528301887,0.0357142857142857,0,Q1,Low,2023-12,2025-11,1,1,Inactive,0,0,0,0.40010683760683763
26,Male,2,5,0,Ads,medium,5,113.45,23.605128205128207,0.2564102564102564,14.29,12.88,5.734999999999999,11.47,0.4452639751552795,0.0512820512820512,0,Q2,Low,2025-02,2025-12,0,0,Recent,0,0,1,0.579059829059829
61,Female,5,28,0,Referral,medium,3,83.02,22.267857142857142,0.2857142857142857,72.74000000000001,13.293333333333331,1.7066666666666663,10.239999999999998,0.1234032296939021,0.2142857142857142,1,Q1,High,2024-09,2025-12,1,0,Inactive,0,0,0,0.2681623931623932
18,Male,2,5,0,Referral,low,1,87.02,22.33333333333333,0.1333333333333333,19.81,9.693333333333332,3.09,9.27,0.3187757909215956,0.1,1,Q1,Mid-High,2024-01,2025-12,0,0,Recent,0,0,1,0.2767094017094017
24,Male,4,57,0,Ads,low,8,137.92,23.15636363636364,0.2727272727272727,91.54,13.475,2.2125,17.7,0.1620285609666788,0.1454545454545454,1,Q3,High,2023-09,2025-12,1,1,Inactive,0,0,0,0.3002136752136752
24,Female,2,13,0,Ads,low,12,128.2,24.058490566037733,0.1509433962264151,37.94,11.1275,1.6725,6.69,0.1498991709612368,0.0754716981132075,0,Q3,Mid-Low,2023-08,2025-12,0,0,Mid-Recent,0,0,1,0.3472222222222222
63,Other,0,14,0,Partnership,medium,2,84.42,22.730434782608693,0.1304347826086956,14.41,13.24,0.0,0.0,0.0,0.0434782608695652,0,Q1,Low,2024-09,2025-11,0,0,Mid-Recent,0,0,1,0.21901709401709402
60,Other,4,9,0,Partnership,medium,5,98.12,22.33333333333333,0.0303030303030303,5.9,11.75,5.85,5.85,0.4978723404255319,0.0303030303030303,0,Q2,Low,2024-03,2025-11,0,0,Mid-Recent,0,0,1,0.5395299145299146
68,Female,2,7,1,Organic,medium,2,86.46,21.321428571428573,0.1785714285714285,35.81,12.853333333333332,1.3333333333333333,4.0,0.100477267018337,0.1071428571428571,1,Q1,Mid-High,2025-11,2025-12,0,0,Recent,0,0,1,0.15705128205128205
64,Male,1,8,0,Partnership,medium,9,154.85,26.00408163265306,0.1224489795918367,21.17,12.76,2.175,4.35,0.1704545454545454,0.0408163265306122,0,Q3,Low,2025-09,2025-12,0,0,Mid-Recent,0,0,1,0.469017094017094
47,Male,8,8,0,Ads,medium,5,144.68,25.047916666666666,0.1458333333333333,39.06,13.39,3.625,14.499999999999998,0.270724421209858,0.0833333333333333,0,Q3,Mid-Low,2025-08,2025-12,0,0,Mid-Recent,0,0,1,0.4647435897435897
25,Other,4,0,0,Partnership,medium,2,80.23,27.96666666666667,0.1111111111111111,39.12,15.186666666666667,2.49,7.470000000000001,0.1603348358016742,0.1111111111111111,1,Q1,Mid-High,2025-03,2025-11,0,0,Recent,0,0,1,0.1736111111111111
29,Other,1,4,0,Ads,medium,2,36.39,23.77857142857143,0.0714285714285714,17.91,17.0,0.0,0.0,0.0,0.0714285714285714,0,Q1,Mid-Low,2023-02,2025-09,0,0,Recent,0,0,1,0.2777777777777778
56,Other,9,6,0,Ads,medium,14,131.51,24.352941176470587,0.1372549019607843,77.3,18.152,2.692,13.46,0.1483032172763332,0.0980392156862745,1,Q3,Mid-High,2025-04,2025-12,0,0,Recent,0,0,1,0.4636752136752137
52,Male,1,10,0,Organic,medium,3,89.48,26.21379310344828,0.1034482758620689,8.21,14.78,6.569999999999999,6.569999999999999,0.4445196211096075,0.0344827586206896,0,Q1,Low,2025-08,2025-12,0,0,Mid-Recent,0,0,1,0.4252136752136752
29,Male,2,21,0,Partnership,medium,8,172.76,25.238596491228076,0.1403508771929824,28.55,10.003333333333332,0.6733333333333333,2.02,0.066077854105332,0.0526315789473684,0,Q4,Low,2023-10,2025-11,1,0,Mid-Inactive,1,1,0,0.5726495726495726
62,Other,5,6,0,Ads,medium,2,153.42,24.982222222222223,0.1333333333333333,42.22,10.68,2.2359999999999998,11.179999999999996,0.2093632958801497,0.1111111111111111,1,Q3,Mid-High,2025-07,2025-12,0,0,Recent,0,0,1,0.43108974358974356
64,Other,3,18,1,Organic,low,4,150.32,22.730188679245284,0.2075471698113207,61.78,13.456,1.316,6.58,0.096255119953189,0.0943396226415094,1,Q3,Mid-High,2024-06,2025-12,0,0,Mid-Inactive,0,0,0,0.5902777777777778
39,Male,0,3,0,Referral,medium,13,156.77,24.4948275862069,0.1896551724137931,135.29,16.85666666666667,2.257777777777777,20.32,0.1305828674249727,0.1551724137931034,1,Q3,High,2023-03,2025-12,0,0,Recent,0,0,1,0.5908119658119658
64,Male,4,8,0,Organic,high,7,281.26,23.52,0.0615384615384615,3.63,3.49,0.0,0.0,0.0,0.0153846153846153,0,Q4,Low,2024-03,2025-12,0,0,Mid-Recent,1,0,1,0.6207264957264957
23,Male,0,8,0,Partnership,medium,4,52.67,22.29523809523809,0.0952380952380952,22.34,12.28,1.5149999999999997,3.03,0.1194324004729995,0.0952380952380952,1,Q1,Mid-High,2025-10,2025-12,0,0,Mid-Recent,0,0,1,0.20352564102564102
59,Female,0,4,0,Referral,medium,5,107.72,24.17567567567568,0.1891891891891892,43.88,13.48,2.5875,10.35,0.1908537709754748,0.1081081081081081,1,Q2,Mid-High,2024-08,2025-12,0,0,Recent,0,0,1,0.3830128205128205
42,Other,1,9,1,Organic,medium,5,102.52,25.62,0.1142857142857142,46.24,13.21,1.6499999999999997,6.599999999999998,0.1249053747161241,0.1142857142857142,1,Q2,Mid-High,2025-11,2025-12,0,0,Mid-Recent,0,0,1,0.1591880341880342
23,Other,0,40,0,Partnership,medium,2,47.71,25.766666666666666,0.0,0.0,0.0,0.0,0.0,0.0,0.0,0,Q1,Low,2024-01,2025-11,1,1,Inactive,0,0,0,0.40705128205128205
67,Male,0,70,1,Ads,medium,7,79.47,22.6125,0.125,29.75,19.0,4.125,8.25,0.2171052631578947,0.0625,0,Q1,Mid-Low,2024-12,2025-12,1,1,Inactive,0,0,0,0.20886752136752135
68,Male,7,5,0,Partnership,medium,8,100.84,24.534146341463416,0.073170731707317,0.0,0.0,0.0,0.0,0.0,0.0,0,Q2,Low,2024-04,2025-12,0,0,Recent,0,0,1,0.2264957264957265
45,Female,2,32,0,Referral,medium,8,90.69,26.84285714285714,0.1428571428571428,51.74,19.08,1.833333333333334,5.500000000000002,0.0960866526904263,0.0857142857142857,0,Q2,Mid-Low,2024-12,2025-11,1,1,Inactive,0,0,0,0.4161324786324786
33,Female,0,60,0,Organic,medium,6,124.76,24.997826086956525,0.1521739130434782,39.150000000000006,11.8075,2.02,8.079999999999998,0.1710777048486131,0.0869565217391304,0,Q3,Mid-Low,2024-01,2025-12,1,1,Inactive,0,0,0,0.5881410256410255
35,Other,2,33,0,Partnership,medium,4,117.31,27.013513513513512,0.1621621621621621,50.97,12.698,2.74,13.7,0.2118447502706046,0.1351351351351351,1,Q2,High,2024-10,2025-12,1,1,Inactive,0,0,0,0.5844017094017094
33,Female,3,30,1,Organic,high,6,212.55,26.326415094339623,0.1886792452830188,43.05,12.654,4.043999999999999,20.219999999999995,0.3195827406353722,0.0943396226415094,1,Q4,Mid-High,2024-05,2025-10,1,1,Inactive,1,1,0,0.36111111111111116
60,Male,3,18,0,Organic,medium,6,128.04,24.063043478260877,0.1521739130434782,38.67,17.919999999999998,5.03,15.090000000000002,0.2806919642857143,0.0652173913043478,0,Q3,Mid-Low,2023-05,2025-11,0,0,Mid-Inactive,0,0,0,0.5534188034188035
64,Male,4,19,0,Partnership,low,4,95.89,25.69142857142857,0.0857142857142857,11.03,11.75,0.7200000000000006,0.7200000000000006,0.0612765957446809,0.0285714285714285,0,Q2,Low,2023-01,2025-11,0,0,Mid-Inactive,0,0,0,0.2911324786324786
33,Female,0,2,0,Organic,medium,7,202.5,24.04126984126984,0.2539682539682539,155.85,16.523076923076925,4.55,59.15,0.2751162790697674,0.2063492063492063,1,Q4,High,2023-03,2025-12,0,0,Recent,1,0,1,0.577457264957265
29,Male,5,4,0,Referral,medium,2,92.33,22.673333333333336,0.1333333333333333,13.8,13.24,0.0,0.0,0.0,0.0333333333333333,0,Q2,Low,2025-05,2025-12,0,0,Recent,0,0,1,0.34615384615384615
43,Female,6,40,0,Referral,high,9,279.48,26.49857142857143,0.1714285714285714,59.39,13.415,3.516666666666667,21.1,0.2621443657597217,0.0857142857142857,0,Q4,Mid-Low,2024-10,2025-12,1,1,Inactive,1,1,0,0.5934829059829061
59,Male,1,19,0,Partnership,medium,8,180.78,23.134375,0.171875,45.36,8.18,1.7542857142857142,12.28,0.2130464954892435,0.109375,1,Q4,Mid-High,2023-10,2025-11,0,0,Mid-Inactive,1,0,0,0.6303418803418803
42,Other,0,25,1,Referral,medium,2,135.57999999999998,22.74,0.125,74.38,20.194,5.318,26.59,0.2633455481826285,0.125,1,Q3,High,2025-04,2025-12,1,0,Mid-Inactive,0,0,0,0.22916666666666666
27,Other,4,0,0,Ads,medium,4,162.18,28.30217391304348,0.0652173913043478,42.73,15.08,1.2166666666666668,3.65,0.0786977145321259,0.0652173913043478,0,Q3,Mid-Low,2025-05,2025-12,0,0,Recent,0,0,1,0.3520299145299145
64,Male,2,12,0,Partnership,medium,7,190.0,25.44848484848485,0.1515151515151515,85.69,22.956,6.024,30.12,0.2600811674294102,0.0757575757575757,0,Q4,Mid-Low,2025-02,2025-12,0,0,Mid-Recent,1,0,1,0.6458333333333334
33,Female,2,12,0,Organic,high,8,232.64,24.68166666666667,0.1,72.50999999999999,17.712,3.21,16.05,0.1812330623306233,0.0833333333333333,0,Q4,Mid-Low,2025-06,2025-12,0,0,Mid-Recent,1,0,1,0.5438034188034189
37,Female,2,23,0,Partnership,high,10,345.02,23.65897435897436,0.1538461538461538,114.77,16.324444444444442,3.8055555555555554,34.25,0.2298349214870487,0.1153846153846153,1,Q4,Mid-High,2023-01,2025-12,1,0,Mid-Inactive,1,1,0,0.7457264957264957
58,Female,0,58,1,Organic,medium,8,75.46000000000001,23.76333333333333,0.1,30.82,16.875,1.4650000000000007,2.930000000000001,0.0868148148148148,0.0666666666666666,0,Q1,Mid-Low,2023-03,2025-12,1,1,Inactive,0,0,0,0.40865384615384615
29,Female,5,64,1,Organic,high,3,345.38,24.792857142857144,0.1714285714285714,88.17,15.413333333333334,1.16,6.960000000000001,0.0731630400504572,0.0857142857142857,0,Q4,Mid-Low,2024-12,2025-12,1,1,Inactive,1,1,0,0.46153846153846156
36,Male,0,17,1,Referral,medium,4,71.15,25.568181818181817,0.1818181818181818,21.18,12.35,1.7599999999999991,3.5199999999999987,0.1425101214574898,0.0909090909090909,1,Q1,Mid-High,2023-03,2025-10,0,0,Mid-Inactive,0,0,0,0.16613247863247863
44,Female,2,6,0,Referral,medium,3,96.44,27.12903225806452,0.064516129032258,21.23,26.0,4.77,4.77,0.1834615384615384,0.032258064516129,0,Q2,Low,2024-04,2025-11,0,0,Recent,0,0,1,0.3643162393162393
41,Male,3,43,0,Organic,high,2,165.94,25.27435897435897,0.1025641025641025,24.73,12.76,0.4649999999999998,0.9299999999999996,0.0362431800467653,0.0512820512820512,0,Q3,Low,2025-09,2025-12,1,1,Inactive,0,0,0,0.34989316239316237
47,Other,4,11,0,Organic,medium,6,98.51,27.46,0.1428571428571428,27.41,8.66,1.8675,7.47,0.2141628440366972,0.1142857142857142,1,Q2,Mid-High,2025-06,2025-12,0,0,Mid-Recent,0,0,1,0.4508547008547008
36,Male,4,6,0,Ads,high,7,213.0,24.626785714285717,0.125,33.2,9.686,3.0460000000000003,15.23,0.3144744992773074,0.0892857142857142,1,Q4,Mid-High,2024-03,2025-12,0,0,Recent,1,0,1,0.5544871794871795
51,Female,2,45,1,Referral,medium,2,142.69,23.387179487179488,0.2307692307692307,94.85,16.588333333333335,0.9299999999999996,5.579999999999998,0.0555610873245046,0.1538461538461538,1,Q3,High,2023-01,2025-11,1,1,Inactive,0,0,0,0.23183760683760682
27,Male,1,24,0,Referral,medium,8,175.79,26.78813559322034,0.2033898305084746,97.01,14.147777777777778,3.4,30.6,0.2397931196614685,0.1525423728813559,1,Q4,High,2025-06,2025-12,1,0,Mid-Inactive,1,1,0,0.49786324786324787
64,Male,5,5,0,Ads,low,4,101.73,23.967441860465115,0.1860465116279069,18.41,15.5,6.295,12.59,0.4061290322580645,0.0465116279069767,0,Q2,Low,2023-08,2025-11,0,0,Recent,0,0,1,0.3947649572649572
58,Other,0,31,0,Partnership,high,1,84.7,25.33,0.1,9.98,13.24,3.26,3.26,0.2462235649546827,0.05,0,Q1,Low,2024-05,2025-11,1,1,Inactive,0,0,0,0.4978632478632478
59,Female,3,17,0,Referral,low,6,83.6,23.388571428571428,0.3142857142857143,90.45,17.571428571428573,4.808571428571428,33.66,0.2712110224800579,0.2,1,Q1,High,2023-12,2025-12,0,0,Mid-Inactive,0,0,0,0.3189102564102564
23,Other,1,13,1,Organic,high,3,219.74,23.871111111111112,0.2,61.61,16.304000000000002,4.351999999999999,21.76,0.2610051577305985,0.1111111111111111,1,Q4,Mid-High,2023-05,2025-11,0,0,Mid-Recent,1,0,1,0.41025641025641024
50,Female,3,33,0,Referral,low,3,100.34,25.05,0.1842105263157894,46.85,18.666666666666668,3.0500000000000003,9.15,0.1633928571428571,0.0789473684210526,0,Q2,Mid-Low,2024-09,2025-12,1,1,Inactive,0,0,0,0.3456196581196581
19,Other,11,24,0,Organic,high,8,277.42,24.997014925373133,0.1940298507462686,89.84,12.6575,1.7975,14.38,0.1379773555939359,0.1194029850746268,1,Q4,High,2023-03,2025-11,1,0,Mid-Inactive,1,1,0,0.6362179487179487
26,Other,2,0,0,Ads,medium,7,95.28,24.597435897435897,0.2307692307692307,61.44,10.777142857142858,2.0,14.0,0.1855779427359491,0.1794871794871795,1,Q2,High,2023-08,2025-10,0,0,Recent,0,0,1,0.454059829059829
58,Other,0,5,0,Organic,low,2,79.06,23.268965517241377,0.2413793103448276,27.84,14.643333333333333,5.363333333333333,16.09,0.366264511723196,0.1034482758620689,1,Q1,Mid-High,2023-03,2025-12,0,0,Recent,0,0,1,0.4807692307692308
64,Female,1,6,0,Ads,high,4,72.14999999999999,25.041176470588237,0.1764705882352941,43.36,14.093333333333334,0.543333333333333,1.629999999999999,0.0362302733940875,0.1764705882352941,1,Q1,High,2023-07,2025-12,0,0,Recent,0,0,1,0.1794871794871795
68,Female,0,4,0,Referral,medium,6,54.77,24.913636363636364,0.1818181818181818,13.26,22.0,8.74,8.74,0.3972727272727273,0.0454545454545454,0,Q1,Low,2025-02,2025-11,0,0,Recent,0,0,1,0.22168803418803418
22,Male,2,12,1,Referral,medium,8,134.79,22.3531914893617,0.1276595744680851,51.95,14.57,1.96,7.84,0.131125606288677,0.0851063829787234,0,Q3,Mid-Low,2025-11,2025-12,0,0,Mid-Recent,0,0,1,0.2174145299145299
43,Other,1,3,0,Organic,medium,4,109.73,30.7125,0.09375,43.11,23.5,1.9450000000000005,3.890000000000001,0.0827659574468085,0.0625,0,Q2,Mid-Low,2023-06,2025-11,0,0,Recent,0,0,1,0.4310897435897436
66,Female,0,0,0,Ads,medium,3,140.2,24.30454545454546,0.0909090909090909,35.38,13.496666666666668,1.703333333333333,5.109999999999999,0.1262040009878982,0.0681818181818181,0,Q3,Mid-Low,2023-12,2025-11,0,0,Recent,0,0,1,0.2532051282051282
56,Other,3,20,0,Referral,medium,3,75.65,20.33913043478261,0.0869565217391304,2.04,3.18,1.14,1.14,0.3584905660377359,0.0434782608695652,0,Q1,Low,2024-06,2025-12,1,0,Mid-Inactive,0,0,0,0.44818376068376065
39,Female,5,140,0,Referral,medium,3,97.51,24.947058823529414,0.1470588235294117,46.57,15.952000000000002,6.638,33.19,0.416123370110331,0.1470588235294117,1,Q2,High,2025-08,2025-12,1,1,Inactive,0,0,0,0.46047008547008544
62,Other,1,23,1,Ads,high,14,205.21,23.88888888888889,0.1111111111111111,41.7,13.186000000000002,4.845999999999999,24.23,0.3675109965114514,0.0925925925925925,1,Q4,Mid-High,2024-06,2025-12,1,0,Mid-Inactive,1,1,0,0.4556623931623931
41,Other,5,25,0,Organic,high,5,218.62,27.53673469387755,0.1020408163265306,15.92,11.16,3.2,6.4,0.2867383512544803,0.0408163265306122,0,Q4,Low,2023-08,2025-11,1,0,Mid-Inactive,1,1,0,0.3231837606837607
45,Female,5,17,0,Referral,low,12,126.73,22.65357142857143,0.1607142857142857,63.98,15.423333333333332,4.760000000000001,28.56,0.308623298033283,0.1071428571428571,1,Q3,Mid-High,2024-04,2025-12,0,0,Mid-Inactive,0,0,0,0.4225427350427351
45,Male,4,25,0,Ads,medium,6,199.05,25.32033898305085,0.1186440677966101,38.06,15.0725,5.5575,22.23,0.3687178636589815,0.0677966101694915,0,Q4,Mid-Low,2023-10,2025-10,1,0,Mid-Inactive,1,1,0,0.5325854700854701
41,Female,0,18,1,Referral,medium,6,207.81,25.093939393939397,0.1818181818181818,54.87,11.134285714285712,3.3228571428571425,23.26,0.2977089466274158,0.106060606060606,1,Q4,Mid-High,2024-08,2025-12,0,0,Mid-Inactive,1,0,0,0.45833333333333337
61,Female,0,1,0,Organic,medium,1,105.11,25.49655172413793,0.2068965517241379,51.510000000000005,14.365,1.5,6.0,0.1043296817944705,0.1379310344827586,1,Q2,High,2023-12,2025-11,0,0,Recent,0,0,1,0.5016025641025641
67,Male,2,25,1,Organic,medium,1,80.66,24.891666666666666,0.1666666666666666,18.48,22.0,3.52,3.52,0.1599999999999999,0.0416666666666666,0,Q1,Low,2024-01,2025-10,1,0,Mid-Inactive,0,0,0,0.3552350427350427
50,Other,2,43,0,Partnership,low,2,46.4,24.53333333333333,0.1666666666666666,9.88,12.0,2.119999999999999,2.119999999999999,0.1766666666666666,0.0555555555555555,0,Q1,Low,2024-05,2025-11,1,1,Inactive,0,0,0,0.3573717948717949
45,Other,0,7,0,Ads,low,4,88.78,22.946875,0.1875,32.08,13.02,2.3266666666666658,6.979999999999997,0.1786994367639528,0.09375,1,Q1,Mid-High,2024-01,2025-12,0,0,Recent,0,0,1,0.47275641025641024
25,Male,5,8,1,Referral,high,5,302.8,26.815942028985507,0.1594202898550724,119.88,15.131,3.4560000000000004,34.56,0.2237762237762238,0.144927536231884,1,Q4,High,2025-03,2025-12,0,0,Mid-Recent,1,0,1,0.5753205128205128
37,Male,6,15,0,Ads,medium,1,117.36,24.69736842105263,0.1578947368421052,41.03,14.765,4.5075,18.03,0.3052827632915679,0.1052631578947368,1,Q2,Mid-High,2025-08,2025-12,0,0,Mid-Inactive,0,0,0,0.2761752136752137
32,Other,2,34,0,Referral,medium,7,163.3,27.125490196078434,0.2156862745098039,63.09,17.994,5.376,26.88,0.2987662554184728,0.0980392156862745,1,Q3,Mid-High,2025-06,2025-12,1,1,Inactive,0,0,0,0.4706196581196581
46,Other,6,4,0,Referral,medium,8,117.94,23.026190476190475,0.119047619047619,16.08,22.0,5.920000000000002,5.920000000000002,0.2690909090909091,0.0238095238095238,0,Q2,Low,2023-04,2025-10,0,0,Recent,0,0,1,0.5710470085470085
63,Male,1,3,0,Organic,medium,5,89.72,26.53125,0.125,24.73,12.62,0.2649999999999997,0.5299999999999994,0.0209817893903404,0.0625,0,Q1,Mid-Low,2025-07,2025-12,0,0,Recent,0,0,1,0.5144230769230769
34,Other,4,15,0,Partnership,low,5,89.99,24.21,0.2,41.17,12.62,2.3275,9.31,0.1844294770206022,0.1,1,Q1,Mid-High,2023-08,2025-12,0,0,Mid-Inactive,0,0,0,0.548611111111111
42,Other,3,35,0,Partnership,medium,2,52.23,26.22941176470588,0.3529411764705882,69.50999999999999,18.806,4.938000000000001,24.690000000000005,0.2621019108280256,0.2941176470588235,1,Q1,High,2025-01,2025-12,1,1,Inactive,0,0,0,0.3392094017094017
27,Other,6,2,0,Partnership,medium,6,138.03,24.293478260869566,0.1304347826086956,32.16,11.13,3.09,12.36,0.2776280323450135,0.0869565217391304,0,Q3,Mid-Low,2024-04,2025-12,0,0,Recent,0,0,1,0.5811965811965811
54,Male,3,1,0,Referral,medium,6,186.42,24.225,0.1333333333333333,88.58,18.26,3.496666666666666,20.98,0.1914932457101131,0.1,1,Q4,Mid-High,2023-08,2025-12,0,0,Recent,1,0,1,0.6340811965811965
68,Male,1,5,1,Ads,medium,3,110.54,27.42285714285714,0.0571428571428571,29.25,15.5,0.9250000000000008,1.8500000000000012,0.0594855305466238,0.0571428571428571,0,Q2,Low,2024-12,2025-11,0,0,Recent,0,0,1,0.2911324786324786
36,Male,1,8,1,Partnership,medium,3,133.63,25.64102564102564,0.1025641025641025,30.23,12.6,2.523333333333333,7.57,0.2002645502645502,0.0769230769230769,0,Q3,Mid-Low,2025-09,2025-12,0,0,Mid-Recent,0,0,1,0.4887820512820512
62,Male,3,4,1,Ads,medium,6,70.02,24.23333333333333,0.037037037037037,0.0,0.0,0.0,0.0,0.0,0.0,0,Q1,Low,2025-04,2025-12,0,0,Recent,0,0,1,0.3333333333333333
47,Female,5,23,0,Partnership,high,6,200.26,24.585416666666664,0.2083333333333333,67.6,14.196000000000002,0.984,4.92,0.0678433535576392,0.1041666666666666,1,Q4,Mid-High,2023-12,2025-11,1,0,Mid-Inactive,1,1,0,0.49946581196581197
37,Other,6,24,0,Ads,medium,4,155.56,25.375,0.1363636363636363,27.27,13.875,0.7350000000000003,1.4700000000000006,0.0511482254697286,0.0454545454545454,0,Q3,Low,2023-05,2025-11,1,0,Mid-Inactive,0,0,0,0.3990384615384615
41,Other,1,5,0,Ads,medium,5,80.25999999999999,22.58333333333333,0.1,25.57,10.44,1.996666666666666,5.9899999999999975,0.1897972116603294,0.1,1,Q1,Mid-High,2025-02,2025-12,0,0,Recent,0,0,1,0.40865384615384615
40,Female,2,37,0,Ads,high,4,204.29,25.56041666666667,0.1666666666666666,58.43,12.9,3.313333333333333,19.88,0.2538628527646532,0.125,1,Q4,High,2025-11,2025-12,1,1,Inactive,1,1,0,0.26335470085470086
53,Male,0,83,0,Organic,high,3,248.38,27.03703703703704,0.1111111111111111,36.45,8.904,1.634,8.17,0.1831017480950246,0.0925925925925925,1,Q4,Mid-High,2023-06,2025-11,1,1,Inactive,1,1,0,0.4209401709401709
23,Other,0,19,0,Partnership,medium,4,104.71,28.22702702702703,0.2162162162162162,38.15,8.234,0.7720000000000001,3.8600000000000008,0.0918828850273744,0.1351351351351351,1,Q2,High,2024-07,2025-10,0,0,Mid-Inactive,0,0,0,0.4732905982905983
31,Male,9,35,1,Partnership,high,16,287.73,24.556578947368426,0.0263157894736842,15.13,22.0,6.869999999999999,6.869999999999999,0.3122727272727272,0.0131578947368421,0,Q4,Low,2025-04,2025-12,1,1,Inactive,1,1,0,0.6469017094017093
67,Male,3,18,0,Organic,medium,6,167.19,21.602,0.04,15.19,21.0,5.8100000000000005,5.8100000000000005,0.2766666666666666,0.02,0,Q4,Low,2023-03,2025-11,0,0,Mid-Inactive,1,0,0,0.43856837606837606
67,Female,1,5,0,Ads,medium,1,101.95,24.292857142857144,0.1071428571428571,14.47,14.0,0.0,0.0,0.0,0.0357142857142857,0,Q2,Low,2024-10,2025-12,0,0,Recent,0,0,1,0.4139957264957265
50,Female,4,26,0,Referral,medium,1,94.76,24.94333333333333,0.1,18.47,9.365,0.2099999999999999,0.4199999999999999,0.0222339862361037,0.0666666666666666,0,Q2,Mid-Low,2023-02,2025-11,1,0,Mid-Inactive,0,0,0,0.4503205128205128
18,Male,8,42,0,Partnership,medium,6,218.94,25.98769230769231,0.0769230769230769,29.24,10.76,1.1966666666666663,3.59,0.1093512031678343,0.0461538461538461,0,Q4,Low,2024-03,2025-12,1,1,Inactive,1,1,0,0.41933760683760685
25,Female,10,36,0,Referral,high,4,293.44,22.633846153846157,0.1384615384615384,44.32,8.738333333333333,1.3583333333333327,8.149999999999997,0.1553268534400609,0.0923076923076923,1,Q4,Mid-High,2024-06,2025-12,1,1,Inactive,1,1,0,0.5026709401709402
57,Female,5,2,0,Referral,medium,4,147.17,25.56086956521739,0.1956521739130435,99.62,14.85375,2.5025,20.02,0.1673353393513875,0.1739130434782608,1,Q3,High,2025-03,2025-12,0,0,Recent,0,0,1,0.49091880341880345
21,Other,2,2,0,Referral,medium,6,99.9,22.726315789473684,0.2631578947368421,54.66,11.417142857142858,3.608571428571428,25.26,0.3160660660660661,0.1842105263157894,1,Q2,High,2025-02,2025-12,0,0,Recent,0,0,1,0.48450854700854695
22,Other,2,6,0,Referral,medium,2,58.64,27.52608695652174,0.0869565217391304,0.0,0.0,0.0,0.0,0.0,0.0,0,Q1,Low,2025-07,2025-12,0,0,Recent,0,0,1,0.3301282051282051
58,Other,3,2,0,Partnership,medium,3,139.14,23.64871794871795,0.0769230769230769,15.13,7.82,2.7833333333333337,8.350000000000001,0.3556218057921635,0.0769230769230769,0,Q3,Mid-Low,2024-06,2025-12,0,0,Recent,0,0,1,0.329059829059829
21,Other,4,6,0,Ads,medium,4,152.87,25.628888888888888,0.0888888888888888,21.6,9.116666666666664,2.24,6.72,0.2372881355932203,0.0666666666666666,0,Q3,Mid-Low,2025-04,2025-12,0,0,Recent,0,0,1,0.41025641025641024
49,Female,0,13,0,Organic,high,7,247.24,24.726666666666667,0.1666666666666666,50.4,12.884,2.804,14.02,0.217634275069854,0.0833333333333333,0,Q4,Mid-Low,2024-01,2025-11,0,0,Mid-Recent,1,0,1,0.6479700854700854
63,Female,13,39,0,Partnership,high,17,318.91,24.807407407407407,0.1728395061728395,64.94,12.51,3.2657142857142856,22.86,0.2603644646924829,0.0864197530864197,0,Q4,Mid-Low,2024-10,2025-12,1,1,Inactive,1,1,0,0.716880341880342
56,Male,0,15,0,Referral,medium,3,100.54,24.633333333333333,0.2962962962962963,57.94,14.608,3.02,15.099999999999998,0.206736035049288,0.1851851851851851,1,Q2,High,2025-07,2025-12,0,0,Mid-Inactive,0,0,0,0.4305555555555555
64,Other,2,13,0,Partnership,low,5,69.44,25.25,0.1153846153846153,25.3,14.345,2.06,4.119999999999999,0.1400407885791978,0.0769230769230769,0,Q1,Mid-Low,2024-08,2025-11,0,0,Mid-Recent,0,0,1,0.41933760683760685
62,Other,0,19,0,Organic,medium,3,90.79,28.3,0.1666666666666666,29.33,19.5,4.835000000000001,9.670000000000002,0.247948717948718,0.0666666666666666,0,Q2,Mid-Low,2023-05,2025-09,0,0,Mid-Inactive,0,0,0,0.5405982905982906
61,Other,0,45,0,Referral,medium,5,106.74,25.515384615384612,0.1538461538461538,25.86,10.853333333333332,2.2333333333333334,6.7,0.2057739557739557,0.0769230769230769,0,Q2,Mid-Low,2023-10,2025-12,1,1,Inactive,0,0,0,0.5582264957264956
47,Male,1,7,0,Ads,medium,5,108.45,24.646341463414632,0.0975609756097561,17.34,12.09,3.4200000000000004,6.840000000000001,0.28287841191067,0.048780487804878,0,Q2,Low,2023-06,2025-11,0,0,Recent,0,0,1,0.37232905982905984
30,Female,7,6,0,Referral,medium,8,190.62,26.52203389830508,0.135593220338983,37.55,14.06,1.543333333333333,4.629999999999999,0.1097676623992413,0.0508474576271186,0,Q4,Low,2023-10,2025-12,0,0,Recent,1,0,1,0.5186965811965812
47,Male,9,8,1,Ads,high,4,298.58,25.29189189189189,0.1216216216216216,60.32,14.418333333333331,4.365,26.19,0.302739567680037,0.081081081081081,0,Q4,Mid-Low,2024-08,2025-12,0,0,Mid-Recent,1,0,1,0.6591880341880343
28,Male,2,9,1,Referral,medium,0,82.83,22.48076923076923,0.0769230769230769,6.0,3.97,1.095,2.19,0.2673992673992674,0.0769230769230769,0,Q1,Mid-Low,2024-08,2025-12,0,0,Mid-Recent,0,0,1,0.4332264957264957
50,Other,3,13,0,Ads,medium,3,140.77,25.17727272727273,0.2045454545454545,45.24,10.394,1.6099999999999994,8.049999999999997,0.1510602364421091,0.1136363636363636,1,Q3,Mid-High,2024-11,2025-12,0,0,Mid-Recent,0,0,1,0.4476495726495726
54,Female,4,0,0,Referral,medium,4,92.68,27.34857142857143,0.0571428571428571,3.52,6.76,3.24,3.24,0.4792899408284023,0.0285714285714285,0,Q2,Low,2025-01,2025-12,0,0,Recent,0,0,1,0.43002136752136755
22,Other,4,40,1,Organic,low,2,107.23,29.03888888888889,0.1388888888888889,24.62,13.38,1.075,2.15,0.0803137840866641,0.0555555555555555,0,Q2,Low,2024-11,2025-12,1,1,Inactive,0,0,0,0.5176282051282051
64,Male,8,2,0,Referral,high,13,347.1,26.53294117647059,0.1411764705882353,80.45,12.71625,2.76625,22.13,0.2157340612205108,0.0941176470588235,1,Q4,Mid-High,2023-01,2025-12,0,0,Recent,1,0,1,0.5048076923076923
50,Male,2,36,1,Partnership,medium,1,143.65,26.383333333333336,0.0833333333333333,27.01,13.0,3.996666666666666,11.989999999999998,0.3074358974358974,0.0625,0,Q3,Mid-Low,2023-01,2025-12,1,1,Inactive,0,0,0,0.43696581196581197
33,Female,2,0,0,Organic,high,5,53.96,25.26875,0.25,28.16,13.093333333333334,3.706666666666667,11.12,0.2830957230142566,0.1875,1,Q1,High,2025-05,2025-11,0,0,Recent,0,0,1,0.1543803418803419
52,Male,5,3,1,Partnership,low,7,101.25,25.8,0.1463414634146341,25.51,10.093333333333334,2.01,6.029999999999999,0.1911857958148382,0.073170731707317,0,Q2,Mid-Low,2024-08,2025-12,0,0,Recent,0,0,1,0.23344017094017094
28,Male,7,29,0,Referral,medium,4,145.37,24.471428571428568,0.1224489795918367,54.98,15.24,1.9650000000000003,7.860000000000001,0.1250795671546785,0.0816326530612244,0,Q3,Mid-Low,2025-01,2025-12,1,0,Inactive,0,0,0,0.5454059829059829
49,Other,1,1,0,Referral,high,5,240.66,25.798076923076923,0.1153846153846153,34.47,9.254,2.3600000000000003,11.8,0.2550248541171386,0.0961538461538461,1,Q4,Mid-High,2024-03,2025-12,0,0,Recent,1,0,1,0.5721153846153846
44,Male,0,0,0,Partnership,medium,4,53.98,26.165,0.0,0.0,0.0,0.0,0.0,0.0,0.0,0,Q1,Low,2023-04,2025-12,0,0,Recent,0,0,1,0.40758547008547
32,Other,2,49,1,Referral,low,3,106.32,29.165,0.2,59.69,10.16,1.7485714285714289,12.240000000000002,0.1701654386208814,0.175,1,Q2,High,2024-10,2025-12,1,1,Inactive,0,0,0,0.5
44,Male,3,31,1,Ads,medium,6,80.6,25.94814814814815,0.074074074074074,0.0,0.0,0.0,0.0,0.0,0.0,0,Q1,Low,2025-10,2025-12,1,1,Inactive,0,0,0,0.2708333333333333
49,Other,1,7,0,Partnership,high,11,234.79,23.24516129032258,0.1451612903225806,84.77,16.433333333333334,2.7300000000000004,16.380000000000003,0.1619377162629758,0.0967741935483871,1,Q4,Mid-High,2025-03,2025-12,0,0,Recent,1,0,1,0.3579059829059829
62,Male,0,12,1,Partnership,low,5,92.44,26.82,0.1,22.79,18.0,6.605,13.21,0.3669444444444444,0.05,0,Q2,Low,2023-02,2025-11,0,0,Mid-Recent,0,0,1,0.2777777777777778
67,Male,6,30,1,Organic,medium,2,81.16,21.75483870967742,0.064516129032258,29.08,15.64,1.1499999999999997,2.299999999999999,0.0732950924155512,0.064516129032258,0,Q1,Mid-Low,2025-09,2025-12,1,1,Inactive,0,0,0,0.3087606837606837
27,Male,4,9,0,Ads,medium,8,78.56,24.15806451612903,0.1290322580645161,14.76,9.73,2.495,4.99,0.2526582278481012,0.064516129032258,0,Q1,Mid-Low,2025-03,2025-12,0,0,Mid-Recent,0,0,1,0.3295940170940171
38,Other,5,0,0,Referral,medium,4,92.3,26.815625,0.0625,0.0,0.0,0.0,0.0,0.0,0.0,0,Q2,Low,2023-01,2025-11,0,0,Recent,0,0,1,0.22275641025641024
18,Female,1,17,1,Referral,medium,4,138.32999999999998,26.94883720930233,0.1860465116279069,66.38,11.79,2.307142857142857,16.15,0.1956864170604628,0.1627906976744186,1,Q3,High,2023-10,2025-11,0,0,Mid-Inactive,0,0,0,0.40865384615384615
27,Other,7,4,0,Ads,medium,11,110.96,24.20625,0.1458333333333333,70.07,12.965714285714286,3.125714285714285,21.88,0.2379554105492115,0.1458333333333333,1,Q2,High,2023-10,2025-12,0,0,Recent,0,0,1,0.3814102564102564
38,Other,4,10,0,Partnership,medium,3,115.68,24.9,0.2058823529411764,26.5,15.0,6.166666666666667,18.5,0.4111111111111111,0.088235294117647,1,Q2,Mid-High,2023-03,2025-11,0,0,Mid-Recent,0,0,1,0.27297008547008544
52,Other,0,2,0,Ads,medium,4,64.33,22.37826086956522,0.1304347826086956,22.68,15.0,3.99,7.98,0.2602739726027397,0.0869565217391304,0,Q1,Mid-Low,2024-09,2025-12,0,0,Recent,0,0,1,0.36485042735042733
52,Female,4,12,0,Ads,medium,3,70.49,22.496296296296297,0.1481481481481481,23.31,12.76,1.375,2.75,0.1055257099002302,0.074074074074074,0,Q1,Mid-Low,2025-10,2025-12,0,0,Mid-Recent,0,0,1,0.2708333333333333
20,Other,2,30,0,Partnership,medium,8,67.0,24.3,0.1851851851851851,51.11,15.46,2.795,11.18,0.179483063091989,0.1481481481481481,1,Q1,High,2025-06,2025-12,1,1,Inactive,0,0,0,0.18055555555555552
59,Male,5,54,0,Organic,medium,6,119.1,24.73076923076923,0.1794871794871795,42.51,14.333333333333334,0.7766666666666667,2.33,0.0519625334522747,0.0769230769230769,0,Q2,Mid-Low,2023-08,2025-12,1,1,Inactive,0,0,0,0.4471153846153846
36,Female,7,87,1,Partnership,high,11,388.05,23.35,0.1222222222222222,66.03,14.55,1.832,9.16,0.1218247107328102,0.0555555555555555,0,Q4,Low,2023-09,2025-10,1,1,Inactive,1,1,0,0.6511752136752137
23,Female,1,5,0,Ads,low,4,135.34,25.20212765957447,0.0851063829787234,6.130000000000001,4.04,0.9749999999999996,1.9499999999999995,0.2413366336633662,0.0425531914893617,0,Q3,Low,2024-11,2025-12,0,0,Recent,0,0,1,0.28685897435897434
48,Male,4,3,0,Referral,low,5,70.62,23.627586206896552,0.1724137931034483,24.54,16.485,4.215,8.43,0.2556869881710646,0.0689655172413793,0,Q1,Mid-Low,2023-01,2025-12,0,0,Recent,0,0,1,0.4113247863247863
67,Male,2,9,0,Partnership,low,2,72.28,25.59583333333333,0.2083333333333333,37.29,12.0,2.8075,11.23,0.2314509480626546,0.1666666666666666,1,Q1,High,2025-03,2025-12,0,0,Mid-Recent,0,0,1,0.45940170940170943
49,Female,0,2,0,Partnership,medium,8,66.01,21.096153846153847,0.1538461538461538,23.55,26.0,2.4499999999999997,2.4499999999999997,0.0942307692307692,0.0384615384615384,0,Q1,Low,2023-11,2025-12,0,0,Recent,0,0,1,0.23878205128205127
26,Female,3,32,0,Partnership,medium,6,141.05,22.71666666666667,0.119047619047619,35.09,12.253333333333332,0.98,2.9399999999999995,0.0773073889034972,0.0714285714285714,0,Q3,Mid-Low,2023-03,2025-12,1,1,Inactive,0,0,0,0.2932692307692308
38,Other,3,3,0,Partnership,medium,4,120.38,21.38918918918919,0.1081081081081081,21.18,13.0,2.645,5.29,0.1998488855307895,0.054054054054054,0,Q2,Low,2023-12,2025-12,0,0,Recent,0,0,1,0.3969017094017094
41,Male,1,9,0,Referral,medium,7,107.56,25.427027027027027,0.081081081081081,19.58,19.0,0.0,0.0,0.0,0.027027027027027,0,Q2,Low,2024-02,2025-12,0,0,Mid-Recent,0,0,1,0.34134615384615385
64,Other,5,0,0,Partnership,low,6,98.63,24.2125,0.125,12.28,7.88,1.739999999999999,3.479999999999998,0.2208121827411166,0.05,0,Q2,Low,2023-11,2025-12,0,0,Recent,0,0,1,0.4722222222222222
28,Female,2,41,1,Organic,high,8,295.22,22.36231884057971,0.1304347826086956,54.92,17.060000000000002,3.33,13.32,0.1951934349355216,0.0579710144927536,0,Q4,Mid-Low,2025-04,2025-12,1,1,Inactive,1,1,0,0.4294871794871795
29,Other,4,91,1,Partnership,medium,6,193.74,25.1984126984127,0.2063492063492063,97.97,12.259,2.564,25.64,0.2074265836097403,0.1587301587301587,1,Q4,High,2024-03,2025-11,1,1,Inactive,1,1,0,0.6469017094017094
40,Other,0,46,0,Ads,medium,2,9.52,30.44,0.0,0.0,0.0,0.0,0.0,0.0,0.0,0,Q1,Low,2023-04,2025-12,1,1,Inactive,0,0,0,0.3782051282051282
61,Other,8,5,0,Partnership,medium,4,232.82,22.58695652173913,0.1594202898550724,68.88,14.968,1.6559999999999997,8.279999999999998,0.1073094867807153,0.072463768115942,0,Q4,Mid-Low,2025-06,2025-12,0,0,Recent,1,0,1,0.6239316239316239
54,Male,1,22,0,Partnership,medium,11,103.72,26.307894736842105,0.2105263157894736,70.56,12.502857142857142,2.451428571428571,17.159999999999997,0.1956224350205198,0.1842105263157894,1,Q2,High,2024-05,2025-11,1,0,Mid-Inactive,0,0,0,0.22756410256410253
61,Other,2,18,0,Ads,high,10,195.05,26.11372549019608,0.196078431372549,38.49,18.33333333333333,5.503333333333333,16.509999999999998,0.3001818181818181,0.0588235294117647,0,Q4,Mid-Low,2025-05,2025-12,0,0,Mid-Inactive,1,0,0,0.5261752136752137
29,Female,4,7,0,Ads,low,5,93.24,25.00857142857143,0.1142857142857142,38.13,14.99,2.28,6.84,0.1521014009339559,0.0857142857142857,0,Q2,Mid-Low,2023-07,2025-10,0,0,Recent,0,0,1,0.33974358974358976
32,Other,3,10,1,Organic,medium,5,47.32,24.573684210526316,0.1052631578947368,22.53,15.64,4.374999999999999,8.749999999999998,0.2797314578005114,0.1052631578947368,1,Q1,Mid-High,2025-09,2025-12,0,0,Mid-Recent,0,0,1,0.30608974358974356
50,Male,5,80,1,Organic,medium,7,212.94,25.20483870967742,0.0806451612903225,62.28,19.1875,3.6175,14.47,0.1885342019543973,0.064516129032258,0,Q4,Mid-Low,2023-07,2025-12,1,1,Inactive,1,1,0,0.4967948717948718
51,Female,5,29,0,Organic,low,5,142.54,22.57755102040816,0.2040816326530612,30.33,22.0,6.835000000000001,13.670000000000002,0.3106818181818182,0.0408163265306122,0,Q3,Low,2023-01,2025-11,1,0,Inactive,0,0,0,0.35096153846153844
66,Female,3,6,0,Organic,medium,3,100.43,22.07272727272727,0.1818181818181818,13.32,5.306666666666667,0.95,2.85,0.1762523191094619,0.0909090909090909,1,Q2,Mid-High,2024-12,2025-12,0,0,Recent,0,0,1,0.4006410256410256
37,Other,7,20,0,Referral,medium,4,208.94,26.548333333333336,0.1666666666666666,89.89,16.147142857142857,3.3057142857142856,23.14,0.2047244094488189,0.1166666666666666,1,Q4,High,2024-11,2025-12,1,0,Mid-Inactive,1,1,0,0.6688034188034189
48,Male,1,1,0,Ads,medium,5,53.22,26.956521739130437,0.217391304347826,20.17,13.0,2.915,5.83,0.2242307692307692,0.0869565217391304,0,Q1,Mid-Low,2024-06,2025-12,0,0,Recent,0,0,1,0.42040598290598286
35,Male,2,10,0,Organic,medium,4,102.68,26.44333333333333,0.1666666666666666,43.24,12.63,2.2725,9.09,0.1737053315497802,0.1333333333333333,1,Q2,High,2023-11,2025-12,0,0,Mid-Recent,0,0,1,0.41559829059829057
23,Female,7,2,0,Partnership,medium,6,165.65,23.789285714285715,0.1428571428571428,41.97,16.666666666666668,2.9000000000000004,8.700000000000001,0.1716992303137951,0.0535714285714285,0,Q3,Low,2023-08,2025-12,0,0,Recent,0,0,1,0.5614316239316239
30,Male,0,11,0,Ads,medium,11,139.71,25.230188679245284,0.2075471698113207,49.64,11.994,2.418,12.09,0.1958529078243965,0.0943396226415094,1,Q3,Mid-High,2025-01,2025-12,0,0,Mid-Recent,0,0,1,0.5
44,Female,1,1,0,Ads,medium,4,114.05,21.83125,0.1875,19.08,14.0,4.46,8.92,0.3185714285714285,0.0625,0,Q2,Mid-Low,2023-04,2025-11,0,0,Recent,0,0,1,0.45192307692307687
20,Male,3,26,0,Ads,medium,9,158.22,25.289285714285715,0.1071428571428571,42.41,13.0775,2.75,10.999999999999998,0.2059539412095112,0.0714285714285714,0,Q3,Mid-Low,2025-04,2025-12,1,0,Mid-Inactive,0,0,0,0.5822649572649573
20,Female,10,7,0,Partnership,high,11,357.33,25.745652173913044,0.1195652173913043,47.63,11.75,3.931666666666666,23.59,0.3312271833754563,0.0652173913043478,0,Q4,Mid-Low,2024-08,2025-12,0,0,Recent,1,0,1,0.7847222222222222
25,Other,4,45,0,Referral,medium,10,82.73,24.25,0.0294117647058823,21.97,20.0,0.0,0.0,0.0,0.0294117647058823,0,Q1,Low,2025-04,2025-12,1,1,Inactive,0,0,0,0.43963675213675213
35,Female,9,20,0,Ads,high,9,255.91,27.21692307692308,0.1538461538461538,48.73,9.574285714285711,2.6128571428571425,18.29,0.2729036108624291,0.1076923076923077,1,Q4,Mid-High,2024-10,2025-12,1,0,Mid-Inactive,1,1,0,0.40544871794871795
26,Female,0,2,0,Partnership,medium,9,175.72,26.807407407407407,0.1851851851851851,32.04,12.6,1.9999999999999996,5.999999999999998,0.1577287066246056,0.0555555555555555,0,Q4,Low,2025-06,2025-12,0,0,Recent,1,0,1,0.5251068376068376
50,Female,0,44,0,Partnership,medium,1,0.46,28.4,1.0,16.66,22.0,5.34,5.34,0.2427272727272727,1.0,1,Q1,High,2024-12,2025-09,1,1,Inactive,0,0,0,0.09027777777777776
26,Female,4,0,0,Organic,medium,5,125.07,24.34,0.1,32.980000000000004,12.59,4.345,17.38,0.3451151707704527,0.1,1,Q3,Mid-High,2024-02,2025-12,0,0,Recent,0,0,1,0.29166666666666663
64,Other,0,6,0,Organic,medium,8,152.19,23.809615384615384,0.173076923076923,88.89,14.177142857142856,1.827142857142857,12.79,0.1257867820613689,0.1346153846153846,1,Q3,High,2025-01,2025-12,0,0,Recent,0,0,1,0.6068376068376068
36,Male,2,9,0,Organic,medium,1,50.66,19.88,0.2,26.39,19.0,5.805,11.61,0.3055263157894736,0.1333333333333333,1,Q1,High,2023-09,2025-11,0,0,Mid-Recent,0,0,1,0.30982905982905984
39,Male,2,21,0,Referral,low,4,121.16,23.16744186046512,0.0930232558139534,31.59,15.656666666666666,5.126666666666667,15.38,0.3274430487545242,0.0697674418604651,0,Q2,Mid-Low,2023-01,2025-12,1,0,Mid-Inactive,0,0,0,0.4572649572649572
37,Female,3,36,0,Ads,medium,2,160.82,25.51086956521739,0.1521739130434782,55.91,14.0,2.8180000000000005,14.090000000000003,0.2012857142857143,0.108695652173913,1,Q3,Mid-High,2024-01,2025-12,1,1,Inactive,0,0,0,0.5742521367521367
59,Male,5,18,1,Organic,medium,6,181.73,24.31132075471698,0.1320754716981132,88.34,19.331666666666667,4.608333333333333,27.65,0.2383826191913095,0.1132075471698113,1,Q4,Mid-High,2023-04,2025-11,0,0,Mid-Inactive,1,0,0,0.3125
38,Female,5,36,0,Referral,high,3,189.62,26.004444444444445,0.0666666666666666,4.05,4.76,0.71,0.71,0.1491596638655462,0.0222222222222222,0,Q4,Low,2024-06,2025-12,1,1,Inactive,1,1,0,0.5699786324786325
53,Other,7,0,0,Referral,low,6,129.06,29.606,0.16,71.06,11.177142857142858,1.0257142857142854,7.179999999999998,0.0917689161554192,0.14,1,Q3,High,2023-04,2025-12,0,0,Recent,0,0,1,0.26495726495726496
51,Other,2,45,0,Partnership,medium,3,121.6,27.44,0.175,41.53,11.09,1.225,4.9,0.1055352143010984,0.1,1,Q3,Mid-High,2025-02,2025-12,1,1,Inactive,0,0,0,0.42361111111111105
62,Male,4,94,0,Partnership,low,6,107.72,23.95675675675676,0.1621621621621621,43.41,14.6875,3.835,15.34,0.2611063829787234,0.1081081081081081,1,Q2,Mid-High,2024-06,2025-11,1,1,Inactive,0,0,0,0.32745726495726496
59,Female,2,17,0,Referral,medium,4,49.03,24.928571428571427,0.1904761904761904,39.52,15.94,6.0600000000000005,24.24,0.3801756587202008,0.1904761904761904,1,Q1,High,2023-02,2025-11,0,0,Mid-Inactive,0,0,0,0.25213675213675213
65,Other,1,49,1,Organic,medium,3,106.17,23.99142857142857,0.1428571428571428,7.19,5.109999999999999,1.515,3.03,0.2964774951076321,0.0571428571428571,0,Q2,Low,2025-02,2025-11,1,1,Inactive,0,0,0,0.5064102564102564
51,Male,7,6,0,Referral,high,7,157.68,24.064444444444447,0.0888888888888888,9.36,7.869999999999999,3.1899999999999995,6.379999999999999,0.4053367217280813,0.0444444444444444,0,Q3,Low,2024-12,2025-12,0,0,Recent,0,0,1,0.5213675213675213
26,Male,8,12,0,Referral,high,10,206.22,26.22280701754386,0.1052631578947368,19.22,11.0,1.745,3.49,0.1536767943637164,0.0350877192982456,0,Q4,Low,2023-11,2025-12,0,0,Mid-Recent,1,0,1,0.5379273504273504
21,Female,0,30,1,Referral,high,1,247.0,25.943859649122807,0.1228070175438596,55.92,12.088333333333331,2.7816666666666663,16.689999999999998,0.2298581462608455,0.1052631578947368,1,Q4,Mid-High,2023-07,2025-11,1,1,Inactive,1,1,0,0.4823717948717948
49,Male,9,54,1,Partnership,medium,5,172.81,23.303448275862067,0.1206896551724138,29.42,13.773333333333332,3.9666666666666672,11.900000000000002,0.2879961277831559,0.0517241379310344,0,Q4,Low,2023-06,2025-12,1,1,Inactive,1,1,0,0.4797008547008547
28,Female,0,1,0,Referral,medium,4,91.24,23.50625,0.25,47.3,17.333333333333332,1.5666666666666658,4.6999999999999975,0.0903846153846153,0.09375,1,Q2,Mid-High,2023-03,2025-09,0,0,Recent,0,0,1,0.41025641025641024
40,Female,7,5,0,Organic,medium,8,224.08,25.224615384615383,0.123076923076923,68.64,17.6,3.8720000000000008,19.360000000000003,0.22,0.0769230769230769,0,Q4,Mid-Low,2024-06,2025-11,0,0,Recent,1,0,1,0.43322649572649574
53,Other,6,7,0,Partnership,medium,8,110.03,24.16,0.125,6.71,13.24,6.53,6.53,0.493202416918429,0.025,0,Q2,Low,2023-05,2025-11,0,0,Recent,0,0,1,0.4097222222222222
54,Male,1,5,0,Ads,medium,5,128.05,27.115,0.225,46.64,12.472,3.144,15.72,0.2520846696600384,0.125,1,Q3,High,2025-10,2025-12,0,0,Recent,0,0,1,0.22916666666666666
42,Other,3,18,0,Referral,low,4,60.39,25.192,0.12,18.3,20.0,1.6999999999999993,1.6999999999999993,0.0849999999999999,0.04,0,Q1,Low,2025-08,2025-12,0,0,Mid-Inactive,0,0,0,0.4567307692307692
29,Other,3,25,0,Referral,medium,5,130.3,25.43255813953488,0.1395348837209302,51.95,15.112,4.722,23.61,0.3124669137109581,0.1162790697674418,1,Q3,Mid-High,2025-10,2025-12,1,0,Mid-Inactive,0,0,0,0.34615384615384615
47,Other,9,6,0,Ads,high,11,335.11,28.74,0.0933333333333333,43.42,10.133333333333333,2.8966666666666665,17.38,0.2858552631578947,0.08,0,Q4,Mid-Low,2024-03,2025-12,0,0,Recent,1,0,1,0.46901709401709407
54,Other,6,0,0,Referral,medium,8,179.39,24.68035714285714,0.1607142857142857,79.45,15.695,2.57,15.419999999999998,0.1625382101823548,0.1071428571428571,1,Q4,Mid-High,2024-05,2025-12,0,0,Recent,1,0,1,0.6586538461538461
27,Other,1,23,0,Partnership,medium,3,200.43,27.343859649122805,0.0701754385964912,35.49,17.26,5.43,16.29,0.3146002317497103,0.0526315789473684,0,Q4,Low,2023-07,2025-12,1,0,Mid-Inactive,1,1,0,0.4198717948717948
38,Other,1,4,0,Organic,low,6,166.65,25.003225806451614,0.2096774193548387,68.69,11.745,3.29375,26.35,0.2772516835016835,0.1290322580645161,1,Q4,High,2025-01,2025-11,0,0,Recent,1,0,1,0.344017094017094
27,Male,1,11,0,Organic,medium,2,88.39,22.855172413793102,0.1724137931034483,51.62,15.26,2.3600000000000003,9.44,0.1546020307893875,0.1379310344827586,1,Q1,High,2025-01,2025-12,0,0,Mid-Recent,0,0,1,0.24465811965811968
68,Other,1,1,0,Organic,medium,5,188.14,27.92105263157895,0.2280701754385964,145.8,17.305555555555557,1.5622222222222222,14.06,0.0879519579632178,0.1578947368421052,1,Q4,High,2024-03,2025-12,0,0,Recent,1,0,1,0.4198717948717948
25,Female,1,0,0,Partnership,low,7,125.46,25.8125,0.2291666666666666,48.57,11.446,1.824,9.12,0.1580863234529381,0.1041666666666666,1,Q3,Mid-High,2024-03,2025-11,0,0,Recent,0,0,1,0.5827991452991452
36,Male,0,3,0,Organic,low,1,52.04,19.49411764705882,0.2941176470588235,31.08,12.926666666666668,2.566666666666667,7.7,0.1985559566787003,0.1764705882352941,1,Q1,High,2025-04,2025-11,0,0,Recent,0,0,1,0.3322649572649572
67,Female,0,6,1,Ads,medium,5,53.3,22.095,0.15,4.22,4.76,0.54,0.54,0.1134453781512605,0.05,0,Q1,Low,2024-10,2025-11,0,0,Recent,0,0,1,0.4006410256410256
46,Male,2,13,0,Ads,medium,3,105.38,22.785714285714285,0.2571428571428571,44.04,14.586666666666666,0.22,0.6600000000000001,0.0147651006711409,0.0857142857142857,0,Q2,Mid-Low,2023-11,2025-12,0,0,Mid-Recent,0,0,1,0.30502136752136755
21,Female,1,63,0,Partnership,medium,5,134.65,25.8531914893617,0.1489361702127659,47.79,12.848,3.29,16.45,0.2560709838107098,0.1063829787234042,1,Q3,Mid-High,2025-03,2025-12,1,1,Inactive,0,0,0,0.32852564102564097
31,Female,1,9,0,Ads,high,8,207.77,26.406,0.06,33.08,17.62,1.2799999999999994,2.5599999999999987,0.0718294051627384,0.04,0,Q4,Low,2023-06,2025-11,0,0,Mid-Recent,1,0,1,0.4107905982905983
19,Other,1,9,0,Ads,medium,2,105.8,24.54516129032258,0.2580645161290322,41.37,10.385,0.5049999999999999,2.02,0.0465545056464623,0.1290322580645161,1,Q2,High,2024-12,2025-12,0,0,Mid-Recent,0,0,1,0.5101495726495726
53,Male,0,13,1,Referral,high,8,280.78,23.153623188405795,0.1304347826086956,79.17,16.576,0.7659999999999999,3.83,0.046144578313253,0.072463768115942,0,Q4,Mid-Low,2025-05,2025-12,0,0,Mid-Recent,1,0,1,0.7003205128205128
49,Other,7,33,1,Partnership,medium,1,111.15,25.87297297297297,0.2162162162162162,123.35,19.66714285714286,2.0457142857142854,14.319999999999997,0.1040168518922059,0.1891891891891892,1,Q2,High,2023-03,2025-10,1,1,Inactive,0,0,0,0.5288461538461539
62,Other,6,38,0,Organic,medium,4,183.15,26.67142857142857,0.2653061224489796,96.64,10.922,1.263,12.63,0.1155852475519355,0.2040816326530612,1,Q4,High,2023-09,2025-11,1,1,Inactive,1,1,0,0.44818376068376065
43,Male,2,0,0,Ads,medium,5,138.87,25.92708333333333,0.1458333333333333,58.55,14.206,2.4960000000000004,12.480000000000002,0.1757004082781923,0.1041666666666666,1,Q3,Mid-High,2024-04,2025-12,0,0,Recent,0,0,1,0.4786324786324786
33,Female,4,39,0,Organic,medium,9,75.7,27.783870967741933,0.1612903225806451,31.59,12.6,2.1366666666666667,6.41,0.1686842105263158,0.0967741935483871,1,Q1,Mid-High,2025-10,2025-12,1,1,Inactive,0,0,0,0.2601495726495726
40,Male,2,7,0,Referral,high,4,215.27,25.3531914893617,0.1489361702127659,50.45,13.04,2.95,14.75,0.2262269938650306,0.1063829787234042,1,Q4,Mid-High,2024-06,2025-12,0,0,Recent,1,0,1,0.5854700854700854
28,Other,3,16,0,Referral,medium,8,97.13,22.422857142857143,0.1714285714285714,39.31,13.5075,3.68,14.72,0.2724412363501758,0.1142857142857142,1,Q2,Mid-High,2025-01,2025-11,0,0,Mid-Inactive,0,0,0,0.49946581196581197
48,Female,4,1,0,Referral,medium,6,104.98,26.15,0.0833333333333333,3.32,4.76,1.44,1.44,0.3025210084033613,0.0277777777777777,0,Q2,Low,2024-01,2025-12,0,0,Recent,0,0,1,0.281517094017094
44,Female,0,20,0,Ads,medium,7,67.51,23.578571428571426,0.1428571428571428,15.03,8.004999999999999,0.695,1.39,0.084652862362972,0.0714285714285714,0,Q1,Mid-Low,2023-09,2025-12,1,0,Mid-Inactive,0,0,0,0.46955128205128205
25,Male,3,35,0,Referral,medium,1,103.3,22.593939393939397,0.2121212121212121,61.77,16.253333333333334,5.958333333333333,35.75,0.366591468416735,0.1818181818181818,1,Q2,High,2023-05,2025-11,1,1,Inactive,0,0,0,0.3520299145299145
25,Male,7,21,0,Referral,medium,6,223.93,28.13088235294118,0.1470588235294117,39.66,12.196000000000002,4.318,21.59,0.3524897959183673,0.0735294117647058,0,Q4,Mid-Low,2024-09,2025-12,1,0,Mid-Inactive,1,1,0,0.5779914529914529
66,Other,8,17,0,Referral,low,6,146.72,23.766037735849054,0.1509433962264151,64.22999999999999,14.303999999999998,1.852,9.26,0.1260035378963124,0.0943396226415094,1,Q3,Mid-High,2023-02,2025-10,0,0,Mid-Inactive,0,0,0,0.38888888888888884
25,Male,9,0,0,Partnership,high,10,302.22,25.21710526315789,0.1447368421052631,81.55,14.148571428571428,2.52,17.64,0.1778405081157374,0.0921052631578947,1,Q4,Mid-High,2025-09,2025-12,0,0,Recent,1,0,1,0.35523504273504275
20,Male,5,50,1,Partnership,medium,0,124.16,25.889473684210525,0.0526315789473684,45.68000000000001,26.0,3.1599999999999984,6.319999999999997,0.1215384615384614,0.0526315789473684,0,Q3,Low,2023-08,2025-12,1,1,Inactive,0,0,0,0.2761752136752137
60,Other,5,12,0,Ads,medium,3,115.18,27.26923076923077,0.1538461538461538,21.52,12.23,1.4700000000000009,2.9400000000000017,0.1201962387571546,0.0512820512820512,0,Q2,Low,2024-09,2025-12,0,0,Mid-Recent,0,0,1,0.5373931623931624
20,Female,2,12,0,Partnership,medium,6,175.19,24.70892857142857,0.0714285714285714,9.85,4.97,0.2950000000000001,0.5900000000000003,0.0565134099616858,0.0357142857142857,0,Q4,Low,2024-01,2025-12,0,0,Mid-Recent,1,0,1,0.5336538461538461
52,Male,4,15,1,Partnership,medium,3,109.2,27.05806451612903,0.064516129032258,0.0,0.0,0.0,0.0,0.0,0.0,0,Q2,Low,2025-01,2025-12,0,0,Mid-Inactive,0,0,0,0.1907051282051282
27,Female,4,4,1,Referral,high,1,117.04,24.44074074074074,0.2592592592592592,34.53,10.32,3.414,17.07,0.3308139534883721,0.1851851851851851,1,Q2,High,2024-04,2025-12,0,0,Recent,0,0,1,0.4236111111111111
68,Other,1,2,0,Ads,high,2,134.05,25.07741935483871,0.1935483870967742,50.46,16.57,4.22,16.88,0.2506682506682506,0.1290322580645161,1,Q3,High,2025-10,2025-12,0,0,Recent,0,0,1,0.16987179487179485
60,Female,3,32,0,Ads,medium,4,48.27,24.1,0.1666666666666666,48.28,25.5,2.4000000000000004,4.800000000000001,0.0904295403165034,0.1111111111111111,1,Q1,Mid-High,2024-04,2025-12,1,1,Inactive,0,0,0,0.3782051282051282
19,Other,4,5,1,Organic,medium,5,174.74,25.081818181818186,0.2,74.75,14.921666666666669,2.596666666666667,15.580000000000002,0.1724786892505258,0.109090909090909,1,Q4,Mid-High,2024-03,2025-11,0,0,Recent,1,0,1,0.4807692307692308
68,Male,0,43,0,Ads,low,1,91.19,23.873529411764707,0.088235294117647,43.24,15.839999999999998,1.66,4.98,0.1032766486934882,0.088235294117647,1,Q2,Mid-High,2025-07,2025-12,1,1,Inactive,0,0,0,0.37713675213675213
49,Male,0,18,0,Ads,medium,6,57.65,22.65416666666667,0.0416666666666666,15.32,13.97,0.0,0.0,0.0,0.0416666666666666,0,Q1,Low,2024-11,2025-12,0,0,Mid-Inactive,0,0,0,0.17467948717948717
35,Male,0,11,0,Organic,medium,7,120.44,23.124324324324323,0.027027027027027,0.0,0.0,0.0,0.0,0.0,0.0,0,Q2,Low,2023-10,2025-11,0,0,Mid-Recent,0,0,1,0.5080128205128205
42,Female,5,30,0,Ads,medium,3,96.61,28.227272727272727,0.1818181818181818,30.4,16.0,1.29,2.58,0.0782292298362644,0.0606060606060606,0,Q2,Mid-Low,2023-12,2025-12,1,1,Inactive,0,0,0,0.5395299145299146
65,Male,4,10,0,Ads,high,7,140.04,24.45675675675676,0.1081081081081081,35.54,15.26,3.4133333333333327,10.239999999999998,0.2236784622105722,0.081081081081081,0,Q3,Mid-Low,2023-04,2025-10,0,0,Mid-Recent,0,0,1,0.23023504273504272
25,Female,3,51,0,Partnership,low,4,81.32000000000001,24.313333333333333,0.1333333333333333,12.03,11.75,0.0,0.0,0.0,0.0333333333333333,0,Q1,Low,2024-11,2025-11,1,1,Inactive,0,0,0,0.31837606837606836
35,Male,0,13,0,Referral,low,2,31.05,28.05,0.0714285714285714,0.0,0.0,0.0,0.0,0.0,0.0,0,Q1,Low,2024-02,2025-10,0,0,Mid-Recent,0,0,1,0.09722222222222222
45,Female,9,31,0,Partnership,high,8,220.99,26.28793103448276,0.1724137931034483,66.8,20.4375,4.1325,16.53,0.1983679347173887,0.0689655172413793,0,Q4,Mid-Low,2024-11,2025-12,1,1,Inactive,1,1,0,0.4449786324786325
36,Other,3,4,0,Organic,medium,3,194.09,23.312727272727276,0.0909090909090909,16.35,13.345,5.17,10.34,0.3874110153615586,0.0363636363636363,0,Q4,Low,2023-03,2025-11,0,0,Recent,1,0,1,0.5154914529914529
61,Other,5,62,0,Ads,medium,0,164.93,28.724444444444444,0.1555555555555555,22.89,10.403333333333334,2.773333333333333,8.32,0.2665812239666773,0.0666666666666666,0,Q3,Mid-Low,2024-03,2025-12,1,1,Inactive,0,0,0,0.5352564102564102
21,Male,4,9,0,Organic,medium,0,181.48,24.16851851851852,0.1851851851851851,49.22,11.328333333333331,3.125,18.75,0.2758569957334118,0.1111111111111111,1,Q4,Mid-High,2024-09,2025-12,0,0,Mid-Recent,1,0,1,0.657051282051282
67,Other,3,88,0,Organic,medium,2,98.23,22.91290322580645,0.064516129032258,13.38,22.0,8.62,8.62,0.3918181818181818,0.032258064516129,0,Q2,Low,2025-03,2025-12,1,1,Inactive,0,0,0,0.4129273504273504
22,Female,6,3,0,Organic,medium,6,131.78,26.477777777777774,0.1333333333333333,34.19,11.285,2.7375,10.95,0.2425786442179884,0.0888888888888888,1,Q3,Mid-High,2024-08,2025-11,0,0,Recent,0,0,1,0.5491452991452992
29,Male,1,20,0,Partnership,low,8,74.04,25.03333333333333,0.1212121212121212,19.63,10.993333333333334,4.45,13.35,0.4047907822922983,0.0909090909090909,1,Q1,Mid-High,2024-05,2025-12,1,0,Mid-Inactive,0,0,0,0.5395299145299146
47,Female,4,9,0,Referral,medium,7,153.99,26.825000000000003,0.1346153846153846,42.68,14.14,3.47,13.88,0.2454031117397453,0.0769230769230769,0,Q3,Mid-Low,2025-10,2025-12,0,0,Mid-Recent,0,0,1,0.28739316239316237
67,Male,4,2,1,Referral,high,7,376.22,23.10581395348837,0.1395348837209302,96.68,19.125,3.0116666666666667,18.07,0.1574727668845316,0.0697674418604651,0,Q4,Mid-Low,2024-03,2025-12,0,0,Recent,1,0,1,0.7868589743589743
53,Male,1,11,0,Partnership,low,3,146.61,23.19787234042553,0.1489361702127659,53.54,13.898,3.1899999999999995,15.949999999999998,0.2295294286947762,0.1063829787234042,1,Q3,Mid-High,2025-08,2025-12,0,0,Mid-Recent,0,0,1,0.5368589743589743
49,Male,6,1,0,Referral,high,6,213.38,24.95714285714286,0.2244897959183673,105.5,20.33333333333333,2.8383333333333334,17.03,0.1389863706847302,0.1224489795918367,1,Q4,High,2023-08,2025-11,0,0,Recent,1,0,1,0.42040598290598286
64,Other,4,3,1,Partnership,high,7,229.39,28.226785714285715,0.25,110.38,12.327,1.349,13.49,0.1089044966497134,0.1785714285714285,1,Q4,High,2024-07,2025-12,0,0,Recent,1,0,1,0.6169871794871795
19,Other,1,62,1,Organic,medium,4,75.81,23.042857142857144,0.1785714285714285,25.93,10.76,2.1166666666666667,6.35,0.1967162329615861,0.1071428571428571,1,Q1,Mid-High,2025-03,2025-11,1,1,Inactive,0,0,0,0.39316239316239315
30,Other,4,8,0,Partnership,high,12,322.16,25.33846153846154,0.0897435897435897,96.28,14.922857142857143,1.625714285714286,11.38,0.1057031395132825,0.0897435897435897,1,Q4,Mid-High,2024-06,2025-12,0,0,Mid-Recent,1,0,1,0.43322649572649574
21,Female,2,0,0,Organic,medium,7,125.07,25.558536585365857,0.2439024390243902,76.09,12.3975,3.06125,24.49,0.243487770928614,0.1951219512195122,1,Q3,High,2024-05,2025-11,0,0,Recent,0,0,1,0.5945512820512819
41,Other,5,9,0,Partnership,medium,6,98.15,23.07714285714286,0.2571428571428571,41.39,13.82,3.4725,13.89,0.2512662807525325,0.1142857142857142,1,Q2,Mid-High,2024-05,2025-11,0,0,Mid-Recent,0,0,1,0.33279914529914534
29,Male,3,115,1,Referral,low,6,74.01,25.24642857142857,0.25,79.52,15.410000000000002,2.2066666666666666,13.24,0.1427339370418283,0.2142857142857142,1,Q1,High,2023-07,2025-12,1,1,Inactive,0,0,0,0.49732905982905984
29,Female,3,39,1,Partnership,low,6,103.51,27.395,0.05,11.9,14.0,2.1,2.1,0.1499999999999999,0.025,0,Q2,Low,2023-01,2025-11,1,1,Inactive,0,0,0,0.48611111111111105
56,Female,0,6,1,Referral,low,3,93.88,24.2125,0.125,17.93,12.245,3.28,6.56,0.2678644344630461,0.0625,0,Q2,Mid-Low,2023-11,2025-11,0,0,Recent,0,0,1,0.44497863247863245
18,Female,4,21,0,Ads,medium,6,55.73,24.069230769230767,0.1923076923076923,26.17,11.333333333333334,2.6100000000000003,7.830000000000001,0.2302941176470588,0.1153846153846153,1,Q1,Mid-High,2024-11,2025-12,1,0,Mid-Inactive,0,0,0,0.30822649572649574
34,Female,5,26,1,Partnership,low,9,121.19,21.414,0.14,34.05,7.616666666666667,1.9466666666666663,11.68,0.2554122020555434,0.12,1,Q2,High,2024-01,2025-12,1,0,Mid-Inactive,0,0,0,0.3482905982905983
55,Male,1,10,0,Ads,medium,5,116.43,24.28918918918919,0.2162162162162162,83.54,14.657142857142857,2.7271428571428564,19.09,0.1860079898665107,0.1891891891891892,1,Q2,High,2025-07,2025-12,0,0,Mid-Recent,0,0,1,0.2857905982905983
21,Female,3,48,0,Partnership,high,6,187.08,24.544897959183675,0.1224489795918367,58.64,12.6,2.891666666666666,17.349999999999998,0.2283195157257533,0.1224489795918367,1,Q4,High,2025-10,2025-12,1,1,Inactive,1,1,0,0.2606837606837607
39,Other,3,7,0,Referral,medium,10,135.3,26.28627450980392,0.2156862745098039,85.83,18.495,4.19,25.14,0.2265477155988104,0.1176470588235294,1,Q3,High,2025-04,2025-12,0,0,Recent,0,0,1,0.2761752136752137
55,Female,1,26,0,Referral,low,4,114.74,26.141463414634146,0.1463414634146341,11.07,12.0,0.9299999999999996,0.9299999999999996,0.0774999999999999,0.024390243902439,0,Q2,Low,2023-09,2025-10,1,0,Mid-Inactive,0,0,0,0.4348290598290598
65,Other,2,11,0,Ads,high,13,227.96,23.085245901639347,0.1639344262295081,26.36,9.66,1.163333333333333,3.4899999999999998,0.1169179229480736,0.0491803278688524,0,Q4,Low,2024-09,2025-12,0,0,Mid-Recent,1,0,1,0.49946581196581197
66,Other,7,21,0,Referral,medium,8,136.11,27.04583333333333,0.125,60.56,20.58333333333333,1.2466666666666668,3.74,0.0581648522550544,0.0625,0,Q3,Mid-Low,2023-08,2025-12,1,0,Mid-Inactive,0,0,0,0.4091880341880342
38,Male,8,20,0,Organic,high,10,221.41,24.61896551724138,0.1724137931034483,22.6,5.3100000000000005,0.8640000000000001,4.32,0.1604754829123328,0.0862068965517241,0,Q4,Mid-Low,2024-03,2025-12,1,0,Mid-Inactive,1,1,0,0.3269230769230769
59,Other,3,26,1,Partnership,medium,9,113.43,25.295454545454547,0.1590909090909091,81.78,15.793333333333337,2.391666666666667,14.35,0.1492770207011339,0.1363636363636363,1,Q2,High,2023-05,2025-10,1,0,Mid-Inactive,0,0,0,0.5379273504273504
59,Male,2,25,1,Partnership,medium,4,74.79,25.71153846153846,0.1153846153846153,21.14,20.0,0.0,0.0,0.0,0.0384615384615384,0,Q1,Low,2023-09,2025-12,1,0,Mid-Inactive,0,0,0,0.25961538461538464
44,Female,3,16,0,Referral,high,7,274.0,24.42096774193548,0.064516129032258,52.39,17.093333333333334,0.2733333333333328,0.8199999999999985,0.0154106370982897,0.0483870967741935,0,Q4,Low,2025-07,2025-12,0,0,Mid-Inactive,1,0,0,0.3370726495726496
27,Male,1,17,0,Organic,high,5,302.62,25.452380952380956,0.2063492063492063,68.32000000000001,12.422857142857142,2.697142857142857,18.88,0.2165137614678899,0.1111111111111111,1,Q4,Mid-High,2024-02,2025-12,0,0,Mid-Inactive,1,0,0,0.5357905982905984
54,Female,0,34,0,Ads,low,5,125.97,21.434,0.12,25.39,12.806666666666668,4.343333333333333,13.03,0.3391462779802186,0.06,0,Q3,Mid-Low,2024-04,2025-12,1,1,Inactive,0,0,0,0.5288461538461539
29,Male,1,31,1,Referral,low,5,95.94,25.991891891891893,0.1351351351351351,26.96,11.586666666666666,2.8466666666666662,8.54,0.2405633802816901,0.081081081081081,0,Q2,Mid-Low,2024-01,2025-11,1,1,Inactive,0,0,0,0.40384615384615385
63,Female,5,2,0,Partnership,high,4,194.53,26.135416666666668,0.1666666666666666,49.13,11.586,1.988,9.94,0.1682749280514643,0.1041666666666666,1,Q4,Mid-High,2023-03,2025-11,0,0,Recent,1,0,1,0.5272435897435896
47,Male,2,31,0,Ads,medium,3,171.88,23.582978723404256,0.1063829787234042,39.6,12.76,3.135,12.54,0.240506329113924,0.0851063829787234,0,Q4,Mid-Low,2024-11,2025-12,1,1,Inactive,1,1,0,0.5090811965811965
21,Male,4,23,0,Organic,low,3,91.08,25.90909090909091,0.1212121212121212,8.34,6.88,2.71,5.42,0.3938953488372093,0.0606060606060606,0,Q2,Mid-Low,2024-08,2025-12,1,0,Mid-Inactive,0,0,0,0.22008547008547008
33,Female,1,10,0,Ads,high,7,275.02,25.166129032258063,0.1774193548387097,70.63,14.905,3.133333333333333,18.8,0.210220284021022,0.0967741935483871,1,Q4,Mid-High,2024-11,2025-11,0,0,Mid-Recent,1,0,1,0.3648504273504274
19,Other,9,15,0,Referral,low,7,166.29,25.5875,0.125,36.53,14.76,2.5833333333333326,7.749999999999998,0.1750225835591689,0.046875,0,Q4,Low,2024-01,2025-12,0,0,Mid-Inactive,1,0,0,0.3942307692307693
34,Female,2,1,0,Ads,low,5,138.29,27.81153846153846,0.1346153846153846,29.28,14.68,4.919999999999999,14.759999999999998,0.3351498637602179,0.0576923076923076,0,Q3,Mid-Low,2024-11,2025-12,0,0,Recent,0,0,1,0.39155982905982906
51,Other,1,3,1,Partnership,medium,5,43.29,27.794444444444444,0.0555555555555555,0.0,0.0,0.0,0.0,0.0,0.0,0,Q1,Low,2024-11,2025-12,0,0,Recent,0,0,1,0.4823717948717949
52,Male,2,9,0,Referral,high,9,255.63,25.942857142857143,0.1111111111111111,60.66,13.96,1.828,9.14,0.130945558739255,0.0793650793650793,0,Q4,Mid-Low,2025-10,2025-12,0,0,Mid-Recent,1,0,1,0.34134615384615385
44,Female,5,42,0,Partnership,high,3,129.27,28.44848484848485,0.2727272727272727,37.74,8.308333333333334,2.075,12.45,0.2480573819485953,0.1818181818181818,1,Q3,High,2023-12,2025-11,1,1,Inactive,0,0,0,0.49786324786324787
42,Other,5,59,0,Organic,medium,2,115.75,22.8,0.1111111111111111,55.09,18.32,5.095,20.38,0.2700410759242083,0.1111111111111111,1,Q2,Mid-High,2024-05,2025-12,1,1,Inactive,0,0,0,0.33012820512820507
28,Other,5,0,0,Organic,high,10,225.01,29.748387096774195,0.1612903225806451,100.93,14.10125,1.90125,15.209999999999996,0.1309626313070432,0.1290322580645161,1,Q4,High,2024-05,2025-12,0,0,Recent,1,0,1,0.5523504273504274
53,Other,3,9,0,Partnership,low,4,65.78,22.12962962962963,0.1481481481481481,34.81,14.14,2.536666666666666,7.609999999999999,0.1793965110796793,0.1111111111111111,1,Q1,Mid-High,2023-08,2025-10,0,0,Mid-Recent,0,0,1,0.19444444444444442
60,Other,0,12,0,Organic,low,5,91.62,23.102941176470587,0.088235294117647,12.87,22.0,9.13,9.13,0.415,0.0294117647058823,0,Q2,Low,2025-06,2025-12,0,0,Mid-Recent,0,0,1,0.5576923076923077
32,Other,1,104,0,Organic,medium,6,179.77,28.513793103448275,0.1724137931034483,46.35,11.871666666666668,4.373333333333333,26.24,0.3614822978371676,0.1034482758620689,1,Q4,Mid-High,2024-07,2025-12,1,1,Inactive,1,1,0,0.5144230769230769
25,Female,4,32,0,Referral,low,6,182.2,25.422727272727272,0.106060606060606,52.93,13.918,3.3319999999999994,16.659999999999997,0.2394022129616323,0.0757575757575757,0,Q4,Mid-Low,2024-04,2025-12,1,1,Inactive,1,1,0,0.35416666666666674
29,Female,7,0,1,Ads,medium,5,252.38,25.655555555555555,0.0972222222222222,17.53,9.66,0.8949999999999998,1.7899999999999996,0.0926501035196687,0.0277777777777777,0,Q4,Low,2023-07,2025-12,0,0,Recent,1,0,1,0.5742521367521367
40,Male,5,9,1,Partnership,low,2,108.53,28.786486486486485,0.1351351351351351,89.72,24.5,2.89,11.56,0.1141390205371247,0.1081081081081081,1,Q2,Mid-High,2023-02,2025-12,0,0,Mid-Recent,0,0,1,0.46634615384615385
56,Female,1,1,1,Partnership,high,8,189.97,24.79,0.18,88.58,19.756,2.22,11.1,0.1113563402889245,0.1,1,Q4,Mid-High,2023-09,2025-12,0,0,Recent,1,0,1,0.5219017094017094
64,Female,8,29,0,Referral,medium,4,227.31,26.311764705882357,0.0735294117647058,39.92,12.32,2.34,9.36,0.1899350649350649,0.0588235294117647,0,Q4,Mid-Low,2024-04,2025-12,1,0,Inactive,1,1,0,0.5710470085470085
37,Male,0,43,1,Partnership,medium,0,14.55,18.83333333333333,0.0,0.0,0.0,0.0,0.0,0.0,0.0,0,Q1,Low,2023-01,2025-04,1,1,Inactive,0,0,0,0.2932692307692308
39,Male,3,32,0,Ads,medium,3,99.42,27.445714285714285,0.2,21.49,7.745,2.425,9.7,0.3109971144597627,0.1142857142857142,1,Q2,Mid-High,2023-08,2025-09,1,1,Inactive,0,0,0,0.5966880341880342
66,Male,0,57,0,Organic,medium,7,115.78,27.09047619047619,0.1428571428571428,47.72,21.666666666666668,5.759999999999999,17.279999999999998,0.2658461538461538,0.0714285714285714,0,Q2,Mid-Low,2024-10,2025-12,1,1,Inactive,0,0,0,0.45993589743589747
54,Male,1,39,0,Partnership,medium,11,123.36,24.082978723404256,0.1276595744680851,26.22,14.985,2.005,4.01,0.1326496857426397,0.0425531914893617,0,Q3,Low,2023-03,2025-12,1,1,Inactive,0,0,0,0.4674145299145299
45,Male,5,28,1,Partnership,high,6,299.11,24.373972602739727,0.0958904109589041,40.86,12.37,2.3,9.2,0.183779464642429,0.0547945205479452,0,Q4,Low,2024-07,2025-11,1,0,Inactive,1,1,0,0.6965811965811965
46,Other,1,38,1,Partnership,medium,7,94.32,25.68235294117647,0.0588235294117647,3.21,3.18,0.0,0.0,0.0,0.0294117647058823,0,Q2,Low,2023-03,2025-12,1,1,Inactive,0,0,0,0.5576923076923077
23,Female,1,14,0,Ads,high,7,178.87,21.228571428571428,0.2619047619047619,41.65,12.8725,2.4599999999999995,9.839999999999998,0.1911050689454262,0.0952380952380952,1,Q4,Mid-High,2024-04,2025-12,0,0,Mid-Recent,1,0,1,0.4182692307692307
40,Other,1,9,0,Ads,medium,6,77.3,26.375,0.2142857142857142,52.63,18.8675,5.8625,23.45,0.3082281808622502,0.1428571428571428,1,Q1,High,2023-10,2025-11,0,0,Mid-Recent,0,0,1,0.37232905982905984
31,Female,3,0,0,Referral,medium,9,243.8,26.42236842105263,0.2236842105263158,73.38,13.038571428571428,2.5557142857142865,17.890000000000004,0.1960118330228991,0.0921052631578947,1,Q4,Mid-High,2023-06,2025-11,0,0,Recent,1,0,1,0.43856837606837606
20,Female,2,25,1,Referral,medium,3,96.52,26.142424242424244,0.1515151515151515,61.08,17.25,1.98,7.92,0.1147826086956521,0.1212121212121212,1,Q2,High,2023-01,2025-12,1,0,Mid-Inactive,0,0,0,0.24786324786324787
28,Female,3,16,0,Organic,high,4,200.35,25.12,0.1,33.730000000000004,19.0,2.135,4.27,0.1123684210526315,0.04,0,Q4,Low,2023-07,2025-11,0,0,Mid-Inactive,1,0,0,0.4802350427350427
25,Other,2,31,0,Partnership,medium,6,99.21,23.014705882352946,0.2058823529411764,73.06,15.295,3.1183333333333336,18.71,0.2038792633758308,0.1764705882352941,1,Q2,High,2024-09,2025-12,1,1,Inactive,0,0,0,0.37713675213675213
30,Other,3,9,0,Organic,high,9,339.37,24.767857142857142,0.2023809523809523,104.61,11.17,2.605,31.26,0.2300728637668359,0.1428571428571428,1,Q4,High,2024-04,2025-12,0,0,Mid-Recent,1,0,1,0.5491452991452992
43,Male,2,98,0,Partnership,low,5,101.2,23.36590909090909,0.2272727272727272,46.45,19.25,3.9566666666666666,11.87,0.2035322359396433,0.0681818181818181,0,Q2,Mid-Low,2023-10,2025-12,1,1,Inactive,0,0,0,0.5101495726495726
62,Female,6,28,0,Referral,medium,4,185.93,26.047272727272727,0.1818181818181818,87.93,16.011666666666667,1.6966666666666663,10.18,0.1037610844969931,0.109090909090909,1,Q4,Mid-High,2025-03,2025-12,1,0,Inactive,1,1,0,0.38354700854700857
27,Male,4,25,1,Referral,medium,5,138.3,26.681818181818183,0.1590909090909091,81.82,19.056,2.772,13.86,0.1448578595317725,0.1136363636363636,1,Q3,Mid-High,2024-06,2025-11,1,0,Mid-Inactive,0,0,0,0.3295940170940171
51,Male,1,18,0,Organic,low,5,90.37,23.391666666666666,0.1388888888888889,33.53,13.726666666666668,2.5500000000000003,7.65,0.1857697911607576,0.0833333333333333,0,Q1,Mid-Low,2023-11,2025-11,0,0,Mid-Inactive,0,0,0,0.28846153846153844
34,Other,0,11,0,Ads,low,6,64.72,21.853571428571428,0.1785714285714285,42.010000000000005,18.41333333333333,4.41,13.23,0.2395003620564808,0.1071428571428571,1,Q1,Mid-High,2023-04,2025-10,0,0,Mid-Recent,0,0,1,0.5181623931623932
53,Female,3,29,0,Partnership,medium,7,136.43,24.768,0.1,56.35,14.57,0.81,3.24,0.0543715388488001,0.08,0,Q3,Mid-Low,2025-08,2025-12,1,0,Inactive,0,0,0,0.5774572649572649
38,Female,4,13,1,Organic,high,4,192.72,25.323913043478264,0.2391304347826087,107.43,16.15125,2.9400000000000004,23.520000000000003,0.1796105383734249,0.1739130434782608,1,Q4,High,2024-03,2025-11,0,0,Mid-Recent,1,0,1,0.2895299145299145
57,Male,4,1,1,Referral,high,9,247.11,28.049206349206347,0.1904761904761904,43.64,12.4825,2.0575,8.229999999999999,0.1586658955080007,0.0634920634920634,0,Q4,Mid-Low,2023-08,2025-12,0,0,Recent,1,0,1,0.5566239316239316
62,Female,0,34,0,Organic,medium,3,131.01,26.014285714285712,0.0714285714285714,25.69,14.0,1.5099999999999998,3.02,0.1051898293277603,0.0476190476190476,0,Q3,Low,2024-03,2025-12,1,1,Inactive,0,0,0,0.2863247863247863
23,Female,5,3,0,Ads,low,10,152.09,29.175,0.1333333333333333,57.12,15.136,3.842,19.21,0.2516703786191537,0.0833333333333333,0,Q3,Mid-Low,2023-02,2025-11,0,0,Recent,0,0,1,0.4674145299145299
38,Male,0,5,0,Ads,low,2,104.32,24.572222222222223,0.0277777777777777,0.0,0.0,0.0,0.0,0.0,0.0,0,Q2,Low,2024-12,2025-12,0,0,Recent,0,0,1,0.28846153846153844
34,Female,2,15,0,Referral,medium,4,78.59,24.451612903225808,0.064516129032258,30.8,15.64,0.5,1.0,0.0314465408805031,0.064516129032258,0,Q1,Mid-Low,2025-10,2025-12,0,0,Mid-Inactive,0,0,0,0.2115384615384615
21,Male,7,20,0,Ads,high,8,224.4,26.159322033898302,0.1694915254237288,74.92,14.115,4.75,38.0,0.3365214311016649,0.135593220338983,1,Q4,High,2025-01,2025-12,1,0,Mid-Inactive,1,1,0,0.45619658119658124
34,Male,2,9,0,Organic,medium,3,50.0,25.325,0.125,15.0,19.0,4.0,4.0,0.2105263157894736,0.0625,0,Q1,Mid-Low,2023-04,2025-11,0,0,Mid-Recent,0,0,1,0.1613247863247863
68,Other,8,16,0,Partnership,medium,8,136.93,24.01489361702128,0.0851063829787234,15.9,7.8,0.1849999999999998,0.3699999999999996,0.0227412415488629,0.0425531914893617,0,Q3,Low,2024-06,2025-12,0,0,Mid-Inactive,0,0,0,0.4326923076923077
38,Female,9,13,0,Ads,high,9,235.79,24.24576271186441,0.1525423728813559,73.77,17.115,4.82,28.92,0.2816243061641835,0.1016949152542373,1,Q4,Mid-High,2023-03,2025-12,0,0,Mid-Recent,1,0,1,0.6714743589743589
45,Female,4,9,1,Partnership,medium,6,110.7,26.68095238095238,0.1904761904761904,82.6,14.5,2.7,18.9,0.1862068965517241,0.1666666666666666,1,Q2,High,2023-05,2025-09,0,0,Mid-Recent,0,0,1,0.39049145299145294
54,Female,4,40,0,Organic,high,4,178.08,26.43243243243243,0.2162162162162162,69.38,16.466666666666665,4.903333333333333,29.42,0.2977732793522267,0.1621621621621621,1,Q4,High,2023-03,2025-11,1,1,Inactive,1,1,0,0.5080128205128205
56,Male,0,9,1,Ads,medium,2,52.34,26.677777777777777,0.1666666666666666,5.52,3.25,0.49,0.98,0.1507692307692307,0.1111111111111111,1,Q1,Mid-High,2023-05,2025-10,0,0,Mid-Recent,0,0,1,0.3504273504273504
43,Female,0,12,0,Ads,medium,8,94.62,23.88048780487805,0.2195121951219512,87.55,18.434285714285718,5.927142857142857,41.49,0.3215282083075015,0.1707317073170731,1,Q2,High,2024-10,2025-11,0,0,Mid-Recent,0,0,1,0.532051282051282
21,Male,4,8,0,Organic,medium,3,80.96,24.52962962962963,0.1111111111111111,25.86,13.656666666666666,5.036666666666666,15.11,0.3688064437393215,0.1111111111111111,1,Q1,Mid-High,2024-11,2025-11,0,0,Mid-Recent,0,0,1,0.2638888888888889
18,Other,8,39,0,Ads,high,5,220.3,22.113793103448277,0.1206896551724138,62.02,14.88,4.675,28.05,0.3114244476518263,0.1034482758620689,1,Q4,Mid-High,2024-02,2025-12,1,1,Inactive,1,1,0,0.3547008547008547
27,Female,9,2,0,Partnership,medium,8,242.55,23.73623188405797,0.144927536231884,82.22,17.385,3.9216666666666655,23.53,0.2225059101654846,0.0869565217391304,0,Q4,Mid-Low,2025-05,2025-12,0,0,Recent,1,0,1,0.5544871794871795
37,Female,2,8,0,Organic,low,5,102.59,23.347368421052632,0.1052631578947368,24.98,19.12,6.630000000000001,13.260000000000002,0.3467573221757323,0.0526315789473684,0,Q2,Low,2023-05,2025-11,0,0,Mid-Recent,0,0,1,0.2831196581196581
24,Male,1,3,0,Organic,high,9,219.49,22.47962962962963,0.1111111111111111,46.39,14.6275,3.1825,12.73,0.2153247631935047,0.074074074074074,0,Q4,Mid-Low,2024-09,2025-12,0,0,Recent,1,0,1,0.37232905982905984
50,Female,4,5,0,Referral,medium,1,145.62,24.354761904761904,0.1666666666666666,50.97,21.093333333333334,4.273333333333333,12.82,0.2009719391754193,0.0714285714285714,0,Q3,Mid-Low,2023-06,2025-11,0,0,Recent,0,0,1,0.23771367521367523
24,Female,6,10,0,Partnership,high,3,156.15,26.26341463414634,0.1951219512195122,36.54,17.353333333333335,5.173333333333333,15.519999999999998,0.2981175566653861,0.073170731707317,0,Q3,Mid-Low,2023-05,2025-11,0,0,Mid-Recent,0,0,1,0.40705128205128205
30,Male,3,32,1,Organic,medium,3,99.34,24.2551724137931,0.1724137931034483,30.21,13.173333333333332,3.103333333333333,9.31,0.235576923076923,0.1034482758620689,1,Q2,Mid-High,2025-04,2025-12,1,1,Inactive,0,0,0,0.3835470085470085
46,Male,1,11,0,Organic,medium,5,124.35,25.467441860465115,0.1395348837209302,59.260000000000005,14.008,2.1659999999999995,10.829999999999998,0.1545156227707233,0.1162790697674418,1,Q3,Mid-High,2025-07,2025-12,0,0,Mid-Recent,0,0,1,0.5128205128205128
22,Male,1,1,0,Ads,low,6,117.53,27.217777777777776,0.1111111111111111,62.97,20.31,4.77,19.08,0.2325411334552102,0.0888888888888888,1,Q2,Mid-High,2025-03,2025-12,0,0,Recent,0,0,1,0.5283119658119657
34,Male,5,1,0,Organic,medium,10,144.14,23.506122448979596,0.2448979591836734,72.48,14.708333333333334,2.775,16.65,0.1868057892965331,0.1224489795918367,1,Q3,High,2025-04,2025-12,0,0,Recent,0,0,1,0.38568376068376065
62,Other,2,18,0,Referral,medium,13,103.36,21.690243902439025,0.2439024390243902,71.73,14.376,0.1079999999999998,0.5399999999999991,0.0074719800747197,0.1219512195121951,1,Q2,High,2025-04,2025-12,0,0,Mid-Inactive,0,0,0,0.5876068376068375
58,Male,6,41,0,Organic,medium,3,121.45,24.82926829268293,0.0975609756097561,33.38,13.586666666666666,2.516666666666666,7.549999999999998,0.1844612753481553,0.073170731707317,0,Q2,Mid-Low,2023-03,2025-12,1,1,Inactive,0,0,0,0.4626068376068376
25,Other,1,25,0,Organic,medium,7,153.0,25.115686274509805,0.1568627450980392,44.41,11.254,2.5,12.5,0.219645053593393,0.0980392156862745,1,Q3,Mid-High,2024-11,2025-12,1,0,Mid-Inactive,0,0,0,0.6025641025641025
21,Male,0,46,0,Organic,medium,5,112.52,25.88809523809524,0.238095238095238,105.32,13.532222222222224,1.8711111111111112,16.84,0.1378519973804846,0.2142857142857142,1,Q2,High,2023-07,2025-11,1,1,Inactive,0,0,0,0.4113247863247863
36,Other,3,10,1,Organic,medium,4,110.47,25.735000000000003,0.2,39.1,15.493333333333334,2.4600000000000004,7.380000000000001,0.1587779690189328,0.075,0,Q2,Mid-Low,2025-02,2025-12,0,0,Mid-Recent,0,0,1,0.5138888888888888
25,Male,4,14,0,Ads,high,6,321.2,25.32133333333333,0.1333333333333333,73.95,13.8,1.805,10.83,0.1277423920736022,0.08,0,Q4,Mid-Low,2024-07,2025-12,0,0,Mid-Recent,1,0,1,0.5870726495726496
57,Other,3,0,0,Referral,medium,3,113.75,25.486486486486488,0.1081081081081081,32.480000000000004,18.0,1.7599999999999998,3.52,0.0977777777777777,0.054054054054054,0,Q2,Low,2023-11,2025-11,0,0,Recent,0,0,1,0.40384615384615385
66,Male,1,12,0,Organic,low,8,117.35,26.362222222222226,0.0888888888888888,22.12,12.28,1.4799999999999995,2.959999999999999,0.1180223285486443,0.0444444444444444,0,Q2,Low,2025-08,2025-12,0,0,Mid-Recent,0,0,1,0.28525641025641024
19,Male,9,32,1,Ads,medium,13,215.97,25.085714285714285,0.1428571428571428,61.1,11.65,2.987142857142857,20.91,0.2549689062309475,0.1,1,Q4,Mid-High,2025-04,2025-12,1,1,Inactive,1,1,0,0.6351495726495726
63,Male,1,24,0,Referral,medium,7,176.76,25.857142857142858,0.1111111111111111,43.41,11.464,2.782,13.91,0.2426727145847871,0.0793650793650793,0,Q4,Mid-Low,2025-09,2025-12,1,0,Mid-Inactive,1,1,0,0.39690170940170943
34,Female,0,3,0,Referral,high,8,196.43,27.2843137254902,0.0980392156862745,45.42,15.94,4.77,19.08,0.2958139534883721,0.0784313725490196,0,Q4,Mid-Low,2024-11,2025-12,0,0,Recent,1,0,1,0.5956196581196581
38,Other,0,21,1,Organic,medium,5,162.67,25.258823529411767,0.0784313725490196,12.36,19.0,6.640000000000001,6.640000000000001,0.3494736842105263,0.0196078431372549,0,Q3,Low,2023-07,2025-11,1,0,Mid-Inactive,0,0,0,0.4011752136752137
37,Male,5,5,0,Referral,medium,6,121.21,25.771052631578947,0.131578947368421,3.23,3.32,0.0899999999999998,0.0899999999999998,0.0271084337349397,0.0263157894736842,0,Q2,Low,2025-03,2025-11,0,0,Recent,0,0,1,0.48450854700854695
46,Female,0,9,0,Referral,low,4,108.6,24.64210526315789,0.1578947368421052,35.82,20.5,2.59,5.18,0.1263414634146341,0.0526315789473684,0,Q2,Low,2024-01,2025-10,0,0,Mid-Recent,0,0,1,0.5400641025641025
35,Female,5,13,0,Organic,medium,6,185.24,25.06842105263158,0.1578947368421052,54.65,9.83,0.8616666666666669,5.170000000000002,0.0864259445001671,0.1052631578947368,1,Q4,Mid-High,2024-05,2025-11,0,0,Mid-Recent,1,0,1,0.3295940170940171
21,Other,4,3,0,Organic,low,1,84.71000000000001,24.642424242424244,0.1818181818181818,32.87,10.5325,2.3149999999999995,9.259999999999998,0.2197958699264182,0.1212121212121212,1,Q1,High,2025-05,2025-11,0,0,Recent,0,0,1,0.2686965811965812
57,Male,1,22,0,Referral,medium,6,87.23,23.18,0.1333333333333333,16.5,12.495,4.245,8.49,0.3397358943577431,0.0666666666666666,0,Q1,Mid-Low,2025-02,2025-12,1,0,Mid-Inactive,0,0,0,0.44337606837606836
33,Other,2,18,0,Ads,medium,9,93.62,25.99473684210526,0.2631578947368421,95.55,13.7775,1.8337499999999995,14.669999999999996,0.1330974414806749,0.2105263157894736,1,Q2,High,2024-11,2025-12,0,0,Mid-Inactive,0,0,0,0.547008547008547
60,Female,5,1,0,Partnership,medium,10,166.89,22.518965517241377,0.1896551724137931,59.3,10.041428571428572,1.5742857142857145,11.02,0.156712172923777,0.1206896551724138,1,Q4,High,2025-01,2025-12,0,0,Recent,1,0,1,0.3685897435897436
21,Female,3,3,0,Partnership,medium,5,89.16,26.89032258064516,0.2258064516129032,34.75,10.24,3.29,16.45,0.3212890624999999,0.1612903225806451,1,Q1,High,2023-07,2025-12,0,0,Recent,0,0,1,0.2393162393162393
35,Female,6,0,0,Organic,high,6,169.29,26.227906976744183,0.0930232558139534,15.94,11.09,3.17,6.34,0.2845601436265709,0.0465116279069767,0,Q4,Low,2024-02,2025-12,0,0,Recent,1,0,1,0.3322649572649573
23,Other,0,19,0,Organic,high,6,263.93,23.77878787878788,0.1969696969696969,56.760000000000005,13.648,2.2960000000000003,11.48,0.1682297772567409,0.0757575757575757,0,Q4,Mid-Low,2023-03,2025-11,0,0,Mid-Inactive,1,0,0,0.638888888888889
31,Other,3,20,0,Partnership,medium,3,187.26,24.58235294117647,0.1176470588235294,24.51,9.643333333333333,1.5599999999999998,4.68,0.1603288797533401,0.0588235294117647,0,Q4,Mid-Low,2023-12,2025-12,1,0,Mid-Inactive,1,1,0,0.4358974358974359
33,Other,5,9,1,Ads,medium,1,143.79,23.9725,0.125,6.84,12.28,5.44,5.44,0.4429967426710097,0.025,0,Q3,Low,2024-08,2025-12,0,0,Mid-Recent,0,0,1,0.3055555555555556
49,Male,9,0,0,Ads,medium,8,151.11,25.30555555555556,0.2037037037037037,50.33,12.71,2.74,13.7,0.2139622052163048,0.0925925925925925,1,Q3,Mid-High,2025-08,2025-12,0,0,Recent,0,0,1,0.5251068376068376
50,Male,5,87,0,Ads,medium,8,105.25,26.0925,0.15,49.81,15.065,2.775,11.1,0.1822360860285667,0.1,1,Q2,Mid-High,2023-12,2025-11,1,1,Inactive,0,0,0,0.38888888888888884
25,Male,5,165,1,Ads,high,6,181.74,24.628888888888888,0.0444444444444444,0.0,0.0,0.0,0.0,0.0,0.0,0,Q4,Low,2024-02,2025-12,1,1,Inactive,1,1,0,0.40331196581196577
22,Other,10,5,0,Partnership,high,10,245.58,27.01044776119403,0.1641791044776119,57.49,12.986,1.5259999999999998,7.629999999999999,0.1171683046683046,0.0746268656716417,0,Q4,Mid-Low,2023-04,2025-11,0,0,Recent,1,0,1,0.33760683760683763
20,Male,2,20,0,Partnership,high,8,239.56,24.37903225806452,0.0967741935483871,56.28,11.456,0.4139999999999998,2.0699999999999994,0.0354755784061696,0.0806451612903225,0,Q4,Mid-Low,2023-09,2025-12,1,0,Mid-Inactive,1,1,0,0.3787393162393162
23,Female,4,14,0,Organic,medium,6,135.32,22.94,0.1777777777777777,53.72,10.99,2.083333333333333,12.5,0.1887647236484445,0.1333333333333333,1,Q3,High,2024-03,2025-12,0,0,Mid-Recent,0,0,1,0.47275641025641024
21,Other,0,4,0,Organic,medium,0,39.75,20.933333333333334,0.0,0.0,0.0,0.0,0.0,0.0,0.0,0,Q1,Low,2025-10,2025-12,0,0,Recent,0,0,1,0.0827991452991453
59,Male,4,27,0,Partnership,medium,0,134.92000000000002,24.42285714285714,0.0857142857142857,5.19,9.0,3.81,3.81,0.4233333333333333,0.0285714285714285,0,Q3,Low,2024-01,2025-12,1,0,Mid-Inactive,0,0,0,0.2841880341880342
59,Male,4,1,0,Organic,medium,7,114.36,23.71627906976744,0.2558139534883721,56.61,13.54,2.218,11.09,0.1638109305760708,0.1162790697674418,1,Q2,Mid-High,2024-04,2025-11,0,0,Recent,0,0,1,0.485042735042735
38,Other,0,24,0,Referral,medium,6,100.67,23.772727272727277,0.3333333333333333,87.75,14.984285714285717,2.5,17.5,0.166270783847981,0.2121212121212121,1,Q2,High,2023-05,2025-11,1,0,Mid-Inactive,0,0,0,0.4770299145299145
47,Female,2,17,0,Referral,high,10,344.37,25.3,0.1125,44.58,11.72,2.804,14.02,0.2392491467576792,0.0625,0,Q4,Mid-Low,2024-10,2025-12,0,0,Mid-Inactive,1,0,0,0.7264957264957265
65,Other,1,10,1,Partnership,medium,4,79.84,25.224137931034484,0.2413793103448276,48.47,12.416,2.774,13.87,0.2224895733076676,0.1724137931034483,1,Q1,High,2024-02,2025-11,0,0,Mid-Recent,0,0,1,0.4252136752136752
62,Male,1,17,0,Partnership,high,4,174.03,24.3,0.1463414634146341,45.71,11.664,2.522,12.609999999999998,0.2162208504801097,0.1219512195121951,1,Q4,High,2023-11,2025-11,0,0,Mid-Inactive,1,0,0,0.40705128205128205
23,Male,2,11,0,Partnership,medium,6,68.56,22.316,0.08,16.68,12.5,4.16,8.32,0.3328,0.08,0,Q1,Mid-Low,2024-11,2025-12,0,0,Mid-Recent,0,0,1,0.3178418803418803
63,Male,1,2,0,Organic,high,7,205.41,23.96,0.08,35.36,20.5,2.8200000000000003,5.640000000000001,0.1375609756097561,0.04,0,Q4,Low,2025-04,2025-12,0,0,Recent,1,0,1,0.32745726495726496
38,Male,9,2,0,Organic,medium,8,163.06,23.00172413793103,0.1724137931034483,52.13,12.116666666666667,3.428333333333333,20.57,0.2829436038514443,0.1034482758620689,1,Q3,Mid-High,2024-08,2025-11,0,0,Recent,0,0,1,0.4172008547008547
57,Male,8,61,1,Ads,medium,7,140.02,25.60204081632653,0.1020408163265306,36.08,19.14,1.0999999999999988,2.199999999999997,0.057471264367816,0.0408163265306122,0,Q3,Low,2025-09,2025-12,1,1,Inactive,0,0,0,0.4898504273504274
30,Female,4,49,0,Partnership,medium,6,59.15,23.939285714285717,0.2142857142857142,25.43,10.75,4.3925,17.57,0.4086046511627907,0.1428571428571428,1,Q1,High,2023-10,2025-12,1,1,Inactive,0,0,0,0.5042735042735043
56,Female,3,13,0,Ads,low,3,63.88,24.75925925925926,0.1481481481481481,17.58,9.725,1.0099999999999998,2.02,0.1030612244897959,0.074074074074074,0,Q1,Mid-Low,2024-09,2025-12,0,0,Mid-Recent,0,0,1,0.4097222222222222
51,Other,3,0,0,Partnership,medium,6,123.52,24.538636363636364,0.1363636363636363,45.9,12.102,2.922,14.61,0.2414476945959345,0.1136363636363636,1,Q3,Mid-High,2024-08,2025-12,0,0,Recent,0,0,1,0.2532051282051282
41,Male,1,68,0,Partnership,high,3,95.87,25.06086956521739,0.1304347826086956,25.48,17.5,4.760000000000001,9.52,0.272,0.0869565217391304,0,Q2,Mid-Low,2023-04,2025-10,1,1,Inactive,0,0,0,0.23985042735042733
22,Other,3,6,0,Partnership,low,1,84.55,25.848387096774196,0.1935483870967742,32.37,15.253333333333332,4.533333333333333,13.6,0.2958451163802479,0.0967741935483871,1,Q1,Mid-High,2023-04,2025-12,0,0,Recent,0,0,1,0.2601495726495726
33,Male,1,31,1,Referral,medium,9,119.73,24.3225,0.05,0.0,0.0,0.0,0.0,0.0,0.0,0,Q2,Low,2025-04,2025-12,1,1,Inactive,0,0,0,0.45138888888888884
47,Other,5,22,1,Partnership,medium,4,106.88,27.15882352941176,0.1176470588235294,37.84,25.5,6.58,13.16,0.2580392156862745,0.0588235294117647,0,Q2,Mid-Low,2023-06,2025-12,1,0,Mid-Inactive,0,0,0,0.49519230769230765
53,Male,6,13,0,Ads,high,8,271.61,24.13968253968254,0.0793650793650793,40.27,14.253333333333332,0.9500000000000004,2.8500000000000014,0.0660946196660482,0.0476190476190476,0,Q4,Low,2024-01,2025-11,0,0,Mid-Recent,1,0,1,0.6260683760683761
39,Other,2,1,0,Referral,medium,9,126.37,23.51276595744681,0.1914893617021276,42.3,12.52,2.3825,9.53,0.1838703453598302,0.0851063829787234,0,Q3,Mid-Low,2025-08,2025-12,0,0,Recent,0,0,1,0.44658119658119655
36,Other,1,30,0,Ads,low,1,71.58,26.3625,0.25,27.15,11.586666666666666,2.536666666666666,7.609999999999999,0.2189298043728423,0.125,1,Q1,High,2023-03,2025-12,1,1,Inactive,0,0,0,0.16773504273504272
56,Male,3,72,1,Referral,low,3,173.88,25.764912280701758,0.1403508771929824,57.22,13.816,2.438,12.19,0.1756231090620948,0.087719298245614,1,Q4,Mid-High,2025-06,2025-12,1,1,Inactive,1,1,0,0.5657051282051282
56,Other,5,13,0,Ads,high,6,124.13,25.30540540540541,0.1621621621621621,41.68,14.9425,4.55,18.2,0.303941215764863,0.1081081081081081,1,Q3,Mid-High,2023-03,2025-07,0,0,Mid-Recent,0,0,1,0.35523504273504275
28,Male,6,135,1,Organic,medium,6,179.48,24.9125,0.125,5.53,8.0,2.47,2.47,0.3087499999999999,0.0178571428571428,0,Q4,Low,2023-01,2025-11,1,1,Inactive,1,1,0,0.47809829059829057
63,Female,7,25,0,Organic,high,9,235.3,24.456666666666667,0.1666666666666666,97.89,18.33333333333333,2.3683333333333336,14.21,0.1267618198037466,0.1,1,Q4,Mid-High,2023-04,2025-12,1,0,Mid-Inactive,1,1,0,0.4535256410256411
40,Other,3,10,0,Organic,medium,4,97.46,26.648387096774197,0.1290322580645161,34.4,11.06,0.3166666666666667,0.9500000000000002,0.0268741159830268,0.0967741935483871,1,Q2,Mid-High,2024-05,2025-12,0,0,Mid-Recent,0,0,1,0.21848290598290596
45,Other,1,10,0,Referral,medium,9,107.72,24.71333333333333,0.2,42.18,18.666666666666668,4.753333333333333,14.259999999999998,0.2526576895818568,0.0666666666666666,0,Q2,Mid-Low,2024-09,2025-12,0,0,Mid-Recent,0,0,1,0.39636752136752135
49,Male,8,1,0,Referral,medium,11,131.62,24.846,0.14,41.72,17.593333333333334,3.6866666666666656,11.059999999999995,0.2095490716180371,0.06,0,Q3,Mid-Low,2023-11,2025-11,0,0,Recent,0,0,1,0.5566239316239316
32,Other,1,0,0,Partnership,low,4,104.72,26.23589743589744,0.2051282051282051,69.72,10.815714285714288,0.8714285714285712,6.099999999999999,0.0804537061461355,0.1794871794871795,1,Q2,High,2024-10,2025-11,0,0,Recent,0,0,1,0.516559829059829
28,Male,5,30,1,Organic,low,6,97.22,25.53488372093023,0.1395348837209302,59.15,18.6875,3.9,15.6,0.208695652173913,0.0930232558139534,1,Q2,Mid-High,2023-10,2025-12,1,1,Inactive,0,0,0,0.5197649572649572
28,Other,2,17,0,Organic,medium,2,151.89,25.295744680851065,0.1063829787234042,42.16,11.485,1.4249999999999998,5.699999999999999,0.1190973673213539,0.0851063829787234,0,Q3,Mid-Low,2023-12,2025-11,0,0,Mid-Inactive,0,0,0,0.4604700854700854
49,Other,0,60,1,Ads,high,3,245.33,24.174074074074078,0.1296296296296296,68.22,15.576666666666668,4.4,26.4,0.279010779961953,0.1111111111111111,1,Q4,Mid-High,2023-02,2025-11,1,1,Inactive,1,1,0,0.33760683760683763
33,Male,3,39,0,Partnership,low,4,120.44,26.367441860465117,0.1627906976744186,53.93000000000001,13.18,4.191666666666666,25.15,0.3180323722812341,0.1395348837209302,1,Q2,High,2024-11,2025-11,1,1,Inactive,0,0,0,0.5544871794871795
68,Female,3,11,0,Partnership,medium,5,62.69,25.688,0.16,46.01,15.57,4.067500000000001,16.270000000000003,0.2612395632626847,0.16,1,Q1,High,2025-11,2025-12,0,0,Mid-Recent,0,0,1,0.10950854700854702
53,Other,5,39,0,Referral,medium,5,122.18,23.453658536585365,0.0975609756097561,23.03,15.5,3.985,7.970000000000001,0.2570967741935484,0.048780487804878,0,Q3,Low,2025-01,2025-12,1,1,Inactive,0,0,0,0.48344017094017094
18,Other,0,14,1,Partnership,medium,5,140.71,22.363265306122447,0.2244897959183673,106.41,14.943333333333335,3.33,29.97,0.2197536295644522,0.1836734693877551,1,Q3,High,2025-08,2025-12,0,0,Mid-Recent,0,0,1,0.469017094017094
38,Male,2,31,1,Referral,high,2,133.48,24.066666666666663,0.0909090909090909,60.47,20.33333333333333,1.4033333333333335,4.210000000000001,0.0650896722325293,0.0909090909090909,1,Q3,Mid-High,2025-10,2025-12,1,1,Inactive,0,0,0,0.20619658119658119
32,Female,3,1,0,Ads,medium,4,56.260000000000005,27.890476190476196,0.1428571428571428,8.35,9.0,0.6500000000000004,0.6500000000000004,0.0722222222222222,0.0476190476190476,0,Q1,Low,2024-10,2025-11,0,0,Recent,0,0,1,0.2104700854700855
47,Male,5,0,0,Organic,high,7,141.45,22.871794871794872,0.282051282051282,82.46,14.882857142857144,3.2085714285714286,22.46,0.214067861227602,0.1794871794871795,1,Q3,High,2024-04,2025-11,0,0,Recent,0,0,1,0.5373931623931624
34,Other,4,14,0,Organic,low,9,100.4,22.82790697674419,0.0465116279069767,36.98,21.0,3.69,7.380000000000001,0.166366095581605,0.0465116279069767,0,Q2,Low,2023-01,2025-11,0,0,Mid-Recent,0,0,1,0.5822649572649573
32,Other,4,28,0,Partnership,medium,2,72.24,25.14444444444444,0.1481481481481481,19.09,13.24,3.6950000000000007,7.3900000000000015,0.2790785498489426,0.074074074074074,0,Q1,Mid-Low,2025-07,2025-12,1,0,Inactive,0,0,0,0.4583333333333333
54,Male,0,40,0,Organic,medium,6,76.49,23.917241379310347,0.1034482758620689,39.85,15.926666666666668,2.643333333333333,7.930000000000001,0.1659690246965257,0.1034482758620689,1,Q1,Mid-High,2023-12,2025-11,1,1,Inactive,0,0,0,0.4946581196581197
35,Female,2,6,1,Partnership,medium,5,143.43,26.801960784313728,0.196078431372549,86.6,17.44,0.796,3.98,0.0439390593950099,0.0980392156862745,1,Q3,Mid-High,2025-06,2025-12,0,0,Recent,0,0,1,0.5261752136752137
27,Female,2,36,0,Organic,medium,7,88.43,29.40285714285714,0.2285714285714285,11.31,3.61,0.8225,3.29,0.2253424657534247,0.1142857142857142,1,Q1,Mid-High,2024-02,2025-12,1,1,Inactive,0,0,0,0.4091880341880342
20,Female,3,35,0,Referral,high,6,197.73,26.31020408163265,0.1632653061224489,67.12,14.865,3.678333333333333,22.07,0.2474492656127368,0.1224489795918367,1,Q4,High,2024-02,2025-10,1,1,Inactive,1,1,0,0.5592948717948718
60,Other,3,4,0,Ads,medium,6,59.76,23.75,0.2272727272727272,41.19,15.343333333333334,1.6966666666666663,5.09,0.1099827139152981,0.1363636363636363,1,Q1,High,2024-09,2025-11,0,0,Recent,0,0,1,0.22168803418803418
36,Male,4,7,0,Partnership,low,3,128.47,23.747619047619047,0.2857142857142857,70.44,13.51,4.705,37.64,0.348260547742413,0.1904761904761904,1,Q3,High,2023-01,2025-10,0,0,Recent,0,0,1,0.2793803418803419
39,Male,6,8,0,Referral,medium,2,191.61,27.63653846153846,0.1923076923076923,80.78,16.005714285714287,4.534285714285714,31.74,0.2820831852115179,0.1346153846153846,1,Q4,High,2023-03,2025-12,0,0,Mid-Recent,1,0,1,0.5721153846153846
45,Male,1,11,0,Partnership,medium,13,119.59,24.68541666666667,0.0625,16.24,19.0,2.7600000000000016,2.7600000000000016,0.1452631578947369,0.0208333333333333,0,Q2,Low,2023-10,2025-12,0,0,Mid-Recent,0,0,1,0.4855769230769231
32,Other,1,27,0,Organic,medium,7,112.48,24.713636363636365,0.2045454545454545,30.46,10.533333333333331,0.5333333333333335,1.6000000000000003,0.0499064254522769,0.0681818181818181,0,Q2,Mid-Low,2025-06,2025-12,1,0,Mid-Inactive,0,0,0,0.4754273504273504
29,Female,3,1,0,Partnership,medium,1,66.22,25.3,0.1111111111111111,21.26,17.985,7.355,14.71,0.4089519043647484,0.074074074074074,0,Q1,Mid-Low,2023-04,2025-12,0,0,Recent,0,0,1,0.4305555555555555
52,Male,4,28,0,Organic,medium,2,173.94,25.034,0.14,67.24,17.0,0.5550000000000002,2.2200000000000006,0.0319608407716671,0.08,0,Q4,Mid-Low,2024-02,2025-12,1,0,Inactive,1,1,0,0.3205128205128205
35,Other,4,0,0,Partnership,low,2,117.59,22.978947368421053,0.2894736842105263,92.19,13.97875,2.67375,21.39,0.1883254094030639,0.2105263157894736,1,Q2,High,2025-02,2025-12,0,0,Recent,0,0,1,0.2831196581196581
39,Female,3,20,0,Organic,medium,6,78.01,24.30625,0.28125,12.04,5.739999999999999,1.7533333333333332,5.26,0.3040462427745665,0.09375,1,Q1,Mid-High,2024-12,2025-12,1,0,Mid-Inactive,0,0,0,0.2019230769230769
54,Male,3,8,0,Referral,medium,3,171.2,22.425,0.2083333333333333,57.98,10.474285714285712,2.204285714285714,15.43,0.2101893475003405,0.1458333333333333,1,Q4,High,2025-01,2025-12,0,0,Mid-Recent,1,0,1,0.5272435897435896
20,Female,4,15,0,Referral,high,3,127.17,25.53793103448276,0.0689655172413793,0.0,0.0,0.0,0.0,0.0,0.0,0,Q3,Low,2025-04,2025-12,0,0,Mid-Inactive,0,0,0,0.4321581196581197
23,Male,8,0,0,Partnership,high,8,237.28,26.544262295081968,0.1639344262295081,46.88,10.063333333333333,2.25,13.5,0.2235839682013912,0.0983606557377049,1,Q4,Mid-High,2024-05,2025-12,0,0,Recent,1,0,1,0.31891025641025644
27,Female,3,7,0,Partnership,high,10,237.22,24.950819672131143,0.1967213114754098,82.33,14.141666666666666,0.5766666666666665,3.459999999999999,0.0403310409138594,0.0983606557377049,1,Q4,Mid-High,2025-05,2025-12,0,0,Recent,1,0,1,0.6175213675213675
28,Other,5,21,1,Partnership,medium,4,131.76,23.9075,0.2,73.82,14.64,2.3366666666666664,14.019999999999998,0.1596083788706739,0.15,1,Q3,High,2025-09,2025-12,1,0,Mid-Inactive,0,0,0,0.29861111111111105
35,Other,3,1,0,Ads,medium,6,87.77,23.475757575757576,0.1515151515151515,11.14,9.0,3.43,6.86,0.3811111111111111,0.0606060606060606,0,Q1,Mid-Low,2024-10,2025-12,0,0,Recent,0,0,1,0.21314102564102563
29,Female,7,4,0,Organic,medium,2,170.17,24.51020408163265,0.2653061224489796,67.85,12.755714285714287,3.064285714285714,21.45,0.2402015677491601,0.1428571428571428,1,Q4,High,2024-12,2025-12,0,0,Recent,1,0,1,0.5870726495726496
44,Other,7,37,0,Referral,medium,12,199.3,25.649253731343283,0.1492537313432835,59.13,14.96,3.1340000000000003,15.670000000000002,0.2094919786096257,0.0746268656716417,0,Q4,Mid-Low,2025-09,2025-12,1,1,Inactive,1,1,0,0.49732905982905984
31,Other,3,25,0,Organic,medium,8,132.74,23.890196078431373,0.1568627450980392,71.85,11.301428571428572,1.077142857142857,7.539999999999999,0.094974178108074,0.1372549019607843,1,Q3,High,2024-03,2025-12,1,0,Mid-Inactive,0,0,0,0.6372863247863247
39,Male,0,36,0,Organic,medium,4,24.71,23.481818181818184,0.1818181818181818,16.44,22.0,5.559999999999999,5.559999999999999,0.2527272727272727,0.0909090909090909,1,Q1,Mid-High,2025-05,2025-11,1,1,Inactive,0,0,0,0.3691239316239316
66,Female,0,42,1,Ads,high,10,282.63,25.904,0.2,82.17,15.035714285714286,3.392857142857143,23.75,0.2242258308157099,0.0933333333333333,1,Q4,Mid-High,2025-05,2025-12,1,1,Inactive,1,1,0,0.6912393162393162
21,Female,5,40,0,Referral,medium,5,112.96,25.44473684210526,0.1842105263157894,44.79,11.112,2.1539999999999995,10.769999999999998,0.1938444924406047,0.131578947368421,1,Q2,High,2023-11,2025-10,1,1,Inactive,0,0,0,0.49839743589743585
21,Male,4,4,0,Organic,high,5,212.12,25.72307692307692,0.0961538461538461,15.31,7.66,0.1599999999999999,0.3199999999999998,0.0204734484964811,0.0384615384615384,0,Q4,Low,2023-06,2025-12,0,0,Recent,1,0,1,0.5998931623931624
31,Other,4,1,0,Referral,high,7,276.0,20.99333333333333,0.1,61.75,11.74,1.626666666666667,9.760000000000002,0.1364844077751363,0.1,1,Q4,Mid-High,2025-03,2025-12,0,0,Recent,1,0,1,0.3354700854700855
20,Male,3,20,1,Referral,medium,7,187.74,28.12962962962963,0.1111111111111111,24.07,11.333333333333334,3.3266666666666667,9.98,0.2930983847283407,0.0555555555555555,0,Q4,Low,2025-01,2025-12,1,0,Mid-Inactive,1,1,0,0.37232905982905984
52,Female,6,3,0,Ads,high,12,276.75,24.09718309859155,0.1549295774647887,79.22,11.9825,2.13125,17.05,0.1771060558844915,0.1126760563380281,1,Q4,Mid-High,2023-06,2025-12,0,0,Recent,1,0,1,0.5352564102564104
29,Other,3,15,0,Organic,medium,7,74.55,25.37586206896552,0.2068965517241379,57.97,14.806,3.2340000000000004,16.17,0.2181008902077151,0.1724137931034483,1,Q1,High,2024-10,2025-11,0,0,Mid-Inactive,0,0,0,0.4946581196581197
39,Male,2,23,0,Organic,medium,3,103.04,26.686486486486487,0.1891891891891892,62.55,13.728,1.2180000000000002,6.090000000000001,0.0887237762237762,0.1351351351351351,1,Q2,High,2023-11,2025-12,1,0,Mid-Inactive,0,0,0,0.5357905982905983
21,Female,3,7,0,Referral,high,5,198.4,24.416,0.18,40.38,10.985,0.9725000000000004,3.8900000000000015,0.0878698893155636,0.08,0,Q4,Mid-Low,2025-02,2025-12,0,0,Recent,1,0,1,0.33440170940170943
45,Other,5,6,0,Referral,medium,5,120.39,27.200000000000003,0.1463414634146341,47.33,14.89,3.35,13.4,0.2206487732586859,0.0975609756097561,1,Q2,Mid-High,2025-09,2025-12,0,0,Recent,0,0,1,0.35149572649572647
48,Female,4,8,0,Ads,low,6,142.25,23.690196078431374,0.0784313725490196,32.629999999999995,14.186666666666667,3.41,10.23,0.2386840877274848,0.0588235294117647,0,Q3,Mid-Low,2025-07,2025-12,0,0,Mid-Recent,0,0,1,0.3733974358974359
62,Other,9,49,1,Ads,medium,8,166.49,22.998214285714287,0.125,44.77,15.173333333333334,1.033333333333334,3.1000000000000014,0.0647587215374974,0.0535714285714285,0,Q4,Low,2025-07,2025-12,1,1,Inactive,1,1,0,0.5892094017094017
37,Other,3,5,0,Ads,medium,6,88.52,26.377142857142857,0.2285714285714285,38.79,11.3175,1.6199999999999997,6.479999999999999,0.1431411530815109,0.1142857142857142,1,Q1,Mid-High,2025-01,2025-12,0,0,Recent,0,0,1,0.49252136752136755
49,Female,2,8,0,Ads,low,6,71.57,26.914814814814815,0.1851851851851851,5.98,11.75,5.77,5.77,0.491063829787234,0.037037037037037,0,Q1,Low,2025-03,2025-12,0,0,Mid-Recent,0,0,1,0.1875
31,Male,6,18,0,Referral,high,3,178.56,27.73333333333333,0.2619047619047619,91.28,13.772222222222222,3.63,32.67,0.263574021782977,0.2142857142857142,1,Q4,High,2023-02,2025-11,0,0,Mid-Inactive,1,0,0,0.6196581196581197
42,Female,3,23,0,Ads,medium,2,172.34,23.014,0.14,81.51,16.45,2.865,17.189999999999998,0.1741641337386018,0.12,1,Q4,High,2023-01,2025-11,1,0,Mid-Inactive,1,1,0,0.2927350427350427
24,Female,4,11,0,Ads,medium,3,74.23,23.423076923076923,0.1153846153846153,40.96,17.583333333333332,3.953333333333333,11.86,0.224536160545248,0.1153846153846153,1,Q1,Mid-High,2025-05,2025-12,0,0,Mid-Recent,0,0,1,0.45405982905982906
60,Other,1,11,0,Ads,medium,5,125.7,26.640476190476196,0.0952380952380952,20.6,16.0,5.7,11.4,0.35625,0.0476190476190476,0,Q3,Low,2023-05,2025-11,0,0,Mid-Recent,0,0,1,0.3488247863247863
24,Male,4,20,0,Referral,medium,7,78.28999999999999,27.58235294117647,0.1470588235294117,24.51,13.38,1.1249999999999996,2.249999999999999,0.0840807174887892,0.0588235294117647,0,Q1,Mid-Low,2024-11,2025-12,1,0,Mid-Inactive,0,0,0,0.2938034188034188
61,Male,0,40,0,Ads,low,4,86.63,24.09705882352941,0.2058823529411764,61.46,20.0,4.635,18.54,0.2317499999999999,0.1176470588235294,1,Q1,High,2023-08,2025-10,1,1,Inactive,0,0,0,0.48130341880341876
53,Female,1,74,1,Ads,medium,7,63.33,26.338461538461537,0.1538461538461538,23.21,7.923333333333333,0.4766666666666667,1.4300000000000002,0.0580357142857142,0.1153846153846153,1,Q1,Mid-High,2025-05,2025-12,1,1,Inactive,0,0,0,0.25267094017094016
23,Female,5,25,0,Partnership,high,8,164.78,22.690243902439025,0.1463414634146341,44.88,16.44,5.220000000000001,20.880000000000003,0.3175182481751825,0.0975609756097561,1,Q3,Mid-High,2024-09,2025-12,1,0,Mid-Inactive,0,0,0,0.5598290598290598
18,Female,2,29,0,Partnership,medium,2,89.88,22.196153846153848,0.1923076923076923,2.77,4.76,1.99,1.99,0.4180672268907562,0.0384615384615384,0,Q1,Low,2024-05,2025-12,1,0,Inactive,0,0,0,0.23878205128205127
68,Other,3,26,0,Organic,medium,3,80.45,24.948275862068964,0.1724137931034483,31.0,10.51,2.76,11.04,0.2626070409134158,0.1379310344827586,1,Q1,High,2024-03,2025-11,1,0,Mid-Inactive,0,0,0,0.452991452991453
55,Other,3,40,1,Organic,medium,5,206.01,25.757894736842108,0.1929824561403508,32.55,13.253333333333332,2.403333333333333,7.209999999999999,0.181338028169014,0.0526315789473684,0,Q4,Low,2024-04,2025-12,1,1,Inactive,1,1,0,0.4476495726495726
32,Male,2,45,0,Ads,high,3,100.81,25.23636363636364,0.0454545454545454,11.33,11.75,0.4199999999999999,0.4199999999999999,0.0357446808510638,0.0454545454545454,0,Q2,Low,2025-05,2025-12,1,1,Inactive,0,0,0,0.3605769230769231
47,Female,2,13,0,Ads,medium,4,136.28,25.375609756097564,0.1463414634146341,30.0,7.965,0.5949999999999998,2.379999999999999,0.073502161828289,0.0975609756097561,1,Q3,Mid-High,2024-03,2025-11,0,0,Mid-Recent,0,0,1,0.29594017094017094
47,Male,2,2,0,Referral,low,4,84.65,26.687878787878788,0.1515151515151515,7.07,9.0,1.93,1.93,0.2144444444444444,0.0303030303030303,0,Q1,Low,2024-05,2025-12,0,0,Recent,0,0,1,0.3659188034188034
40,Male,4,12,0,Referral,high,6,227.64,24.816981132075476,0.2075471698113207,65.14,14.488333333333337,3.705,22.23,0.2544351608103468,0.1132075471698113,1,Q4,Mid-High,2023-07,2025-11,0,0,Mid-Recent,1,0,1,0.7222222222222222
62,Male,1,3,0,Ads,low,1,130.07,24.40232558139535,0.2093023255813953,103.28,24.6,4.773999999999999,23.87,0.1877310263468344,0.1162790697674418,1,Q3,Mid-High,2024-09,2025-12,0,0,Recent,0,0,1,0.4503205128205128
68,Male,5,6,0,Referral,medium,8,93.49,25.71351351351351,0.1621621621621621,34.75,11.83,0.3500000000000001,1.0500000000000005,0.0293296089385474,0.081081081081081,0,Q2,Mid-Low,2023-01,2025-10,0,0,Recent,0,0,1,0.37606837606837606
45,Male,2,10,0,Partnership,high,6,248.33,24.38103448275862,0.1206896551724138,39.99,12.81,2.98,11.92,0.2296282026584473,0.0689655172413793,0,Q4,Mid-Low,2024-01,2025-12,0,0,Mid-Recent,1,0,1,0.5422008547008548
39,Other,3,10,1,Organic,medium,5,121.72,22.170731707317078,0.1951219512195122,54.620000000000005,13.168,2.288,11.439999999999998,0.1731759006963366,0.1219512195121951,1,Q3,High,2025-04,2025-12,0,0,Mid-Recent,0,0,1,0.35149572649572647
28,Other,3,1,0,Partnership,low,5,93.23,23.7125,0.15625,25.81,15.0,2.51,5.02,0.1628284138825818,0.0625,0,Q2,Mid-Low,2024-06,2025-11,0,0,Recent,0,0,1,0.500534188034188
66,Female,1,37,1,Partnership,high,6,215.38,22.510909090909088,0.2181818181818181,70.12,12.66125,3.89625,31.17,0.3077302793957942,0.1454545454545454,1,Q4,High,2024-12,2025-12,1,1,Inactive,1,1,0,0.5710470085470085
42,Other,7,8,0,Partnership,medium,10,106.1,24.6475,0.2,61.45,14.25,2.188,10.94,0.1511258461113413,0.125,1,Q2,High,2023-10,2025-11,0,0,Mid-Recent,0,0,1,0.3194444444444444
39,Female,0,31,1,Referral,medium,3,61.99,22.495,0.3,41.13,12.2425,2.165,8.66,0.1739305081341634,0.2,1,Q1,High,2025-07,2025-12,1,1,Inactive,0,0,0,0.3173076923076923
28,Male,1,25,0,Ads,low,6,96.17,26.71707317073171,0.1951219512195122,88.4,14.648571428571428,2.0357142857142856,14.25,0.1388212372138334,0.1707317073170731,1,Q2,High,2024-01,2025-12,1,0,Mid-Inactive,0,0,0,0.5528846153846154
52,Male,2,16,0,Ads,medium,4,130.18,23.33076923076923,0.1538461538461538,23.46,11.533333333333331,3.713333333333333,11.14,0.3219653179190751,0.0769230769230769,0,Q3,Mid-Low,2024-03,2025-12,0,0,Mid-Inactive,0,0,0,0.5373931623931624
23,Female,2,2,0,Partnership,medium,6,127.13,24.45853658536585,0.0975609756097561,25.33,16.12,3.455,6.91,0.2143300248138958,0.048780487804878,0,Q3,Low,2024-05,2025-12,0,0,Recent,0,0,1,0.5806623931623931
64,Male,2,12,0,Referral,medium,10,259.26,27.42875,0.175,50.370000000000005,11.692,1.956,9.78,0.1625935162094763,0.0625,0,Q4,Mid-Low,2023-11,2025-12,0,0,Mid-Recent,1,0,1,0.4764957264957265
56,Other,0,63,1,Referral,medium,9,124.04,25.26,0.1333333333333333,66.56,14.55,1.6800000000000002,8.4,0.1120597652081109,0.1111111111111111,1,Q3,Mid-High,2023-09,2025-12,1,1,Inactive,0,0,0,0.48664529914529914
26,Male,0,47,0,Referral,high,8,405.22,24.167032967032966,0.1098901098901098,51.84,12.904,2.5360000000000005,12.68,0.1965282083075016,0.0549450549450549,0,Q4,Low,2023-08,2025-12,1,1,Inactive,1,1,0,0.5096153846153847
32,Male,3,1,0,Partnership,medium,9,206.14,25.06153846153846,0.1538461538461538,37.6,10.303999999999998,2.784,13.919999999999998,0.2701863354037267,0.0769230769230769,0,Q4,Mid-Low,2024-10,2025-12,0,0,Recent,1,0,1,0.5512820512820513
62,Male,4,1,0,Organic,medium,4,123.23,23.26111111111111,0.0555555555555555,13.96,9.0,2.0200000000000005,4.040000000000001,0.2244444444444445,0.0555555555555555,0,Q3,Low,2023-05,2025-12,0,0,Recent,0,0,1,0.21207264957264957
50,Male,3,33,0,Organic,medium,1,105.23,27.86428571428572,0.1071428571428571,0.0,0.0,0.0,0.0,0.0,0.0,0,Q2,Low,2025-05,2025-12,1,1,Inactive,0,0,0,0.26121794871794873
43,Male,3,9,0,Referral,medium,2,112.07,24.78,0.0571428571428571,18.81,12.28,2.875,5.749999999999999,0.2341205211726384,0.0571428571428571,0,Q2,Low,2025-11,2025-12,0,0,Mid-Recent,0,0,1,0.1591880341880342
32,Female,1,27,0,Partnership,medium,3,63.24,27.5625,0.3333333333333333,35.8,10.6575,1.7075000000000002,6.830000000000001,0.1602158104621159,0.1666666666666666,1,Q1,High,2023-02,2025-12,1,0,Mid-Inactive,0,0,0,0.4802350427350427
24,Other,1,33,0,Ads,medium,1,44.64,26.12857142857143,0.2142857142857142,11.89,12.0,0.1099999999999994,0.1099999999999994,0.0091666666666666,0.0714285714285714,0,Q1,Mid-Low,2023-05,2025-09,1,1,Inactive,0,0,0,0.3680555555555556
59,Male,4,10,1,Partnership,high,8,302.87,26.907894736842103,0.1578947368421052,56.41,10.95,1.548333333333333,9.289999999999996,0.141400304414003,0.0789473684210526,0,Q4,Mid-Low,2024-06,2025-12,0,0,Mid-Recent,1,0,1,0.5010683760683761
42,Other,4,6,0,Ads,medium,7,117.22,21.85128205128205,0.0256410256410256,18.71,19.0,0.2899999999999991,0.2899999999999991,0.0152631578947367,0.0256410256410256,0,Q2,Low,2025-05,2025-12,0,0,Recent,0,0,1,0.4818376068376068
34,Male,4,1,0,Referral,high,3,213.97,26.067346938775508,0.1632653061224489,85.65,19.165000000000003,4.933333333333334,29.6,0.2568329718004338,0.1224489795918367,1,Q4,High,2024-07,2025-12,0,0,Recent,1,0,1,0.47596153846153844
27,Other,3,21,0,Ads,medium,8,118.78,25.90526315789474,0.2105263157894736,69.19,22.06,4.762500000000001,19.050000000000004,0.2158884859474161,0.1052631578947368,1,Q2,Mid-High,2024-04,2025-12,1,0,Mid-Inactive,0,0,0,0.49145299145299143
18,Other,1,50,1,Organic,low,4,80.33,26.886206896551727,0.2068965517241379,41.49,17.76,4.109999999999999,12.329999999999998,0.2290969899665551,0.1034482758620689,1,Q1,Mid-High,2025-06,2025-12,1,1,Inactive,0,0,0,0.202991452991453
44,Female,6,22,1,Referral,medium,7,112.87,24.560526315789478,0.2894736842105263,111.73,15.471111111111112,3.094444444444445,27.85,0.1995271528872331,0.2368421052631578,1,Q2,High,2025-04,2025-11,1,0,Mid-Inactive,0,0,0,0.5400641025641025
