age,gender,cancelled_trips,days_since_last_trip,churned,signup_channel,income_level,payment_method,device_type,total_cancelled_trips,net_platform_revenue,avg_duration_min,promo_used_avg,total_promo_cost,avg_discount_value,avg_driver_burden,driver_borne_total,driver_burden_ratio,promo_used_rate,promo_dependency,revenue_quartile,promo_intensity_q,signup_month,last_trip_month,is_inactive_20d,is_inactive_30d,recency_bucket,is_high_value,high_value_and_inactive,low_engagement_and_recent,usage_intensity_score,segment
19,Other,7,20,0,Ads,high,Debit Card,iOS,9,264.26,25.865079365079364,0.1428571428571428,63.76,11.586666666666666,0.9599999999999996,2.09,0.0317388003037205,0.0952380952380952,1,Q4,Mid-High,2024-04,2025-12,1,0,Mid-Inactive,1,1,0,0.5705128205128205,3
61,Other,0,44,0,Partnership,high,Credit Card,iOS,4,227.65,24.996153846153845,0.1538461538461538,66.15,14.035000000000002,3.01,0.4199999999999999,0.0063091482649842,0.1153846153846153,1,Q4,Mid-High,2023-10,2025-12,1,1,Inactive,1,1,0,0.530448717948718,3
31,Male,1,4,0,Ads,high,Cash,iOS,2,204.98,24.81914893617021,0.2553191489361702,57.6,9.81875,2.61875,3.5700000000000003,0.0583619421284943,0.1702127659574468,1,Q4,High,2025-01,2025-12,0,0,Recent,1,0,1,0.31463675213675213,4
55,Female,3,7,0,Ads,low,Cash,Android,6,111.27,26.46136363636364,0.2272727272727272,99.69,18.787142857142857,4.545714285714285,3.619999999999999,0.0350401703610492,0.1590909090909091,1,Q2,High,2025-03,2025-12,0,0,Recent,0,0,1,0.4893162393162393,4
27,Male,2,33,0,Referral,medium,Credit Card,Android,4,84.84,25.716666666666665,0.1,33.379999999999995,12.253333333333332,1.1266666666666667,3.92,0.1050938337801608,0.1,1,Q1,Mid-High,2025-09,2025-12,1,1,Inactive,0,0,0,0.36004273504273504,0
40,Female,3,1,0,Referral,high,Cash,Web,3,128.95,21.88387096774193,0.2258064516129032,36.95,17.393333333333334,5.076666666666667,10.39,0.2194761301225179,0.0967741935483871,1,Q3,Mid-High,2024-01,2025-11,0,0,Recent,0,0,1,0.3504273504273504,4
42,Male,5,12,0,Organic,high,Debit Card,Web,4,205.14,25.182222222222222,0.1333333333333333,13.95,8.365,1.39,5.380000000000001,0.2783238489394723,0.0444444444444444,0,Q4,Low,2024-10,2025-12,0,0,Mid-Recent,1,0,1,0.25747863247863245,2
20,Other,0,52,0,Organic,high,Credit Card,iOS,8,210.08,23.078000000000003,0.08,0.0,0.0,0.0,0.0,0.0,0.0,0,Q4,Low,2024-06,2025-12,1,1,Inactive,1,1,0,0.5357905982905983,3
42,Female,5,4,0,Organic,high,Debit Card,Android,10,243.59,26.82241379310345,0.1724137931034483,55.13,18.06,4.2775,0.0,0.0,0.0689655172413793,0,Q4,Mid-Low,2024-06,2025-12,0,0,Recent,1,0,1,0.5213675213675213,1
31,Other,3,49,1,Referral,medium,Debit Card,Web,3,58.96,25.794117647058822,0.1764705882352941,23.44,11.66,-0.06,0.7899999999999991,0.0326042096574494,0.1176470588235294,1,Q1,High,2025-01,2025-12,1,1,Inactive,0,0,0,0.18643162393162394,0
28,Female,2,6,0,Organic,medium,Debit Card,Web,6,137.7,24.846666666666664,0.2222222222222222,74.58,12.872857142857145,2.2185714285714284,2.4200000000000017,0.0314285714285714,0.1555555555555555,1,Q3,High,2025-04,2025-12,0,0,Recent,0,0,1,0.3060897435897436,4
67,Male,2,17,0,Referral,medium,Digital Wallet,Android,9,100.72,27.944736842105264,0.1578947368421052,75.71000000000001,14.863333333333337,2.245,0.0,0.0,0.1578947368421052,1,Q2,High,2024-01,2025-12,0,0,Mid-Inactive,0,0,0,0.42895299145299143,4
22,Male,0,37,0,Ads,medium,Cash,Android,4,91.78,22.7,0.1515151515151515,26.03,11.323333333333332,2.646666666666666,5.26,0.1681048258229466,0.0909090909090909,1,Q2,Mid-High,2025-02,2025-12,1,1,Inactive,0,0,0,0.4284188034188034,0
27,Female,5,1,0,Ads,low,Digital Wallet,Web,5,109.44,24.661363636363635,0.0909090909090909,9.6,3.376666666666667,0.1766666666666669,0.33,0.0332326283987915,0.0681818181818181,0,Q2,Mid-Low,2024-05,2025-12,0,0,Recent,0,0,1,0.517094017094017,2
45,Other,2,1,0,Organic,medium,Debit Card,iOS,9,95.82,23.575000000000003,0.0,0.0,0.0,0.0,0.0,0.0,0.0,0,Q2,Low,2025-09,2025-12,0,0,Recent,0,0,1,0.28846153846153844,2
49,Male,6,22,0,Referral,medium,Debit Card,Web,6,113.16,23.152380952380952,0.2142857142857142,53.16,13.36,2.728,1.5500000000000005,0.0283312008773533,0.119047619047619,1,Q2,High,2023-05,2025-11,1,0,Mid-Inactive,0,0,0,0.3210470085470085,4
68,Other,5,18,0,Referral,medium,Cash,Android,8,163.68,26.490384615384617,0.1346153846153846,33.02,11.0675,2.8125,0.0,0.0,0.0769230769230769,0,Q3,Mid-Low,2023-11,2025-11,0,0,Mid-Inactive,0,0,0,0.6346153846153846,2
47,Other,2,12,0,Referral,medium,Credit Card,Web,7,70.83,28.515384615384612,0.2307692307692307,64.91,18.312,5.33,0.8000000000000007,0.0121747070461117,0.1923076923076923,1,Q1,High,2025-08,2025-12,0,0,Mid-Recent,0,0,1,0.32905982905982906,4
66,Female,2,15,0,Referral,medium,Digital Wallet,Android,4,94.59,25.37878787878788,0.0606060606060606,5.970000000000001,4.109999999999999,1.1249999999999998,1.87,0.2385204081632652,0.0606060606060606,0,Q2,Mid-Low,2024-10,2025-11,0,0,Mid-Inactive,0,0,0,0.5256410256410255,2
47,Male,2,30,0,Ads,medium,Credit Card,Web,4,152.8,24.03333333333333,0.119047619047619,25.1,10.92,2.553333333333333,0.0,0.0,0.0714285714285714,0,Q3,Mid-Low,2024-01,2025-12,1,1,Inactive,0,0,0,0.4391025641025641,0
58,Other,5,36,1,Ads,medium,Digital Wallet,iOS,6,83.4,26.135483870967743,0.0967741935483871,29.29,21.5,6.855,4.620000000000001,0.1362429961663226,0.064516129032258,0,Q1,Mid-Low,2023-04,2025-10,1,1,Inactive,0,0,0,0.4615384615384615,0
67,Other,4,4,0,Organic,medium,Cash,iOS,4,76.06,24.7,0.1428571428571428,21.77,8.24,0.983333333333333,2.640000000000001,0.1081523965587874,0.1071428571428571,1,Q1,Mid-High,2023-11,2025-11,0,0,Recent,0,0,1,0.2889957264957265,4
41,Female,1,12,1,Referral,high,Debit Card,Web,5,191.98,23.374418604651165,0.1627906976744186,45.86,11.616,2.444,5.49,0.1069133398247322,0.1162790697674418,1,Q4,Mid-High,2025-08,2025-12,0,0,Mid-Recent,1,0,1,0.26976495726495725,1
23,Other,0,15,0,Referral,high,Debit Card,iOS,8,199.7,28.155102040816324,0.2244897959183673,50.3,11.752,1.6919999999999995,0.5899999999999999,0.0115936333267832,0.1020408163265306,1,Q4,Mid-High,2024-07,2025-12,0,0,Mid-Inactive,1,0,0,0.5870726495726496,1
53,Male,5,8,0,Partnership,low,Debit Card,Web,3,99.69,25.194117647058825,0.1764705882352941,6.39,9.0,2.6100000000000003,0.0,0.0,0.0294117647058823,0,Q2,Low,2023-01,2025-11,0,0,Mid-Recent,0,0,1,0.35630341880341876,2
63,Female,1,78,0,Organic,medium,Cash,Web,0,128.93,25.202857142857145,0.1714285714285714,39.7,13.355,3.43,0.0,0.0,0.1142857142857142,1,Q3,Mid-High,2023-09,2025-11,1,1,Inactive,0,0,0,0.5133547008547008,0
25,Male,0,0,0,Referral,low,Digital Wallet,iOS,2,36.03,22.975,0.0,0.0,0.0,0.0,0.0,0.0,0.0,0,Q1,Low,2024-12,2025-12,0,0,Recent,0,0,1,0.1752136752136752,2
53,Male,0,7,0,Referral,medium,Credit Card,Web,3,100.67,27.575,0.1875,43.64,11.2875,0.3774999999999998,1.2799999999999994,0.0284951024042742,0.125,1,Q2,High,2025-08,2025-12,0,0,Recent,0,0,1,0.35470085470085466,4
32,Male,9,6,0,Organic,high,Credit Card,Web,9,209.69,24.66296296296296,0.1851851851851851,80.3,14.86285714285714,3.391428571428572,6.11,0.07070940863326,0.1296296296296296,1,Q4,High,2025-09,2025-12,0,0,Recent,1,0,1,0.43482905982905984,1
35,Other,1,28,0,Ads,medium,Debit Card,Web,4,85.49,27.71333333333333,0.1333333333333333,25.7,11.586666666666666,3.02,1.93,0.0698516105682229,0.1,1,Q1,Mid-High,2024-08,2025-11,1,0,Inactive,0,0,0,0.42254273504273504,0
54,Female,0,39,0,Partnership,medium,Cash,iOS,5,121.89,23.468421052631577,0.1578947368421052,39.32,15.746666666666668,2.64,6.949999999999999,0.15020531661984,0.0789473684210526,0,Q3,Mid-Low,2023-03,2025-12,1,1,Inactive,0,0,0,0.5539529914529914,0
24,Other,0,19,0,Organic,high,Cash,Android,9,390.64,24.006593406593407,0.1538461538461538,135.19,16.67818181818182,4.388181818181819,0.0,0.0,0.1208791208791208,1,Q4,High,2023-02,2025-11,0,0,Mid-Inactive,1,0,0,0.4540598290598291,1
64,Male,2,4,0,Referral,low,Cash,Web,6,42.35,29.130000000000003,0.15,11.44,16.0,4.5600000000000005,5.51,0.3250737463126844,0.05,0,Q1,Low,2025-05,2025-12,0,0,Recent,0,0,1,0.3242521367521367,2
24,Male,7,3,0,Ads,medium,Cash,iOS,6,128.28,25.94285714285714,0.0952380952380952,42.870000000000005,13.3025,2.585,1.4800000000000004,0.0333709131905298,0.0952380952380952,1,Q3,Mid-High,2025-01,2025-12,0,0,Recent,0,0,1,0.3835470085470085,4
29,Female,6,17,0,Ads,low,Credit Card,Android,5,115.37,24.8936170212766,0.1702127659574468,31.61,9.1225,1.2200000000000002,4.640000000000001,0.128,0.0851063829787234,0,Q2,Mid-Low,2024-09,2025-12,0,0,Mid-Inactive,0,0,0,0.32852564102564097,2
24,Male,0,50,0,Referral,medium,Debit Card,iOS,6,42.59,24.575,0.15,0.0,0.0,0.0,0.0,0.0,0.0,0,Q1,Low,2024-10,2025-12,1,1,Inactive,0,0,0,0.20619658119658119,0
49,Female,2,50,1,Partnership,low,Credit Card,iOS,2,57.010000000000005,25.86086956521739,0.1739130434782608,26.23,9.9225,3.365,0.7000000000000002,0.025993316004456,0.1739130434782608,1,Q1,High,2024-09,2025-12,1,1,Inactive,0,0,0,0.42735042735042733,0
18,Female,2,1,0,Partnership,low,Digital Wallet,Android,1,51.27,24.245454545454542,0.2727272727272727,16.1,7.8,-0.2500000000000002,0.9900000000000002,0.0579286132241076,0.0909090909090909,1,Q1,Mid-High,2024-04,2025-10,0,0,Recent,0,0,1,0.3814102564102564,4
60,Other,0,3,0,Ads,medium,Debit Card,Android,6,99.48,27.194285714285712,0.1142857142857142,40.0,11.44,1.4400000000000004,0.0,0.0,0.1142857142857142,1,Q2,Mid-High,2024-09,2025-11,0,0,Recent,0,0,1,0.22863247863247863,4
21,Other,3,5,0,Organic,medium,Credit Card,iOS,7,105.23,24.336111111111112,0.2222222222222222,53.79,13.024,2.265999999999999,3.7600000000000016,0.0653344917463076,0.1388888888888889,1,Q2,High,2025-11,2025-12,0,0,Recent,0,0,1,0.17735042735042733,4
48,Other,5,41,0,Referral,medium,Credit Card,iOS,9,114.28,23.86818181818182,0.0227272727272727,14.62,26.0,11.38,0.4399999999999999,0.0292164674634794,0.0227272727272727,0,Q2,Low,2024-11,2025-11,1,1,Inactive,0,0,0,0.579594017094017,0
56,Male,0,10,0,Partnership,high,Credit Card,Web,5,169.86,27.626829268292685,0.1707317073170731,3.26,3.18,-0.0799999999999996,0.0,0.0,0.024390243902439,0,Q4,Low,2024-01,2025-11,0,0,Mid-Recent,1,0,1,0.24038461538461536,2
55,Other,6,21,0,Referral,medium,Cash,Web,6,143.33,24.80444444444445,0.1111111111111111,42.55,13.295,2.6575,6.83,0.1383151073309032,0.0888888888888888,1,Q3,Mid-High,2023-01,2025-12,1,0,Mid-Inactive,0,0,0,0.5908119658119658,0
54,Other,4,14,0,Organic,medium,Debit Card,Web,2,103.16,26.450000000000003,0.0555555555555555,21.26,11.89,1.2599999999999991,9.96,0.319026265214606,0.0555555555555555,0,Q2,Low,2024-09,2025-12,0,0,Mid-Recent,0,0,1,0.39262820512820507,2
33,Female,5,67,0,Ads,medium,Digital Wallet,Android,5,79.23,30.353571428571428,0.0714285714285714,0.0,0.0,0.0,0.0,0.0,0.0,0,Q1,Low,2024-10,2025-10,1,1,Inactive,0,0,0,0.44871794871794873,0
66,Male,0,57,1,Partnership,medium,Credit Card,iOS,7,135.34,23.527083333333334,0.0833333333333333,35.54,12.486666666666666,0.6400000000000005,3.5500000000000007,0.0908160654898951,0.0625,0,Q3,Mid-Low,2024-08,2025-12,1,1,Inactive,0,0,0,0.27724358974358976,0
31,Other,4,8,0,Ads,medium,Digital Wallet,iOS,3,56.32,23.079166666666666,0.25,74.55,16.051666666666666,3.6266666666666665,1.3000000000000007,0.017139090309822,0.25,1,Q1,High,2024-11,2025-11,0,0,Mid-Recent,0,0,1,0.5010683760683761,4
41,Female,3,26,0,Partnership,medium,Digital Wallet,Web,2,93.17,26.76,0.08,9.15,12.28,3.129999999999999,3.710000000000001,0.2884914463452566,0.04,0,Q2,Low,2024-02,2025-11,1,0,Mid-Inactive,0,0,0,0.4567307692307692,2
18,Other,5,29,0,Referral,medium,Debit Card,Android,3,100.11,25.709090909090907,0.0606060606060606,15.17,29.0,13.83,5.83,0.2776190476190476,0.0303030303030303,0,Q2,Low,2024-12,2025-12,1,0,Inactive,0,0,0,0.5256410256410255,2
24,Other,2,7,1,Organic,high,Digital Wallet,Web,2,160.56,23.797222222222224,0.1388888888888889,15.64,9.745,1.925,4.719999999999999,0.2318271119842828,0.0555555555555555,0,Q3,Low,2023-11,2025-12,0,0,Recent,0,0,1,0.20512820512820512,2
63,Female,6,23,1,Organic,medium,Cash,Android,4,174.33,23.840740740740745,0.1481481481481481,48.42,12.606666666666667,4.536666666666666,1.7199999999999998,0.0343039489429597,0.1111111111111111,1,Q4,Mid-High,2025-05,2025-12,1,0,Mid-Inactive,1,1,0,0.5042735042735043,3
23,Other,17,9,0,Organic,high,Credit Card,iOS,21,449.43,24.03220338983051,0.1440677966101695,162.73000000000002,20.66888888888889,2.5877777777777773,12.96,0.073766292902271,0.0762711864406779,0,Q4,Mid-Low,2023-08,2025-12,0,0,Mid-Recent,1,0,1,0.7847222222222223,1
67,Male,3,17,0,Ads,medium,Cash,Web,3,108.77,26.61142857142857,0.2,43.25,13.4375,2.625,1.1199999999999992,0.0252422808203741,0.1142857142857142,1,Q2,Mid-High,2024-04,2025-11,0,0,Mid-Inactive,0,0,0,0.22863247863247863,4
53,Male,0,0,0,Referral,low,Debit Card,Web,8,94.77,24.539473684210527,0.0526315789473684,22.54,12.38,1.11,0.08,0.0035366931918656,0.0526315789473684,0,Q2,Low,2024-10,2025-12,0,0,Recent,0,0,1,0.5122863247863247,2
41,Other,7,5,0,Partnership,high,Debit Card,iOS,8,228.34,24.485714285714288,0.1607142857142857,56.52,10.241428571428573,2.1671428571428573,2.7300000000000004,0.0460759493670886,0.125,1,Q4,High,2023-09,2025-11,0,0,Recent,1,0,1,0.32532051282051283,1
41,Male,0,16,0,Ads,medium,Debit Card,Web,4,67.53999999999999,26.37857142857143,0.2142857142857142,72.91,14.553333333333333,2.401666666666667,0.0,0.0,0.2142857142857142,1,Q1,High,2024-10,2025-12,0,0,Mid-Inactive,0,0,0,0.38621794871794873,4
40,Other,2,6,0,Ads,high,Debit Card,iOS,5,64.34,25.41428571428572,0.238095238095238,55.05,23.666666666666668,5.316666666666666,7.59,0.1211685823754789,0.1428571428571428,1,Q1,High,2025-01,2025-12,0,0,Recent,0,0,1,0.1965811965811966,4
44,Male,0,72,1,Organic,medium,Cash,Web,8,148.66,27.84081632653061,0.1632653061224489,37.38,12.28,-0.1800000000000009,0.3899999999999997,0.0103256552819698,0.0612244897959183,0,Q3,Mid-Low,2025-11,2025-12,1,1,Inactive,0,0,0,0.2329059829059829,0
35,Male,0,6,0,Partnership,medium,Credit Card,Android,2,101.0,20.313333333333333,0.2,23.71,11.533333333333331,3.63,5.82,0.1970877074161869,0.1,1,Q2,Mid-High,2025-04,2025-11,0,0,Recent,0,0,1,0.31837606837606836,4
30,Female,4,7,0,Organic,medium,Debit Card,iOS,4,137.37,24.07619047619048,0.0952380952380952,10.43,5.3133333333333335,1.836666666666667,2.1499999999999995,0.170906200317965,0.0714285714285714,0,Q3,Mid-Low,2024-04,2025-12,0,0,Recent,0,0,1,0.5571581196581197,2
60,Male,6,6,0,Organic,high,Digital Wallet,iOS,10,376.85,26.19,0.1555555555555555,64.44,13.758571428571427,4.552857142857143,8.83,0.1205131704654019,0.0777777777777777,0,Q4,Mid-Low,2024-07,2025-12,0,0,Recent,1,0,1,0.5470085470085471,1
40,Other,0,2,0,Organic,medium,Credit Card,iOS,5,156.79,22.21636363636364,0.2181818181818181,114.37,15.066666666666666,2.3588888888888886,2.8500000000000014,0.0243132571233578,0.1636363636363636,1,Q3,High,2025-07,2025-12,0,0,Recent,0,0,1,0.5085470085470085,4
29,Other,4,2,0,Referral,medium,Credit Card,Web,5,132.58,23.425531914893615,0.1063829787234042,67.53,17.439999999999998,0.5575000000000003,0.4699999999999988,0.0069117647058823,0.0851063829787234,0,Q3,Mid-Low,2023-08,2025-12,0,0,Recent,0,0,1,0.37713675213675213,2
40,Other,1,12,0,Partnership,low,Credit Card,Android,5,130.8,27.808695652173917,0.1521739130434782,49.74,12.472,2.524,4.149999999999999,0.0770087214696604,0.108695652173913,1,Q3,Mid-High,2025-09,2025-12,0,0,Mid-Recent,0,0,1,0.2617521367521367,4
30,Female,2,21,1,Partnership,medium,Credit Card,Web,5,72.81,23.478571428571428,0.0357142857142857,12.72,21.0,8.28,0.0799999999999983,0.0062499999999998,0.0357142857142857,0,Q1,Low,2023-04,2025-11,1,0,Mid-Inactive,0,0,0,0.21955128205128205,2
61,Other,4,3,0,Organic,medium,Cash,iOS,4,82.23,26.529411764705884,0.2352941176470588,27.72,13.083333333333334,3.8433333333333337,4.91,0.1504750229849831,0.088235294117647,1,Q1,Mid-High,2024-09,2025-10,0,0,Recent,0,0,1,0.30769230769230765,4
57,Female,7,18,0,Organic,medium,Digital Wallet,Web,4,121.32,24.26904761904762,0.1428571428571428,51.5,17.57,4.695,8.29,0.1386519484863689,0.0952380952380952,1,Q2,Mid-High,2025-06,2025-12,0,0,Mid-Inactive,0,0,0,0.4738247863247863,4
38,Female,2,17,0,Ads,low,Debit Card,Android,4,86.39,24.363636363636363,0.2424242424242424,81.35,17.543333333333333,3.985,4.59,0.0534093553642075,0.1818181818181818,1,Q1,High,2024-01,2025-12,0,0,Mid-Inactive,0,0,0,0.3520299145299145,4
61,Other,0,8,0,Organic,low,Cash,Web,3,104.01,27.02439024390244,0.2195121951219512,73.38,16.29,4.06,4.72,0.0604353393085787,0.1463414634146341,1,Q2,High,2023-03,2025-12,0,0,Mid-Recent,0,0,1,0.33066239316239315,4
37,Female,6,7,0,Partnership,high,Digital Wallet,Android,5,165.18,23.029545454545453,0.2272727272727272,134.38,19.25,2.452500000000001,0.0,0.0,0.1818181818181818,1,Q3,High,2023-09,2025-12,0,0,Recent,0,0,1,0.3295940170940171,4
46,Other,5,35,0,Partnership,low,Debit Card,Web,5,117.22,25.51875,0.1458333333333333,40.84,12.3575,2.1474999999999995,2.05,0.0477966892049428,0.0833333333333333,0,Q2,Mid-Low,2023-02,2025-12,1,1,Inactive,0,0,0,0.3327991452991453,0
36,Other,7,36,0,Referral,high,Debit Card,Web,7,269.98,22.611666666666668,0.15,39.09,10.806,2.988,0.0,0.0,0.0833333333333333,0,Q4,Mid-Low,2023-06,2025-12,1,1,Inactive,1,1,0,0.3979700854700855,3
32,Male,3,58,0,Referral,medium,Credit Card,iOS,9,154.88,24.53448275862069,0.0689655172413793,8.29,14.0,5.710000000000001,3.16,0.2759825327510917,0.0172413793103448,0,Q3,Low,2024-03,2025-12,1,1,Inactive,0,0,0,0.6810897435897436,0
57,Male,3,30,1,Partnership,low,Debit Card,Web,5,75.19,25.56451612903226,0.1935483870967742,28.75,14.176666666666668,4.593333333333333,4.949999999999999,0.1468842729970326,0.0967741935483871,1,Q1,Mid-High,2025-07,2025-12,1,1,Inactive,0,0,0,0.45459401709401703,0
49,Female,2,49,0,Ads,low,Credit Card,iOS,3,150.86,25.23076923076923,0.173076923076923,76.36,13.558571428571428,2.65,1.84,0.0235294117647058,0.1346153846153846,1,Q3,High,2024-08,2025-12,1,1,Inactive,0,0,0,0.34294871794871795,0
32,Male,5,2,1,Referral,low,Debit Card,iOS,5,100.43,25.097368421052632,0.2105263157894736,33.989999999999995,12.473333333333334,1.143333333333333,3.84,0.1015067406819984,0.0789473684210526,0,Q2,Mid-Low,2023-10,2025-11,0,0,Recent,0,0,1,0.5122863247863247,2
26,Female,3,13,0,Partnership,low,Cash,Web,8,85.53,24.164102564102564,0.1025641025641025,36.7,16.593333333333334,4.36,3.01,0.0757995467136741,0.0769230769230769,0,Q1,Mid-Low,2023-09,2025-11,0,0,Mid-Recent,0,0,1,0.530448717948718,2
28,Other,4,30,1,Partnership,low,Digital Wallet,iOS,5,119.03,24.38636363636364,0.1590909090909091,27.6,15.5,1.7000000000000002,4.4,0.1375,0.0454545454545454,0,Q2,Low,2025-03,2025-12,1,1,Inactive,0,0,0,0.3157051282051282,0
67,Other,0,17,1,Ads,medium,Digital Wallet,Android,4,128.89,23.941463414634143,0.0975609756097561,68.28,18.695,1.625,1.67,0.0238741958541815,0.0975609756097561,1,Q3,Mid-High,2024-01,2025-11,0,0,Mid-Inactive,0,0,0,0.45566239316239315,4
63,Female,2,2,0,Organic,high,Digital Wallet,Android,5,152.78,25.922500000000003,0.15,49.620000000000005,12.704,2.78,0.0,0.0,0.125,1,Q3,High,2024-03,2025-12,0,0,Recent,0,0,1,0.43055555555555547,4
23,Male,0,26,0,Ads,medium,Cash,Web,6,66.6,24.558333333333334,0.125,37.09,16.413333333333334,4.05,0.0,0.0,0.125,1,Q1,High,2025-03,2025-12,1,0,Mid-Inactive,0,0,0,0.39690170940170943,4
63,Male,5,1,1,Partnership,medium,Cash,Android,3,171.33,25.308000000000003,0.14,54.25,12.292,1.4420000000000002,4.66,0.0791037175352232,0.1,1,Q4,Mid-High,2024-12,2025-12,0,0,Recent,1,0,1,0.3899572649572649,1
47,Female,2,64,1,Ads,medium,Cash,Android,1,46.61,25.866666666666667,0.1666666666666666,11.25,22.0,10.75,2.710000000000001,0.1941260744985674,0.0555555555555555,0,Q1,Low,2023-09,2025-11,1,1,Inactive,0,0,0,0.3573717948717949,0
62,Male,1,1,0,Partnership,medium,Credit Card,Android,4,54.16,28.957894736842107,0.0526315789473684,0.0,0.0,0.0,0.0,0.0,0.0,0,Q1,Low,2023-12,2025-12,0,0,Recent,0,0,1,0.34081196581196577,2
66,Female,1,14,0,Ads,medium,Cash,iOS,6,140.5,26.79038461538461,0.1923076923076923,52.71,18.4925,5.315,6.470000000000001,0.1093274754984792,0.0769230769230769,0,Q3,Mid-Low,2023-02,2025-12,0,0,Mid-Recent,0,0,1,0.530448717948718,2
45,Female,0,2,0,Partnership,medium,Digital Wallet,Web,8,107.09,26.03333333333333,0.2051282051282051,45.33,14.445,3.1125,1.7300000000000002,0.036761580960476,0.1025641025641025,1,Q2,Mid-High,2023-08,2025-12,0,0,Recent,0,0,1,0.41239316239316237,4
64,Male,6,10,0,Ads,low,Credit Card,Android,8,122.87,22.495348837209303,0.2558139534883721,104.06,15.37875,2.37125,13.51,0.1149102662243769,0.1860465116279069,1,Q3,High,2025-02,2025-12,0,0,Mid-Recent,0,0,1,0.34615384615384615,4
54,Other,2,72,1,Referral,medium,Cash,iOS,9,113.13,25.94375,0.1666666666666666,36.49,17.5,-0.7449999999999992,2.09,0.0541731467081389,0.0416666666666666,0,Q2,Low,2024-11,2025-12,1,1,Inactive,0,0,0,0.2911324786324786,0
29,Male,0,17,0,Partnership,low,Digital Wallet,iOS,3,118.16,27.18,0.1,49.8,15.4375,2.9875,0.0,0.0,0.1,1,Q2,Mid-High,2024-11,2025-11,0,0,Mid-Inactive,0,0,0,0.35416666666666663,4
38,Female,3,26,0,Organic,low,Cash,Android,3,104.34,24.397368421052636,0.1578947368421052,9.18,11.75,2.5700000000000003,0.0,0.0,0.0263157894736842,0,Q2,Low,2025-01,2025-12,1,0,Mid-Inactive,0,0,0,0.5192307692307692,0
48,Male,0,7,1,Organic,high,Debit Card,Web,8,268.56,25.67391304347826,0.1739130434782608,110.4,13.97,1.7033333333333334,2.1,0.0186666666666666,0.1304347826086956,1,Q4,High,2023-04,2025-11,0,0,Recent,1,0,1,0.5267094017094017,1
67,Other,4,21,0,Referral,high,Debit Card,iOS,5,238.62,24.486206896551725,0.1551724137931034,82.99000000000001,14.295714285714284,2.44,5.710000000000001,0.0643742953776775,0.1206896551724138,1,Q4,High,2025-02,2025-12,1,0,Mid-Inactive,1,1,0,0.5213675213675213,3
57,Male,1,1,1,Ads,high,Cash,Web,3,72.54,26.889473684210525,0.1578947368421052,2.92,3.18,0.2600000000000002,3.630000000000001,0.5541984732824428,0.0526315789473684,0,Q1,Low,2024-05,2025-11,0,0,Recent,0,0,1,0.24358974358974356,2
54,Male,5,16,0,Organic,high,Digital Wallet,iOS,7,204.32,24.52173913043478,0.2391304347826087,51.02,12.168,1.9639999999999995,5.550000000000001,0.0981085380943963,0.108695652173913,1,Q4,Mid-High,2025-02,2025-12,0,0,Mid-Inactive,1,0,0,0.2825854700854701,1
56,Other,4,38,1,Ads,medium,Digital Wallet,iOS,0,75.69,23.97083333333333,0.25,27.04,13.5,-0.02,5.61,0.1718223583460949,0.0833333333333333,0,Q1,Mid-Low,2023-11,2025-12,1,1,Inactive,0,0,0,0.4732905982905983,0
19,Female,4,11,1,Partnership,medium,Debit Card,iOS,9,96.09,23.635135135135137,0.2162162162162162,106.69,22.248,0.9099999999999996,5.169999999999999,0.0462184873949579,0.1351351351351351,1,Q2,High,2023-12,2025-12,0,0,Mid-Recent,0,0,1,0.45245726495726496,4
62,Other,8,3,0,Referral,medium,Digital Wallet,Web,8,114.85,22.16590909090909,0.1818181818181818,39.52,12.2325,2.3525,0.1600000000000001,0.0040322580645161,0.0909090909090909,1,Q2,Mid-High,2023-12,2025-12,0,0,Recent,0,0,1,0.4268162393162393,4
25,Other,5,40,0,Organic,medium,Cash,Web,8,66.81,23.232142857142858,0.1428571428571428,42.54,16.676666666666666,2.496666666666666,0.73,0.0168708111855789,0.1071428571428571,1,Q1,Mid-High,2024-11,2025-11,1,1,Inactive,0,0,0,0.21260683760683763,0
22,Other,0,44,1,Referral,medium,Cash,Android,3,50.18,25.95714285714286,0.1904761904761904,13.54,12.495,5.725,5.879999999999999,0.3027806385169928,0.0952380952380952,1,Q1,Mid-High,2025-05,2025-12,1,1,Inactive,0,0,0,0.37713675213675213,0
45,Female,7,17,1,Ads,high,Cash,iOS,6,174.53,23.92,0.1555555555555555,48.83,17.613999999999997,7.848000000000001,2.9899999999999984,0.0576997298340408,0.1111111111111111,1,Q4,Mid-High,2025-03,2025-12,0,0,Mid-Inactive,1,0,0,0.31997863247863245,1
59,Female,2,3,0,Partnership,medium,Cash,Web,2,86.2,27.392857142857142,0.1071428571428571,30.26,12.6,2.5133333333333328,2.2200000000000006,0.0683497536945813,0.1071428571428571,1,Q1,Mid-High,2025-10,2025-12,0,0,Recent,0,0,1,0.24038461538461542,4
35,Female,1,24,0,Referral,medium,Digital Wallet,Android,4,121.22,25.58205128205128,0.2564102564102564,50.37,13.69,1.0975000000000004,7.25,0.125824366539396,0.1025641025641025,1,Q2,Mid-High,2023-07,2025-11,1,0,Mid-Inactive,0,0,0,0.454059829059829,4
66,Female,3,32,1,Organic,medium,Credit Card,Android,8,155.3,26.031372549019608,0.1372549019607843,27.01,11.173333333333332,2.1699999999999995,0.0,0.0,0.0588235294117647,0,Q3,Mid-Low,2024-09,2025-12,1,1,Inactive,0,0,0,0.5539529914529915,0
29,Female,3,18,0,Organic,medium,Digital Wallet,Android,7,87.36,23.403125,0.125,31.4,14.093333333333334,3.6266666666666665,4.390000000000001,0.1226599608829282,0.09375,1,Q1,Mid-High,2023-02,2025-11,0,0,Mid-Inactive,0,0,0,0.5213675213675213,4
56,Other,6,5,0,Referral,medium,Debit Card,iOS,5,152.2,25.822,0.16,20.840000000000003,7.756666666666667,0.8099999999999996,0.2599999999999998,0.0123222748815165,0.06,0,Q3,Mid-Low,2024-01,2025-12,0,0,Recent,0,0,1,0.6191239316239316,2
64,Female,3,19,0,Ads,medium,Cash,Web,4,221.96,25.966666666666665,0.1212121212121212,68.6,15.784,2.064,5.46,0.0737240075614366,0.0757575757575757,0,Q4,Mid-Low,2023-06,2025-12,0,0,Mid-Inactive,1,0,0,0.638888888888889,1
46,Male,2,33,0,Organic,low,Debit Card,Android,3,93.59,22.59705882352941,0.0588235294117647,27.15,25.0,-2.1499999999999986,4.140000000000001,0.1323106423777565,0.0294117647058823,0,Q2,Low,2023-11,2025-11,1,1,Inactive,0,0,0,0.25213675213675213,0
37,Other,7,65,1,Partnership,medium,Digital Wallet,Android,4,191.21,26.922807017543857,0.1228070175438596,43.46,10.552,1.86,6.55,0.1309738052389522,0.087719298245614,1,Q4,Mid-High,2024-07,2025-12,1,1,Inactive,1,1,0,0.5101495726495726,3
39,Female,1,86,0,Organic,medium,Digital Wallet,Android,1,48.11,23.70625,0.0625,0.0,0.0,0.0,0.0,0.0,0.0,0,Q1,Low,2025-02,2025-12,1,1,Inactive,0,0,0,0.19604700854700852,0
25,Other,4,6,0,Organic,medium,Credit Card,Web,1,165.31,26.921739130434784,0.0434782608695652,20.27,12.38,2.245,11.65,0.3649749373433584,0.0434782608695652,0,Q3,Low,2024-06,2025-12,0,0,Recent,0,0,1,0.5395299145299145,2
66,Other,1,9,0,Ads,medium,Debit Card,Web,7,97.79,25.938888888888886,0.1111111111111111,15.92,19.0,3.08,9.97,0.3850907686365392,0.0277777777777777,0,Q2,Low,2024-03,2025-11,0,0,Mid-Recent,0,0,1,0.344017094017094,2
35,Other,2,4,0,Referral,low,Debit Card,Android,6,58.73,25.503703703703703,0.037037037037037,0.0,0.0,0.0,0.0,0.0,0.0,0,Q1,Low,2023-01,2025-11,0,0,Recent,0,0,1,0.35416666666666663,2
41,Male,1,2,0,Referral,medium,Debit Card,Android,6,126.2,25.3025641025641,0.1282051282051282,27.81,12.226666666666668,2.956666666666667,5.039999999999999,0.1534246575342465,0.0769230769230769,0,Q3,Mid-Low,2024-10,2025-12,0,0,Recent,0,0,1,0.26655982905982906,2
21,Other,1,9,0,Ads,high,Cash,iOS,7,157.62,26.178048780487803,0.1707317073170731,18.83,7.276666666666666,1.0,3.78,0.1671826625386996,0.073170731707317,0,Q3,Mid-Low,2024-09,2025-11,0,0,Mid-Recent,0,0,1,0.4348290598290598,2
54,Female,6,55,0,Partnership,high,Cash,Android,1,192.2,21.095348837209304,0.1395348837209302,85.61,16.168333333333333,1.9,0.0899999999999998,0.0010501750291715,0.1395348837209302,1,Q4,High,2023-06,2025-12,1,1,Inactive,1,1,0,0.49893162393162394,3
21,Female,6,30,0,Referral,medium,Credit Card,Android,8,159.46,26.798,0.06,11.54,13.24,1.700000000000001,5.34,0.3163507109004739,0.02,0,Q3,Low,2024-09,2025-12,1,1,Inactive,0,0,0,0.27190170940170943,0
22,Other,3,10,0,Ads,low,Debit Card,Web,3,79.86,25.61764705882353,0.0588235294117647,21.1,21.0,-0.1000000000000014,0.7100000000000009,0.0325538743695552,0.0294117647058823,0,Q1,Low,2023-02,2025-12,0,0,Mid-Recent,0,0,1,0.49519230769230765,2
23,Male,0,6,1,Partnership,medium,Debit Card,Web,3,27.94,25.058333333333334,0.0833333333333333,11.18,19.0,7.82,3.99,0.2630191166776532,0.0833333333333333,0,Q1,Mid-Low,2025-03,2025-10,0,0,Recent,0,0,1,0.3942307692307692,2
46,Female,1,13,0,Partnership,low,Digital Wallet,Web,6,208.87,26.269863013698632,0.1232876712328767,67.58,11.218571428571428,1.5642857142857136,9.85,0.1272116750613457,0.0958904109589041,1,Q4,Mid-High,2025-07,2025-12,0,0,Mid-Recent,1,0,1,0.48130341880341887,1
21,Other,2,10,0,Ads,medium,Debit Card,Android,7,120.66,22.345454545454547,0.1818181818181818,63.57,11.603333333333332,1.008333333333333,0.0,0.0,0.1363636363636363,1,Q2,High,2025-08,2025-12,0,0,Mid-Recent,0,0,1,0.5240384615384615,4
28,Male,0,48,0,Referral,high,Debit Card,iOS,6,188.07,22.66590909090909,0.1818181818181818,56.59,13.964,2.646,2.77,0.0466644204851752,0.1136363636363636,1,Q4,Mid-High,2024-02,2025-12,1,1,Inactive,1,1,0,0.2601495726495726,3
46,Other,3,15,0,Organic,low,Credit Card,iOS,8,50.57,23.448,0.04,14.98,19.0,4.02,1.7799999999999994,0.1062052505966586,0.04,0,Q1,Low,2025-10,2025-12,0,0,Mid-Inactive,0,0,0,0.1997863247863248,2
63,Female,5,3,0,Referral,medium,Debit Card,Android,6,183.32,23.8344262295082,0.2295081967213114,95.04,14.178,4.674,0.0,0.0,0.1639344262295081,1,Q4,High,2023-01,2025-11,0,0,Recent,1,0,1,0.561965811965812,1
60,Male,4,18,1,Referral,medium,Debit Card,Web,5,103.92,26.95,0.1578947368421052,42.02,12.76,2.255,0.1999999999999993,0.0047370914258645,0.1052631578947368,1,Q2,Mid-High,2025-10,2025-12,0,0,Mid-Inactive,0,0,0,0.3317307692307692,4
35,Male,0,3,0,Referral,medium,Debit Card,Android,4,88.73,23.885185185185183,0.1481481481481481,24.04,14.0,1.9799999999999995,3.03,0.1119320280753601,0.074074074074074,0,Q1,Mid-Low,2023-06,2025-09,0,0,Recent,0,0,1,0.16666666666666669,2
65,Other,1,7,0,Partnership,medium,Credit Card,Android,10,96.49,25.87894736842105,0.1578947368421052,19.39,9.135,-0.5599999999999998,1.91,0.0896713615023474,0.0526315789473684,0,Q2,Low,2024-06,2025-12,0,0,Recent,0,0,1,0.547008547008547,2
62,Female,3,88,0,Partnership,medium,Cash,iOS,5,119.15,26.735714285714288,0.1428571428571428,35.97,10.81,1.8175,0.0899999999999998,0.0024958402662229,0.0952380952380952,1,Q2,Mid-High,2024-04,2025-11,1,1,Inactive,0,0,0,0.577991452991453,0
20,Female,4,44,0,Organic,medium,Credit Card,iOS,3,71.57000000000001,25.175,0.0833333333333333,0.0,0.0,0.0,0.0,0.0,0.0,0,Q1,Low,2023-02,2025-12,1,1,Inactive,0,0,0,0.30662393162393164,0
61,Other,7,17,0,Organic,medium,Credit Card,iOS,3,169.67,26.874074074074077,0.1851851851851851,47.78,10.403333333333334,2.44,1.3499999999999996,0.0274781192753918,0.1111111111111111,1,Q4,Mid-High,2023-04,2025-12,0,0,Mid-Inactive,1,0,0,0.6362179487179487,1
51,Other,3,4,0,Organic,low,Debit Card,Web,1,64.92999999999999,23.930769230769236,0.2692307692307692,51.31,11.576,1.314,3.52,0.0641984315155936,0.1923076923076923,1,Q1,High,2025-01,2025-11,0,0,Recent,0,0,1,0.2110042735042735,4
58,Female,0,20,0,Partnership,low,Digital Wallet,Android,1,52.75,24.83157894736842,0.1578947368421052,28.55,16.12,1.845,0.0,0.0,0.1052631578947368,1,Q1,Mid-High,2025-07,2025-12,1,0,Mid-Inactive,0,0,0,0.30608974358974356,4
38,Other,1,14,0,Ads,medium,Digital Wallet,Android,3,111.74,25.15952380952381,0.0714285714285714,2.37,3.46,1.09,5.57,0.7015113350125944,0.0238095238095238,0,Q2,Low,2023-07,2025-12,0,0,Mid-Recent,0,0,1,0.4460470085470085,2
36,Other,0,101,1,Referral,low,Cash,iOS,5,68.47,23.88214285714286,0.2857142857142857,72.15,20.6,6.17,2.16,0.0290674202664513,0.1785714285714285,1,Q1,High,2023-06,2025-11,1,1,Inactive,0,0,0,0.23344017094017094,0
34,Female,1,25,0,Partnership,medium,Credit Card,Web,5,110.89,24.1027027027027,0.1621621621621621,37.5,13.32,0.8199999999999998,4.89,0.1153573956121726,0.081081081081081,0,Q2,Mid-Low,2023-12,2025-11,1,0,Mid-Inactive,0,0,0,0.22329059829059827,0
47,Female,0,58,1,Ads,medium,Digital Wallet,Web,2,17.93,34.4875,0.125,0.0,0.0,0.0,0.0,0.0,0.0,0,Q1,Low,2023-07,2025-11,1,1,Inactive,0,0,0,0.2799145299145299,0
58,Female,0,28,0,Ads,low,Digital Wallet,Web,3,72.63,23.975,0.0714285714285714,23.62,29.0,5.379999999999999,12.85,0.3523443926514943,0.0357142857142857,0,Q1,Low,2023-12,2025-11,1,0,Inactive,0,0,0,0.49732905982905984,2
36,Female,4,40,0,Referral,medium,Credit Card,Web,5,169.6,25.016666666666666,0.1458333333333333,79.12,20.31,0.5300000000000007,4.370000000000001,0.0523415977961432,0.0833333333333333,0,Q4,Mid-Low,2023-11,2025-12,1,1,Inactive,1,1,0,0.5272435897435896,3
33,Other,1,3,0,Organic,medium,Credit Card,Web,4,86.64,25.574193548387097,0.2258064516129032,45.98,11.768,2.572,1.16,0.0246075519728468,0.1612903225806451,1,Q1,High,2025-09,2025-12,0,0,Recent,0,0,1,0.3990384615384615,4
23,Male,2,46,1,Partnership,low,Credit Card,Web,6,104.23,25.54390243902439,0.0975609756097561,19.62,14.345,4.534999999999999,2.1999999999999997,0.1008249312557286,0.048780487804878,0,Q2,Low,2024-01,2025-12,1,1,Inactive,0,0,0,0.42788461538461536,0
49,Other,5,10,0,Organic,medium,Cash,Android,2,282.86,24.46578947368421,0.1973684210526315,106.56,14.65,2.81,1.2199999999999998,0.0113193542401187,0.1184210526315789,1,Q4,High,2023-07,2025-12,0,0,Mid-Recent,1,0,1,0.6260683760683761,1
33,Female,1,50,0,Partnership,low,Debit Card,Web,6,91.78,25.089473684210525,0.131578947368421,32.9,11.33,0.3633333333333335,10.78,0.2467948717948717,0.0789473684210526,0,Q2,Mid-Low,2024-11,2025-12,1,1,Inactive,0,0,0,0.5122863247863247,0
65,Male,8,21,1,Organic,medium,Cash,Android,11,118.32,26.636734693877557,0.2040816326530612,37.14,8.968,1.54,0.0,0.0,0.1020408163265306,1,Q2,Mid-High,2025-06,2025-12,1,0,Mid-Inactive,0,0,0,0.3787393162393162,4
35,Male,0,34,0,Organic,medium,Cash,iOS,1,50.64,24.80555555555556,0.1111111111111111,21.95,29.0,7.050000000000001,0.91,0.0398075240594925,0.0555555555555555,0,Q1,Low,2024-09,2025-11,1,1,Inactive,0,0,0,0.280982905982906,0
52,Female,7,34,0,Organic,low,Cash,Android,4,131.1,26.17058823529412,0.1764705882352941,63.13,15.556,2.93,6.33,0.0911315865246184,0.0980392156862745,1,Q3,Mid-High,2025-01,2025-12,1,1,Inactive,0,0,0,0.3108974358974359,0
30,Other,0,18,1,Partnership,medium,Debit Card,Android,8,157.06,26.430769230769236,0.2307692307692307,96.66,15.915,3.8325,1.0699999999999998,0.0109485316688836,0.1538461538461538,1,Q3,High,2023-03,2025-12,0,0,Mid-Inactive,0,0,0,0.34989316239316237,4
38,Other,2,37,1,Partnership,high,Cash,Web,3,177.82,25.335,0.075,31.71,13.52,2.95,3.1999999999999997,0.0916642795760526,0.075,0,Q4,Mid-Low,2025-04,2025-12,1,1,Inactive,1,1,0,0.3472222222222222,3
49,Male,5,3,0,Organic,medium,Credit Card,Android,5,145.22,25.867441860465117,0.0465116279069767,8.53,9.0,0.4700000000000006,6.4,0.4286671131949096,0.0232558139534883,0,Q3,Low,2023-04,2025-11,0,0,Recent,0,0,1,0.422542735042735,2
51,Female,4,22,0,Ads,high,Cash,Web,5,131.37,25.01842105263158,0.2105263157894736,26.82,30.0,3.18,2.27,0.0780336885527672,0.0263157894736842,0,Q3,Low,2024-03,2025-12,1,0,Mid-Inactive,0,0,0,0.38728632478632474,0
22,Female,0,52,0,Organic,medium,Cash,Web,4,123.56,25.072222222222223,0.1388888888888889,30.92,21.0,5.54,5.94,0.1611502984264785,0.0555555555555555,0,Q3,Low,2024-03,2025-12,1,1,Inactive,0,0,0,0.6009615384615384,0
39,Other,2,64,0,Organic,high,Cash,Web,4,148.85,21.87058823529412,0.1470588235294117,31.28,16.176666666666666,5.75,0.0,0.0,0.088235294117647,1,Q3,Mid-High,2023-10,2025-12,1,1,Inactive,0,0,0,0.33547008547008544,0
57,Male,0,45,0,Organic,high,Debit Card,Web,10,392.84,25.34526315789474,0.1157894736842105,80.78999999999999,13.368571428571428,1.827142857142857,0.5199999999999996,0.0063952773336612,0.0736842105263157,0,Q4,Mid-Low,2023-01,2025-12,1,1,Inactive,1,1,0,0.7836538461538463,3
45,Male,6,56,0,Partnership,high,Debit Card,Web,10,220.87,26.50526315789473,0.2456140350877192,137.16,18.096,4.380000000000001,0.0,0.0,0.175438596491228,1,Q4,High,2025-04,2025-12,1,1,Inactive,1,1,0,0.4476495726495726,3
19,Male,5,29,1,Referral,medium,Digital Wallet,Android,7,182.39,28.173846153846156,0.1692307692307692,61.27,14.041666666666666,3.83,3.62,0.0557867159808907,0.0923076923076923,1,Q4,Mid-High,2024-09,2025-12,1,0,Inactive,1,1,0,0.45405982905982906,3
45,Male,4,2,1,Partnership,medium,Debit Card,iOS,9,162.35,26.13448275862069,0.1724137931034483,66.64,13.025,1.9183333333333328,4.470000000000001,0.0628603571930811,0.1034482758620689,1,Q3,Mid-High,2024-11,2025-12,0,0,Recent,0,0,1,0.3616452991452992,4
23,Other,4,11,0,Ads,medium,Cash,Web,7,140.74,27.406382978723403,0.1276595744680851,55.67,21.5,7.5825,1.38,0.0241893076248904,0.0851063829787234,0,Q3,Mid-Low,2024-08,2025-11,0,0,Mid-Recent,0,0,1,0.4674145299145299,4
32,Female,7,0,0,Partnership,medium,Digital Wallet,Web,5,209.9,26.4741935483871,0.1290322580645161,63.45,11.496666666666664,0.9216666666666667,2.5,0.0379075056861258,0.0967741935483871,1,Q4,Mid-High,2024-10,2025-12,0,0,Recent,1,0,1,0.5037393162393162,1
47,Female,4,9,0,Referral,high,Cash,Android,11,251.13,24.333823529411767,0.1029411764705882,62.22,11.376666666666669,1.0066666666666664,6.23,0.0910153396639883,0.088235294117647,1,Q4,Mid-High,2025-01,2025-12,0,0,Mid-Recent,1,0,1,0.6613247863247864,1
37,Other,1,13,0,Organic,medium,Cash,Android,7,87.73,28.31212121212121,0.0303030303030303,0.0,0.0,0.0,0.0,0.0,0.0,0,Q1,Low,2023-05,2025-10,0,0,Mid-Recent,0,0,1,0.23397435897435898,2
42,Female,1,9,0,Ads,medium,Cash,Web,1,30.84,26.7875,0.0,0.0,0.0,0.0,0.0,0.0,0.0,0,Q1,Low,2023-10,2025-07,0,0,Mid-Recent,0,0,1,0.16880341880341881,2
54,Female,0,23,1,Referral,medium,Cash,Android,3,115.92,22.87560975609756,0.2439024390243902,68.57000000000001,12.153333333333334,0.725,0.5299999999999994,0.00767004341534,0.1463414634146341,1,Q2,High,2024-11,2025-11,1,0,Mid-Inactive,0,0,0,0.4348290598290598,4
54,Other,0,126,0,Partnership,high,Digital Wallet,iOS,8,183.0,26.212,0.18,64.62,11.165714285714284,1.9342857142857135,0.0,0.0,0.14,1,Q4,High,2025-06,2025-12,1,1,Inactive,1,1,0,0.2927350427350427,3
40,Male,0,30,1,Organic,medium,Debit Card,Web,4,67.42,24.095454545454547,0.1363636363636363,2.36,3.18,0.8200000000000003,10.5,0.8164852255054432,0.0454545454545454,0,Q1,Low,2023-10,2025-12,1,1,Inactive,0,0,0,0.46474358974358976,2
58,Other,0,14,0,Organic,high,Cash,iOS,2,209.42,27.38,0.1333333333333333,7.64,8.0,0.3600000000000003,0.0,0.0,0.0222222222222222,0,Q4,Low,2024-11,2025-12,0,0,Mid-Recent,1,0,1,0.5074786324786325,2
41,Other,4,13,0,Referral,medium,Digital Wallet,Android,4,73.73,31.0962962962963,0.2222222222222222,22.11,5.984999999999999,0.4575,2.210000000000001,0.0908717105263158,0.1481481481481481,1,Q1,High,2023-11,2025-12,0,0,Mid-Recent,0,0,1,0.5277777777777778,4
29,Male,1,4,1,Organic,low,Digital Wallet,iOS,6,145.95,26.734615384615385,0.1153846153846153,11.18,8.34,2.75,1.67,0.1299610894941634,0.0384615384615384,0,Q3,Low,2025-01,2025-12,0,0,Recent,0,0,1,0.41239316239316237,2
48,Female,1,6,0,Referral,medium,Cash,iOS,2,42.8,24.69333333333333,0.3333333333333333,31.410000000000004,18.5,2.794999999999999,0.2600000000000002,0.0082096621408272,0.1333333333333333,1,Q1,High,2023-12,2025-11,0,0,Recent,0,0,1,0.37927350427350426,4
66,Male,0,5,0,Organic,medium,Credit Card,Android,6,200.23,26.026666666666664,0.1666666666666666,67.56,16.856,3.344,8.39,0.1104674127715602,0.0833333333333333,0,Q4,Mid-Low,2025-06,2025-12,0,0,Recent,1,0,1,0.6340811965811965,1
34,Other,0,2,0,Partnership,high,Digital Wallet,Web,8,320.83,23.56533333333333,0.1733333333333333,99.9,14.093333333333334,2.993333333333333,0.5099999999999998,0.0050791753809381,0.12,1,Q4,High,2023-08,2025-11,0,0,Recent,1,0,1,0.5731837606837606,1
55,Female,0,6,1,Referral,medium,Debit Card,Android,5,64.44,23.226923076923075,0.1538461538461538,25.83,9.81,3.3525,5.79,0.183111954459203,0.1538461538461538,1,Q1,High,2024-03,2025-08,0,0,Recent,0,0,1,0.4610042735042735,4
57,Other,9,11,0,Ads,high,Credit Card,Web,4,289.15,24.796969696969697,0.1212121212121212,15.88,10.64,2.6999999999999997,5.680000000000001,0.2634508348794063,0.0303030303030303,0,Q4,Low,2025-02,2025-12,0,0,Mid-Recent,1,0,1,0.6180555555555556,1
62,Female,0,1,0,Referral,low,Debit Card,iOS,4,124.04,24.43636363636364,0.1363636363636363,24.32,7.805,1.725,2.25,0.0846819721490402,0.0909090909090909,1,Q3,Mid-High,2025-02,2025-12,0,0,Recent,0,0,1,0.530982905982906,4
37,Female,1,19,1,Referral,high,Debit Card,Web,6,209.94,23.420408163265304,0.1020408163265306,20.77,21.0,0.2300000000000004,0.9900000000000002,0.0454963235294117,0.0204081632653061,0,Q4,Low,2023-03,2025-12,0,0,Mid-Inactive,1,0,0,0.6217948717948718,1
42,Female,1,10,0,Partnership,medium,Debit Card,Android,5,132.62,26.86923076923077,0.1538461538461538,40.65,15.583333333333334,2.0333333333333337,0.0,0.0,0.0769230769230769,0,Q3,Mid-Low,2024-02,2025-12,0,0,Mid-Recent,0,0,1,0.5582264957264956,2
49,Other,7,11,0,Organic,high,Credit Card,Web,6,293.2,23.9625,0.0833333333333333,28.37,7.403999999999999,1.73,4.18,0.1284178187403994,0.0694444444444444,0,Q4,Mid-Low,2025-09,2025-12,0,0,Mid-Recent,1,0,1,0.6645299145299146,1
31,Female,6,3,0,Ads,medium,Digital Wallet,iOS,5,123.82,26.44090909090909,0.1136363636363636,24.93,10.92,2.61,1.09,0.0418908531898539,0.0681818181818181,0,Q3,Mid-Low,2024-10,2025-12,0,0,Recent,0,0,1,0.579594017094017,2
52,Other,6,35,0,Referral,medium,Cash,Android,4,120.3,25.0075,0.15,35.02,15.76,4.086666666666666,0.0,0.0,0.075,0,Q2,Mid-Low,2025-10,2025-12,1,1,Inactive,0,0,0,0.2708333333333333,0
25,Female,4,6,0,Ads,medium,Credit Card,iOS,3,175.68,25.45098039215686,0.2352941176470588,105.06,16.94,3.8075,0.0,0.0,0.1568627450980392,1,Q4,High,2024-05,2025-12,0,0,Recent,1,0,1,0.484508547008547,1
33,Male,3,16,0,Referral,medium,Debit Card,Web,1,60.98,24.415,0.1,13.81,16.0,2.1899999999999995,0.7400000000000002,0.0508591065292096,0.05,0,Q1,Low,2024-04,2025-12,0,0,Mid-Inactive,0,0,0,0.4214743589743589,2
32,Female,2,17,1,Referral,medium,Digital Wallet,iOS,5,158.45,21.912244897959184,0.2244897959183673,93.68,12.75,2.341111111111111,4.789999999999999,0.0486442571341525,0.1836734693877551,1,Q3,High,2025-02,2025-12,0,0,Mid-Inactive,0,0,0,0.2954059829059829,4
52,Female,1,0,0,Referral,medium,Credit Card,iOS,1,109.13,21.51212121212121,0.1212121212121212,10.6,17.0,6.4,0.0,0.0,0.0303030303030303,0,Q2,Low,2023-04,2025-11,0,0,Recent,0,0,1,0.49786324786324787,2
40,Male,6,24,1,Referral,high,Debit Card,Android,8,247.63,24.538983050847456,0.1694915254237288,92.15,15.418571428571427,2.254285714285714,0.8499999999999996,0.0091397849462365,0.1186440677966101,1,Q4,High,2025-01,2025-12,1,0,Mid-Inactive,1,1,0,0.37286324786324787,3
26,Other,5,10,0,Referral,high,Credit Card,Android,9,300.41,25.25774647887324,0.2535211267605634,93.93,13.775555555555556,3.338888888888889,5.38,0.0541737992145806,0.1267605633802817,1,Q4,High,2024-11,2025-12,0,0,Mid-Recent,1,0,1,0.5908119658119658,1
67,Female,0,20,0,Partnership,low,Debit Card,Web,3,122.75,24.525581395348837,0.3023255813953488,69.94,10.36111111111111,2.5899999999999994,4.470000000000001,0.0600725708910092,0.2093023255813953,1,Q3,High,2025-06,2025-12,1,0,Mid-Inactive,0,0,0,0.5544871794871795,4
64,Other,2,9,0,Partnership,high,Credit Card,iOS,4,172.82,26.93720930232558,0.1162790697674418,34.85,13.0075,4.295,1.3199999999999985,0.0364943323196018,0.0930232558139534,1,Q4,Mid-High,2025-07,2025-12,0,0,Mid-Recent,1,0,1,0.5544871794871795,1
43,Female,2,60,0,Partnership,low,Cash,iOS,2,77.9,26.6962962962963,0.1851851851851851,22.37,14.14,2.954999999999999,3.4400000000000004,0.1332816737698566,0.074074074074074,0,Q1,Mid-Low,2025-09,2025-12,1,1,Inactive,0,0,0,0.2638888888888889,0
38,Other,0,6,0,Referral,high,Debit Card,Android,12,415.94,24.498979591836736,0.1938775510204081,131.6,15.069090909090908,3.105454545454545,2.78,0.020687602321774,0.1122448979591836,1,Q4,Mid-High,2023-07,2025-12,0,0,Recent,1,0,1,0.49091880341880345,1
58,Other,3,32,0,Partnership,medium,Digital Wallet,Android,12,152.24,23.68448275862069,0.1379310344827586,58.7,11.67,1.8866666666666667,3.9200000000000017,0.0625998083679336,0.1034482758620689,1,Q3,Mid-High,2024-11,2025-12,1,1,Inactive,0,0,0,0.4033119658119658,0
56,Female,4,15,0,Referral,medium,Debit Card,Android,4,96.86,27.421875,0.15625,22.95,12.666666666666666,5.016666666666667,0.0,0.0,0.09375,1,Q2,Mid-High,2024-10,2025-12,0,0,Mid-Inactive,0,0,0,0.25747863247863245,4
32,Female,5,26,0,Partnership,low,Cash,Android,6,117.1,26.53478260869565,0.1304347826086956,58.75,17.25,2.5625000000000004,6.899999999999999,0.105102817974105,0.0869565217391304,0,Q2,Mid-Low,2023-09,2025-11,1,0,Mid-Inactive,0,0,0,0.5256410256410257,0
38,Female,2,2,0,Organic,high,Digital Wallet,iOS,9,158.12,24.564444444444447,0.1777777777777777,23.83,13.44,5.496666666666667,6.800000000000001,0.2220045706823376,0.0666666666666666,0,Q3,Mid-Low,2025-05,2025-12,0,0,Recent,0,0,1,0.24358974358974358,2
22,Male,1,17,0,Referral,low,Cash,iOS,3,100.38,26.30540540540541,0.1621621621621621,24.09,10.413333333333334,2.383333333333334,0.0,0.0,0.081081081081081,0,Q2,Mid-Low,2024-12,2025-12,0,0,Mid-Inactive,0,0,0,0.5010683760683761,2
26,Other,7,23,1,Organic,medium,Credit Card,Android,3,151.32,25.018367346938778,0.0816326530612244,29.54,14.926666666666668,5.079999999999999,0.4299999999999997,0.0143476810143476,0.0612244897959183,0,Q3,Mid-Low,2024-02,2025-11,1,0,Mid-Inactive,0,0,0,0.594017094017094,0
60,Female,1,96,0,Organic,medium,Digital Wallet,Android,6,113.57,26.148780487804878,0.0975609756097561,33.68,15.76,4.533333333333334,10.22,0.2328018223234624,0.073170731707317,0,Q2,Mid-Low,2025-02,2025-12,1,1,Inactive,0,0,0,0.41399572649572647,0
54,Other,3,57,0,Ads,high,Cash,iOS,3,101.12,23.74814814814815,0.1481481481481481,42.16,12.52,1.9799999999999995,1.5700000000000005,0.0359021266864852,0.1481481481481481,1,Q2,High,2025-08,2025-12,1,1,Inactive,0,0,0,0.40277777777777773,0
40,Other,5,77,0,Referral,high,Digital Wallet,Web,5,159.86,23.44324324324324,0.027027027027027,0.0,0.0,0.0,0.0,0.0,0.0,0,Q3,Low,2023-07,2025-12,1,1,Inactive,0,0,0,0.3482905982905983,0
45,Other,7,40,1,Organic,medium,Credit Card,iOS,9,197.12,25.62295081967213,0.180327868852459,74.56,14.553333333333333,2.1266666666666665,3.41,0.0437347697832499,0.0983606557377049,1,Q4,Mid-High,2024-01,2025-12,1,1,Inactive,1,1,0,0.6800213675213675,3
62,Female,1,2,0,Organic,medium,Credit Card,iOS,7,133.11,26.665116279069764,0.1627906976744186,40.75,11.636,3.486,4.98,0.1089000656024491,0.1162790697674418,1,Q3,Mid-High,2023-01,2025-11,0,0,Recent,0,0,1,0.3878205128205128,4
54,Other,2,28,0,Referral,medium,Debit Card,Web,1,135.28,24.1725,0.2,23.39,12.28,0.585,0.3499999999999996,0.0147430497051389,0.05,0,Q3,Low,2025-10,2025-12,1,0,Inactive,0,0,0,0.3402777777777778,0
23,Other,4,21,0,Partnership,high,Cash,Android,10,304.78,26.123076923076923,0.0897435897435897,20.37,13.38,3.1950000000000003,2.93,0.1257510729613734,0.0256410256410256,0,Q4,Low,2024-11,2025-12,1,0,Mid-Inactive,1,1,0,0.6346153846153846,3
28,Female,1,0,0,Organic,medium,Credit Card,iOS,2,139.65,25.872727272727275,0.1818181818181818,91.71,18.556,0.2139999999999998,5.76,0.0590951061865189,0.1136363636363636,1,Q3,Mid-High,2024-01,2025-10,0,0,Recent,0,0,1,0.3920940170940171,4
28,Other,6,35,0,Referral,medium,Digital Wallet,Android,1,168.15,25.910416666666663,0.1666666666666666,29.6,12.28,2.4133333333333327,0.1900000000000012,0.0063779791876469,0.0625,0,Q4,Mid-Low,2025-07,2025-12,1,1,Inactive,1,1,0,0.3466880341880342,3
49,Other,6,11,0,Partnership,low,Digital Wallet,iOS,8,132.28,25.642,0.16,44.22,11.186,2.342,9.13,0.1711340206185567,0.1,1,Q3,Mid-High,2023-08,2025-12,0,0,Mid-Recent,0,0,1,0.3830128205128205,4
25,Female,2,29,0,Referral,medium,Digital Wallet,Web,3,85.03,21.90714285714285,0.1428571428571428,51.58,12.7425,-0.1524999999999999,5.5600000000000005,0.0973048652432621,0.1428571428571428,1,Q1,High,2024-09,2025-11,1,0,Inactive,0,0,0,0.46260683760683763,4
49,Other,3,7,0,Referral,medium,Debit Card,Android,13,115.09,24.919148936170213,0.1489361702127659,63.46,19.57,3.705,0.0,0.0,0.0851063829787234,0,Q2,Mid-Low,2025-01,2025-12,0,0,Recent,0,0,1,0.5993589743589743,1
21,Male,2,25,1,Organic,medium,Debit Card,iOS,4,87.6,24.146875,0.1875,58.22,15.8025,1.2474999999999996,1.0099999999999998,0.0170521695086949,0.125,1,Q1,High,2025-07,2025-12,1,0,Mid-Inactive,0,0,0,0.35470085470085466,4
36,Female,6,2,0,Referral,medium,Cash,Web,3,143.41,25.672727272727272,0.1136363636363636,52.0,14.562,4.162,0.2299999999999995,0.0044035994639096,0.1136363636363636,1,Q3,Mid-High,2025-06,2025-12,0,0,Recent,0,0,1,0.4337606837606838,4
29,Male,3,4,0,Ads,low,Digital Wallet,iOS,7,83.21000000000001,25.33783783783784,0.1351351351351351,35.03,10.6825,1.925,1.66,0.0452439356772962,0.1081081081081081,1,Q1,Mid-High,2025-04,2025-12,0,0,Recent,0,0,1,0.29967948717948717,4
65,Male,6,23,0,Referral,low,Cash,iOS,6,117.58,22.46,0.1777777777777777,57.1,13.386666666666663,3.87,2.99,0.0497586952903977,0.1333333333333333,1,Q2,High,2025-07,2025-12,1,0,Mid-Inactive,0,0,0,0.5213675213675213,4
54,Female,1,4,0,Partnership,medium,Digital Wallet,iOS,3,87.85,24.8969696969697,0.1818181818181818,40.120000000000005,13.45,3.419999999999999,0.5199999999999996,0.0127952755905511,0.1212121212121212,1,Q1,High,2025-09,2025-12,0,0,Recent,0,0,1,0.38675213675213677,4
19,Female,0,76,1,Partnership,low,Digital Wallet,iOS,4,79.59,24.97741935483871,0.0967741935483871,21.98,14.14,3.1499999999999995,2.8,0.1129943502824858,0.064516129032258,0,Q1,Mid-Low,2025-10,2025-12,1,1,Inactive,0,0,0,0.2115384615384615,0
24,Male,6,3,0,Partnership,low,Credit Card,Android,8,143.19,24.185185185185187,0.0925925925925925,34.35,18.64,1.465,5.890000000000001,0.1463717693836978,0.037037037037037,0,Q3,Low,2025-05,2025-12,0,0,Recent,0,0,1,0.6153846153846153,2
65,Female,1,16,0,Organic,medium,Debit Card,iOS,6,82.37,26.96176470588236,0.1764705882352941,12.76,12.28,-0.4800000000000004,0.96,0.0699708454810495,0.0294117647058823,0,Q1,Low,2025-05,2025-12,0,0,Mid-Inactive,0,0,0,0.5090811965811965,2
58,Male,4,68,1,Organic,medium,Digital Wallet,Web,4,81.8,22.950000000000003,0.1153846153846153,8.75,11.75,3.0,1.8099999999999987,0.171401515151515,0.0384615384615384,0,Q1,Low,2025-07,2025-12,1,1,Inactive,0,0,0,0.39155982905982906,0
33,Male,4,17,0,Organic,medium,Debit Card,iOS,5,134.46,23.88048780487805,0.1219512195121951,29.93,13.26,3.2833333333333328,0.6699999999999999,0.0218954248366013,0.073170731707317,0,Q3,Mid-Low,2023-09,2025-11,0,0,Mid-Inactive,0,0,0,0.45566239316239315,2
27,Other,2,15,0,Ads,medium,Cash,Android,6,54.24,24.405263157894737,0.0526315789473684,3.26,3.18,-0.0799999999999996,5.100000000000001,0.6100478468899523,0.0526315789473684,0,Q1,Low,2023-09,2025-10,0,0,Mid-Inactive,0,0,0,0.23664529914529914,2
66,Other,3,1,0,Organic,medium,Digital Wallet,iOS,0,68.5,24.876,0.08,21.64,30.0,8.36,4.02,0.1566640685892439,0.04,0,Q1,Low,2024-08,2025-12,0,0,Recent,0,0,1,0.3247863247863248,2
22,Female,8,9,0,Organic,low,Digital Wallet,Web,9,178.21,23.91060606060606,0.1212121212121212,82.46000000000001,15.794285714285715,4.014285714285714,0.9800000000000004,0.011744966442953,0.106060606060606,1,Q4,Mid-High,2024-07,2025-12,0,0,Mid-Recent,1,0,1,0.6458333333333334,1
40,Other,2,46,0,Organic,high,Cash,Android,4,194.1,24.958695652173912,0.108695652173913,48.38,15.26,3.165,1.98,0.0393169181890389,0.0869565217391304,0,Q4,Mid-Low,2023-08,2025-12,1,1,Inactive,1,1,0,0.3242521367521367,3
21,Female,8,25,0,Referral,high,Credit Card,Web,10,258.69,25.170588235294115,0.0735294117647058,26.43,8.0275,1.42,9.09,0.2559121621621621,0.0588235294117647,0,Q4,Mid-Low,2024-10,2025-12,1,0,Mid-Inactive,1,1,0,0.5154914529914529,3
50,Female,1,46,0,Referral,medium,Cash,Web,4,113.08,24.74473684210526,0.2368421052631578,69.82000000000001,15.708333333333334,4.071666666666666,2.229999999999998,0.0309507286606523,0.1578947368421052,1,Q2,High,2023-12,2025-12,1,1,Inactive,0,0,0,0.297008547008547,0
38,Other,2,29,0,Ads,medium,Credit Card,Android,3,157.17,24.46590909090909,0.1136363636363636,46.84,13.6875,1.9775,5.08,0.0978428351309707,0.0909090909090909,1,Q3,Mid-High,2023-04,2025-12,1,0,Inactive,0,0,0,0.4893162393162393,0
39,Other,8,15,0,Ads,high,Credit Card,iOS,11,221.6,26.16140350877193,0.1052631578947368,27.95,10.07,3.0825,0.0,0.0,0.0701754385964912,0,Q4,Mid-Low,2023-01,2025-12,0,0,Mid-Inactive,1,0,0,0.33653846153846156,1
46,Other,4,6,0,Organic,low,Digital Wallet,Android,5,110.72,26.4325,0.1,42.84,18.0,3.72,0.0,0.0,0.075,0,Q2,Mid-Low,2023-09,2025-10,0,0,Recent,0,0,1,0.21527777777777776,2
44,Female,4,2,0,Organic,low,Credit Card,Android,5,103.64,23.394736842105264,0.2894736842105263,22.83,11.76,4.15,5.960000000000001,0.2070163251128864,0.0789473684210526,0,Q2,Mid-Low,2024-03,2025-12,0,0,Recent,0,0,1,0.3456196581196581,2
53,Other,5,59,1,Organic,high,Digital Wallet,Web,8,232.05,24.7245283018868,0.3018867924528302,148.17,14.396666666666668,2.049166666666667,11.27,0.0706848971399899,0.2264150943396226,1,Q4,High,2023-10,2025-12,1,1,Inactive,1,1,0,0.48611111111111105,3
27,Female,4,1,0,Ads,medium,Digital Wallet,Android,8,88.8,25.185714285714287,0.2,50.39,13.407999999999998,3.33,0.0,0.0,0.1428571428571428,1,Q1,High,2025-10,2025-12,0,0,Recent,0,0,1,0.22168803418803418,4
26,Other,2,21,0,Organic,low,Cash,Web,4,102.78,27.5948717948718,0.1282051282051282,13.46,12.59,5.859999999999999,2.1100000000000003,0.1355170199100835,0.0512820512820512,0,Q2,Low,2024-09,2025-12,1,0,Mid-Inactive,0,0,0,0.4818376068376068,2
26,Other,6,76,0,Partnership,medium,Digital Wallet,iOS,2,103.17,23.63939393939394,0.2121212121212121,31.81,10.175,2.2225,2.41,0.070426651081239,0.1212121212121212,1,Q2,High,2025-03,2025-12,1,1,Inactive,0,0,0,0.4909188034188034,0
37,Male,7,12,1,Organic,medium,Cash,iOS,9,176.34,27.962295081967213,0.1311475409836065,49.27,13.75,3.896,9.67,0.1640651510010179,0.081967213114754,0,Q4,Mid-Low,2024-12,2025-12,0,0,Mid-Recent,1,0,1,0.5272435897435898,1
26,Male,2,13,0,Organic,medium,Credit Card,Web,5,132.88,24.58478260869565,0.1521739130434782,59.14,15.32,0.5349999999999997,5.510000000000002,0.0852281515854601,0.0869565217391304,0,Q3,Mid-Low,2023-10,2025-12,0,0,Mid-Recent,0,0,1,0.2686965811965812,2
65,Other,0,25,0,Organic,medium,Debit Card,Web,4,65.27,26.91818181818182,0.0909090909090909,6.18,12.28,6.1,0.0,0.0,0.0454545454545454,0,Q1,Low,2025-10,2025-12,1,0,Mid-Inactive,0,0,0,0.22168803418803418,2
27,Male,6,3,1,Ads,low,Cash,iOS,3,128.7,26.247826086956525,0.1739130434782608,39.53,13.26,3.3774999999999995,2.6899999999999995,0.0637138796778777,0.0869565217391304,0,Q3,Mid-Low,2023-11,2025-12,0,0,Recent,0,0,1,0.5186965811965811,2
41,Other,3,7,0,Partnership,low,Digital Wallet,Web,4,162.61,23.57118644067797,0.1525423728813559,69.93,16.436,2.45,1.7199999999999989,0.0240055826936496,0.0847457627118644,0,Q3,Mid-Low,2024-03,2025-12,0,0,Recent,0,0,1,0.40064102564102566,2
32,Other,3,5,0,Organic,low,Cash,iOS,3,72.12,24.668000000000003,0.12,10.89,6.16,0.7150000000000001,0.0500000000000007,0.0045703839122486,0.08,0,Q1,Mid-Low,2023-06,2025-11,0,0,Recent,0,0,1,0.4567307692307692,2
61,Other,4,14,0,Partnership,medium,Digital Wallet,Android,2,82.16,24.29615384615385,0.1538461538461538,9.68,9.0,-0.6799999999999997,1.2600000000000002,0.1151736745886654,0.0384615384615384,0,Q1,Low,2024-04,2025-12,0,0,Mid-Recent,0,0,1,0.37767094017094016,2
51,Female,8,32,1,Ads,medium,Debit Card,Android,6,134.05,29.46170212765957,0.1276595744680851,76.25999999999999,13.089999999999998,0.38,0.7299999999999995,0.0094817508767372,0.1276595744680851,1,Q3,High,2025-06,2025-12,1,1,Inactive,0,0,0,0.4882478632478632,0
59,Female,1,0,0,Referral,high,Credit Card,Android,7,272.68,25.42,0.2461538461538461,149.73,14.925384615384615,3.407692307692308,8.78,0.055390827077156,0.2,1,Q4,High,2023-06,2025-12,0,0,Recent,1,0,1,0.41933760683760685,1
66,Male,10,14,0,Partnership,high,Debit Card,Android,9,299.08,23.726315789473684,0.1710526315789473,54.44,10.59,1.5166666666666668,4.26,0.072572402044293,0.0789473684210526,0,Q4,Mid-Low,2025-04,2025-12,0,0,Mid-Recent,1,0,1,0.7302350427350428,1
32,Female,1,14,0,Referral,high,Cash,iOS,4,193.11,26.390697674418604,0.0930232558139534,40.4,15.0,1.533333333333333,0.5799999999999996,0.0141532454856027,0.0697674418604651,0,Q4,Mid-Low,2023-02,2025-12,0,0,Mid-Recent,1,0,1,0.3947649572649572,1
50,Female,2,35,0,Partnership,low,Credit Card,Android,11,150.19,27.91379310344828,0.1896551724137931,132.32999999999998,24.83333333333333,2.7783333333333338,0.0,0.0,0.1034482758620689,1,Q3,Mid-High,2024-11,2025-12,1,1,Inactive,0,0,0,0.500534188034188,0
19,Female,3,7,1,Organic,medium,Debit Card,iOS,3,122.14,23.765,0.075,10.95,7.745,2.27,4.27,0.2805519053876478,0.05,0,Q3,Low,2024-02,2025-12,0,0,Recent,0,0,1,0.5069444444444444,2
36,Female,1,0,0,Partnership,high,Cash,Web,1,80.58,24.82,0.1333333333333333,22.86,22.0,-0.8599999999999994,0.0,0.0,0.0666666666666666,0,Q1,Mid-Low,2023-10,2025-10,0,0,Recent,0,0,1,0.4001068376068376,2
23,Male,5,26,0,Ads,high,Debit Card,Web,4,242.34,25.046296296296298,0.074074074074074,38.79,14.916666666666666,1.9866666666666664,5.029999999999999,0.1147877681424007,0.0555555555555555,0,Q4,Low,2023-09,2025-12,1,0,Mid-Inactive,1,1,0,0.4487179487179487,3
51,Female,1,16,0,Organic,medium,Debit Card,Android,3,58.54,16.4,0.1904761904761904,26.86,17.14,3.71,0.0,0.0,0.0952380952380952,1,Q1,Mid-High,2023-03,2025-12,0,0,Mid-Inactive,0,0,0,0.3840811965811966,4
21,Male,3,25,0,Partnership,high,Credit Card,iOS,6,146.22,24.02368421052632,0.131578947368421,19.33,15.64,5.975,6.49,0.2513555383423703,0.0526315789473684,0,Q3,Low,2025-11,2025-12,1,0,Mid-Inactive,0,0,0,0.19284188034188032,2
56,Other,0,2,0,Ads,low,Debit Card,Android,2,90.26,22.905882352941177,0.1176470588235294,47.870000000000005,17.76,1.803333333333332,2.389999999999999,0.0475527258257063,0.088235294117647,1,Q1,Mid-High,2025-03,2025-12,0,0,Recent,0,0,1,0.266025641025641,4
18,Other,4,45,1,Ads,low,Cash,iOS,5,113.5,23.50263157894737,0.0789473684210526,38.59,15.656666666666666,2.793333333333333,1.0,0.0252589037635766,0.0789473684210526,0,Q2,Mid-Low,2025-07,2025-12,1,1,Inactive,0,0,0,0.5053418803418803,0
51,Female,2,37,1,Referral,high,Cash,Android,9,158.07,23.377272727272725,0.1363636363636363,64.57,15.992,3.078,0.0,0.0,0.1136363636363636,1,Q3,Mid-High,2023-12,2025-11,1,1,Inactive,0,0,0,0.30181623931623935,0
58,Female,5,22,0,Organic,high,Credit Card,Android,10,315.93,25.89605263157895,0.131578947368421,37.84,9.546666666666669,3.24,0.0,0.0,0.0789473684210526,0,Q4,Mid-Low,2025-09,2025-12,1,0,Mid-Inactive,1,1,0,0.45940170940170943,3
40,Male,0,1,0,Organic,high,Debit Card,iOS,5,232.47,24.38448275862069,0.1379310344827586,14.2,6.786666666666666,2.053333333333333,3.83,0.2124237382140876,0.0517241379310344,0,Q4,Low,2024-03,2025-12,0,0,Recent,1,0,1,0.5491452991452992,1
52,Female,6,9,0,Partnership,medium,Cash,Web,6,115.69,27.24054054054054,0.1351351351351351,29.49,10.026666666666666,0.1966666666666669,1.9699999999999989,0.0626191989828353,0.081081081081081,0,Q2,Mid-Low,2024-12,2025-12,0,0,Mid-Recent,0,0,1,0.5010683760683761,2
26,Male,5,15,0,Referral,medium,Digital Wallet,iOS,4,170.0,21.944230769230767,0.1538461538461538,48.21,11.612,1.97,0.0,0.0,0.0961538461538461,1,Q4,Mid-High,2025-04,2025-12,0,0,Mid-Inactive,1,0,0,0.4332264957264957,1
68,Male,1,25,0,Organic,high,Digital Wallet,Web,5,249.85,26.20727272727273,0.2,93.25,14.122857142857145,0.8014285714285714,3.6999999999999993,0.038164002062919,0.1272727272727272,1,Q4,High,2023-05,2025-10,1,0,Mid-Inactive,1,1,0,0.4668803418803419,3
52,Female,1,13,0,Referral,low,Debit Card,Android,3,100.04,25.01794871794872,0.1538461538461538,28.8,9.2725,2.0725,0.0,0.0,0.1025641025641025,1,Q2,Mid-High,2024-09,2025-12,0,0,Mid-Recent,0,0,1,0.3221153846153846,4
67,Male,2,10,0,Organic,medium,Credit Card,Android,3,105.71,21.322857142857146,0.1428571428571428,29.91,15.62,0.6650000000000009,0.0,0.0,0.0571428571428571,0,Q2,Low,2025-07,2025-12,0,0,Mid-Recent,0,0,1,0.3189102564102564,2
43,Other,7,19,0,Partnership,low,Digital Wallet,iOS,8,146.05,25.59454545454545,0.109090909090909,64.15,15.704,2.874,1.3699999999999997,0.0209096459096459,0.0909090909090909,1,Q3,Mid-High,2023-03,2025-12,0,0,Mid-Inactive,0,0,0,0.5779914529914529,4
62,Female,7,12,0,Organic,low,Credit Card,Web,4,148.68,24.236,0.18,64.62,19.82,3.665,12.04,0.1570571354030785,0.08,0,Q3,Mid-Low,2025-03,2025-12,0,0,Mid-Recent,0,0,1,0.29967948717948717,2
23,Female,5,5,0,Organic,low,Digital Wallet,iOS,5,101.25,24.95675675675676,0.0,0.0,0.0,0.0,0.0,0.0,0.0,0,Q2,Low,2024-08,2025-11,0,0,Recent,0,0,1,0.23023504273504272,2
38,Other,5,52,0,Organic,high,Cash,Web,6,156.16,24.50909090909091,0.1363636363636363,56.69,17.38,3.2075,1.41,0.0242685025817556,0.0909090909090909,1,Q3,Mid-High,2025-07,2025-12,1,1,Inactive,0,0,0,0.4129273504273504,0
28,Other,6,4,0,Organic,low,Cash,iOS,7,118.49,27.995238095238093,0.0952380952380952,52.02,16.333333333333332,-1.0066666666666666,3.870000000000001,0.0692431561996779,0.0714285714285714,0,Q2,Mid-Low,2024-07,2025-12,0,0,Recent,0,0,1,0.5016025641025641,2
57,Female,4,15,0,Referral,medium,Credit Card,Web,4,156.89,22.56458333333333,0.1666666666666666,54.32,20.666666666666668,2.56,3.84,0.0660247592847317,0.0625,0,Q3,Mid-Low,2023-10,2025-11,0,0,Mid-Inactive,0,0,0,0.5202991452991452,2
41,Other,0,10,0,Referral,low,Debit Card,Web,6,77.06,27.433333333333334,0.1818181818181818,29.05,10.8925,3.63,2.99,0.0933208489388264,0.1212121212121212,1,Q1,High,2025-01,2025-12,0,0,Mid-Recent,0,0,1,0.5256410256410255,4
20,Male,2,3,0,Ads,low,Digital Wallet,Android,1,69.1,22.460869565217397,0.1304347826086956,26.49,14.14,0.8949999999999996,0.5999999999999996,0.0221483942414174,0.0869565217391304,0,Q1,Mid-Low,2025-08,2025-11,0,0,Recent,0,0,1,0.30929487179487175,2
54,Male,1,1,0,Partnership,low,Digital Wallet,Android,3,138.9,21.76078431372549,0.1372549019607843,67.23,20.4,6.953999999999999,4.13,0.0578755605381165,0.0980392156862745,1,Q3,Mid-High,2024-02,2025-12,0,0,Recent,0,0,1,0.5470085470085471,4
66,Male,3,6,0,Organic,low,Cash,Android,5,120.35,28.297959183673463,0.1020408163265306,47.61,12.856,3.334,3.6,0.0702987697715289,0.1020408163265306,1,Q2,Mid-High,2025-10,2025-12,0,0,Recent,0,0,1,0.2745726495726496,4
33,Male,1,4,0,Ads,medium,Cash,Web,3,102.32,25.085714285714285,0.2857142857142857,97.04,16.2775,4.147500000000001,0.0,0.0,0.2285714285714285,1,Q2,High,2024-03,2025-11,0,0,Recent,0,0,1,0.5341880341880342,4
53,Male,4,36,1,Organic,low,Cash,iOS,5,90.76,22.673529411764704,0.2352941176470588,50.14,13.424,3.3959999999999995,4.68,0.0853703028091937,0.1470588235294117,1,Q2,High,2025-11,2025-12,1,1,Inactive,0,0,0,0.18963675213675213,0
36,Other,2,2,0,Ads,medium,Credit Card,iOS,6,143.88,28.496226415094338,0.1132075471698113,27.520000000000003,10.72,1.5466666666666662,0.0,0.0,0.0566037735849056,0,Q3,Low,2024-11,2025-12,0,0,Recent,0,0,1,0.33333333333333337,2
46,Male,0,2,1,Referral,high,Digital Wallet,Web,7,245.09,23.711940298507464,0.1343283582089552,76.73,15.584,0.2379999999999995,0.0999999999999996,0.0013015749056358,0.0746268656716417,0,Q4,Mid-Low,2023-11,2025-12,0,0,Recent,1,0,1,0.5251068376068376,1
63,Male,2,15,0,Organic,medium,Debit Card,Web,8,107.89,23.497619047619047,0.119047619047619,43.51,14.0625,3.1850000000000005,0.5899999999999999,0.0133786848072562,0.0952380952380952,1,Q2,Mid-High,2025-02,2025-12,0,0,Mid-Inactive,0,0,0,0.5016025641025641,4
68,Female,4,15,0,Referral,medium,Debit Card,iOS,7,185.94,23.735593220338984,0.0847457627118644,37.24,9.8775,0.5674999999999999,2.77,0.0692326918270432,0.0677966101694915,0,Q4,Mid-Low,2023-11,2025-12,0,0,Mid-Inactive,1,0,0,0.35202991452991456,1
68,Female,1,0,0,Organic,medium,Digital Wallet,Android,4,183.72,25.780392156862742,0.0980392156862745,32.65,12.685,4.522500000000001,0.0,0.0,0.0784313725490196,0,Q4,Mid-Low,2025-04,2025-12,0,0,Recent,1,0,1,0.5470085470085471,1
26,Other,7,2,0,Referral,medium,Digital Wallet,Android,5,114.52,29.37692307692308,0.0769230769230769,32.370000000000005,21.5,5.315,3.83,0.1058011049723756,0.0512820512820512,0,Q2,Low,2023-08,2025-09,0,0,Recent,0,0,1,0.40544871794871795,2
51,Female,3,4,1,Referral,low,Debit Card,Android,3,75.04,24.336,0.24,65.16,17.6,4.568,2.87,0.0421872703219168,0.2,1,Q1,High,2024-02,2025-11,0,0,Recent,0,0,1,0.2761752136752137,4
46,Female,4,21,0,Ads,high,Debit Card,iOS,6,241.1,23.91578947368421,0.0701754385964912,26.98,14.186666666666667,5.1933333333333325,5.0600000000000005,0.1579275905118602,0.0526315789473684,0,Q4,Low,2025-09,2025-12,1,0,Mid-Inactive,1,1,0,0.2948717948717949,3
50,Male,0,58,1,Ads,low,Digital Wallet,iOS,7,111.87,23.59285714285714,0.119047619047619,20.130000000000003,6.833333333333333,0.1233333333333327,0.02,0.0009925558312655,0.0714285714285714,0,Q2,Mid-Low,2023-12,2025-12,1,1,Inactive,0,0,0,0.4738247863247863,0
38,Other,3,23,0,Organic,medium,Digital Wallet,iOS,6,177.81,23.664285714285715,0.1785714285714285,73.0,13.254285714285714,2.825714285714285,1.5999999999999996,0.0214477211796246,0.125,1,Q4,High,2025-07,2025-12,1,0,Mid-Inactive,1,1,0,0.4642094017094017,3
30,Other,5,1,0,Ads,medium,Digital Wallet,Web,4,69.17,23.366666666666667,0.1111111111111111,17.3,13.0,4.35,5.14,0.2290552584670231,0.074074074074074,0,Q1,Mid-Low,2024-09,2025-12,0,0,Recent,0,0,1,0.19444444444444442,2
23,Other,4,29,0,Ads,medium,Debit Card,Web,2,111.15,24.25555555555556,0.3055555555555556,90.51,13.585,2.27125,1.09,0.0118995633187772,0.2222222222222222,1,Q2,High,2024-01,2025-12,1,0,Inactive,0,0,0,0.406517094017094,4
64,Other,2,24,1,Referral,medium,Credit Card,iOS,5,99.99,26.25675675675676,0.1351351351351351,44.45,15.795,4.682499999999999,10.56,0.1919650972550445,0.1081081081081081,1,Q2,Mid-High,2023-02,2025-12,1,0,Mid-Inactive,0,0,0,0.26495726495726496,4
59,Other,6,2,0,Ads,high,Cash,Web,5,202.31,23.148000000000003,0.08,8.98,5.66,1.17,4.949999999999999,0.3553481694185211,0.04,0,Q4,Low,2024-07,2025-12,0,0,Recent,1,0,1,0.3621794871794872,2
49,Other,4,10,0,Organic,high,Cash,iOS,10,322.57,27.04025974025974,0.1558441558441558,90.56,13.213333333333331,3.1511111111111108,1.2999999999999998,0.0141519703897234,0.1168831168831168,1,Q4,High,2025-10,2025-12,0,0,Mid-Recent,1,0,1,0.41506410256410264,1
37,Female,0,10,0,Referral,low,Debit Card,Android,3,62.11,24.707692307692305,0.1538461538461538,38.14,14.06,1.3466666666666665,3.8299999999999983,0.0912556588039075,0.1153846153846153,1,Q1,Mid-High,2024-04,2025-10,0,0,Mid-Recent,0,0,1,0.25961538461538464,4
48,Female,1,24,0,Organic,low,Debit Card,Android,1,30.04,26.32307692307692,0.0,0.0,0.0,0.0,0.0,0.0,0.0,0,Q1,Low,2023-02,2025-10,1,0,Mid-Inactive,0,0,0,0.14155982905982906,2
64,Female,5,14,0,Ads,medium,Digital Wallet,Web,8,154.65,25.95740740740741,0.1296296296296296,28.2,18.5,4.4,4.6,0.1402439024390244,0.037037037037037,0,Q3,Low,2023-05,2025-12,0,0,Mid-Recent,0,0,1,0.5389957264957265,2
24,Female,2,11,0,Partnership,medium,Credit Card,Android,5,78.78,26.582758620689653,0.1034482758620689,11.17,12.28,1.1099999999999994,6.119999999999999,0.3539618276460381,0.0344827586206896,0,Q1,Low,2024-08,2025-12,0,0,Mid-Recent,0,0,1,0.5224358974358975,2
33,Male,6,27,0,Referral,low,Digital Wallet,Android,3,136.81,22.85283018867925,0.1132075471698113,35.75,13.52,1.6033333333333333,0.0400000000000009,0.001117630623079,0.0566037735849056,0,Q3,Low,2025-10,2025-12,1,0,Mid-Inactive,0,0,0,0.2777777777777778,0
44,Male,1,0,1,Organic,medium,Digital Wallet,iOS,7,97.52,23.836842105263155,0.1052631578947368,48.14,14.05,2.015,1.5399999999999991,0.0309983896940418,0.1052631578947368,1,Q2,Mid-High,2024-05,2025-12,0,0,Recent,0,0,1,0.44978632478632474,4
49,Other,0,59,0,Partnership,medium,Digital Wallet,Android,4,152.22,25.272916666666664,0.2083333333333333,58.8,10.493333333333334,0.6933333333333334,0.98,0.0163934426229508,0.125,1,Q3,High,2024-10,2025-12,1,1,Inactive,0,0,0,0.561965811965812,0
23,Female,4,6,0,Ads,high,Debit Card,Web,3,241.2,25.833962264150944,0.1132075471698113,23.87,20.5,8.565,0.0,0.0,0.0377358490566037,0,Q4,Low,2025-04,2025-12,0,0,Recent,1,0,1,0.45833333333333337,1
21,Male,2,20,0,Partnership,medium,Cash,Android,4,130.92,24.661363636363635,0.1136363636363636,32.31,13.44,2.67,0.1800000000000001,0.0055401662049861,0.0681818181818181,0,Q3,Mid-Low,2025-06,2025-12,1,0,Mid-Inactive,0,0,0,0.38514957264957267,0
18,Male,3,2,0,Ads,medium,Digital Wallet,Web,10,122.92,23.73695652173913,0.1521739130434782,21.02,8.073333333333332,1.0666666666666669,0.1699999999999999,0.0080226521944313,0.0652173913043478,0,Q3,Mid-Low,2023-06,2025-11,0,0,Recent,0,0,1,0.6089743589743589,2
66,Female,5,2,0,Referral,medium,Cash,iOS,8,126.13,22.51860465116279,0.0930232558139534,34.2,17.14,0.04,5.589999999999999,0.1404875596883638,0.0465116279069767,0,Q3,Low,2023-01,2025-12,0,0,Recent,0,0,1,0.44337606837606836,2
53,Male,3,14,0,Organic,medium,Credit Card,Android,2,56.3,24.6,0.1052631578947368,0.0,0.0,0.0,0.0,0.0,0.0,0,Q1,Low,2024-11,2025-12,0,0,Mid-Recent,0,0,1,0.35470085470085466,2
46,Other,6,20,1,Referral,medium,Debit Card,iOS,4,99.93,26.97058823529412,0.088235294117647,12.9,17.0,4.1,0.9200000000000004,0.0665701881331404,0.0294117647058823,0,Q2,Low,2023-09,2025-11,1,0,Mid-Inactive,0,0,0,0.18963675213675213,2
41,Female,1,5,0,Ads,low,Debit Card,Web,5,84.02,24.55454545454545,0.1212121212121212,13.52,16.0,2.4800000000000004,6.34,0.3192346424974824,0.0303030303030303,0,Q1,Low,2025-08,2025-12,0,0,Recent,0,0,1,0.22702991452991453,2
43,Other,3,7,0,Referral,medium,Credit Card,iOS,3,53.43,23.395,0.2,49.44,18.41333333333333,1.9333333333333345,0.0,0.0,0.15,1,Q1,High,2023-02,2025-10,0,0,Recent,0,0,1,0.4561965811965812,4
48,Other,4,2,0,Ads,medium,Debit Card,Android,3,90.55,28.954545454545453,0.2121212121212121,82.56,18.312,1.7999999999999994,2.9,0.033934004212497,0.1515151515151515,1,Q2,High,2024-11,2025-11,0,0,Recent,0,0,1,0.28952991452991456,4
38,Male,3,43,0,Organic,medium,Digital Wallet,Web,4,62.38,22.51904761904762,0.0952380952380952,11.7,6.23,0.3799999999999996,9.16,0.439117929050815,0.0952380952380952,1,Q1,Mid-High,2024-03,2025-12,1,1,Inactive,0,0,0,0.14102564102564102,0
52,Female,0,22,0,Partnership,medium,Credit Card,Android,5,100.58,25.875,0.1666666666666666,48.7,13.8025,1.6274999999999995,0.75,0.0151668351870576,0.1111111111111111,1,Q2,Mid-High,2024-07,2025-12,1,0,Mid-Inactive,0,0,0,0.3370726495726496,4
61,Male,3,15,0,Organic,medium,Credit Card,Web,2,101.37,24.53529411764706,0.1470588235294117,31.48,11.83,3.959999999999999,0.0,0.0,0.1176470588235294,1,Q2,High,2025-08,2025-12,0,0,Mid-Inactive,0,0,0,0.48130341880341876,4
34,Other,2,11,0,Referral,low,Cash,iOS,3,59.97,26.595454545454547,0.3181818181818182,37.09,12.26,-0.1033333333333335,2.2300000000000004,0.0567141403865717,0.1363636363636363,1,Q1,High,2023-09,2025-10,0,0,Mid-Recent,0,0,1,0.4161324786324786,4
58,Other,2,1,0,Ads,medium,Debit Card,iOS,4,109.03,22.539473684210527,0.1578947368421052,12.11,12.0,-0.1099999999999994,0.2300000000000004,0.0186385737439222,0.0263157894736842,0,Q2,Low,2023-04,2025-11,0,0,Recent,0,0,1,0.30395299145299143,2
62,Male,1,8,0,Referral,medium,Cash,Android,16,108.19,26.006122448979596,0.2040816326530612,92.25,12.351111111111113,2.101111111111111,5.869999999999999,0.0598247044435385,0.1836734693877551,1,Q2,High,2025-08,2025-12,0,0,Mid-Recent,0,0,1,0.5801282051282052,4
27,Female,0,35,0,Partnership,low,Cash,Web,5,95.77,26.31578947368421,0.2105263157894736,44.8,13.96,2.76,0.3699999999999992,0.008191277396502,0.1052631578947368,1,Q2,Mid-High,2025-10,2025-12,1,1,Inactive,0,0,0,0.2831196581196581,0
63,Male,6,23,0,Organic,high,Cash,Web,5,178.05,26.935714285714283,0.119047619047619,61.040000000000006,20.56,5.3,0.1199999999999992,0.0019620667102681,0.0952380952380952,1,Q4,Mid-High,2023-03,2025-11,1,0,Mid-Inactive,1,1,0,0.4738247863247863,3
38,Male,8,23,0,Organic,low,Digital Wallet,Web,3,140.43,25.4078431372549,0.1372549019607843,22.58,6.82,2.304,1.209999999999999,0.0508617065994114,0.0980392156862745,1,Q3,Mid-High,2024-05,2025-12,1,0,Mid-Inactive,0,0,0,0.4706196581196581,0
57,Female,2,1,1,Ads,medium,Digital Wallet,Web,2,72.78,29.607692307692307,0.1153846153846153,20.71,18.38,8.025,3.21,0.1341973244147157,0.0769230769230769,0,Q1,Mid-Low,2024-05,2025-12,0,0,Recent,0,0,1,0.34294871794871795,2
32,Female,1,16,0,Ads,medium,Cash,Android,6,152.6,25.75625,0.1458333333333333,18.97,12.28,2.794999999999999,0.1099999999999994,0.0057651991614255,0.0416666666666666,0,Q3,Low,2024-11,2025-12,0,0,Mid-Inactive,0,0,0,0.3327991452991453,2
40,Other,3,9,0,Organic,low,Credit Card,Web,3,70.6,26.34444444444444,0.1481481481481481,17.91,12.28,3.3249999999999997,2.4800000000000004,0.1216282491417361,0.074074074074074,0,Q1,Mid-Low,2025-06,2025-12,0,0,Mid-Recent,0,0,1,0.3611111111111111,2
42,Female,4,57,1,Ads,medium,Digital Wallet,iOS,4,50.38,26.11818181818182,0.2272727272727272,29.58,18.5,3.71,0.0,0.0,0.0909090909090909,1,Q1,Mid-High,2023-12,2025-12,1,1,Inactive,0,0,0,0.2702991452991453,0
63,Male,3,21,0,Partnership,medium,Digital Wallet,Web,4,121.19,23.973684210526315,0.1578947368421052,6.93,8.0,1.0700000000000005,1.92,0.2169491525423728,0.0263157894736842,0,Q2,Low,2024-08,2025-11,1,0,Mid-Inactive,0,0,0,0.2761752136752137,2
31,Male,4,27,0,Organic,low,Debit Card,iOS,3,107.06,27.828205128205127,0.1538461538461538,56.23,19.33333333333333,0.5900000000000004,1.7799999999999994,0.0306843647646957,0.0769230769230769,0,Q2,Mid-Low,2024-10,2025-12,1,0,Mid-Inactive,0,0,0,0.5096153846153846,0
65,Other,1,9,0,Ads,medium,Credit Card,Web,5,83.96,22.580645161290324,0.1612903225806451,44.5,13.3,2.175,2.7,0.0572033898305084,0.1290322580645161,1,Q1,High,2023-08,2025-11,0,0,Mid-Recent,0,0,1,0.3504273504273504,4
32,Other,1,13,0,Referral,medium,Credit Card,Android,3,33.78,26.857142857142858,0.2142857142857142,26.04,15.0,1.9799999999999995,0.0,0.0,0.1428571428571428,1,Q1,High,2025-01,2025-12,0,0,Mid-Recent,0,0,1,0.2152777777777778,4
63,Female,8,15,1,Ads,medium,Credit Card,Web,7,133.17,25.6625,0.1041666666666666,24.28,13.503333333333332,5.41,0.0,0.0,0.0625,0,Q3,Mid-Low,2023-08,2025-12,0,0,Mid-Inactive,0,0,0,0.3675213675213675,2
44,Other,2,46,1,Partnership,medium,Debit Card,Android,5,155.76,23.25625,0.2083333333333333,74.1,17.798000000000002,2.978,3.26,0.0421406411582213,0.1041666666666666,1,Q3,Mid-High,2025-02,2025-12,1,1,Inactive,0,0,0,0.33974358974358976,0
36,Other,6,7,0,Referral,medium,Debit Card,Web,6,109.78,26.345,0.2,49.150000000000006,18.48,6.1925,0.0,0.0,0.1,1,Q2,Mid-High,2023-06,2025-12,0,0,Recent,0,0,1,0.5694444444444444,4
29,Female,3,81,1,Referral,high,Cash,Android,5,251.57,21.71904761904762,0.1587301587301587,82.08,15.78,4.054285714285714,3.390000000000001,0.0396630396630396,0.1111111111111111,1,Q4,Mid-High,2024-01,2025-12,1,1,Inactive,1,1,0,0.6469017094017094,3
65,Female,0,43,0,Referral,medium,Digital Wallet,Web,1,122.98,24.46764705882353,0.2058823529411764,14.56,13.24,-1.3200000000000005,4.899999999999999,0.251798561151079,0.0294117647058823,0,Q3,Low,2024-08,2025-12,1,1,Inactive,0,0,0,0.46047008547008544,0
24,Female,1,15,0,Partnership,medium,Cash,iOS,3,136.65,26.60652173913044,0.108695652173913,62.0,14.96,-0.5400000000000009,0.9600000000000004,0.0152477763659466,0.0869565217391304,0,Q3,Mid-Low,2025-07,2025-12,0,0,Mid-Inactive,0,0,0,0.296474358974359,2
47,Female,2,1,0,Referral,medium,Digital Wallet,iOS,4,113.31,23.321052631578947,0.131578947368421,55.48,13.39,2.294,0.0,0.0,0.131578947368421,1,Q2,High,2023-05,2025-11,0,0,Recent,0,0,1,0.5886752136752137,4
59,Female,5,12,0,Referral,low,Digital Wallet,Android,1,108.01,25.45263157894737,0.131578947368421,20.15,10.853333333333332,4.136666666666667,0.0,0.0,0.0789473684210526,0,Q2,Mid-Low,2025-05,2025-12,0,0,Mid-Recent,0,0,1,0.3108974358974359,2
61,Male,3,2,0,Partnership,medium,Cash,Web,5,106.03,26.471052631578942,0.1578947368421052,40.1,16.25,6.225,1.4499999999999995,0.0348977135980746,0.1052631578947368,1,Q2,Mid-High,2023-01,2025-11,0,0,Recent,0,0,1,0.32478632478632474,4
23,Female,1,1,0,Ads,medium,Debit Card,Android,13,181.61,24.039344262295085,0.2295081967213114,128.31,16.183,3.3520000000000003,1.0,0.0077333539556105,0.1639344262295081,1,Q4,High,2025-01,2025-12,0,0,Recent,1,0,1,0.5411324786324787,1
33,Male,0,115,1,Partnership,medium,Debit Card,Android,10,152.32999999999998,24.026315789473685,0.1052631578947368,46.84,10.986,1.618,6.46,0.1212007504690431,0.087719298245614,1,Q3,Mid-High,2024-12,2025-12,1,1,Inactive,0,0,0,0.3782051282051282,0
39,Female,4,1,1,Organic,medium,Digital Wallet,Web,5,98.22,24.705882352941178,0.1764705882352941,27.130000000000003,11.98,2.936666666666666,3.210000000000001,0.1058009228740936,0.088235294117647,1,Q2,Mid-High,2024-02,2025-12,0,0,Recent,0,0,1,0.46047008547008544,4
21,Other,5,21,0,Partnership,medium,Digital Wallet,iOS,5,122.33,24.82857142857143,0.1666666666666666,32.81,15.346666666666666,4.409999999999999,4.45,0.1194310252281266,0.0714285714285714,0,Q3,Mid-Low,2024-06,2025-12,1,0,Mid-Inactive,0,0,0,0.45993589743589747,0
61,Other,0,47,0,Referral,low,Digital Wallet,Android,1,24.7,23.2875,0.0,0.0,0.0,0.0,0.0,0.0,0.0,0,Q1,Low,2024-02,2025-10,1,1,Inactive,0,0,0,0.32158119658119655,0
32,Male,3,11,0,Partnership,medium,Debit Card,Android,10,107.74,21.54523809523809,0.1666666666666666,19.79,16.5,6.605,0.0,0.0,0.0476190476190476,0,Q2,Low,2023-07,2025-12,0,0,Mid-Recent,0,0,1,0.4738247863247863,2
41,Female,0,6,0,Ads,medium,Debit Card,Web,4,73.98,26.307407407407407,0.2222222222222222,36.2,17.333333333333332,5.266666666666667,3.799999999999999,0.0949999999999999,0.1111111111111111,1,Q1,Mid-High,2023-11,2025-11,0,0,Recent,0,0,1,0.4097222222222222,4
68,Male,0,5,0,Organic,medium,Credit Card,Web,1,21.68,19.842857142857145,0.1428571428571428,0.0,0.0,0.0,0.0,0.0,0.0,0,Q1,Low,2024-03,2025-09,0,0,Recent,0,0,1,0.37286324786324787,2
21,Other,1,17,0,Ads,high,Debit Card,Android,7,206.64,21.80185185185185,0.2222222222222222,78.89,15.753333333333332,2.6049999999999995,0.0,0.0,0.1111111111111111,1,Q4,Mid-High,2024-12,2025-12,0,0,Mid-Inactive,1,0,0,0.5528846153846153,1
46,Male,0,14,0,Partnership,medium,Credit Card,Web,8,105.33,28.292105263157893,0.1578947368421052,21.66,6.9875,1.5725000000000002,1.7400000000000002,0.0743589743589743,0.1052631578947368,1,Q2,Mid-High,2023-12,2025-12,0,0,Mid-Recent,0,0,1,0.3803418803418803,4
21,Female,2,11,0,Partnership,low,Cash,Web,5,82.57,27.65,0.1666666666666666,42.59,14.6875,4.04,3.719999999999999,0.0803282228460375,0.1111111111111111,1,Q1,Mid-High,2023-05,2025-12,0,0,Mid-Recent,0,0,1,0.469017094017094,4
53,Female,12,68,0,Referral,high,Cash,Android,9,326.62,25.89036144578313,0.1927710843373494,128.84,12.653076923076924,2.7423076923076923,4.34,0.0325874755969364,0.1566265060240964,1,Q4,High,2023-05,2025-12,1,1,Inactive,1,1,0,0.6698717948717949,3
65,Male,1,40,1,Referral,high,Cash,Android,5,173.14,23.93777777777778,0.1555555555555555,57.4,23.33333333333333,4.2,1.4499999999999993,0.0246389124893797,0.0666666666666666,0,Q4,Mid-Low,2024-06,2025-12,1,1,Inactive,1,1,0,0.48664529914529914,3
52,Male,6,22,1,Partnership,high,Credit Card,Android,10,355.0,27.883529411764705,0.2,77.67,15.285714285714286,4.19,1.1799999999999995,0.0149651236525047,0.0823529411764705,0,Q4,Mid-Low,2024-10,2025-12,1,0,Mid-Inactive,1,1,0,0.671474358974359,3
29,Male,0,16,0,Organic,low,Cash,Android,4,137.19,23.56153846153846,0.2115384615384615,50.33,11.3,2.911666666666666,0.9600000000000009,0.0187170988496783,0.1153846153846153,1,Q3,Mid-High,2024-12,2025-12,0,0,Mid-Inactive,0,0,0,0.34294871794871795,4
42,Male,4,25,0,Organic,low,Credit Card,iOS,10,136.57,25.69272727272727,0.1454545454545454,62.540000000000006,15.344,2.836,9.65,0.1336750242415847,0.0909090909090909,1,Q3,Mid-High,2024-01,2025-12,1,0,Mid-Inactive,0,0,0,0.3141025641025641,4
43,Other,0,0,0,Ads,medium,Credit Card,iOS,4,73.73,27.406896551724135,0.1724137931034483,60.41,15.0,-0.1025,5.199999999999999,0.0792562109434537,0.1379310344827586,1,Q1,High,2024-02,2025-12,0,0,Recent,0,0,1,0.23771367521367523,4
47,Other,2,7,0,Partnership,medium,Debit Card,iOS,7,116.21,24.85454545454545,0.1818181818181818,47.5,10.708333333333334,2.7916666666666665,3.88,0.0755157648890618,0.1363636363636363,1,Q2,High,2025-01,2025-12,0,0,Recent,0,0,1,0.3990384615384615,4
40,Male,0,2,0,Ads,low,Credit Card,iOS,4,67.3,27.71538461538461,0.2307692307692307,73.03,20.945,2.6875,5.16,0.0659930937460033,0.1538461538461538,1,Q1,High,2023-07,2025-09,0,0,Recent,0,0,1,0.5373931623931625,4
57,Male,1,0,0,Ads,low,Credit Card,iOS,4,123.3,24.83636363636364,0.1590909090909091,39.68000000000001,17.76,4.533333333333332,3.4399999999999995,0.0797773654916511,0.0681818181818181,0,Q3,Mid-Low,2024-11,2025-12,0,0,Recent,0,0,1,0.3782051282051282,2
20,Female,5,10,0,Ads,medium,Credit Card,Android,7,111.46,22.23095238095238,0.1428571428571428,41.57,14.2675,3.875,2.1999999999999997,0.0502627370344985,0.0952380952380952,1,Q2,Mid-High,2024-12,2025-12,0,0,Mid-Recent,0,0,1,0.36271367521367526,4
32,Other,2,32,0,Referral,low,Debit Card,Web,2,88.92,26.589655172413792,0.1724137931034483,39.31,11.2525,1.4249999999999998,2.8999999999999986,0.0687040985548447,0.1379310344827586,1,Q1,High,2025-07,2025-12,1,1,Inactive,0,0,0,0.3835470085470085,0
32,Other,6,20,0,Organic,medium,Debit Card,Android,9,76.52,25.175757575757576,0.2424242424242424,48.59,10.5,2.401666666666667,3.4399999999999995,0.0661157024793388,0.1818181818181818,1,Q1,High,2023-09,2025-11,1,0,Mid-Inactive,0,0,0,0.27564102564102566,4
60,Other,7,23,0,Partnership,medium,Digital Wallet,Android,8,180.08,24.745,0.15,84.29,16.924285714285713,4.882857142857143,12.010000000000002,0.1247144340602284,0.1166666666666666,1,Q4,High,2025-05,2025-12,1,0,Mid-Inactive,1,1,0,0.5021367521367521,3
53,Other,2,20,0,Partnership,high,Cash,iOS,2,172.93,23.7027027027027,0.1621621621621621,47.07,13.9325,2.165,4.59,0.0888501742160278,0.1081081081081081,1,Q4,Mid-High,2023-04,2025-12,1,0,Mid-Inactive,1,1,0,0.6121794871794871,3
59,Other,0,4,0,Organic,medium,Cash,Android,4,36.19,27.264705882352946,0.1764705882352941,10.66,7.8,2.47,7.18,0.4024663677130045,0.1176470588235294,1,Q1,High,2024-12,2025-11,0,0,Recent,0,0,1,0.20726495726495728,2
37,Female,7,41,0,Partnership,medium,Debit Card,iOS,6,200.67,24.708474576271183,0.135593220338983,48.17,11.655,3.6266666666666665,6.0,0.1107624146206387,0.1016949152542373,1,Q4,Mid-High,2024-05,2025-11,1,1,Inactive,1,1,0,0.33119658119658124,3
63,Male,4,13,0,Referral,medium,Cash,Android,6,87.6,27.53235294117647,0.1470588235294117,25.77,17.14,4.255000000000001,2.66,0.0935631375307773,0.0588235294117647,0,Q1,Mid-Low,2025-02,2025-12,0,0,Mid-Recent,0,0,1,0.47435897435897434,2
51,Male,1,17,1,Ads,medium,Digital Wallet,iOS,7,106.73,24.943589743589744,0.1282051282051282,36.75,14.333333333333334,2.083333333333333,0.4499999999999993,0.0120967741935483,0.0769230769230769,0,Q2,Mid-Low,2024-02,2025-12,0,0,Mid-Inactive,0,0,0,0.5860042735042734,2
59,Male,0,3,0,Organic,medium,Credit Card,Web,10,164.08,27.21964285714285,0.125,54.7,13.454,2.514,8.34,0.1322969543147208,0.0892857142857142,1,Q3,Mid-High,2025-04,2025-12,0,0,Recent,0,0,1,0.43643162393162394,4
21,Female,2,40,0,Referral,medium,Credit Card,iOS,5,123.19,29.46410256410256,0.0769230769230769,42.21,19.96,-1.1450000000000005,0.8899999999999997,0.0206496519721577,0.0512820512820512,0,Q3,Low,2024-09,2025-12,1,1,Inactive,0,0,0,0.4193376068376068,0
64,Other,4,15,0,Partnership,medium,Debit Card,Android,5,104.09,24.602631578947367,0.1578947368421052,74.24,15.712,0.8640000000000001,1.6700000000000017,0.0219997365301014,0.131578947368421,1,Q2,High,2024-02,2025-12,0,0,Mid-Inactive,0,0,0,0.33867521367521364,4
18,Male,6,31,0,Referral,medium,Cash,iOS,11,130.31,23.137254901960784,0.0784313725490196,35.09,14.253333333333332,2.556666666666667,1.4699999999999989,0.0402078774617067,0.0588235294117647,0,Q3,Mid-Low,2023-08,2025-10,1,1,Inactive,0,0,0,0.4983974358974359,0
63,Male,0,6,1,Ads,medium,Digital Wallet,Android,8,89.62,26.87777777777778,0.1111111111111111,24.06,9.92,1.9,2.42,0.0913897280966767,0.0833333333333333,0,Q1,Mid-Low,2024-07,2025-11,0,0,Recent,0,0,1,0.35096153846153844,2
47,Other,4,5,0,Organic,low,Digital Wallet,Android,8,79.71,25.5,0.0857142857142857,21.69,14.14,3.294999999999999,5.68,0.2075264888564121,0.0571428571428571,0,Q1,Low,2023-07,2025-12,0,0,Recent,0,0,1,0.4091880341880342,2
49,Female,2,4,0,Partnership,medium,Digital Wallet,iOS,2,71.12,21.28333333333333,0.0833333333333333,8.02,9.0,0.9800000000000004,0.5599999999999987,0.0652680652680651,0.0416666666666666,0,Q1,Low,2023-05,2025-12,0,0,Recent,0,0,1,0.24412393162393162,2
38,Female,5,0,0,Ads,medium,Debit Card,iOS,5,112.88,26.705,0.075,21.85,15.64,4.715,3.3599999999999994,0.1332804442681475,0.05,0,Q2,Low,2025-11,2025-12,0,0,Recent,0,0,1,0.20138888888888887,2
53,Other,7,10,0,Organic,medium,Debit Card,iOS,4,120.85,24.67619047619048,0.119047619047619,52.32,12.664,2.2,2.51,0.0457778588364034,0.119047619047619,1,Q2,High,2023-02,2025-12,0,0,Mid-Recent,0,0,1,0.4668803418803419,4
32,Female,9,10,0,Partnership,medium,Digital Wallet,Android,10,137.55,24.249019607843135,0.1372549019607843,45.42,17.919999999999998,2.7800000000000007,0.0,0.0,0.0588235294117647,0,Q3,Mid-Low,2023-10,2025-12,0,0,Mid-Recent,0,0,1,0.4428418803418803,2
64,Other,4,19,0,Partnership,low,Debit Card,Web,3,99.9,25.21212121212121,0.1212121212121212,50.09,14.64,2.1174999999999997,13.83,0.2163642052565707,0.1212121212121212,1,Q2,High,2025-07,2025-12,0,0,Mid-Inactive,0,0,0,0.4075854700854701,4
28,Male,3,2,0,Ads,medium,Credit Card,Web,2,72.19,27.181818181818183,0.0454545454545454,2.43,3.18,0.75,0.9699999999999988,0.2852941176470586,0.0454545454545454,0,Q1,Low,2024-12,2025-11,0,0,Recent,0,0,1,0.3327991452991453,2
22,Other,8,1,0,Referral,high,Cash,iOS,9,286.67,23.768,0.16,94.55,17.53,1.7716666666666665,2.5700000000000003,0.0264621087314662,0.08,0,Q4,Mid-Low,2024-03,2025-12,0,0,Recent,1,0,1,0.6148504273504274,1
22,Other,7,35,1,Referral,medium,Debit Card,Web,4,251.08,24.01184210526316,0.131578947368421,76.73,13.421428571428573,2.4600000000000004,0.0,0.0,0.0921052631578947,1,Q4,Mid-High,2023-08,2025-11,1,1,Inactive,1,1,0,0.6052350427350428,3
41,Male,4,1,0,Partnership,low,Credit Card,iOS,6,133.47,24.358823529411765,0.1568627450980392,45.83,10.151666666666667,2.513333333333333,1.39,0.0294366793731469,0.1176470588235294,1,Q3,High,2023-08,2025-12,0,0,Recent,0,0,1,0.3317307692307693,4
53,Female,6,16,0,Referral,medium,Digital Wallet,Web,9,98.4,25.03333333333333,0.0256410256410256,14.91,18.0,3.09,5.43,0.2669616519174041,0.0256410256410256,0,Q2,Low,2025-10,2025-12,0,0,Mid-Inactive,0,0,0,0.3221153846153846,2
19,Other,3,12,0,Ads,medium,Credit Card,iOS,6,158.33,27.17222222222222,0.0925925925925925,15.74,16.0,0.2599999999999998,4.01,0.2030379746835443,0.0185185185185185,0,Q3,Low,2025-04,2025-11,0,0,Mid-Recent,0,0,1,0.3237179487179487,2
27,Male,9,59,0,Organic,medium,Digital Wallet,Android,5,131.38,25.38936170212766,0.1276595744680851,40.21,16.323333333333334,2.92,5.77,0.1254893431926924,0.0638297872340425,0,Q3,Mid-Low,2023-11,2025-12,1,1,Inactive,0,0,0,0.4326923076923077,0
23,Female,4,33,0,Partnership,low,Debit Card,Web,5,114.54,27.202222222222225,0.1777777777777777,78.73,16.25,3.128333333333334,4.620000000000001,0.0554289142171565,0.1333333333333333,1,Q2,High,2025-01,2025-12,1,1,Inactive,0,0,0,0.5144230769230769,0
37,Other,3,19,0,Referral,medium,Credit Card,Android,3,132.32,23.058536585365854,0.0975609756097561,46.8,18.666666666666668,3.066666666666668,7.07,0.1312418785966215,0.073170731707317,0,Q3,Mid-Low,2025-01,2025-11,0,0,Mid-Inactive,0,0,0,0.532051282051282,2
42,Other,2,0,0,Referral,low,Credit Card,Web,8,143.39,25.802,0.2,63.96,16.58666666666667,5.926666666666667,3.960000000000001,0.058303886925795,0.12,1,Q3,High,2023-05,2025-11,0,0,Recent,0,0,1,0.5705128205128205,4
23,Female,2,62,0,Organic,medium,Credit Card,Web,3,157.47,23.820833333333336,0.125,37.67,11.82,-0.7366666666666676,1.15,0.0296239052035033,0.0625,0,Q3,Mid-Low,2024-08,2025-11,1,1,Inactive,0,0,0,0.27724358974358976,0
32,Male,3,40,0,Organic,high,Credit Card,iOS,6,101.64,23.052,0.08,0.0,0.0,0.0,0.0,0.0,0.0,0,Q2,Low,2023-03,2025-11,1,1,Inactive,0,0,0,0.3386752136752137,0
52,Other,0,1,0,Ads,medium,Digital Wallet,iOS,6,76.06,23.58888888888889,0.2222222222222222,8.7,13.97,5.270000000000001,9.13,0.5120583286595626,0.037037037037037,0,Q1,Low,2023-01,2025-12,0,0,Recent,0,0,1,0.1736111111111111,2
55,Male,0,28,0,Referral,medium,Digital Wallet,iOS,1,15.95,25.23333333333333,0.1666666666666666,8.99,13.97,4.98,0.0,0.0,0.1666666666666666,1,Q1,High,2023-10,2025-11,1,0,Inactive,0,0,0,0.4172008547008546,4
33,Other,3,23,0,Organic,medium,Cash,Web,3,68.36,26.321739130434786,0.0434782608695652,13.75,14.0,0.25,0.0,0.0,0.0434782608695652,0,Q1,Low,2024-10,2025-12,1,0,Mid-Inactive,0,0,0,0.47596153846153844,2
68,Other,0,7,0,Organic,medium,Credit Card,iOS,3,162.43,24.89607843137255,0.2156862745098039,59.7,16.022,4.082000000000001,2.74,0.0438821268417681,0.0980392156862745,1,Q3,Mid-High,2024-02,2025-12,0,0,Recent,0,0,1,0.5192307692307692,4
32,Male,1,31,0,Partnership,low,Digital Wallet,iOS,2,101.34,24.24571428571429,0.2285714285714285,32.77,13.013333333333334,2.0899999999999994,6.17,0.1584488957370313,0.0857142857142857,0,Q2,Mid-Low,2025-01,2025-12,1,1,Inactive,0,0,0,0.4508547008547008,0
68,Female,0,14,0,Ads,medium,Digital Wallet,Web,12,126.0,23.830434782608695,0.108695652173913,25.33,13.67,5.226666666666666,6.370000000000001,0.2009463722397476,0.0652173913043478,0,Q3,Mid-Low,2025-01,2025-12,0,0,Mid-Recent,0,0,1,0.49091880341880345,2
45,Male,0,50,0,Referral,low,Digital Wallet,iOS,0,28.57,23.94,0.1,4.91,9.0,4.09,2.2399999999999984,0.3132867132867131,0.1,1,Q1,Mid-High,2023-04,2025-09,1,1,Inactive,0,0,0,0.2745726495726496,0
23,Female,11,18,0,Partnership,high,Debit Card,Web,6,293.1,23.557971014492757,0.0579710144927536,11.08,8.715,3.1750000000000003,0.0,0.0,0.0289855072463768,0,Q4,Low,2024-10,2025-12,0,0,Mid-Inactive,1,0,0,0.5683760683760684,1
38,Female,2,87,1,Referral,low,Credit Card,Android,2,50.35,22.35,0.2,49.61,20.33333333333333,3.7966666666666655,5.79,0.1045126353790613,0.15,1,Q1,High,2023-05,2025-11,1,1,Inactive,0,0,0,0.3798076923076923,0
41,Female,0,18,1,Ads,low,Credit Card,iOS,3,85.2,28.212903225806453,0.1290322580645161,27.13,9.89,0.846666666666667,1.7899999999999991,0.0618948824343014,0.0967741935483871,1,Q1,Mid-High,2023-07,2025-11,0,0,Mid-Inactive,0,0,0,0.2948717948717948,4
46,Other,0,3,0,Referral,low,Credit Card,iOS,1,58.48,26.43684210526316,0.3157894736842105,12.7,16.0,3.3000000000000007,0.0,0.0,0.0526315789473684,0,Q1,Low,2024-03,2025-07,0,0,Recent,0,0,1,0.43108974358974356,2
53,Male,9,18,0,Partnership,medium,Credit Card,Android,8,155.07,25.832142857142856,0.1964285714285714,45.78,14.3025,2.8575,0.0,0.0,0.0714285714285714,0,Q3,Mid-Low,2023-09,2025-11,0,0,Mid-Inactive,0,0,0,0.2905982905982906,2
42,Male,0,27,0,Ads,low,Cash,iOS,3,114.17,23.154761904761905,0.119047619047619,38.66,15.306666666666668,2.42,0.0499999999999998,0.0012916559028674,0.0714285714285714,0,Q2,Mid-Low,2024-10,2025-12,1,0,Mid-Inactive,0,0,0,0.42521367521367526,0
35,Female,3,14,1,Partnership,medium,Debit Card,iOS,9,201.96,24.228571428571428,0.2142857142857142,46.2,11.752,2.512,0.7100000000000009,0.01513536559369,0.0892857142857142,1,Q4,Mid-High,2023-09,2025-11,0,0,Mid-Recent,1,0,1,0.5822649572649573,1
45,Female,3,11,0,Organic,medium,Cash,iOS,4,165.93,26.5377358490566,0.0943396226415094,51.67,19.295,6.3775,4.93,0.0871024734982332,0.0754716981132075,0,Q3,Mid-Low,2023-07,2025-12,0,0,Mid-Recent,0,0,1,0.5694444444444444,2
34,Male,0,15,0,Ads,medium,Cash,iOS,10,121.51,24.21698113207547,0.1509433962264151,36.52,11.53,4.226,2.68,0.0683673469387755,0.0943396226415094,1,Q2,Mid-High,2023-01,2025-12,0,0,Mid-Inactive,0,0,0,0.3402777777777778,4
37,Male,0,8,0,Organic,medium,Cash,Android,6,110.44,26.745945945945948,0.1351351351351351,46.67,13.07,1.4025,2.380000000000001,0.0485219164118246,0.1081081081081081,1,Q2,Mid-High,2024-10,2025-11,0,0,Mid-Recent,0,0,1,0.35523504273504275,4
39,Female,0,46,1,Organic,low,Digital Wallet,Web,5,70.18,21.125,0.1428571428571428,30.74,22.0,6.629999999999999,3.2300000000000004,0.0950838975566676,0.0714285714285714,0,Q1,Mid-Low,2024-03,2025-12,1,1,Inactive,0,0,0,0.2681623931623932,0
48,Female,6,32,0,Partnership,medium,Digital Wallet,Android,4,146.2,25.450000000000003,0.1904761904761904,59.74,11.495,1.538333333333333,1.8999999999999984,0.0308241401687215,0.1428571428571428,1,Q3,High,2023-12,2025-12,1,1,Inactive,0,0,0,0.3071581196581197,0
54,Male,1,52,0,Partnership,low,Digital Wallet,Android,4,52.45,23.905,0.0,0.0,0.0,0.0,0.0,0.0,0.0,0,Q1,Low,2025-02,2025-12,1,1,Inactive,0,0,0,0.2895299145299145,0
25,Other,7,10,1,Ads,medium,Credit Card,Web,6,150.02,25.38666666666667,0.2666666666666666,63.78,14.475,3.845,1.9800000000000004,0.0301094890510948,0.1333333333333333,1,Q3,High,2023-08,2025-12,0,0,Mid-Recent,0,0,1,0.31303418803418803,4
63,Male,0,16,0,Organic,low,Credit Card,Android,2,74.19,22.089655172413792,0.2068965517241379,55.16,12.472,1.4399999999999995,3.21,0.0549940037690594,0.1724137931034483,1,Q1,High,2025-10,2025-12,0,0,Mid-Inactive,0,0,0,0.2516025641025641,4
26,Other,7,11,0,Ads,low,Digital Wallet,Web,8,168.76,23.120338983050846,0.135593220338983,65.74,13.013333333333334,2.056666666666666,0.0,0.0,0.1016949152542373,1,Q4,Mid-High,2025-03,2025-12,0,0,Mid-Recent,1,0,1,0.5325854700854701,1
63,Female,1,26,0,Referral,medium,Cash,Web,8,186.14,25.05967741935484,0.1290322580645161,26.32,9.19,2.6100000000000003,5.489999999999999,0.1725872367180131,0.064516129032258,0,Q4,Mid-Low,2023-05,2025-10,1,0,Mid-Inactive,1,1,0,0.4967948717948718,3
55,Female,1,49,0,Referral,low,Digital Wallet,Web,5,95.82,25.96764705882353,0.1470588235294117,36.09,10.2475,1.225,2.870000000000001,0.0736652977412731,0.1176470588235294,1,Q2,High,2024-10,2025-12,1,1,Inactive,0,0,0,0.516025641025641,0
56,Other,2,21,0,Referral,medium,Debit Card,Web,8,75.34,26.86551724137931,0.3103448275862069,44.74,11.326666666666666,3.87,1.7400000000000002,0.0374354561101549,0.2068965517241379,1,Q1,High,2023-04,2025-12,1,0,Mid-Inactive,0,0,0,0.4668803418803419,4
28,Other,7,11,0,Partnership,medium,Digital Wallet,Android,14,101.76,25.37857142857143,0.0714285714285714,51.39,21.666666666666668,4.536666666666666,11.45,0.1822087842138764,0.0714285714285714,0,Q2,Mid-Low,2023-09,2025-12,0,0,Mid-Recent,0,0,1,0.5293803418803419,2
18,Male,8,3,0,Ads,high,Debit Card,Android,14,323.76,22.59230769230769,0.2179487179487179,155.05,16.875833333333333,3.955,1.66,0.010592814753366,0.1538461538461538,1,Q4,High,2024-12,2025-12,0,0,Recent,1,0,1,0.6485042735042735,1
43,Female,7,48,0,Organic,medium,Credit Card,Android,6,153.64,25.7,0.1428571428571428,90.33,13.748571428571427,0.8442857142857141,0.0,0.0,0.125,1,Q3,High,2023-04,2025-11,1,1,Inactive,0,0,0,0.40865384615384615,0
36,Female,3,42,0,Referral,high,Debit Card,Android,5,436.74,23.68041237113402,0.1443298969072164,118.46,14.025454545454544,3.256363636363636,10.52,0.0815630330283764,0.1134020618556701,1,Q4,Mid-High,2024-09,2025-12,1,1,Inactive,1,1,0,0.7644230769230769,3
39,Female,2,37,0,Partnership,medium,Digital Wallet,Android,5,80.04,22.686206896551724,0.1034482758620689,17.689999999999998,8.333333333333334,2.436666666666667,1.1999999999999993,0.0635256749602964,0.1034482758620689,1,Q1,Mid-High,2024-10,2025-12,1,1,Inactive,0,0,0,0.1891025641025641,0
46,Other,6,38,0,Organic,high,Credit Card,Android,8,311.66,26.45068493150685,0.1232876712328767,49.34,12.42,4.196666666666666,2.79,0.0535200460387492,0.0821917808219178,0,Q4,Mid-Low,2024-05,2025-12,1,1,Inactive,1,1,0,0.38408119658119666,3
63,Male,1,6,0,Organic,high,Credit Card,Web,14,262.75,25.022058823529413,0.2058823529411764,56.22,12.893333333333333,3.523333333333333,0.0999999999999996,0.0017755681818181,0.088235294117647,1,Q4,Mid-High,2024-11,2025-12,0,0,Recent,1,0,1,0.6682692307692308,1
65,Male,3,30,0,Ads,medium,Digital Wallet,Web,3,187.66,26.4,0.1481481481481481,37.46,13.1825,3.8175,9.14,0.196137339055794,0.074074074074074,0,Q4,Mid-Low,2024-06,2025-12,1,1,Inactive,1,1,0,0.5876068376068376,3
47,Male,3,85,0,Ads,low,Debit Card,Web,1,139.9,24.23877551020408,0.1428571428571428,53.24,9.476666666666668,0.6033333333333336,0.5800000000000001,0.0107766629505759,0.1224489795918367,1,Q3,High,2024-11,2025-12,1,1,Inactive,0,0,0,0.594017094017094,0
43,Male,3,8,0,Partnership,low,Cash,Android,3,84.1,26.89090909090909,0.1818181818181818,10.65,12.28,1.629999999999999,0.2799999999999998,0.0256175663311985,0.0303030303030303,0,Q1,Low,2025-07,2025-12,0,0,Mid-Recent,0,0,1,0.43536324786324787,2
63,Male,2,39,0,Organic,high,Credit Card,Web,8,233.16,25.694915254237287,0.1186440677966101,33.36,8.7275,0.3875000000000002,3.58,0.0969139144558744,0.0677966101694915,0,Q4,Mid-Low,2024-08,2025-11,1,1,Inactive,1,1,0,0.6367521367521367,3
52,Male,5,15,0,Organic,high,Debit Card,Android,3,239.13,25.504,0.1,44.84,13.1275,1.9174999999999995,4.460000000000001,0.0904665314401622,0.08,0,Q4,Mid-Low,2024-02,2025-12,0,0,Mid-Inactive,1,0,0,0.5566239316239316,1
34,Other,9,31,0,Organic,high,Cash,Web,11,249.56,26.2031746031746,0.0952380952380952,28.48,9.74,0.2466666666666661,0.0,0.0,0.0476190476190476,0,Q4,Low,2024-04,2025-11,1,1,Inactive,1,1,0,0.6260683760683761,3
55,Male,1,52,0,Organic,low,Cash,Web,5,104.17,24.8825,0.25,38.19,12.8625,3.315,0.2899999999999991,0.0075363825363825,0.1,1,Q2,Mid-High,2025-09,2025-12,1,1,Inactive,0,0,0,0.36111111111111105,0
61,Other,3,43,0,Referral,medium,Debit Card,Android,7,139.49,26.122222222222224,0.1555555555555555,16.89,8.506666666666666,2.8766666666666665,0.0,0.0,0.0666666666666666,0,Q3,Mid-Low,2024-08,2025-12,1,1,Inactive,0,0,0,0.5352564102564102,0
33,Female,6,2,0,Ads,high,Digital Wallet,Web,4,157.03,27.060526315789478,0.0789473684210526,30.76,10.44,0.1866666666666668,4.65,0.1313188364868681,0.0789473684210526,0,Q3,Mid-Low,2025-01,2025-12,0,0,Recent,0,0,1,0.297008547008547,2
50,Female,2,42,1,Ads,medium,Cash,Android,10,159.38,24.02156862745098,0.0784313725490196,48.06,15.8775,3.8625,0.9299999999999996,0.0189834660134721,0.0784313725490196,0,Q3,Mid-Low,2023-11,2025-11,1,1,Inactive,0,0,0,0.297008547008547,0
49,Other,5,35,1,Ads,medium,Cash,Android,3,178.41,23.76530612244898,0.1428571428571428,39.27,15.1875,5.37,8.52,0.1782799748901444,0.0816326530612244,0,Q4,Mid-Low,2023-11,2025-11,1,1,Inactive,1,1,0,0.35096153846153844,3
29,Female,4,7,0,Referral,medium,Digital Wallet,iOS,3,105.03,26.3969696969697,0.2727272727272727,72.73,18.046666666666667,5.925,0.9000000000000004,0.0122232785549368,0.1818181818181818,1,Q2,High,2023-08,2025-11,0,0,Recent,0,0,1,0.2548076923076923,4
26,Male,5,17,0,Partnership,low,Cash,Web,7,122.47,23.46,0.14,39.35,11.752,3.882,10.25,0.2066532258064516,0.1,1,Q3,Mid-High,2023-07,2025-12,0,0,Mid-Inactive,0,0,0,0.3552350427350427,4
44,Other,1,20,0,Partnership,low,Debit Card,iOS,2,104.37,22.74324324324324,0.081081081081081,36.56,18.375,0.0950000000000006,1.7100000000000009,0.0446825189443428,0.054054054054054,0,Q2,Low,2025-03,2025-12,1,0,Mid-Inactive,0,0,0,0.4177350427350427,2
19,Male,4,1,1,Referral,medium,Digital Wallet,iOS,6,91.13,27.13448275862069,0.0689655172413793,29.59,16.875,2.08,9.59,0.2447677386421643,0.0689655172413793,0,Q2,Mid-Low,2024-10,2025-11,0,0,Recent,0,0,1,0.5293803418803419,2
36,Male,7,4,0,Partnership,medium,Credit Card,Web,6,114.87,22.72142857142857,0.119047619047619,10.4,9.92,-0.4800000000000004,1.42,0.1201353637901861,0.0238095238095238,0,Q2,Low,2023-08,2025-12,0,0,Recent,0,0,1,0.4738247863247863,2
35,Other,11,0,1,Referral,high,Cash,Web,19,308.03,24.7710843373494,0.1325301204819277,106.53,17.114285714285714,1.8957142857142852,8.29,0.0721999651628636,0.0843373493975903,0,Q4,Mid-Low,2025-06,2025-12,0,0,Recent,1,0,1,0.6490384615384616,1
45,Male,0,39,0,Organic,medium,Credit Card,Android,7,147.23,25.46170212765957,0.2127659574468085,60.71,12.26,2.141666666666667,0.0,0.0,0.1276595744680851,1,Q3,High,2024-09,2025-12,1,1,Inactive,0,0,0,0.4326923076923077,0
40,Male,0,52,1,Referral,medium,Debit Card,iOS,8,148.78,23.935714285714287,0.1785714285714285,61.41,13.593333333333334,3.358333333333333,0.6699999999999999,0.0107925257731958,0.1071428571428571,1,Q3,Mid-High,2024-01,2025-12,1,1,Inactive,0,0,0,0.5058760683760684,0
62,Female,3,12,0,Ads,medium,Debit Card,iOS,4,91.26,24.805882352941172,0.1176470588235294,21.86,12.76,1.8299999999999992,3.09,0.1238476953907815,0.0588235294117647,0,Q2,Mid-Low,2025-09,2025-12,0,0,Mid-Recent,0,0,1,0.3424145299145299,2
21,Other,7,20,0,Organic,medium,Debit Card,Android,7,187.72,25.43606557377049,0.1475409836065573,61.51,14.085,3.8333333333333335,3.94,0.0601986249045072,0.0983606557377049,1,Q4,Mid-High,2023-05,2025-12,1,0,Mid-Inactive,1,1,0,0.32585470085470086,3
36,Other,6,26,0,Referral,medium,Debit Card,Android,12,159.32,29.55322580645161,0.2258064516129032,77.44,13.582857142857142,2.52,7.19,0.0849580526999881,0.1129032258064516,1,Q3,Mid-High,2024-11,2025-12,1,0,Mid-Inactive,0,0,0,0.406517094017094,4
35,Other,1,10,0,Ads,high,Debit Card,iOS,5,333.89,24.542105263157897,0.1973684210526315,94.41,14.71125,2.91,5.34,0.0535338345864661,0.1052631578947368,1,Q4,Mid-High,2023-03,2025-11,0,0,Mid-Recent,1,0,1,0.48717948717948717,1
33,Other,6,15,0,Partnership,medium,Debit Card,Web,5,133.17,28.12093023255814,0.2325581395348837,90.06,17.038571428571426,4.172857142857144,1.5000000000000002,0.0163826998689384,0.1627906976744186,1,Q3,High,2025-01,2025-12,0,0,Mid-Inactive,0,0,0,0.47115384615384615,4
58,Female,2,9,0,Partnership,medium,Credit Card,Web,10,134.91,24.59375,0.0833333333333333,23.59,8.486666666666666,0.6233333333333334,3.959999999999999,0.1437386569872958,0.0625,0,Q3,Mid-Low,2024-07,2025-12,0,0,Mid-Recent,0,0,1,0.4786324786324786,2
43,Other,7,8,0,Organic,high,Cash,Android,8,191.67,25.825531914893617,0.0851063829787234,46.77,16.013333333333332,0.4233333333333327,1.6999999999999993,0.0350732411801113,0.0638297872340425,0,Q4,Mid-Low,2024-01,2025-12,0,0,Mid-Recent,1,0,1,0.27297008547008544,1
55,Male,3,7,0,Partnership,medium,Digital Wallet,iOS,5,97.46,21.16060606060606,0.2121212121212121,29.96,14.093333333333334,4.1066666666666665,0.0,0.0,0.0909090909090909,1,Q2,Mid-High,2024-07,2025-11,0,0,Recent,0,0,1,0.3520299145299145,4
43,Male,4,18,0,Ads,medium,Cash,Android,5,82.48,26.627586206896552,0.1724137931034483,33.79,13.96,5.512499999999999,4.31,0.1131233595800524,0.1379310344827586,1,Q1,High,2025-10,2025-12,0,0,Mid-Inactive,0,0,0,0.23771367521367523,4
36,Female,5,11,0,Partnership,medium,Digital Wallet,Web,2,94.14,25.9625,0.0625,11.65,12.28,0.629999999999999,7.23,0.3829449152542372,0.03125,0,Q2,Low,2024-02,2025-12,0,0,Mid-Recent,0,0,1,0.43803418803418803,2
20,Male,4,45,0,Referral,high,Credit Card,iOS,6,208.0,26.39591836734694,0.2653061224489796,82.6,12.92,2.595,0.9499999999999992,0.0113704368641531,0.1632653061224489,1,Q4,High,2024-01,2025-12,1,1,Inactive,1,1,0,0.406517094017094,3
47,Male,4,3,0,Ads,low,Debit Card,Web,4,72.86,25.49642857142857,0.1071428571428571,12.84,16.0,3.16,3.4000000000000004,0.20935960591133,0.0357142857142857,0,Q1,Low,2024-01,2025-11,0,0,Recent,0,0,1,0.28205128205128205,2
28,Female,3,27,0,Organic,medium,Digital Wallet,iOS,0,74.15,23.24736842105263,0.1578947368421052,0.0,0.0,0.0,0.0,0.0,0.0,0,Q1,Low,2023-03,2025-11,1,0,Mid-Inactive,0,0,0,0.45886752136752135,2
60,Other,3,68,0,Referral,medium,Cash,Web,2,61.04,23.35454545454545,0.2272727272727272,48.91,25.5,1.045,5.41,0.0995949926362297,0.0909090909090909,1,Q1,Mid-High,2023-05,2025-11,1,1,Inactive,0,0,0,0.3952991452991453,0
64,Other,1,1,0,Partnership,medium,Credit Card,Web,9,82.47,25.568571428571428,0.0857142857142857,29.92,12.013333333333334,2.04,1.3200000000000005,0.0422535211267605,0.0857142857142857,0,Q1,Mid-Low,2024-01,2025-12,0,0,Recent,0,0,1,0.423076923076923,2
18,Male,1,10,0,Referral,high,Debit Card,Web,8,243.23,25.010526315789477,0.087719298245614,12.51,12.28,-0.2300000000000004,0.0,0.0,0.0175438596491228,0,Q4,Low,2024-02,2025-11,0,0,Mid-Recent,1,0,1,0.6143162393162394,1
51,Other,4,1,0,Referral,medium,Credit Card,Web,5,137.02,23.404545454545453,0.1363636363636363,30.8,13.25,2.983333333333333,4.079999999999998,0.1169724770642201,0.0681818181818181,0,Q3,Mid-Low,2024-04,2025-11,0,0,Recent,0,0,1,0.32264957264957267,2
25,Female,5,24,0,Partnership,medium,Credit Card,iOS,7,75.04,26.079310344827583,0.1034482758620689,11.28,13.24,1.9600000000000009,1.7699999999999996,0.1356321839080459,0.0344827586206896,0,Q1,Low,2024-04,2025-12,1,0,Mid-Inactive,0,0,0,0.4599358974358974,2
23,Other,3,53,1,Referral,low,Digital Wallet,Android,4,87.5,23.541666666666668,0.2222222222222222,40.72,10.954,2.81,0.0,0.0,0.1388888888888889,1,Q1,High,2024-08,2025-11,1,1,Inactive,0,0,0,0.4967948717948718,0
26,Female,5,2,0,Ads,medium,Credit Card,Web,9,110.07,22.26666666666667,0.0952380952380952,38.04,15.333333333333334,2.6533333333333338,5.869999999999999,0.1336825324527442,0.0714285714285714,0,Q2,Mid-Low,2023-09,2025-12,0,0,Recent,0,0,1,0.45993589743589747,2
18,Other,0,12,0,Partnership,medium,Digital Wallet,Web,1,68.63,29.05714285714286,0.238095238095238,23.85,12.6,4.65,4.68,0.1640378548895898,0.1428571428571428,1,Q1,High,2025-09,2025-12,0,0,Mid-Recent,0,0,1,0.21741452991452992,4
58,Other,4,0,0,Partnership,medium,Cash,iOS,7,168.64,26.183333333333334,0.125,16.74,9.46,1.0900000000000003,6.6000000000000005,0.2827763496143959,0.0416666666666666,0,Q4,Low,2025-01,2025-11,0,0,Recent,1,0,1,0.5689102564102564,2
24,Male,8,41,0,Partnership,high,Digital Wallet,Android,8,328.27,24.45866666666667,0.0533333333333333,33.910000000000004,14.666666666666666,3.363333333333333,0.2199999999999988,0.006445941986522,0.04,0,Q4,Low,2024-04,2025-12,1,1,Inactive,1,1,0,0.6426282051282051,3
68,Male,3,7,0,Organic,medium,Credit Card,iOS,6,94.05,24.651612903225807,0.1290322580645161,7.82,5.745,1.835,0.1699999999999999,0.0212765957446808,0.064516129032258,0,Q2,Mid-Low,2025-04,2025-11,0,0,Recent,0,0,1,0.2948717948717948,2
56,Other,7,42,0,Referral,medium,Digital Wallet,iOS,7,140.43,27.03478260869565,0.2391304347826087,78.35,13.37142857142857,2.1785714285714284,0.1600000000000001,0.0020379569481594,0.1521739130434782,1,Q3,High,2025-09,2025-12,1,1,Inactive,0,0,0,0.27564102564102566,0
56,Other,1,19,0,Partnership,medium,Digital Wallet,Web,5,81.17999999999999,21.146666666666665,0.1666666666666666,61.66,20.57,5.154999999999999,0.0,0.0,0.1333333333333333,1,Q1,High,2025-01,2025-12,0,0,Mid-Inactive,0,0,0,0.5197649572649572,4
68,Male,4,4,0,Partnership,high,Credit Card,iOS,9,283.84,24.32638888888889,0.2083333333333333,113.18,16.8075,2.66,8.07,0.0665567010309278,0.1111111111111111,1,Q4,Mid-High,2024-06,2025-11,0,0,Recent,1,0,1,0.49786324786324787,1
58,Other,7,9,0,Referral,low,Digital Wallet,Android,5,135.05,25.972,0.14,41.86,14.333333333333334,0.3800000000000001,0.0899999999999998,0.002145411203814,0.06,0,Q3,Mid-Low,2024-04,2025-12,0,0,Mid-Recent,0,0,1,0.5427350427350427,2
42,Other,3,1,0,Organic,medium,Debit Card,Android,8,227.37,23.64307692307692,0.1846153846153846,64.26,13.523333333333332,2.813333333333333,5.35,0.0768567734520902,0.0923076923076923,1,Q4,Mid-High,2024-01,2025-11,0,0,Recent,1,0,1,0.31517094017094016,1
19,Other,8,20,0,Referral,high,Digital Wallet,iOS,8,324.47,24.194871794871798,0.1025641025641025,81.03999999999999,20.456,4.247999999999999,10.21,0.1118904109589041,0.0641025641025641,0,Q4,Mid-Low,2023-12,2025-12,1,0,Mid-Inactive,1,1,0,0.6971153846153846,3
21,Female,6,3,0,Partnership,high,Cash,Web,4,224.05,25.114814814814817,0.2222222222222222,102.38,16.64428571428571,2.0185714285714287,6.69,0.0613367562116072,0.1296296296296296,1,Q4,High,2023-03,2025-12,0,0,Recent,1,0,1,0.43482905982905984,1
23,Other,3,73,0,Organic,low,Credit Card,Android,5,111.51,26.51219512195122,0.2195121951219512,52.82,12.204,1.64,0.0,0.0,0.1219512195121951,1,Q2,High,2025-07,2025-12,1,1,Inactive,0,0,0,0.39316239316239315,0
50,Male,1,0,0,Organic,high,Cash,Web,5,229.34,23.841509433962266,0.1698113207547169,30.94,8.9225,1.1874999999999996,2.1999999999999997,0.0663850331925165,0.0754716981132075,0,Q4,Mid-Low,2023-10,2025-12,0,0,Recent,1,0,1,0.36111111111111116,1
37,Other,2,50,1,Ads,high,Credit Card,iOS,5,213.56,23.535416666666663,0.1458333333333333,31.03,11.06,0.7166666666666668,6.83,0.1804014791336503,0.0625,0,Q4,Mid-Low,2023-07,2025-12,1,1,Inactive,1,1,0,0.38835470085470086,3
45,Male,6,38,0,Referral,high,Digital Wallet,Web,5,271.65,25.674242424242426,0.1969696969696969,39.83,8.883333333333333,2.245,0.0,0.0,0.0909090909090909,1,Q4,Mid-High,2024-11,2025-12,1,1,Inactive,1,1,0,0.5972222222222223,3
25,Male,6,10,0,Referral,medium,Debit Card,Android,2,139.83,23.95952380952381,0.1428571428571428,22.42,7.66,2.055,1.4699999999999998,0.0615320217664294,0.0952380952380952,1,Q3,Mid-High,2024-05,2025-12,0,0,Mid-Recent,0,0,1,0.39049145299145294,4
51,Other,2,17,1,Ads,medium,Digital Wallet,iOS,1,81.22,22.646153846153844,0.1153846153846153,23.49,18.5,6.755,3.03,0.1142533936651583,0.0769230769230769,0,Q1,Mid-Low,2024-06,2025-12,0,0,Mid-Inactive,0,0,0,0.29433760683760685,2
64,Male,3,7,0,Organic,medium,Cash,Android,9,112.53,20.22558139534884,0.1162790697674418,20.76,12.495,2.115,5.94,0.2224719101123595,0.0465116279069767,0,Q2,Low,2024-11,2025-12,0,0,Recent,0,0,1,0.3322649572649573,2
22,Female,1,74,0,Partnership,medium,Cash,Web,6,89.13,24.206451612903223,0.1612903225806451,34.2,13.01,4.46,3.129999999999999,0.0838467720332172,0.1290322580645161,1,Q1,High,2025-08,2025-12,1,1,Inactive,0,0,0,0.280982905982906,0
21,Female,3,3,0,Organic,medium,Debit Card,Android,6,98.28,23.76388888888889,0.1111111111111111,20.89,11.173333333333332,4.21,0.0,0.0,0.0833333333333333,0,Q2,Mid-Low,2023-07,2025-12,0,0,Recent,0,0,1,0.2676282051282051,2
54,Other,2,46,0,Ads,high,Credit Card,iOS,1,54.72,24.084615384615383,0.1538461538461538,6.11,9.0,2.89,0.7999999999999998,0.1157742402315484,0.0769230769230769,0,Q1,Mid-Low,2024-12,2025-12,1,1,Inactive,0,0,0,0.2596153846153846,0
33,Male,5,4,0,Organic,high,Cash,iOS,5,205.05,23.962,0.12,52.71,13.448000000000002,2.906,1.7199999999999998,0.0316002204666544,0.1,1,Q4,Mid-High,2024-08,2025-12,0,0,Recent,1,0,1,0.3552350427350427,1
20,Other,2,73,1,Ads,medium,Digital Wallet,iOS,12,277.45,26.014285714285712,0.1428571428571428,20.81,6.89,1.6875,3.539999999999999,0.1453798767967145,0.0476190476190476,0,Q4,Low,2024-05,2025-12,1,1,Inactive,1,1,0,0.7088675213675214,3
64,Female,1,44,0,Referral,low,Digital Wallet,iOS,2,51.41,26.62,0.1,31.58,16.12,0.3300000000000009,2.56,0.0749853544229642,0.1,1,Q1,Mid-High,2025-08,2025-12,1,1,Inactive,0,0,0,0.4423076923076923,0
61,Male,1,46,0,Ads,medium,Credit Card,Android,5,83.78,26.94,0.1142857142857142,28.17,9.84,0.4499999999999997,0.0,0.0,0.0857142857142857,0,Q1,Mid-Low,2024-01,2025-12,1,1,Inactive,0,0,0,0.45779914529914534,0
47,Female,3,87,1,Organic,high,Credit Card,Web,8,202.47,24.585714285714285,0.0816326530612244,31.28,11.833333333333334,1.4066666666666665,0.9400000000000004,0.0291744258224705,0.0612244897959183,0,Q4,Mid-Low,2024-10,2025-12,1,1,Inactive,1,1,0,0.2954059829059829,3
18,Female,0,4,0,Organic,low,Digital Wallet,Web,2,41.79,23.394117647058824,0.1176470588235294,9.76,9.0,-0.7599999999999998,0.0,0.0,0.0588235294117647,0,Q1,Mid-Low,2024-04,2025-11,0,0,Recent,0,0,1,0.2767094017094017,2
33,Female,4,14,1,Partnership,medium,Debit Card,Web,6,127.3,24.335555555555555,0.1111111111111111,20.53,16.0,5.735,0.6999999999999993,0.0329722091380122,0.0444444444444444,0,Q3,Low,2023-12,2025-11,0,0,Mid-Recent,0,0,1,0.27136752136752135,2
66,Male,5,31,1,Referral,medium,Cash,iOS,4,92.42,25.196875,0.15625,16.32,9.09,3.65,6.220000000000001,0.2759538598047915,0.09375,1,Q2,Mid-High,2024-01,2025-11,1,1,Inactive,0,0,0,0.26442307692307687,0
52,Female,1,2,0,Organic,medium,Credit Card,Web,5,167.35,25.249019607843135,0.0784313725490196,37.43,11.76,2.4025,0.5299999999999994,0.0139620653319283,0.0784313725490196,0,Q4,Mid-Low,2024-12,2025-12,0,0,Recent,1,0,1,0.3039529914529915,1
65,Other,4,57,0,Referral,low,Debit Card,Web,5,129.97,24.94090909090909,0.1363636363636363,22.14,11.14,3.76,1.35,0.057471264367816,0.0681818181818181,0,Q3,Mid-Low,2024-01,2025-12,1,1,Inactive,0,0,0,0.5379273504273504,0
44,Female,0,28,0,Ads,medium,Digital Wallet,iOS,0,15.06,31.34,0.2,11.05,14.0,2.9499999999999997,4.120000000000001,0.2715886618325643,0.2,1,Q1,High,2024-03,2025-06,1,0,Inactive,0,0,0,0.3573717948717948,4
32,Other,5,7,1,Organic,high,Cash,Web,3,166.94,25.49736842105263,0.1052631578947368,11.63,8.28,2.4650000000000003,0.0,0.0,0.0526315789473684,0,Q4,Low,2024-07,2025-12,0,0,Recent,1,0,1,0.3942307692307692,2
55,Male,0,134,1,Partnership,high,Credit Card,Web,6,133.51,22.415625,0.09375,7.5,3.33,0.8300000000000001,0.0,0.0,0.09375,1,Q3,Mid-High,2023-04,2025-10,1,1,Inactive,0,0,0,0.4310897435897436,0
21,Female,5,3,0,Ads,medium,Digital Wallet,Android,4,128.35,25.4675,0.275,87.86,16.064285714285713,3.512857142857143,2.37,0.0262662085780782,0.175,1,Q3,High,2024-08,2025-12,0,0,Recent,0,0,1,0.2777777777777778,4
43,Other,6,31,0,Organic,medium,Cash,Android,9,131.6,24.885416666666668,0.1666666666666666,50.92,12.929999999999998,2.746,0.0,0.0,0.1041666666666666,1,Q3,Mid-High,2024-02,2025-11,1,1,Inactive,0,0,0,0.5272435897435896,0
22,Male,0,11,0,Referral,medium,Debit Card,iOS,4,164.06,27.065217391304348,0.1521739130434782,63.83,16.247999999999998,3.482,1.4800000000000004,0.0226611544939519,0.108695652173913,1,Q3,Mid-High,2024-06,2025-12,0,0,Mid-Recent,0,0,1,0.46314102564102566,4
46,Female,1,2,1,Partnership,medium,Credit Card,Web,1,107.07,21.605882352941176,0.0294117647058823,7.94,12.28,4.339999999999999,0.2799999999999993,0.0340632603406325,0.0294117647058823,0,Q2,Low,2024-11,2025-11,0,0,Recent,0,0,1,0.5438034188034189,2
67,Male,0,15,0,Organic,medium,Cash,Android,1,59.47,19.633333333333333,0.2222222222222222,15.14,7.605,0.0350000000000003,4.66,0.2353535353535354,0.1111111111111111,1,Q1,Mid-High,2024-03,2025-10,0,0,Mid-Inactive,0,0,0,0.1768162393162393,4
23,Male,0,1,0,Referral,high,Debit Card,Android,3,259.76,29.04310344827586,0.0862068965517241,59.69,14.798000000000002,2.86,4.5,0.0701043776289141,0.0862068965517241,0,Q4,Mid-Low,2024-03,2025-12,0,0,Recent,1,0,1,0.6533119658119658,1
23,Other,4,58,1,Organic,medium,Cash,Web,4,107.77,25.450000000000003,0.1111111111111111,14.39,22.0,7.609999999999999,5.839999999999999,0.2886801779535343,0.0277777777777777,0,Q2,Low,2024-02,2025-11,1,1,Inactive,0,0,0,0.3162393162393162,0
61,Female,2,14,0,Ads,high,Credit Card,Android,3,167.96,22.210256410256413,0.1282051282051282,49.61,21.093333333333334,4.556666666666667,0.4199999999999999,0.0083949630221866,0.0769230769230769,0,Q4,Mid-Low,2025-07,2025-12,0,0,Mid-Recent,1,0,1,0.4262820512820512,1
53,Other,2,22,0,Referral,low,Cash,iOS,6,106.29,25.321052631578947,0.1052631578947368,31.33,15.92,5.476666666666667,0.0,0.0,0.0789473684210526,0,Q2,Mid-Low,2023-02,2025-12,1,0,Mid-Inactive,0,0,0,0.49839743589743585,0
25,Male,3,13,0,Ads,medium,Debit Card,iOS,2,188.55,27.322,0.16,43.89,13.4375,2.465,1.129999999999999,0.0250999555752998,0.08,0,Q4,Mid-Low,2023-05,2025-11,0,0,Mid-Recent,1,0,1,0.3621794871794872,1
41,Other,1,27,1,Organic,low,Credit Card,iOS,6,105.14,21.8925,0.1,17.04,10.14,1.6199999999999997,8.350000000000001,0.3288696337140607,0.05,0,Q2,Low,2025-08,2025-12,1,0,Mid-Inactive,0,0,0,0.548611111111111,2
30,Other,4,16,0,Ads,high,Credit Card,Android,5,166.16,25.57608695652174,0.1739130434782608,66.32,14.18,3.1266666666666665,5.83,0.0808038808038808,0.1304347826086956,1,Q4,High,2025-10,2025-12,0,0,Mid-Inactive,1,0,0,0.24091880341880342,4
20,Female,2,3,0,Ads,high,Cash,Web,4,232.66,23.294444444444448,0.1481481481481481,36.57,10.8575,1.715,1.7599999999999998,0.0459170362640229,0.074074074074074,0,Q4,Mid-Low,2023-05,2025-12,0,0,Recent,1,0,1,0.5042735042735043,1
49,Male,2,8,0,Partnership,low,Debit Card,Android,1,42.35,22.929411764705883,0.0588235294117647,0.0,0.0,0.0,0.0,0.0,0.0,0,Q1,Low,2023-02,2025-10,0,0,Mid-Recent,0,0,1,0.4642094017094016,2
29,Female,5,0,0,Partnership,medium,Debit Card,iOS,6,122.91,24.919047619047618,0.2142857142857142,69.26,16.95,3.098,0.0,0.0,0.119047619047619,1,Q3,High,2023-09,2025-11,0,0,Recent,0,0,1,0.4668803418803419,4
57,Other,2,2,0,Organic,medium,Cash,Android,3,116.33,23.926470588235293,0.1764705882352941,25.05,8.93,2.6675,2.710000000000001,0.0976224783861671,0.1176470588235294,1,Q2,High,2023-05,2025-11,0,0,Recent,0,0,1,0.46741452991452986,4
48,Male,4,48,1,Organic,medium,Cash,iOS,3,88.77,28.682142857142857,0.25,50.19,12.664,2.626,1.2300000000000002,0.0239206534422403,0.1785714285714285,1,Q1,High,2025-10,2025-12,1,1,Inactive,0,0,0,0.2542735042735043,0
30,Other,2,73,0,Referral,low,Cash,Web,3,128.73,28.195744680851064,0.1276595744680851,26.84,13.36,4.413333333333333,0.0,0.0,0.0638297872340425,0,Q3,Mid-Low,2024-03,2025-12,1,1,Inactive,0,0,0,0.39102564102564097,0
48,Other,1,26,0,Organic,medium,Digital Wallet,Android,3,30.38,30.1,0.0909090909090909,0.0,0.0,0.0,0.0,0.0,0.0,0,Q1,Low,2024-06,2025-11,1,0,Mid-Inactive,0,0,0,0.23023504273504275,2
29,Male,5,24,1,Ads,medium,Credit Card,Android,6,111.69,27.847500000000004,0.05,18.6,14.73,5.43,7.550000000000001,0.2887189292543021,0.05,0,Q2,Low,2024-09,2025-11,1,0,Mid-Inactive,0,0,0,0.4097222222222222,2
48,Other,2,2,0,Ads,high,Debit Card,iOS,5,236.81,24.435714285714287,0.1785714285714285,63.26,15.598,2.946,5.890000000000001,0.0851771511207519,0.0892857142857142,1,Q4,Mid-High,2025-01,2025-11,0,0,Recent,1,0,1,0.49893162393162394,1
60,Male,0,9,0,Referral,medium,Debit Card,Web,8,151.66,26.51428571428572,0.1428571428571428,61.82,19.57,4.114999999999999,1.09,0.0173263392147512,0.0816326530612244,0,Q3,Mid-Low,2023-07,2025-12,0,0,Mid-Recent,0,0,1,0.6495726495726496,1
40,Male,0,10,0,Ads,low,Digital Wallet,Web,1,59.01,25.67142857142857,0.238095238095238,19.18,15.0,5.41,8.07,0.2961467889908257,0.0952380952380952,1,Q1,Mid-High,2025-02,2025-12,0,0,Mid-Recent,0,0,1,0.31463675213675213,4
55,Male,1,11,1,Ads,medium,Debit Card,Android,3,30.22,26.77692307692308,0.1538461538461538,7.220000000000001,3.97,0.3599999999999999,1.4899999999999984,0.1710677382319171,0.1538461538461538,1,Q1,High,2023-11,2025-09,0,0,Mid-Recent,0,0,1,0.3151709401709401,4
37,Male,3,46,0,Referral,medium,Credit Card,iOS,12,99.84,23.24871794871795,0.1282051282051282,12.25,9.66,3.5349999999999997,0.0,0.0,0.0512820512820512,0,Q2,Low,2023-08,2025-12,1,1,Inactive,0,0,0,0.37072649572649574,0
56,Male,2,7,0,Partnership,medium,Credit Card,Android,0,118.85,26.446666666666665,0.2666666666666666,35.660000000000004,9.416,2.284,1.91,0.0508384349214799,0.1666666666666666,1,Q2,High,2024-02,2025-11,0,0,Recent,0,0,1,0.47115384615384615,4
30,Male,3,11,0,Ads,medium,Digital Wallet,iOS,4,73.58,24.008333333333336,0.0833333333333333,6.53,8.0,1.4699999999999998,2.8000000000000007,0.30010718113612,0.0416666666666666,0,Q1,Low,2024-04,2025-11,0,0,Mid-Recent,0,0,1,0.23023504273504272,2
27,Other,11,7,0,Referral,high,Digital Wallet,iOS,8,272.88,24.60958904109589,0.1780821917808219,107.92,13.175555555555556,1.1844444444444442,0.0,0.0,0.1232876712328767,1,Q4,High,2024-12,2025-12,0,0,Recent,1,0,1,0.6618589743589745,1
63,Other,2,39,0,Referral,medium,Digital Wallet,Android,6,115.7,25.285714285714285,0.1904761904761904,86.34,15.077142857142857,2.7428571428571438,0.0,0.0,0.1666666666666666,1,Q2,High,2024-08,2025-12,1,1,Inactive,0,0,0,0.5641025641025641,0
26,Male,1,0,0,Partnership,medium,Digital Wallet,iOS,8,73.35,25.334482758620688,0.2068965517241379,28.11,12.413333333333334,3.0433333333333343,7.460000000000001,0.2097272982850717,0.1034482758620689,1,Q1,Mid-High,2025-04,2025-12,0,0,Recent,0,0,1,0.3974358974358974,4
62,Other,0,19,0,Ads,medium,Debit Card,Android,0,20.83,19.8,0.0,0.0,0.0,0.0,0.0,0.0,0.0,0,Q1,Low,2024-10,2025-10,0,0,Mid-Inactive,0,0,0,0.3034188034188034,2
64,Other,7,16,0,Ads,medium,Debit Card,Web,7,113.02,22.2948717948718,0.1025641025641025,40.16,14.839999999999998,1.4533333333333331,5.96,0.1292281006071119,0.0769230769230769,0,Q2,Mid-Low,2025-05,2025-12,0,0,Mid-Inactive,0,0,0,0.454059829059829,2
62,Other,5,82,0,Referral,high,Debit Card,Web,7,260.48,27.065151515151516,0.1363636363636363,86.27,15.495,1.1166666666666671,1.08,0.0123640526617057,0.0909090909090909,1,Q4,Mid-High,2025-03,2025-12,1,1,Inactive,1,1,0,0.3680555555555556,3
57,Male,7,36,0,Partnership,medium,Debit Card,Android,11,132.48,22.65686274509804,0.1568627450980392,46.48,12.807999999999998,3.512,0.3900000000000005,0.0083208875613398,0.0980392156862745,1,Q3,Mid-High,2024-03,2025-12,1,1,Inactive,0,0,0,0.47756410256410253,0
33,Female,3,10,0,Ads,high,Credit Card,Web,7,235.48,27.65714285714285,0.1964285714285714,104.12,15.011111111111113,3.442222222222222,1.7699999999999996,0.0167154594390405,0.1607142857142857,1,Q4,High,2023-12,2025-12,0,0,Mid-Recent,1,0,1,0.6308760683760684,1
46,Male,7,80,0,Ads,medium,Debit Card,Web,8,165.41,24.49344262295082,0.0983606557377049,42.99,14.69,3.9425,0.0500000000000007,0.0011617100371747,0.0655737704918032,0,Q3,Mid-Low,2024-06,2025-12,1,1,Inactive,0,0,0,0.45085470085470086,0
40,Female,7,13,0,Referral,high,Credit Card,Android,11,211.52,22.289473684210527,0.1578947368421052,70.81,13.86285714285714,3.747142857142857,2.4700000000000006,0.0337063318777292,0.1228070175438596,1,Q4,High,2023-06,2025-11,0,0,Mid-Recent,1,0,1,0.5726495726495726,1
64,Female,0,5,0,Partnership,low,Cash,Android,5,104.44,27.1125,0.2,69.24,15.798333333333332,4.258333333333334,3.0,0.0415282392026578,0.15,1,Q2,High,2024-08,2025-12,0,0,Recent,0,0,1,0.5277777777777778,4
52,Female,0,69,1,Partnership,medium,Debit Card,iOS,9,104.56,29.91025641025641,0.1794871794871795,17.95,12.76,3.785,4.319999999999999,0.1939829366861248,0.0512820512820512,0,Q2,Low,2025-10,2025-12,1,1,Inactive,0,0,0,0.30822649572649574,0
22,Male,8,17,0,Referral,low,Digital Wallet,Android,10,128.0,23.932142857142857,0.1607142857142857,30.5,11.545,3.92,5.029999999999999,0.1415705037996059,0.0714285714285714,0,Q3,Mid-Low,2024-05,2025-12,0,0,Mid-Inactive,0,0,0,0.4642094017094017,2
22,Female,1,3,0,Partnership,high,Debit Card,Web,1,161.87,22.323529411764707,0.2058823529411764,44.99,15.5075,4.26,0.0499999999999998,0.0011101243339253,0.1176470588235294,1,Q3,High,2025-04,2025-12,0,0,Recent,0,0,1,0.48824786324786323,4
53,Male,4,3,0,Partnership,high,Credit Card,Android,6,178.59,24.125,0.1818181818181818,49.57,11.262,1.3480000000000003,4.059999999999999,0.075703897072534,0.1136363636363636,1,Q4,Mid-High,2023-03,2025-10,0,0,Recent,1,0,1,0.2879273504273504,1
56,Female,2,9,0,Referral,medium,Credit Card,Android,7,210.9,26.694202898550724,0.1594202898550724,89.35,18.755714285714284,5.991428571428571,5.529999999999999,0.0582841483979763,0.1014492753623188,1,Q4,Mid-High,2024-11,2025-12,0,0,Mid-Recent,1,0,1,0.5892094017094017,1
30,Female,2,48,0,Organic,medium,Digital Wallet,iOS,2,119.09,26.540625,0.125,38.57,15.506666666666666,2.65,8.690000000000001,0.1838764282691494,0.09375,1,Q2,Mid-High,2025-06,2025-12,1,1,Inactive,0,0,0,0.5352564102564102,0
21,Female,0,69,0,Ads,high,Credit Card,Android,3,179.16,27.141463414634146,0.0975609756097561,24.1,10.64,2.606666666666667,0.4600000000000004,0.018729641693811,0.073170731707317,0,Q4,Mid-Low,2023-02,2025-11,1,1,Inactive,1,1,0,0.2264957264957265,3
45,Male,7,25,0,Partnership,high,Debit Card,iOS,11,362.51,24.23483146067416,0.1797752808988764,109.92,12.430909090909092,2.438181818181818,6.64,0.0569663692518874,0.1235955056179775,1,Q4,High,2024-04,2025-12,1,0,Mid-Inactive,1,1,0,0.7510683760683761,3
31,Male,4,12,0,Referral,high,Cash,iOS,4,239.47,25.396153846153844,0.1538461538461538,45.57,11.59,2.476,2.379999999999999,0.0496350364963503,0.0961538461538461,1,Q4,Mid-High,2023-07,2025-10,0,0,Mid-Recent,1,0,1,0.6346153846153846,1
68,Female,4,5,0,Partnership,medium,Digital Wallet,iOS,7,178.52,24.36271186440678,0.1864406779661017,68.19,15.756,2.1180000000000003,0.0,0.0,0.0847457627118644,0,Q4,Mid-Low,2023-11,2025-11,0,0,Recent,1,0,1,0.5534188034188035,1
42,Male,5,4,1,Partnership,medium,Digital Wallet,iOS,5,85.39,26.75357142857143,0.1428571428571428,21.32,9.82,2.7133333333333334,1.7599999999999998,0.0762564991334488,0.1071428571428571,1,Q1,Mid-High,2023-05,2025-12,0,0,Recent,0,0,1,0.37927350427350426,4
20,Female,5,87,0,Partnership,low,Digital Wallet,iOS,6,105.79,28.713636363636365,0.2272727272727272,82.55,17.322857142857142,5.53,1.8900000000000008,0.0223827569872098,0.1590909090909091,1,Q2,High,2025-03,2025-12,1,1,Inactive,0,0,0,0.3782051282051282,0
54,Male,0,21,0,Referral,medium,Credit Card,Web,10,194.72,25.838805970149256,0.1641791044776119,54.24,14.551999999999998,3.7039999999999993,4.32,0.0737704918032786,0.0746268656716417,0,Q4,Mid-Low,2023-02,2025-12,1,0,Mid-Inactive,1,1,0,0.3514957264957265,3
52,Female,3,52,1,Referral,medium,Cash,Web,2,70.63,27.179166666666664,0.0833333333333333,14.93,14.0,-0.9299999999999996,0.92,0.0580441640378548,0.0416666666666666,0,Q1,Low,2023-07,2025-11,1,1,Inactive,0,0,0,0.45940170940170943,0
52,Other,5,3,0,Ads,low,Cash,Android,3,119.34,27.08571428571428,0.119047619047619,35.63,17.493333333333336,5.616666666666667,0.9299999999999996,0.0254376367614879,0.0714285714285714,0,Q2,Mid-Low,2023-08,2025-11,0,0,Recent,0,0,1,0.5432692307692307,2
43,Other,2,22,0,Ads,high,Credit Card,Android,6,214.8,26.934545454545457,0.0363636363636363,18.47,14.66,5.425000000000001,7.49,0.2885208012326656,0.0363636363636363,0,Q4,Low,2025-02,2025-12,1,0,Mid-Inactive,1,1,0,0.5154914529914529,3
28,Male,5,0,0,Ads,medium,Credit Card,Android,8,219.86,24.1910447761194,0.1641791044776119,82.11,13.2175,2.9537500000000003,3.1500000000000004,0.0369458128078817,0.1194029850746268,1,Q4,High,2023-04,2025-12,0,0,Recent,1,0,1,0.4139957264957265,1
61,Female,9,5,0,Ads,high,Digital Wallet,Android,7,232.12,24.045,0.0833333333333333,24.89,10.506666666666666,2.2099999999999995,0.8399999999999999,0.0326467158958414,0.05,0,Q4,Low,2024-12,2025-12,0,0,Recent,1,0,1,0.3285256410256411,1
23,Female,8,2,0,Organic,high,Digital Wallet,Web,10,265.06,24.30434782608696,0.144927536231884,91.89,11.56111111111111,1.3511111111111112,4.67,0.0483637116818558,0.1304347826086956,1,Q4,High,2024-02,2025-12,0,0,Recent,1,0,1,0.5822649572649572,1
18,Other,2,23,0,Referral,low,Cash,iOS,3,77.27,24.325,0.125,18.08,9.09,3.063333333333333,11.1,0.3803975325565455,0.09375,1,Q1,Mid-High,2023-03,2025-11,1,0,Mid-Inactive,0,0,0,0.38942307692307687,2
54,Other,8,1,0,Referral,medium,Credit Card,Android,3,181.9,25.080701754385963,0.2280701754385964,96.8,12.695555555555556,1.94,4.369999999999999,0.0431946229119304,0.1578947368421052,1,Q4,High,2023-08,2025-12,0,0,Recent,1,0,1,0.5101495726495726,1
40,Female,2,30,1,Partnership,medium,Cash,Web,4,74.26,22.22258064516129,0.1935483870967742,62.04,14.512,2.104,0.0,0.0,0.1612903225806451,1,Q1,High,2025-10,2025-12,1,1,Inactive,0,0,0,0.1768162393162393,0
48,Male,2,6,0,Organic,medium,Cash,iOS,0,41.64,16.5,0.1428571428571428,0.0,0.0,0.0,0.0,0.0,0.0,0,Q1,Low,2025-07,2025-11,0,0,Recent,0,0,1,0.2847222222222222,2
56,Other,5,6,1,Referral,medium,Cash,Android,8,103.91,26.56190476190476,0.1428571428571428,42.8,14.08,3.38,1.5599999999999987,0.0351668169522091,0.0952380952380952,1,Q2,Mid-High,2025-07,2025-12,0,0,Recent,0,0,1,0.3835470085470085,4
21,Other,1,0,0,Organic,medium,Digital Wallet,iOS,5,143.89,22.0,0.1276595744680851,12.57,21.0,8.43,3.86,0.2349360925136944,0.0212765957446808,0,Q3,Low,2025-02,2025-12,0,0,Recent,0,0,1,0.5993589743589743,2
68,Female,4,7,0,Organic,medium,Cash,Web,4,78.21000000000001,25.910344827586208,0.1724137931034483,34.9,15.253333333333332,3.62,0.0,0.0,0.1034482758620689,1,Q1,Mid-High,2024-03,2025-12,0,0,Recent,0,0,1,0.3418803418803419,4
32,Male,7,31,0,Partnership,high,Digital Wallet,Android,14,365.07,25.65632183908046,0.1839080459770115,61.66,12.78,3.971428571428572,0.1799999999999997,0.0029107373868046,0.0804597701149425,0,Q4,Mid-Low,2023-02,2025-11,1,1,Inactive,1,1,0,0.6383547008547008,3
56,Other,2,64,0,Ads,low,Cash,iOS,3,57.02,27.87,0.2,27.18,11.18,2.12,3.43,0.1120548840248284,0.15,1,Q1,High,2024-08,2025-12,1,1,Inactive,0,0,0,0.4423076923076923,0
65,Female,2,5,0,Referral,low,Debit Card,iOS,5,91.7,24.66111111111111,0.0833333333333333,28.380000000000003,13.663333333333334,4.203333333333333,7.9,0.2177508269018743,0.0833333333333333,0,Q2,Mid-Low,2024-12,2025-12,0,0,Recent,0,0,1,0.406517094017094,2
63,Other,3,42,0,Ads,medium,Credit Card,iOS,3,185.03,25.536065573770493,0.2622950819672131,75.78,9.795555555555556,1.3755555555555554,5.25,0.0647908182154757,0.1475409836065573,1,Q4,High,2024-05,2025-12,1,1,Inactive,1,1,0,0.5480769230769231,3
30,Male,1,39,0,Referral,medium,Cash,iOS,2,26.03,30.56,0.1,0.0,0.0,0.0,0.0,0.0,0.0,0,Q1,Low,2024-07,2025-11,1,1,Inactive,0,0,0,0.406517094017094,0
63,Male,6,23,1,Organic,medium,Cash,Web,5,130.25,25.588636363636365,0.0909090909090909,31.78,22.0,6.11,1.41,0.04248267550467,0.0454545454545454,0,Q3,Low,2024-09,2025-12,1,0,Mid-Inactive,0,0,0,0.3504273504273504,0
58,Male,1,0,0,Ads,low,Digital Wallet,Android,3,38.91,26.552941176470583,0.1176470588235294,0.0,0.0,0.0,0.0,0.0,0.0,0,Q1,Low,2025-03,2025-12,0,0,Recent,0,0,1,0.34615384615384615,2
46,Male,0,11,0,Organic,medium,Digital Wallet,iOS,5,111.08,26.16111111111111,0.1111111111111111,61.46,20.07,4.705,1.2399999999999984,0.0197767145135565,0.1111111111111111,1,Q2,Mid-High,2025-01,2025-12,0,0,Mid-Recent,0,0,1,0.4967948717948718,4
65,Other,1,0,1,Organic,medium,Credit Card,Android,5,75.67999999999999,25.760714285714283,0.1071428571428571,12.6,12.28,-0.3200000000000003,0.0,0.0,0.0357142857142857,0,Q1,Low,2023-07,2025-12,0,0,Recent,0,0,1,0.18482905982905984,2
28,Other,1,23,1,Ads,high,Debit Card,Web,4,161.04,26.043243243243243,0.1621621621621621,40.68000000000001,15.916666666666666,2.356666666666666,0.4399999999999995,0.0107003891050583,0.081081081081081,0,Q3,Mid-Low,2023-09,2025-12,1,0,Mid-Inactive,0,0,0,0.4316239316239316,0
35,Other,1,27,0,Referral,medium,Credit Card,Android,3,69.13,25.75909090909091,0.1363636363636363,37.36,17.093333333333334,4.64,12.55,0.2514526147064717,0.1363636363636363,1,Q1,High,2025-03,2025-12,1,0,Mid-Inactive,0,0,0,0.21474358974358976,4
59,Male,2,51,1,Ads,medium,Digital Wallet,Web,4,116.69,28.31891891891892,0.1621621621621621,50.68,24.666666666666668,7.773333333333333,0.33,0.0064693197412272,0.081081081081081,0,Q2,Mid-Low,2023-04,2025-09,1,1,Inactive,0,0,0,0.2857905982905983,0
63,Other,3,23,0,Partnership,medium,Cash,Android,3,93.72,23.96764705882353,0.2058823529411764,48.33,12.355,0.2725000000000005,4.04,0.077143402711476,0.1176470588235294,1,Q2,High,2024-02,2025-12,1,0,Mid-Inactive,0,0,0,0.32158119658119655,4
34,Male,6,4,0,Organic,low,Cash,Web,9,131.93,26.23148148148148,0.1851851851851851,73.13000000000001,13.131666666666666,0.9433333333333328,4.419999999999999,0.0569954867827208,0.1111111111111111,1,Q3,Mid-High,2024-12,2025-12,0,0,Recent,0,0,1,0.4209401709401709,4
18,Other,3,27,0,Organic,high,Digital Wallet,Web,9,267.95,21.666153846153847,0.123076923076923,53.870000000000005,14.485,1.0174999999999994,1.09,0.0198326055312954,0.0615384615384615,0,Q4,Mid-Low,2024-03,2025-12,1,0,Mid-Inactive,1,1,0,0.3915598290598291,3
48,Male,2,15,1,Organic,high,Digital Wallet,Android,1,137.8,24.06,0.1666666666666666,40.92,15.726666666666668,2.086666666666668,10.63,0.206207565470417,0.1,1,Q3,Mid-High,2023-09,2025-11,0,0,Mid-Inactive,0,0,0,0.29754273504273504,4
59,Other,6,13,0,Ads,medium,Debit Card,Web,11,132.9,24.29375,0.1041666666666666,91.27,23.4,5.146,0.0,0.0,0.1041666666666666,1,Q3,Mid-High,2024-09,2025-12,0,0,Mid-Recent,0,0,1,0.5758547008547008,4
21,Other,6,43,1,Organic,medium,Debit Card,Web,3,219.62,26.05593220338983,0.1525423728813559,49.98,12.472,2.4759999999999995,0.0,0.0,0.0847457627118644,0,Q4,Mid-Low,2025-09,2025-12,1,1,Inactive,1,1,0,0.36591880341880345,3
59,Female,2,84,1,Organic,high,Cash,Android,7,152.15,28.044444444444444,0.1777777777777777,33.8,20.916666666666668,9.65,7.890000000000001,0.1892540177500599,0.0666666666666666,0,Q3,Mid-Low,2024-05,2025-12,1,1,Inactive,0,0,0,0.43803418803418803,0
65,Male,2,18,0,Organic,low,Debit Card,Web,1,74.71,26.22,0.12,22.06,14.14,3.1099999999999994,3.0600000000000005,0.1218152866242038,0.08,0,Q1,Mid-Low,2025-08,2025-12,0,0,Mid-Inactive,0,0,0,0.3317307692307692,2
58,Female,3,29,0,Organic,medium,Debit Card,Web,0,68.63,22.6,0.1363636363636363,13.04,16.0,2.960000000000001,0.0,0.0,0.0454545454545454,0,Q1,Low,2023-01,2025-11,1,0,Inactive,0,0,0,0.38835470085470086,0
29,Female,4,0,1,Partnership,medium,Debit Card,Web,2,96.3,21.66896551724138,0.2413793103448276,37.27,11.09,1.7725000000000004,3.92,0.0951687302743384,0.1379310344827586,1,Q2,High,2024-04,2025-12,0,0,Recent,0,0,1,0.3002136752136752,4
64,Other,2,37,1,Organic,medium,Credit Card,iOS,3,58.97,26.20909090909091,0.2272727272727272,16.05,12.5,4.475,5.149999999999999,0.2429245283018867,0.0909090909090909,1,Q1,Mid-High,2024-04,2025-12,1,1,Inactive,0,0,0,0.3952991452991453,0
32,Other,0,15,1,Partnership,medium,Digital Wallet,Android,6,113.22,24.227027027027027,0.1351351351351351,26.12,8.02,1.49,3.1,0.1060917180013689,0.1081081081081081,1,Q2,Mid-High,2024-04,2025-12,0,0,Mid-Inactive,0,0,0,0.3344017094017094,4
55,Female,5,11,0,Referral,medium,Cash,iOS,2,142.91,25.710416666666664,0.1041666666666666,21.79,9.4375,3.99,3.1999999999999997,0.1280512204881952,0.0833333333333333,0,Q3,Mid-Low,2025-04,2025-12,0,0,Mid-Recent,0,0,1,0.6314102564102564,2
55,Other,0,8,0,Partnership,medium,Debit Card,Web,4,77.3,24.85925925925926,0.2222222222222222,45.35,13.57,2.232499999999999,6.029999999999999,0.1173608407940832,0.1481481481481481,1,Q1,High,2024-02,2025-12,0,0,Mid-Recent,0,0,1,0.49999999999999994,4
61,Female,3,21,1,Partnership,high,Credit Card,iOS,12,259.33,23.33194444444445,0.1805555555555555,122.04,17.444444444444443,3.8844444444444446,1.4499999999999995,0.0117418414446513,0.125,1,Q4,High,2023-07,2025-12,1,0,Mid-Inactive,1,1,0,0.5325854700854701,3
30,Female,7,0,0,Partnership,medium,Debit Card,Android,2,192.4,25.62545454545455,0.109090909090909,58.08,13.536,1.9199999999999997,1.6099999999999994,0.0269726922432568,0.0909090909090909,1,Q4,Mid-High,2025-07,2025-12,0,0,Recent,1,0,1,0.6127136752136753,1
67,Male,0,9,0,Organic,medium,Debit Card,Android,2,63.23,25.476190476190474,0.2857142857142857,79.47,15.588333333333331,2.3433333333333333,4.300000000000001,0.0513310254267637,0.2857142857142857,1,Q1,High,2024-08,2025-12,0,0,Mid-Recent,0,0,1,0.37713675213675213,4
18,Female,7,11,0,Ads,high,Debit Card,Web,6,267.33,24.118032786885248,0.1639344262295081,53.05,10.188333333333333,1.346666666666667,6.59,0.1104963112005365,0.0983606557377049,1,Q4,Mid-High,2023-08,2025-11,0,0,Mid-Recent,1,0,1,0.43696581196581197,1
49,Male,4,8,0,Partnership,medium,Cash,Android,5,141.23,24.343589743589742,0.1538461538461538,14.64,17.0,2.3599999999999994,0.2999999999999989,0.0200803212851404,0.0256410256410256,0,Q3,Low,2023-04,2025-12,0,0,Mid-Recent,0,0,1,0.41239316239316237,2
48,Female,2,22,0,Referral,low,Debit Card,Web,2,43.16,21.52777777777778,0.2222222222222222,20.82,14.14,3.729999999999999,0.5,0.023452157598499,0.1111111111111111,1,Q1,Mid-High,2025-09,2025-12,1,0,Mid-Inactive,0,0,0,0.2045940170940171,4
18,Female,5,2,0,Referral,medium,Credit Card,Web,7,96.89,24.835135135135136,0.1081081081081081,38.89,14.253333333333332,1.29,8.36,0.1769312169312169,0.081081081081081,0,Q2,Mid-Low,2023-01,2025-12,0,0,Recent,0,0,1,0.34134615384615385,2
32,Other,1,86,0,Organic,medium,Debit Card,iOS,2,104.42,24.0,0.1071428571428571,8.7,9.0,0.3000000000000007,2.26,0.2062043795620438,0.0357142857142857,0,Q2,Low,2024-03,2025-12,1,1,Inactive,0,0,0,0.46955128205128205,0
50,Other,4,26,0,Ads,low,Credit Card,iOS,1,112.14,24.757142857142856,0.2857142857142857,103.76,20.87333333333333,3.58,0.0,0.0,0.1714285714285714,1,Q2,High,2025-07,2025-12,1,0,Mid-Inactive,0,0,0,0.3536324786324786,4
36,Female,2,6,0,Partnership,medium,Debit Card,Android,4,78.59,25.89,0.2,24.75,11.06,2.8100000000000005,4.12,0.1427086941461725,0.1,1,Q1,Mid-High,2024-05,2025-11,0,0,Recent,0,0,1,0.5197649572649572,4
40,Male,2,76,0,Partnership,low,Credit Card,iOS,3,66.62,26.61111111111111,0.2962962962962963,34.83,9.26,0.5525,0.29,0.008257403189066,0.1481481481481481,1,Q1,High,2023-09,2025-12,1,1,Inactive,0,0,0,0.3611111111111111,0
64,Male,0,66,0,Referral,medium,Debit Card,iOS,1,111.1,23.53125,0.09375,25.25,16.0,3.375,4.43,0.1492587601078167,0.0625,0,Q2,Mid-Low,2023-02,2025-12,1,1,Inactive,0,0,0,0.4658119658119658,0
63,Other,7,6,1,Partnership,medium,Digital Wallet,Web,7,190.12,26.82857142857143,0.1746031746031746,58.57,10.583333333333334,0.8216666666666668,6.8100000000000005,0.1041602936677883,0.0952380952380952,1,Q4,Mid-High,2023-12,2025-12,0,0,Recent,1,0,1,0.5705128205128205,1
21,Other,2,24,0,Referral,medium,Credit Card,iOS,11,124.0,22.35217391304348,0.1304347826086956,41.620000000000005,13.0,2.595,0.0,0.0,0.0869565217391304,0,Q3,Mid-Low,2023-12,2025-11,1,0,Mid-Inactive,0,0,0,0.2825854700854701,0
44,Female,3,44,0,Referral,high,Digital Wallet,Android,5,138.96,27.288888888888888,0.0833333333333333,24.11,15.375,3.3199999999999994,4.329999999999999,0.1522503516174402,0.0555555555555555,0,Q3,Low,2025-07,2025-12,1,1,Inactive,0,0,0,0.4342948717948718,0
31,Other,0,63,1,Organic,medium,Cash,Web,5,127.07,29.88529411764706,0.2352941176470588,35.69,8.706,1.5679999999999998,3.7399999999999984,0.0948516358102967,0.1470588235294117,1,Q3,High,2025-01,2025-12,1,1,Inactive,0,0,0,0.5021367521367521,0
60,Other,7,25,0,Ads,high,Cash,iOS,6,248.88,25.06065573770492,0.1147540983606557,81.74000000000001,18.856,2.508,0.4399999999999995,0.0053541007544414,0.081967213114754,0,Q4,Mid-Low,2023-10,2025-12,1,0,Mid-Inactive,1,1,0,0.5689102564102564,3
64,Other,2,6,1,Organic,medium,Credit Card,iOS,3,52.1,25.68421052631579,0.0526315789473684,3.16,3.32,0.1599999999999997,0.6600000000000001,0.1727748691099476,0.0526315789473684,0,Q1,Low,2023-11,2025-10,0,0,Recent,0,0,1,0.33386752136752135,2
30,Other,1,24,0,Organic,low,Debit Card,Android,5,138.26,27.63,0.18,64.93,12.946666666666667,2.125,2.789999999999999,0.0411990549320732,0.12,1,Q3,High,2023-08,2025-11,1,0,Mid-Inactive,0,0,0,0.4732905982905983,4
36,Male,0,12,0,Partnership,low,Debit Card,Web,4,89.46,23.45,0.1764705882352941,29.46,12.365,5.0,2.66,0.0828144458281444,0.1176470588235294,1,Q1,High,2023-11,2025-12,0,0,Mid-Recent,0,0,1,0.5299145299145298,4
39,Male,1,12,0,Referral,low,Credit Card,iOS,4,98.32,22.59722222222222,0.1111111111111111,27.04,16.12,2.6,0.3799999999999999,0.0138584974471188,0.0555555555555555,0,Q2,Low,2024-03,2025-11,0,0,Mid-Recent,0,0,1,0.5037393162393162,2
60,Female,4,20,0,Referral,medium,Credit Card,Web,7,118.36,25.304878048780488,0.2195121951219512,76.28999999999999,20.206666666666667,7.491666666666667,0.73,0.0094780576473643,0.1463414634146341,1,Q2,High,2024-02,2025-12,1,0,Mid-Inactive,0,0,0,0.532051282051282,4
34,Other,1,46,0,Partnership,high,Digital Wallet,Android,2,196.73,21.77173913043478,0.1521739130434782,59.06,16.15,4.337999999999999,0.0599999999999987,0.0010148849797022,0.108695652173913,1,Q4,Mid-High,2023-04,2025-12,1,1,Inactive,1,1,0,0.5603632478632479,3
21,Male,1,5,0,Referral,low,Digital Wallet,Android,4,113.36,24.05609756097561,0.1219512195121951,16.32,9.66,1.4999999999999998,7.93,0.3270103092783505,0.048780487804878,0,Q2,Low,2025-06,2025-12,0,0,Recent,0,0,1,0.5667735042735043,2
45,Other,5,20,0,Referral,medium,Credit Card,iOS,7,123.62,25.585365853658537,0.1463414634146341,43.38,18.686666666666667,4.226666666666667,0.0,0.0,0.073170731707317,0,Q3,Mid-Low,2024-01,2025-12,1,0,Mid-Inactive,0,0,0,0.5945512820512819,0
60,Other,5,40,1,Organic,medium,Digital Wallet,Android,6,108.7,27.655555555555555,0.25,45.93,15.25,3.7675,1.2400000000000002,0.0262878948484206,0.1111111111111111,1,Q2,Mid-High,2023-02,2025-12,1,1,Inactive,0,0,0,0.42040598290598286,0
35,Other,1,21,0,Organic,medium,Digital Wallet,iOS,4,90.49,23.866666666666667,0.2121212121212121,68.86,20.19,2.975,0.5,0.0072087658592848,0.1212121212121212,1,Q2,High,2023-11,2025-12,1,0,Mid-Inactive,0,0,0,0.5048076923076923,4
43,Female,5,1,1,Organic,high,Cash,Web,9,290.97,25.3,0.1492537313432835,41.760000000000005,10.404,2.052,0.1199999999999992,0.0028653295128939,0.0746268656716417,0,Q4,Mid-Low,2023-05,2025-12,0,0,Recent,1,0,1,0.6570512820512822,1
44,Other,2,10,0,Referral,low,Debit Card,Web,5,134.11,24.574,0.2,99.87,17.825714285714287,3.5585714285714283,3.0600000000000005,0.029728941999417,0.14,1,Q3,High,2023-06,2025-11,0,0,Mid-Recent,0,0,1,0.6121794871794872,4
28,Male,12,13,0,Partnership,high,Cash,iOS,15,346.47,24.055319148936167,0.2234042553191489,141.09,17.093636363636364,4.267272727272727,0.0,0.0,0.1170212765957446,1,Q4,High,2024-04,2025-12,0,0,Mid-Recent,1,0,1,0.45299145299145305,1
42,Female,2,23,0,Ads,medium,Cash,Android,4,72.07,24.340740740740745,0.074074074074074,16.32,12.76,4.6,7.119999999999999,0.3037542662116041,0.074074074074074,0,Q1,Mid-Low,2025-07,2025-12,1,0,Mid-Inactive,0,0,0,0.3958333333333333,2
44,Female,11,7,0,Referral,high,Digital Wallet,Web,13,325.39,23.21686746987952,0.180722891566265,66.58,12.37,1.2733333333333334,11.510000000000002,0.1473940325265719,0.072289156626506,0,Q4,Mid-Low,2023-12,2025-12,0,0,Recent,1,0,1,0.655982905982906,1
18,Other,0,14,0,Organic,medium,Credit Card,Android,8,113.03,29.08333333333333,0.1666666666666666,27.06,15.89,2.3600000000000003,14.63,0.3509234828496043,0.0476190476190476,0,Q2,Low,2023-08,2025-11,0,0,Mid-Recent,0,0,1,0.4738247863247863,2
48,Female,2,11,0,Ads,medium,Credit Card,iOS,2,58.91,27.563157894736843,0.1052631578947368,7.38,6.76,-0.6200000000000001,1.3100000000000005,0.1507479861910242,0.0526315789473684,0,Q1,Low,2024-07,2025-12,0,0,Mid-Recent,0,0,1,0.27136752136752135,2
50,Female,0,4,1,Ads,medium,Credit Card,Android,6,141.06,23.57906976744186,0.2093023255813953,53.96,12.703333333333331,3.71,0.0,0.0,0.1395348837209302,1,Q3,High,2025-01,2025-12,0,0,Recent,0,0,1,0.5336538461538461,4
33,Female,5,25,0,Referral,medium,Debit Card,Web,8,107.08,25.507894736842104,0.1052631578947368,29.41,11.483333333333334,1.6799999999999995,6.42,0.1791794585542841,0.0789473684210526,0,Q2,Mid-Low,2023-09,2025-11,1,0,Mid-Inactive,0,0,0,0.3803418803418803,2
43,Male,2,16,0,Partnership,low,Cash,Web,4,64.11,25.316,0.12,40.92,16.666666666666668,3.026666666666667,4.65,0.1020408163265306,0.12,1,Q1,High,2024-10,2025-12,0,0,Mid-Inactive,0,0,0,0.3317307692307692,4
23,Female,3,34,1,Organic,low,Credit Card,Android,1,80.67999999999999,29.014285714285712,0.1071428571428571,19.03,26.0,6.969999999999999,9.16,0.3249379212486697,0.0357142857142857,0,Q1,Low,2023-05,2025-11,1,1,Inactive,0,0,0,0.42094017094017094,0
24,Female,3,15,1,Referral,high,Credit Card,iOS,9,209.96,26.63076923076923,0.0769230769230769,33.25,10.643333333333333,-0.4400000000000002,1.4500000000000002,0.0417867435158501,0.0576923076923076,0,Q4,Mid-Low,2023-04,2025-11,0,0,Mid-Inactive,1,0,0,0.5512820512820513,1
57,Other,0,10,0,Ads,medium,Cash,Android,5,98.47,25.50555555555556,0.1944444444444444,44.98,19.666666666666668,4.673333333333333,2.030000000000001,0.0431823016379493,0.0833333333333333,0,Q2,Mid-Low,2023-03,2025-12,0,0,Mid-Recent,0,0,1,0.42040598290598286,4
21,Male,5,40,1,Organic,medium,Cash,Web,6,150.89,21.967391304347824,0.1739130434782608,52.21,15.748,5.306,0.1799999999999997,0.0034357701851498,0.108695652173913,1,Q3,Mid-High,2025-03,2025-12,1,1,Inactive,0,0,0,0.42841880341880345,0
63,Female,3,20,0,Referral,medium,Debit Card,iOS,6,107.38,25.489473684210527,0.2105263157894736,77.38,18.096,2.62,2.7200000000000006,0.0339575530586766,0.131578947368421,1,Q2,High,2025-02,2025-12,1,0,Mid-Inactive,0,0,0,0.4428418803418803,4
40,Other,2,2,0,Organic,medium,Credit Card,iOS,12,128.45,26.504166666666663,0.2083333333333333,49.59,17.1325,4.734999999999999,6.199999999999999,0.1111310270657823,0.0833333333333333,0,Q3,Mid-Low,2024-01,2025-12,0,0,Recent,0,0,1,0.4647435897435897,4
49,Male,3,29,0,Referral,medium,Digital Wallet,Web,3,98.55,22.811764705882357,0.1176470588235294,9.55,12.28,2.729999999999998,6.18,0.3928798474253019,0.0294117647058823,0,Q2,Low,2023-08,2025-12,1,0,Inactive,0,0,0,0.47435897435897434,2
30,Male,0,5,0,Ads,medium,Cash,iOS,8,109.82,25.10833333333333,0.1388888888888889,37.49,12.6,0.1033333333333329,4.05,0.0974963890226287,0.0833333333333333,0,Q2,Mid-Low,2025-09,2025-12,0,0,Recent,0,0,1,0.3023504273504274,2
24,Female,1,1,0,Referral,medium,Cash,Android,2,69.95,23.565384615384616,0.1538461538461538,23.630000000000003,17.14,5.324999999999999,2.390000000000001,0.0918524212144504,0.0769230769230769,0,Q1,Mid-Low,2024-10,2025-11,0,0,Recent,0,0,1,0.42628205128205127,2
50,Male,3,12,0,Referral,medium,Credit Card,Web,7,109.44,25.92093023255814,0.1627906976744186,28.24,13.513333333333334,4.1,0.8500000000000001,0.0292196631144723,0.0697674418604651,0,Q2,Mid-Low,2024-06,2025-11,0,0,Mid-Recent,0,0,1,0.5128205128205128,2
55,Female,6,4,0,Ads,low,Debit Card,iOS,7,160.52,24.940983606557374,0.180327868852459,115.12,15.28,2.488888888888889,0.6399999999999997,0.0055286800276433,0.1475409836065573,1,Q3,High,2023-06,2025-11,0,0,Recent,0,0,1,0.5966880341880342,4
60,Other,3,2,0,Partnership,low,Cash,Web,3,119.15,24.941463414634143,0.2195121951219512,33.96,23.0,6.0200000000000005,2.28,0.0629139072847681,0.048780487804878,0,Q2,Low,2023-11,2025-11,0,0,Recent,0,0,1,0.49038461538461536,2
35,Female,3,3,0,Organic,medium,Cash,iOS,4,205.96,23.87333333333333,0.1333333333333333,37.68,15.253333333333332,2.693333333333333,0.0,0.0,0.05,0,Q4,Low,2024-10,2025-12,0,0,Recent,1,0,1,0.5507478632478633,1
44,Other,1,15,0,Organic,medium,Debit Card,iOS,2,206.69,22.603389830508476,0.1694915254237288,20.93,7.323333333333333,0.3466666666666665,0.8399999999999999,0.0385852090032154,0.0508474576271186,0,Q4,Low,2024-12,2025-12,0,0,Mid-Inactive,1,0,0,0.5395299145299145,1
57,Other,5,1,0,Organic,medium,Debit Card,Web,5,143.04999999999998,24.16744186046512,0.1162790697674418,35.57,16.333333333333332,4.476666666666666,7.17,0.1677585400093589,0.0697674418604651,0,Q3,Mid-Low,2023-12,2025-12,0,0,Recent,0,0,1,0.3044871794871795,2
50,Other,2,0,0,Referral,medium,Digital Wallet,Web,7,209.3,26.38059701492537,0.1641791044776119,65.24,17.492,4.444,0.5799999999999983,0.0088119112731692,0.0746268656716417,0,Q4,Mid-Low,2023-03,2025-11,0,0,Recent,1,0,1,0.5042735042735043,1
55,Other,6,37,0,Organic,low,Cash,iOS,5,122.1,24.971428571428568,0.1428571428571428,73.31,19.5,7.281666666666666,5.449999999999999,0.0691975622143219,0.1224489795918367,1,Q3,High,2023-12,2025-09,1,1,Inactive,0,0,0,0.5384615384615384,0
24,Male,3,4,1,Ads,medium,Credit Card,Web,11,96.83,26.032558139534885,0.1627906976744186,60.35,10.636666666666668,0.5783333333333336,0.3700000000000001,0.0060935441370224,0.1395348837209302,1,Q2,High,2025-06,2025-12,0,0,Recent,0,0,1,0.4572649572649572,4
30,Female,3,1,0,Organic,high,Digital Wallet,iOS,5,180.84,23.66818181818182,0.1590909090909091,58.760000000000005,15.6225,0.9325,0.0,0.0,0.0909090909090909,1,Q4,Mid-High,2023-02,2025-11,0,0,Recent,1,0,1,0.4407051282051282,1
62,Female,0,46,0,Referral,high,Digital Wallet,Android,6,223.45,28.29259259259259,0.1111111111111111,24.090000000000003,10.756666666666666,2.726666666666666,3.1900000000000013,0.1169354838709677,0.0555555555555555,0,Q4,Low,2024-01,2025-12,1,1,Inactive,1,1,0,0.5806623931623931,3
57,Other,9,1,0,Partnership,high,Debit Card,Web,7,198.0,25.503636363636364,0.0909090909090909,42.370000000000005,14.7475,4.154999999999999,0.6900000000000004,0.0160241523455643,0.0727272727272727,0,Q4,Mid-Low,2023-04,2025-12,0,0,Recent,1,0,1,0.5710470085470085,1
62,Other,4,129,0,Partnership,medium,Cash,Android,9,170.46,24.01578947368421,0.1929824561403508,49.16,13.11,3.278,0.0,0.0,0.087719298245614,1,Q4,Mid-High,2024-09,2025-12,1,1,Inactive,1,1,0,0.5448717948717948,3
53,Male,1,9,0,Organic,medium,Debit Card,Web,3,106.01,25.13142857142857,0.2,29.14,13.306666666666668,3.5933333333333333,1.36,0.0445901639344262,0.0857142857142857,0,Q2,Mid-Low,2023-07,2025-10,0,0,Mid-Recent,0,0,1,0.5341880341880342,2
32,Other,3,23,0,Ads,low,Debit Card,Android,4,73.39,22.496774193548383,0.0967741935483871,6.7,11.75,5.05,0.0,0.0,0.032258064516129,0,Q1,Low,2024-06,2025-12,1,0,Mid-Inactive,0,0,0,0.4198717948717948,2
29,Other,0,23,0,Ads,low,Debit Card,Web,0,35.03,20.0,0.3333333333333333,32.400000000000006,18.39333333333333,7.593333333333334,0.0199999999999995,0.000616903146206,0.25,1,Q1,High,2024-04,2025-09,1,0,Mid-Inactive,0,0,0,0.49145299145299143,4
25,Female,4,1,0,Partnership,medium,Digital Wallet,Web,5,123.87,25.152631578947368,0.1842105263157894,17.18,6.82,1.093333333333333,4.02,0.1896226415094339,0.0789473684210526,0,Q3,Mid-Low,2024-07,2025-12,0,0,Recent,0,0,1,0.4567307692307692,2
26,Male,7,30,0,Referral,medium,Digital Wallet,Android,6,135.79,24.446,0.08,27.14,18.5,4.93,0.0,0.0,0.04,0,Q3,Low,2024-04,2025-12,1,1,Inactive,0,0,0,0.5010683760683761,0
20,Male,4,29,0,Referral,medium,Digital Wallet,Android,4,167.14,22.569230769230767,0.0576923076923076,28.73,18.12,3.755,0.0,0.0,0.0384615384615384,0,Q4,Low,2024-06,2025-12,1,0,Inactive,1,1,0,0.40544871794871795,3
53,Female,4,30,1,Organic,medium,Debit Card,iOS,3,71.17,24.04583333333333,0.125,36.47,16.083333333333332,3.926666666666667,3.01,0.076241134751773,0.125,1,Q1,High,2024-07,2025-10,1,1,Inactive,0,0,0,0.2996794871794872,0
22,Other,8,19,0,Partnership,medium,Cash,iOS,9,139.88,25.53673469387755,0.2244897959183673,42.99,11.796,3.1979999999999995,1.4299999999999995,0.0321927059882935,0.1020408163265306,1,Q3,Mid-High,2025-07,2025-12,0,0,Mid-Inactive,0,0,0,0.4967948717948718,4
32,Male,4,27,0,Organic,medium,Digital Wallet,Android,13,140.57999999999998,23.44,0.1454545454545454,58.78,14.26,4.463333333333334,0.4100000000000001,0.0069268457509714,0.109090909090909,1,Q3,Mid-High,2024-10,2025-12,1,0,Mid-Inactive,0,0,0,0.6266025641025641,4
66,Other,0,12,0,Referral,medium,Credit Card,Web,3,80.55,24.69677419354839,0.1935483870967742,25.96,18.89,5.91,2.22,0.0787792760823278,0.064516129032258,0,Q1,Mid-Low,2024-01,2025-11,0,0,Mid-Recent,0,0,1,0.3573717948717948,2
46,Male,1,1,0,Referral,medium,Digital Wallet,Android,10,76.51,24.275,0.125,32.71,13.563333333333333,2.66,4.19,0.113550135501355,0.09375,1,Q1,Mid-High,2024-11,2025-12,0,0,Recent,0,0,1,0.24358974358974358,4
42,Female,8,6,0,Referral,high,Digital Wallet,Web,8,243.92,24.3031746031746,0.1746031746031746,66.75,13.153333333333334,2.0283333333333333,2.06,0.0299375090829821,0.0952380952380952,1,Q4,Mid-High,2024-06,2025-12,0,0,Recent,1,0,1,0.4038461538461539,1
46,Female,8,22,0,Organic,medium,Debit Card,Android,6,115.34,23.55813953488372,0.1860465116279069,50.37,16.0,-0.7899999999999997,3.02,0.0565648997939689,0.0697674418604651,0,Q2,Mid-Low,2025-10,2025-12,1,0,Mid-Inactive,0,0,0,0.28365384615384615,0
23,Male,1,19,0,Referral,medium,Credit Card,iOS,9,97.29,24.389473684210525,0.0789473684210526,13.1,21.0,7.9,5.73,0.3043016463090812,0.0263157894736842,0,Q2,Low,2023-05,2025-12,0,0,Mid-Inactive,0,0,0,0.5331196581196581,2
61,Female,4,33,0,Ads,medium,Cash,Web,5,95.1,24.709090909090907,0.0909090909090909,0.0,0.0,0.0,0.0,0.0,0.0,0,Q2,Low,2024-12,2025-12,1,1,Inactive,0,0,0,0.20619658119658119,0
65,Other,3,12,0,Referral,high,Cash,Web,5,274.7,24.516949152542374,0.135593220338983,62.77,16.295,0.6025000000000003,0.0600000000000005,0.0009549578226961,0.0677966101694915,0,Q4,Mid-Low,2023-06,2025-12,0,0,Mid-Recent,1,0,1,0.5950854700854701,1
20,Male,0,46,0,Referral,medium,Debit Card,Android,6,100.71,26.714285714285715,0.2857142857142857,77.9,11.72375,1.98625,0.0,0.0,0.2285714285714285,1,Q2,High,2024-04,2025-11,1,1,Inactive,0,0,0,0.3258547008547008,0
22,Other,2,50,0,Organic,medium,Cash,Android,6,84.38,22.05454545454545,0.1212121212121212,28.11,11.333333333333334,1.963333333333333,3.380000000000001,0.1073356621149571,0.0909090909090909,1,Q1,Mid-High,2023-09,2025-12,1,1,Inactive,0,0,0,0.5395299145299146,0
58,Female,4,122,1,Organic,low,Credit Card,Android,4,80.71000000000001,27.852941176470587,0.088235294117647,0.0,0.0,0.0,0.0,0.0,0.0,0,Q1,Low,2023-04,2025-10,1,1,Inactive,0,0,0,0.43963675213675213,0
52,Male,0,2,0,Referral,high,Credit Card,Android,4,287.11,25.432258064516127,0.1129032258064516,42.35,16.666666666666668,2.55,3.93,0.0849178910976663,0.0483870967741935,0,Q4,Low,2024-03,2025-11,0,0,Recent,1,0,1,0.4967948717948718,1
24,Female,2,36,1,Referral,medium,Digital Wallet,Android,1,48.19,20.24117647058824,0.1176470588235294,0.0,0.0,0.0,0.0,0.0,0.0,0,Q1,Low,2024-05,2025-08,1,1,Inactive,0,0,0,0.4572649572649572,0
43,Other,0,9,0,Partnership,low,Debit Card,Web,7,62.25,25.784615384615385,0.0769230769230769,0.0,0.0,0.0,0.0,0.0,0.0,0,Q1,Low,2025-07,2025-12,0,0,Mid-Recent,0,0,1,0.40544871794871795,2
26,Other,2,23,0,Organic,medium,Debit Card,Android,6,136.3,25.813953488372093,0.0930232558139534,67.54,18.1875,1.302499999999999,3.539999999999999,0.0498030388294878,0.0930232558139534,1,Q3,Mid-High,2024-03,2025-12,1,0,Mid-Inactive,0,0,0,0.29059829059829057,4
18,Other,7,0,0,Referral,medium,Credit Card,iOS,5,142.0,22.797959183673463,0.1632653061224489,44.49,11.792,2.8939999999999992,0.8199999999999985,0.0180975502096667,0.1020408163265306,1,Q3,Mid-High,2024-06,2025-12,0,0,Recent,0,0,1,0.4898504273504274,4
56,Female,5,21,0,Organic,medium,Debit Card,Web,7,126.83,24.73260869565217,0.0652173913043478,16.77,9.38,0.9949999999999996,0.9800000000000004,0.0552112676056338,0.0434782608695652,0,Q3,Low,2024-11,2025-12,1,0,Mid-Inactive,0,0,0,0.39369658119658124,2
31,Female,6,12,0,Ads,medium,Debit Card,iOS,6,128.66,24.33953488372093,0.1627906976744186,56.53,14.38,0.2475000000000005,4.93,0.0802147738366417,0.0930232558139534,1,Q3,Mid-High,2025-04,2025-12,0,0,Mid-Recent,0,0,1,0.5405982905982906,4
34,Male,1,19,1,Ads,medium,Credit Card,Web,5,86.94,28.303030303030305,0.1818181818181818,7.19,14.0,6.81,0.33,0.0438829787234042,0.0303030303030303,0,Q1,Low,2023-06,2025-11,0,0,Mid-Inactive,0,0,0,0.4284188034188034,2
59,Other,1,119,1,Organic,low,Credit Card,Android,6,103.58,21.195238095238096,0.0952380952380952,6.32,9.92,3.6,2.86,0.3115468409586057,0.0238095238095238,0,Q2,Low,2023-10,2025-12,1,1,Inactive,0,0,0,0.4321581196581197,0
30,Other,2,27,0,Organic,high,Digital Wallet,iOS,3,75.92,23.41,0.35,3.09,3.46,0.3700000000000001,5.739999999999999,0.6500566251415629,0.05,0,Q1,Low,2023-12,2025-12,1,0,Mid-Inactive,0,0,0,0.3589743589743589,2
24,Female,7,10,0,Ads,medium,Digital Wallet,Android,10,233.85,26.08243243243243,0.1081081081081081,78.97,12.36,1.0785714285714287,3.4400000000000004,0.0417425069773085,0.0945945945945946,1,Q4,Mid-High,2023-03,2025-12,0,0,Mid-Recent,1,0,1,0.5758547008547008,1
39,Other,2,25,0,Ads,low,Digital Wallet,Android,4,79.25,25.515625,0.15625,33.89,9.27,0.7974999999999998,1.4000000000000004,0.0396712949844148,0.125,1,Q1,High,2025-01,2025-12,1,0,Mid-Inactive,0,0,0,0.5699786324786325,4
28,Male,2,20,0,Ads,low,Debit Card,Web,3,69.34,23.848275862068967,0.1379310344827586,25.64,15.5,2.68,0.2300000000000004,0.0088906068805566,0.0689655172413793,0,Q1,Mid-Low,2024-07,2025-12,1,0,Mid-Inactive,0,0,0,0.2793803418803419,0
35,Female,2,24,0,Organic,low,Cash,Android,3,84.5,26.346875,0.0625,2.08,3.18,1.1,1.7199999999999998,0.4526315789473684,0.03125,0,Q1,Low,2023-12,2025-12,1,0,Mid-Inactive,0,0,0,0.5560897435897435,2
40,Female,7,35,0,Referral,low,Debit Card,Web,1,161.47,26.98363636363636,0.1818181818181818,47.21,20.41333333333333,4.676666666666667,7.07,0.1302505526897568,0.0545454545454545,0,Q3,Low,2025-05,2025-12,1,1,Inactive,0,0,0,0.6196581196581197,0
23,Female,4,11,0,Ads,medium,Digital Wallet,Web,9,114.3,24.295121951219517,0.1219512195121951,31.79,13.323333333333332,2.7266666666666666,0.0,0.0,0.073170731707317,0,Q2,Mid-Low,2023-01,2025-07,0,0,Mid-Recent,0,0,1,0.3862179487179487,2
64,Male,6,19,0,Referral,high,Cash,Web,7,243.9,24.791803278688523,0.180327868852459,59.91,12.9,2.914999999999999,3.3999999999999986,0.0537039962091296,0.0983606557377049,1,Q4,Mid-High,2025-11,2025-12,0,0,Mid-Inactive,1,0,0,0.31196581196581197,1
20,Other,0,12,0,Partnership,medium,Debit Card,Android,3,163.91,28.020454545454548,0.1818181818181818,52.16,20.13,7.09,1.2300000000000004,0.0230380221015171,0.0909090909090909,1,Q3,Mid-High,2024-12,2025-12,0,0,Mid-Recent,0,0,1,0.4893162393162393,4
32,Other,3,47,0,Ads,low,Cash,Web,5,63.0,27.352,0.2,10.48,6.88,1.64,1.3499999999999996,0.114116652578191,0.08,0,Q1,Mid-Low,2024-08,2025-11,1,1,Inactive,0,0,0,0.3872863247863248,0
23,Female,2,35,0,Referral,medium,Debit Card,Web,8,97.04,24.871794871794872,0.1794871794871795,70.99,14.904,0.7060000000000001,2.4499999999999997,0.0333605664488017,0.1282051282051282,1,Q2,High,2023-03,2025-11,1,1,Inactive,0,0,0,0.46794871794871795,0
66,Other,7,13,0,Partnership,medium,Debit Card,iOS,3,192.37,23.602,0.12,38.74,14.253333333333332,1.3400000000000003,3.8000000000000007,0.0893276915843911,0.06,0,Q4,Mid-Low,2023-12,2025-11,0,0,Mid-Recent,1,0,1,0.4871794871794871,1
54,Other,2,1,1,Partnership,medium,Digital Wallet,iOS,5,113.93,23.67317073170732,0.1463414634146341,77.86,18.67333333333333,5.696666666666666,4.44,0.0539489671931956,0.1463414634146341,1,Q2,High,2025-08,2025-12,0,0,Recent,0,0,1,0.2612179487179487,4
66,Female,0,5,0,Referral,medium,Digital Wallet,Android,4,149.69,27.063636363636363,0.0681818181818181,0.0,0.0,0.0,0.0,0.0,0.0,0,Q3,Low,2023-12,2025-12,0,0,Recent,0,0,1,0.3920940170940171,2
20,Other,1,2,0,Organic,medium,Cash,Android,5,128.47,27.572222222222223,0.2222222222222222,17.990000000000002,13.5,4.505,1.0199999999999996,0.05365597054182,0.0555555555555555,0,Q3,Low,2025-06,2025-12,0,0,Recent,0,0,1,0.3023504273504274,2
20,Male,1,35,0,Referral,low,Digital Wallet,Web,4,105.49,25.427027027027027,0.081081081081081,26.040000000000003,12.59,-0.4300000000000006,0.0,0.0,0.054054054054054,0,Q2,Low,2024-04,2025-11,1,1,Inactive,0,0,0,0.5427350427350427,0
55,Other,2,3,0,Partnership,medium,Cash,Android,2,137.07,23.60625,0.0833333333333333,44.89,19.746666666666663,4.783333333333334,0.06,0.0013348164627363,0.0625,0,Q3,Mid-Low,2025-03,2025-12,0,0,Recent,0,0,1,0.2980769230769231,2
59,Male,1,36,0,Partnership,medium,Debit Card,Web,3,80.14,28.575,0.25,42.99,10.544,1.9459999999999995,0.6699999999999999,0.0153458543289051,0.1785714285714285,1,Q1,High,2024-01,2025-10,1,1,Inactive,0,0,0,0.44871794871794873,0
40,Female,5,3,0,Partnership,low,Credit Card,Web,5,109.27,29.115,0.125,46.66,15.840000000000002,0.2866666666666664,4.69,0.0913339824732229,0.075,0,Q2,Mid-Low,2024-12,2025-12,0,0,Recent,0,0,1,0.4027777777777778,2
46,Male,6,3,0,Referral,medium,Digital Wallet,iOS,7,179.92,24.638181818181817,0.109090909090909,40.33,16.76,3.316666666666667,1.38,0.0330855909853752,0.0545454545454545,0,Q4,Low,2025-07,2025-12,0,0,Recent,1,0,1,0.5224358974358974,1
29,Male,0,21,0,Referral,medium,Debit Card,Android,2,68.88,28.98095238095238,0.0952380952380952,19.21,14.73,5.125000000000001,7.029999999999999,0.2679115853658537,0.0952380952380952,1,Q1,Mid-High,2024-02,2025-12,1,0,Mid-Inactive,0,0,0,0.16185897435897434,0
64,Male,2,38,0,Partnership,medium,Cash,iOS,9,102.55,23.1175,0.175,31.63,10.28,2.3725,0.4299999999999997,0.0134123518402994,0.1,1,Q2,Mid-High,2025-02,2025-12,1,1,Inactive,0,0,0,0.42361111111111105,0
28,Other,2,28,0,Referral,medium,Debit Card,iOS,4,70.45,20.041666666666668,0.0833333333333333,3.08,3.46,0.3799999999999999,1.1500000000000004,0.2718676122931442,0.0416666666666666,0,Q1,Low,2024-11,2025-11,1,0,Inactive,0,0,0,0.3830128205128205,2
54,Other,2,16,1,Ads,medium,Credit Card,Web,10,166.03,24.590566037735847,0.0943396226415094,35.15,15.093333333333334,3.3766666666666665,0.0,0.0,0.0566037735849056,0,Q3,Low,2024-02,2025-12,0,0,Mid-Inactive,1,0,0,0.4652777777777778,1
21,Male,6,10,0,Ads,medium,Cash,Web,5,181.21,24.59423076923077,0.1923076923076923,121.43,18.3125,3.13375,3.5700000000000003,0.02856,0.1538461538461538,1,Q4,High,2023-10,2025-12,0,0,Mid-Recent,1,0,1,0.5026709401709402,1
58,Male,3,40,1,Referral,medium,Debit Card,Android,2,102.72,24.33125,0.34375,21.7,8.979999999999999,1.7466666666666668,1.34,0.0581597222222222,0.09375,1,Q2,Mid-High,2023-12,2025-11,1,1,Inactive,0,0,0,0.5144230769230769,0
48,Female,3,8,0,Ads,medium,Cash,Web,10,119.4,22.76530612244898,0.1836734693877551,25.74,9.406666666666666,0.8266666666666671,4.18,0.1397058823529411,0.0612244897959183,0,Q2,Mid-Low,2023-05,2025-11,0,0,Mid-Recent,0,0,1,0.4273504273504274,2
68,Other,6,4,0,Organic,medium,Debit Card,Web,4,151.86,23.36279069767442,0.1860465116279069,30.3,11.893333333333333,1.7933333333333332,3.27,0.097408400357462,0.0697674418604651,0,Q3,Mid-Low,2025-06,2025-12,0,0,Recent,0,0,1,0.5822649572649573,2
47,Other,3,22,0,Ads,medium,Cash,Android,7,106.07,22.84210526315789,0.131578947368421,54.7,14.33,0.6549999999999996,3.85,0.0657557643040136,0.1052631578947368,1,Q2,Mid-High,2023-07,2025-12,1,0,Mid-Inactive,0,0,0,0.5539529914529914,4
24,Male,1,18,0,Partnership,medium,Debit Card,Web,7,238.89,26.734328358208955,0.1940298507462686,101.05,18.37333333333333,1.5316666666666665,0.1800000000000001,0.0017781290131383,0.0895522388059701,1,Q4,Mid-High,2023-11,2025-12,0,0,Mid-Inactive,1,0,0,0.3792735042735043,1
29,Female,1,4,0,Referral,high,Credit Card,Android,6,124.13,21.934285714285718,0.2,58.07,17.62,3.1025,1.3699999999999992,0.0230484522207267,0.1142857142857142,1,Q3,Mid-High,2023-12,2025-11,0,0,Recent,0,0,1,0.5064102564102564,4
56,Other,1,35,0,Partnership,medium,Cash,Android,3,90.45,26.687096774193552,0.1935483870967742,64.22999999999999,16.656,3.81,1.16,0.0177397155528368,0.1612903225806451,1,Q2,High,2024-10,2025-12,1,1,Inactive,0,0,0,0.4754273504273504,0
62,Other,5,41,0,Ads,high,Cash,Android,7,260.06,26.71379310344828,0.2241379310344827,108.63,14.683333333333334,2.6133333333333337,0.0,0.0,0.1551724137931034,1,Q4,High,2024-11,2025-12,1,1,Inactive,1,1,0,0.3685897435897436,3
55,Other,1,45,0,Partnership,medium,Debit Card,Android,7,79.95,27.27142857142857,0.1785714285714285,39.83,22.0,2.084999999999999,7.43,0.1572154041472704,0.0714285714285714,0,Q1,Mid-Low,2024-11,2025-12,1,1,Inactive,0,0,0,0.21955128205128205,0
67,Male,0,44,0,Organic,low,Cash,Android,4,119.47,24.822222222222223,0.2666666666666666,51.41,11.244,0.9620000000000004,1.6000000000000014,0.0301829843425769,0.1111111111111111,1,Q2,Mid-High,2023-12,2025-11,1,1,Inactive,0,0,0,0.3408119658119658,0
18,Other,2,9,0,Referral,medium,Credit Card,Android,2,141.36,24.49473684210526,0.131578947368421,7.93,12.28,4.35,2.219999999999999,0.21871921182266,0.0263157894736842,0,Q3,Low,2025-10,2025-12,0,0,Mid-Recent,0,0,1,0.3108974358974359,2
62,Female,7,0,0,Organic,medium,Credit Card,iOS,1,186.71,23.49056603773585,0.1698113207547169,70.43,13.423333333333332,1.6849999999999996,1.8699999999999992,0.0258644536652835,0.1132075471698113,1,Q4,Mid-High,2024-02,2025-11,0,0,Recent,1,0,1,0.2986111111111111,1
59,Other,3,13,0,Organic,low,Cash,Web,2,112.2,25.71951219512195,0.1951219512195122,41.92,12.046,3.662,3.92,0.0855148342059336,0.1219512195121951,1,Q2,High,2025-01,2025-12,0,0,Mid-Recent,0,0,1,0.6153846153846154,4
57,Female,3,12,1,Ads,medium,Cash,Web,4,102.35,25.25897435897436,0.1794871794871795,54.91,15.5,1.7725000000000002,1.0,0.0178858880343409,0.1025641025641025,1,Q2,Mid-High,2023-05,2025-11,0,0,Mid-Recent,0,0,1,0.46794871794871795,4
48,Male,4,4,0,Partnership,medium,Digital Wallet,Android,6,74.67,24.99259259259259,0.1481481481481481,28.06,14.38,0.3500000000000001,4.02,0.1253117206982543,0.074074074074074,0,Q1,Mid-Low,2024-10,2025-12,0,0,Recent,0,0,1,0.47916666666666663,2
40,Other,3,15,1,Ads,medium,Credit Card,Web,8,127.29,24.76304347826087,0.1521739130434782,68.39,13.628333333333332,2.23,0.8000000000000003,0.0115623645035409,0.1304347826086956,1,Q3,High,2025-09,2025-12,0,0,Mid-Inactive,0,0,0,0.5117521367521367,4
46,Other,0,0,0,Referral,medium,Debit Card,Web,7,188.47,25.28148148148148,0.1296296296296296,31.020000000000003,13.83,3.49,1.2999999999999998,0.0402227722772277,0.0555555555555555,0,Q4,Low,2024-09,2025-12,0,0,Recent,1,0,1,0.5876068376068376,1
68,Female,11,3,0,Ads,low,Cash,Web,11,231.63,26.370731707317077,0.2073170731707317,60.23,10.795714285714284,2.1914285714285717,0.9500000000000002,0.015527950310559,0.0853658536585365,0,Q4,Mid-Low,2023-03,2025-12,0,0,Recent,1,0,1,0.6239316239316239,1
23,Male,4,7,0,Partnership,high,Credit Card,iOS,8,148.73,20.36888888888889,0.1555555555555555,27.53,12.586666666666666,3.41,0.9200000000000016,0.0323374340949033,0.0666666666666666,0,Q3,Mid-Low,2025-03,2025-12,0,0,Recent,0,0,1,0.41025641025641024,2
32,Female,7,10,0,Referral,medium,Cash,Android,11,120.72,25.51304347826087,0.0652173913043478,13.62,8.254999999999999,1.4449999999999998,13.58,0.4992647058823529,0.0434782608695652,0,Q2,Low,2024-10,2025-11,0,0,Mid-Recent,0,0,1,0.5950854700854701,2
59,Other,3,18,0,Referral,medium,Debit Card,Web,3,72.26,27.488000000000003,0.12,26.66,12.486666666666666,3.6,3.06,0.1029609690444145,0.12,1,Q1,High,2024-09,2025-12,0,0,Mid-Inactive,0,0,0,0.2831196581196581,4
46,Male,0,0,0,Organic,low,Debit Card,iOS,2,132.67,25.832608695652173,0.0652173913043478,22.07,12.76,1.7249999999999996,2.85,0.1143659711075441,0.0434782608695652,0,Q3,Low,2025-08,2025-12,0,0,Recent,0,0,1,0.5186965811965811,2
50,Other,1,0,0,Ads,medium,Credit Card,Android,2,75.44,24.836,0.2,52.19,13.216,2.778,1.1999999999999993,0.0224761191234313,0.2,1,Q1,High,2025-10,2025-12,0,0,Recent,0,0,1,0.1858974358974359,4
59,Male,7,6,0,Referral,medium,Digital Wallet,Android,4,197.13,23.73508771929825,0.175438596491228,29.69,16.773333333333333,6.876666666666666,4.16,0.1228951255539143,0.0526315789473684,0,Q4,Low,2025-05,2025-12,0,0,Recent,1,0,1,0.6212606837606838,1
60,Female,9,47,0,Ads,medium,Credit Card,Web,6,143.59,22.59038461538461,0.1538461538461538,29.380000000000003,12.666666666666666,2.8733333333333326,1.42,0.0461038961038961,0.0576923076923076,0,Q3,Mid-Low,2024-07,2025-12,1,1,Inactive,0,0,0,0.4471153846153846,0
23,Other,2,72,0,Organic,high,Digital Wallet,Android,5,211.44,21.663829787234043,0.1702127659574468,10.71,4.89,1.32,0.3899999999999997,0.0351351351351351,0.0638297872340425,0,Q4,Mid-Low,2023-11,2025-12,1,1,Inactive,1,1,0,0.5854700854700854,3
56,Male,8,8,0,Partnership,medium,Credit Card,Android,6,191.35,26.25423728813559,0.1186440677966101,41.83,10.948,2.582,0.2799999999999993,0.0066492519591545,0.0847457627118644,0,Q4,Mid-Low,2024-01,2025-12,0,0,Mid-Recent,1,0,1,0.5325854700854701,1
44,Other,4,6,0,Referral,medium,Digital Wallet,Android,7,226.45,26.19253731343284,0.1641791044776119,46.33,17.445,5.8625,0.7799999999999994,0.0165569942687327,0.0597014925373134,0,Q4,Mid-Low,2024-01,2025-12,0,0,Recent,1,0,1,0.37232905982905984,1
50,Female,0,2,0,Partnership,high,Cash,Web,9,276.99,24.743076923076924,0.2153846153846154,142.17,14.867272727272727,1.9427272727272729,5.6,0.0378967314069161,0.1692307692307692,1,Q4,High,2025-03,2025-12,0,0,Recent,1,0,1,0.37767094017094016,1
67,Male,0,75,0,Partnership,low,Cash,Web,5,86.97,21.345714285714287,0.2285714285714285,127.3,19.815,3.9025,6.079999999999999,0.0455840455840455,0.2285714285714285,1,Q1,High,2023-12,2025-11,1,1,Inactive,0,0,0,0.5064102564102564,0
48,Male,5,30,0,Referral,high,Cash,Web,5,210.87,24.01960784313725,0.2156862745098039,45.41,11.56,2.478,1.7300000000000002,0.0366991938905388,0.0980392156862745,1,Q4,Mid-High,2025-01,2025-12,1,1,Inactive,1,1,0,0.5747863247863247,3
61,Other,3,37,0,Organic,medium,Cash,Android,2,89.71,28.120833333333334,0.0833333333333333,32.62,19.12,2.8100000000000005,3.66,0.1008820286659316,0.0833333333333333,0,Q1,Mid-Low,2025-04,2025-12,1,1,Inactive,0,0,0,0.17467948717948717,0
52,Male,1,47,1,Ads,medium,Digital Wallet,iOS,4,56.98,26.578260869565216,0.0869565217391304,13.98,22.0,8.02,0.0,0.0,0.0434782608695652,0,Q1,Low,2023-03,2025-11,1,1,Inactive,0,0,0,0.38568376068376065,0
61,Other,2,25,0,Referral,low,Debit Card,Android,5,136.78,28.25087719298245,0.1228070175438596,72.28,13.90857142857143,3.5828571428571427,4.199999999999999,0.0549163179916317,0.1228070175438596,1,Q3,High,2025-10,2025-12,1,0,Mid-Inactive,0,0,0,0.280982905982906,4
40,Male,2,39,0,Ads,medium,Debit Card,Android,3,111.85,24.99142857142857,0.1142857142857142,4.84,6.76,1.92,0.0,0.0,0.0285714285714285,0,Q2,Low,2024-05,2025-12,1,1,Inactive,0,0,0,0.45779914529914534,0
33,Other,2,7,0,Organic,medium,Debit Card,iOS,2,123.84,25.753125,0.09375,22.130000000000003,19.0,7.935,6.83,0.235842541436464,0.0625,0,Q3,Mid-Low,2023-06,2025-11,0,0,Recent,0,0,1,0.4033119658119658,2
33,Other,0,2,1,Ads,medium,Credit Card,iOS,0,104.4,22.4,0.1111111111111111,29.46,13.333333333333334,3.513333333333333,6.76,0.1866372170071783,0.1111111111111111,1,Q2,Mid-High,2023-12,2025-12,0,0,Recent,0,0,1,0.1736111111111111,4
61,Other,5,29,1,Referral,high,Credit Card,Android,8,380.35,25.69425287356322,0.2183908045977011,131.42,14.605454545454544,2.658181818181818,6.829999999999998,0.0494032549728752,0.1264367816091954,1,Q4,High,2023-07,2025-12,1,0,Inactive,1,1,0,0.47863247863247865,3
57,Female,5,50,0,Organic,medium,Cash,iOS,8,124.56,26.73777777777778,0.1777777777777777,49.83,18.33333333333333,1.7233333333333334,0.0099999999999997,0.0002006420545746,0.0666666666666666,0,Q3,Mid-Low,2023-01,2025-11,1,1,Inactive,0,0,0,0.5977564102564102,0
35,Female,0,38,0,Ads,medium,Credit Card,Web,8,111.95,25.05333333333333,0.1111111111111111,70.99000000000001,20.31,2.562499999999999,3.47,0.0466022025248455,0.0888888888888888,1,Q2,Mid-High,2023-08,2025-12,1,1,Inactive,0,0,0,0.48664529914529914,0
48,Other,0,86,0,Organic,low,Cash,Web,4,70.28999999999999,30.56,0.16,19.8,9.026666666666666,2.4266666666666663,9.29,0.3193537298040563,0.12,1,Q1,High,2024-09,2025-12,1,1,Inactive,0,0,0,0.484508547008547,0
47,Male,7,29,0,Organic,medium,Credit Card,iOS,8,262.34,24.876543209876544,0.1111111111111111,66.91,13.248,-0.1339999999999996,0.0,0.0,0.0617283950617283,0,Q4,Mid-Low,2024-01,2025-12,1,0,Inactive,1,1,0,0.39743589743589747,3
42,Other,0,18,1,Organic,medium,Digital Wallet,Web,3,102.93,23.633333333333333,0.1212121212121212,13.2,11.16,4.56,0.0899999999999998,0.0067720090293453,0.0606060606060606,0,Q2,Mid-Low,2025-04,2025-12,0,0,Mid-Inactive,0,0,0,0.4631410256410256,2
29,Other,6,90,1,Ads,medium,Digital Wallet,Android,7,122.55,25.816666666666663,0.1666666666666666,40.64,12.86,2.7,5.06,0.1107221006564551,0.0952380952380952,1,Q3,Mid-High,2025-06,2025-12,1,1,Inactive,0,0,0,0.4738247863247863,0
39,Female,0,1,0,Partnership,medium,Cash,iOS,2,43.72,27.478571428571428,0.0714285714285714,7.4,12.28,4.879999999999999,4.630000000000001,0.3848711554447215,0.0714285714285714,0,Q1,Mid-Low,2024-10,2025-11,0,0,Recent,0,0,1,0.4444444444444444,2
62,Female,1,20,0,Partnership,low,Digital Wallet,Android,7,72.98,23.125,0.1785714285714285,44.55,15.19,4.0525,2.43,0.0517241379310344,0.1428571428571428,1,Q1,High,2024-07,2025-12,1,0,Mid-Inactive,0,0,0,0.23344017094017094,4
54,Male,7,14,0,Referral,medium,Digital Wallet,iOS,7,198.58,24.64354838709677,0.1774193548387097,92.44,14.975,3.42,1.4699999999999989,0.0156532850601639,0.1290322580645161,1,Q4,High,2023-03,2025-11,0,0,Mid-Recent,1,0,1,0.6009615384615384,1
45,Female,4,8,0,Ads,medium,Debit Card,Android,5,70.21,25.789285714285715,0.0714285714285714,26.06,12.66,-0.3699999999999999,2.0699999999999994,0.0735869178812655,0.0714285714285714,0,Q1,Mid-Low,2024-02,2025-11,0,0,Mid-Recent,0,0,1,0.40010683760683763,2
29,Female,4,5,0,Ads,high,Digital Wallet,Android,4,126.55,25.17241379310345,0.1034482758620689,2.06,3.32,1.2599999999999998,5.210000000000001,0.7166437414030261,0.0344827586206896,0,Q3,Low,2024-05,2025-12,0,0,Recent,0,0,1,0.4391025641025641,2
34,Other,0,10,0,Partnership,medium,Credit Card,Web,1,19.52,28.58333333333333,0.1666666666666666,0.0,0.0,0.0,0.0,0.0,0.0,0,Q1,Low,2024-05,2025-12,0,0,Mid-Recent,0,0,1,0.438034188034188,2
21,Male,3,0,0,Partnership,medium,Credit Card,Android,3,150.69,26.257142857142856,0.1428571428571428,19.6,14.38,4.58,5.079999999999999,0.2058346839546191,0.0408163265306122,0,Q3,Low,2024-06,2025-11,0,0,Recent,0,0,1,0.6287393162393162,2
34,Female,1,23,0,Organic,medium,Digital Wallet,iOS,5,144.08,22.217021276595744,0.1702127659574468,78.64,14.96,1.8533333333333328,7.859999999999999,0.0908670520231213,0.1276595744680851,1,Q3,High,2023-02,2025-11,1,0,Mid-Inactive,0,0,0,0.4674145299145299,4
25,Female,2,2,1,Ads,low,Digital Wallet,Android,6,73.71,26.55,0.1470588235294117,19.48,22.0,2.52,0.0,0.0,0.0294117647058823,0,Q1,Low,2023-10,2025-12,0,0,Recent,0,0,1,0.5021367521367521,2
61,Other,5,1,0,Partnership,medium,Credit Card,Android,12,108.15,23.7,0.1818181818181818,50.93,13.368,3.182,5.91,0.1039760731878958,0.1136363636363636,1,Q2,Mid-High,2025-11,2025-12,0,0,Recent,0,0,1,0.23237179487179488,4
36,Female,7,20,0,Ads,medium,Digital Wallet,Android,8,117.26,22.54090909090909,0.1136363636363636,9.93,12.0,2.0700000000000003,5.169999999999999,0.3423841059602648,0.0227272727272727,0,Q2,Low,2023-12,2025-12,1,0,Mid-Inactive,0,0,0,0.530982905982906,2
54,Female,0,9,0,Referral,medium,Debit Card,Android,5,77.4,24.662068965517243,0.1379310344827586,19.99,15.12,5.125,1.2199999999999998,0.0575200377180575,0.0689655172413793,0,Q1,Mid-Low,2025-01,2025-12,0,0,Mid-Recent,0,0,1,0.5154914529914529,2
38,Female,2,4,0,Organic,medium,Cash,Android,5,123.61,24.202564102564104,0.2307692307692307,61.6,20.32,4.92,0.0,0.0,0.1025641025641025,1,Q3,Mid-High,2024-08,2025-12,0,0,Recent,0,0,1,0.5512820512820512,4
67,Female,0,11,0,Partnership,low,Debit Card,iOS,6,116.04,25.325,0.125,8.5,5.76,1.5099999999999996,4.06,0.3232484076433121,0.05,0,Q2,Low,2023-08,2025-12,0,0,Mid-Recent,0,0,1,0.2569444444444444,2
26,Other,2,28,0,Organic,high,Credit Card,iOS,5,105.41,23.456666666666667,0.2666666666666666,37.55,15.686666666666667,3.1699999999999995,2.469999999999999,0.061719140429785,0.1,1,Q2,Mid-High,2025-08,2025-12,1,0,Inactive,0,0,0,0.29059829059829057,4
43,Male,6,59,1,Referral,medium,Cash,Web,7,166.49,27.511764705882356,0.1764705882352941,100.91,14.5575,1.94375,0.2899999999999991,0.0028656126482213,0.1568627450980392,1,Q4,High,2023-07,2025-12,1,1,Inactive,1,1,0,0.3178418803418803,3
19,Female,4,16,0,Referral,high,Digital Wallet,Web,4,150.34,23.794117647058822,0.088235294117647,10.24,7.745,2.625,9.42,0.479145473041709,0.0588235294117647,0,Q3,Mid-Low,2025-03,2025-11,0,0,Mid-Inactive,0,0,0,0.22435897435897434,2
23,Other,7,38,1,Organic,medium,Debit Card,iOS,5,241.35,24.477464788732394,0.1971830985915492,120.36,14.406,2.37,4.09,0.0328646042587384,0.1408450704225352,1,Q4,High,2025-07,2025-12,1,1,Inactive,1,1,0,0.5283119658119658,3
46,Other,4,10,0,Ads,medium,Debit Card,iOS,8,159.36,25.756140350877192,0.1929824561403508,76.63,14.432857142857143,3.485714285714286,3.539999999999999,0.0441561681426967,0.1228070175438596,1,Q3,High,2024-09,2025-12,0,0,Mid-Recent,0,0,1,0.5101495726495726,4
60,Female,8,14,0,Partnership,high,Cash,Web,7,221.01,26.96842105263158,0.1578947368421052,50.41,13.046666666666669,4.6450000000000005,0.0,0.0,0.1052631578947368,1,Q4,Mid-High,2025-07,2025-12,0,0,Mid-Recent,1,0,1,0.3226495726495726,1
53,Female,0,6,0,Ads,medium,Cash,Web,1,55.23,24.77368421052632,0.3157894736842105,48.24,14.83,2.77,9.52,0.1648199445983379,0.2105263157894736,1,Q1,High,2024-01,2025-11,0,0,Recent,0,0,1,0.34775641025641024,4
45,Other,7,11,0,Organic,medium,Cash,Web,3,124.97,21.7225,0.1,27.5,11.323333333333332,2.1566666666666667,0.4399999999999995,0.0157480314960629,0.075,0,Q3,Mid-Low,2023-04,2025-12,0,0,Mid-Recent,0,0,1,0.45833333333333326,2
23,Female,8,11,0,Organic,medium,Cash,Android,10,195.4,25.604918032786884,0.1147540983606557,34.13,17.333333333333332,5.956666666666666,0.5,0.0144383482529598,0.0491803278688524,0,Q4,Low,2024-06,2025-12,0,0,Mid-Recent,1,0,1,0.6036324786324787,1
37,Male,8,0,0,Ads,medium,Digital Wallet,Android,5,184.71,23.08727272727273,0.1454545454545454,65.21,15.992,2.95,1.9700000000000009,0.0293242036320333,0.0909090909090909,1,Q4,Mid-High,2023-02,2025-12,0,0,Recent,1,0,1,0.5502136752136753,1
52,Male,4,4,0,Partnership,low,Digital Wallet,iOS,3,74.91,23.696551724137933,0.1379310344827586,21.34,10.773333333333332,3.66,2.0700000000000003,0.0884237505339598,0.1034482758620689,1,Q1,Mid-High,2024-06,2025-12,0,0,Recent,0,0,1,0.3696581196581197,4
36,Other,2,17,0,Referral,low,Digital Wallet,iOS,6,109.55,21.85238095238095,0.1666666666666666,56.44,12.951999999999998,1.664,3.75,0.062302708091045,0.119047619047619,1,Q2,High,2024-05,2025-12,0,0,Mid-Inactive,0,0,0,0.5710470085470085,4
53,Female,4,50,0,Ads,low,Debit Card,Web,4,101.72,28.1,0.1764705882352941,29.35,12.58,2.796666666666667,0.0,0.0,0.088235294117647,1,Q2,Mid-High,2025-03,2025-12,1,1,Inactive,0,0,0,0.453525641025641,0
42,Male,0,0,0,Referral,low,Cash,Web,2,70.75,25.429166666666664,0.0833333333333333,0.0,0.0,0.0,0.0,0.0,0.0,0,Q1,Low,2024-11,2025-10,0,0,Recent,0,0,1,0.18162393162393162,2
51,Other,0,39,0,Organic,medium,Digital Wallet,Android,3,136.8,19.435,0.225,45.84,13.69,2.23,7.51,0.1407685098406748,0.1,1,Q3,Mid-High,2025-10,2025-12,1,1,Inactive,0,0,0,0.3194444444444444,0
22,Male,1,44,0,Organic,medium,Credit Card,Web,4,111.3,23.57894736842105,0.2105263157894736,54.87,11.842,0.868,0.0,0.0,0.131578947368421,1,Q2,High,2023-12,2025-11,1,1,Inactive,0,0,0,0.42895299145299143,0
57,Female,0,19,0,Partnership,low,Debit Card,Android,1,44.72,29.825000000000003,0.25,31.92,21.14,5.180000000000001,1.08,0.0327272727272727,0.125,1,Q1,High,2024-12,2025-12,0,0,Mid-Inactive,0,0,0,0.5085470085470085,4
27,Male,3,0,0,Ads,high,Credit Card,Android,11,309.18,26.771052631578947,0.1447368421052631,65.65,12.107142857142858,2.728571428571428,3.77,0.0543071161048689,0.0921052631578947,1,Q4,Mid-High,2023-02,2025-12,0,0,Recent,1,0,1,0.4107905982905983,1
26,Other,2,27,1,Referral,medium,Debit Card,iOS,6,123.1,27.933333333333334,0.1904761904761904,72.92,12.09142857142857,1.6742857142857142,0.6600000000000001,0.0089698287578146,0.1666666666666666,1,Q3,High,2025-03,2025-12,1,0,Mid-Inactive,0,0,0,0.3488247863247863,4
18,Female,2,17,0,Organic,medium,Cash,Android,6,180.24,24.194339622641508,0.0566037735849056,12.13,7.869999999999999,1.8049999999999995,2.63,0.1781842818428184,0.0377358490566037,0,Q4,Low,2024-10,2025-12,0,0,Mid-Inactive,1,0,0,0.5625,2
41,Female,1,5,1,Organic,low,Credit Card,iOS,8,101.17,28.79285714285714,0.238095238095238,98.48,17.505714285714284,3.4371428571428564,0.0,0.0,0.1666666666666666,1,Q2,High,2023-03,2025-11,0,0,Recent,0,0,1,0.5432692307692307,4
35,Female,1,13,0,Partnership,high,Debit Card,iOS,8,246.55,25.45483870967742,0.1935483870967742,99.05,14.302,4.397,2.02,0.019986148214109,0.1612903225806451,1,Q4,High,2025-04,2025-12,0,0,Mid-Recent,1,0,1,0.3162393162393162,1
42,Male,0,11,0,Ads,medium,Cash,Android,0,13.37,22.68,0.2,0.0,0.0,0.0,0.0,0.0,0.0,0,Q1,Low,2025-03,2025-10,0,0,Mid-Recent,0,0,1,0.13514957264957264,2
65,Male,3,36,0,Partnership,medium,Credit Card,Web,5,139.8,25.202439024390245,0.1463414634146341,31.54,13.846666666666666,3.333333333333333,0.8299999999999983,0.0256410256410255,0.073170731707317,0,Q3,Mid-Low,2023-09,2025-12,1,1,Inactive,0,0,0,0.49038461538461536,0
48,Female,2,11,0,Organic,medium,Debit Card,Web,4,130.02,23.17,0.2,17.6,9.875,1.0749999999999995,1.5200000000000002,0.0794979079497908,0.05,0,Q3,Low,2025-03,2025-12,0,0,Mid-Recent,0,0,1,0.2708333333333333,2
65,Other,0,10,0,Organic,high,Cash,Web,5,181.66,25.1093023255814,0.1162790697674418,65.81,17.112000000000002,3.95,7.949999999999999,0.1077819956616051,0.1162790697674418,1,Q4,Mid-High,2023-12,2025-11,0,0,Mid-Recent,1,0,1,0.3322649572649573,1
30,Female,4,49,0,Ads,medium,Credit Card,iOS,4,76.49,21.636,0.08,7.13,6.76,-0.3700000000000001,4.93,0.4087893864013267,0.04,0,Q1,Low,2023-06,2025-12,1,1,Inactive,0,0,0,0.234508547008547,0
38,Male,3,6,0,Organic,low,Credit Card,Android,4,133.02,25.98913043478261,0.1956521739130435,49.98,12.41,2.414,0.0,0.0,0.108695652173913,1,Q3,Mid-High,2023-10,2025-10,0,0,Recent,0,0,1,0.4423076923076923,4
18,Male,3,3,0,Ads,medium,Digital Wallet,iOS,5,190.54,26.69333333333333,0.1166666666666666,9.76,13.97,4.210000000000001,2.27,0.1886949293433083,0.0166666666666666,0,Q4,Low,2023-04,2025-11,0,0,Recent,1,0,1,0.4813034188034188,2
28,Female,5,6,1,Organic,medium,Credit Card,iOS,5,169.4,22.303703703703704,0.1111111111111111,32.74,15.64,-0.7300000000000004,5.29,0.1391007099658164,0.037037037037037,0,Q4,Low,2024-11,2025-12,0,0,Recent,1,0,1,0.40010683760683763,2
59,Male,8,7,0,Ads,medium,Cash,iOS,11,136.79,27.16981132075472,0.2452830188679245,89.17,21.75,3.916,5.919999999999999,0.0622568093385213,0.0943396226415094,1,Q3,Mid-High,2023-01,2025-12,0,0,Recent,0,0,1,0.48611111111111105,4
53,Other,5,12,0,Partnership,medium,Debit Card,iOS,7,182.94,25.603076923076923,0.1846153846153846,66.23,12.286666666666669,1.248333333333333,0.0,0.0,0.0923076923076923,1,Q4,Mid-High,2024-03,2025-12,0,0,Mid-Recent,1,0,1,0.38461538461538464,1
40,Other,4,25,0,Organic,low,Credit Card,Android,2,92.65,22.45151515151515,0.1818181818181818,61.5,16.64,1.2649999999999992,5.029999999999999,0.0756049902299714,0.1212121212121212,1,Q2,High,2025-04,2025-12,1,0,Mid-Inactive,0,0,0,0.38675213675213677,4
53,Female,5,0,0,Ads,low,Debit Card,Web,4,113.66,28.25238095238095,0.119047619047619,34.29,9.14,2.282,1.4900000000000002,0.0416433761878144,0.119047619047619,1,Q2,High,2024-01,2025-12,0,0,Recent,0,0,1,0.5502136752136753,4
38,Other,4,6,0,Organic,medium,Debit Card,iOS,5,87.77,26.02,0.1333333333333333,10.34,11.75,1.41,4.05,0.281445448227936,0.0333333333333333,0,Q1,Low,2024-09,2025-12,0,0,Recent,0,0,1,0.44337606837606836,2
27,Female,0,85,1,Organic,medium,Digital Wallet,Android,7,67.03,23.76153846153846,0.1923076923076923,26.27,8.09,1.5224999999999995,1.5599999999999996,0.0560546173194394,0.1538461538461538,1,Q1,High,2024-06,2025-11,1,1,Inactive,0,0,0,0.4471153846153846,0
67,Other,7,20,0,Ads,high,Credit Card,Web,11,284.03000000000003,26.37972972972973,0.1621621621621621,142.66,19.0,3.1488888888888886,0.0,0.0,0.1216216216216216,1,Q4,High,2023-03,2025-11,1,0,Mid-Inactive,1,1,0,0.3883547008547009,3
67,Other,2,7,0,Organic,medium,Credit Card,Web,2,94.02,26.659259259259255,0.1111111111111111,15.21,22.0,6.789999999999999,0.0,0.0,0.037037037037037,0,Q2,Low,2024-03,2025-12,0,0,Recent,0,0,1,0.3819444444444444,2
42,Male,2,30,0,Ads,medium,Digital Wallet,Android,2,61.36,22.104545454545452,0.0454545454545454,15.96,20.0,4.039999999999999,2.92,0.1546610169491525,0.0454545454545454,0,Q1,Low,2023-03,2025-11,1,1,Inactive,0,0,0,0.4091880341880342,0
59,Female,0,20,0,Referral,low,Credit Card,iOS,2,121.95,23.543478260869566,0.1739130434782608,70.95,17.808,3.618,0.8200000000000003,0.0114253866518043,0.108695652173913,1,Q3,Mid-High,2024-05,2025-11,1,0,Mid-Inactive,0,0,0,0.5117521367521367,4
29,Male,2,58,0,Referral,medium,Cash,iOS,5,108.86,25.982857142857146,0.1428571428571428,38.6,13.56,3.91,0.6899999999999995,0.0175617205395774,0.1142857142857142,1,Q2,Mid-High,2024-05,2025-10,1,1,Inactive,0,0,0,0.5550213675213675,0
20,Other,0,1,0,Partnership,high,Digital Wallet,iOS,18,297.92,26.76,0.16,100.06,16.0,3.4925,2.06,0.0201723462593027,0.1066666666666666,1,Q4,Mid-High,2023-02,2025-12,0,0,Recent,1,0,1,0.3648504273504274,1
32,Other,2,4,0,Referral,medium,Debit Card,Web,4,75.28,22.285714285714285,0.1785714285714285,15.72,11.88,4.02,1.0999999999999996,0.065398335315101,0.0714285714285714,0,Q1,Mid-Low,2024-09,2025-11,0,0,Recent,0,0,1,0.4278846153846154,2
23,Female,9,1,0,Organic,low,Cash,Android,7,138.56,26.838983050847457,0.2033898305084746,80.15,14.67,4.65125,1.66,0.0202909179806869,0.135593220338983,1,Q3,High,2025-09,2025-12,0,0,Recent,0,0,1,0.3450854700854701,4
57,Female,0,2,0,Referral,high,Digital Wallet,iOS,7,231.7,23.847272727272724,0.0909090909090909,27.77,13.265,-0.6200000000000001,0.8399999999999999,0.0293603635092624,0.0363636363636363,0,Q4,Low,2025-02,2025-11,0,0,Recent,1,0,1,0.5779914529914529,1
51,Male,11,11,0,Ads,medium,Cash,iOS,15,250.34,24.519540229885056,0.1494252873563218,54.99,11.325,2.16,0.0899999999999998,0.0016339869281045,0.0689655172413793,0,Q4,Mid-Low,2025-03,2025-12,0,0,Mid-Recent,1,0,1,0.7286324786324787,1
51,Other,5,50,1,Ads,medium,Cash,Web,3,172.4,25.446,0.08,45.96,13.175,1.685,2.6,0.0535420098846787,0.08,0,Q4,Mid-Low,2025-02,2025-12,1,1,Inactive,1,1,0,0.4732905982905983,3
67,Other,2,64,0,Partnership,high,Cash,iOS,4,98.71,23.8625,0.125,20.56,9.08,2.226666666666667,0.2099999999999999,0.0101107366393837,0.125,1,Q2,High,2024-04,2025-12,1,1,Inactive,0,0,0,0.2857905982905983,0
68,Male,3,22,0,Organic,medium,Debit Card,Web,6,107.99,27.96176470588236,0.1764705882352941,34.84,12.9675,4.2575,11.78,0.2526812526812527,0.1176470588235294,1,Q2,High,2023-04,2025-11,1,0,Mid-Inactive,0,0,0,0.39797008547008544,4
46,Female,3,8,0,Organic,medium,Digital Wallet,Android,3,76.56,24.952,0.2,44.06,15.496666666666668,0.8100000000000005,6.030000000000001,0.1203833100419245,0.12,1,Q1,High,2024-02,2025-10,0,0,Mid-Recent,0,0,1,0.49839743589743585,4
64,Female,0,39,0,Ads,low,Cash,Web,2,76.41,22.18888888888889,0.1481481481481481,19.33,10.985,1.3200000000000005,1.5099999999999998,0.0724568138195777,0.074074074074074,0,Q1,Mid-Low,2024-04,2025-10,1,1,Inactive,0,0,0,0.4097222222222222,0
41,Female,0,11,0,Partnership,medium,Credit Card,Web,4,113.61,24.41351351351351,0.054054054054054,12.69,12.28,-0.4100000000000001,3.9499999999999993,0.2373798076923076,0.027027027027027,0,Q2,Low,2024-02,2025-11,0,0,Mid-Recent,0,0,1,0.4316239316239316,2
36,Other,1,0,0,Ads,high,Digital Wallet,iOS,4,155.65,24.887179487179488,0.1282051282051282,36.2,12.579999999999998,0.5133333333333329,4.09,0.1015140233308513,0.0769230769230769,0,Q3,Mid-Low,2023-10,2025-12,0,0,Recent,0,0,1,0.49572649572649574,2
32,Male,10,18,0,Referral,medium,Digital Wallet,Web,9,154.85,26.164406779661014,0.1016949152542373,24.62,10.836666666666666,2.6300000000000003,4.959999999999999,0.1676808654496281,0.0508474576271186,0,Q3,Low,2024-05,2025-11,0,0,Mid-Inactive,0,0,0,0.46314102564102566,2
53,Other,1,10,0,Referral,medium,Credit Card,Android,1,27.59,24.818181818181817,0.2727272727272727,25.08,11.406666666666666,3.046666666666667,0.7300000000000004,0.028283611003487,0.2727272727272727,1,Q1,High,2024-01,2025-12,0,0,Mid-Recent,0,0,1,0.32745726495726496,4
27,Male,3,2,1,Organic,medium,Debit Card,iOS,6,144.25,21.318867924528305,0.1132075471698113,7.02,4.76,1.2499999999999998,5.859999999999999,0.4549689440993789,0.0377358490566037,0,Q3,Low,2024-08,2025-12,0,0,Recent,0,0,1,0.47916666666666663,2
37,Male,9,119,1,Ads,medium,Credit Card,Web,6,182.56,24.34576271186441,0.1186440677966101,9.52,14.78,5.26,1.99,0.1728931364031277,0.0169491525423728,0,Q4,Low,2024-02,2025-11,1,1,Inactive,1,1,0,0.5603632478632479,3
68,Female,0,8,0,Partnership,medium,Credit Card,Web,2,27.86,20.65,0.2,17.94,21.0,3.0599999999999987,3.26,0.1537735849056603,0.1,1,Q1,Mid-High,2023-12,2025-11,0,0,Mid-Recent,0,0,1,0.3787393162393162,4
20,Other,0,22,0,Referral,medium,Credit Card,Android,4,71.77,29.01111111111111,0.1481481481481481,27.67,11.493333333333332,2.27,0.0500000000000007,0.0018037518037518,0.1111111111111111,1,Q1,Mid-High,2024-05,2025-11,1,0,Mid-Inactive,0,0,0,0.4861111111111111,4
45,Female,7,26,1,Ads,medium,Credit Card,Web,8,176.89,25.423214285714288,0.1071428571428571,35.8,13.795,4.845000000000001,1.7800000000000002,0.0473656200106439,0.0714285714285714,0,Q4,Mid-Low,2024-03,2025-12,1,0,Mid-Inactive,1,1,0,0.6239316239316239,3
21,Female,5,4,0,Organic,low,Debit Card,Android,12,150.95,26.632758620689657,0.1379310344827586,81.92,14.22125,3.98125,9.75,0.1063597687356823,0.1379310344827586,1,Q3,High,2024-05,2025-12,0,0,Recent,0,0,1,0.6810897435897436,4
62,Male,2,21,0,Referral,medium,Cash,Android,6,84.83,27.25625,0.15625,47.2,14.5025,2.7025,3.18,0.0631202858277094,0.125,1,Q1,High,2023-09,2025-12,1,0,Mid-Inactive,0,0,0,0.41720085470085466,4
54,Other,3,17,0,Ads,medium,Cash,Android,6,82.23,28.4625,0.125,30.16,11.323333333333332,1.2700000000000002,2.03,0.063063063063063,0.09375,1,Q1,Mid-High,2023-02,2025-12,0,0,Mid-Inactive,0,0,0,0.2158119658119658,4
27,Male,0,19,0,Referral,low,Cash,Web,3,76.48,24.857692307692307,0.0769230769230769,11.92,12.28,0.3599999999999994,4.27,0.2637430512662137,0.0384615384615384,0,Q1,Low,2025-02,2025-12,0,0,Mid-Inactive,0,0,0,0.5096153846153846,2
53,Female,0,15,0,Referral,high,Cash,Web,8,282.97,25.42876712328767,0.1232876712328767,91.34,17.266666666666666,2.043333333333333,2.12,0.0226835009629788,0.0821917808219178,0,Q4,Mid-Low,2024-05,2025-11,0,0,Mid-Inactive,1,0,0,0.46741452991453,1
67,Other,2,20,1,Ads,low,Cash,Web,6,120.55,25.44186046511628,0.1395348837209302,49.2,19.06,6.76,0.9900000000000002,0.0197250448296473,0.0930232558139534,1,Q2,Mid-High,2024-11,2025-12,1,0,Mid-Inactive,0,0,0,0.360042735042735,4
49,Female,3,22,0,Ads,medium,Debit Card,iOS,4,233.44,25.144927536231883,0.1884057971014492,85.53,14.48,0.2250000000000001,5.16,0.0568971220641746,0.0869565217391304,0,Q4,Mid-Low,2023-01,2025-12,1,0,Mid-Inactive,1,1,0,0.7142094017094016,3
67,Female,6,17,1,Referral,medium,Credit Card,Web,5,139.77,24.816326530612244,0.0612244897959183,16.84,10.0,1.58,4.959999999999999,0.2275229357798165,0.0408163265306122,0,Q3,Low,2023-10,2025-12,0,0,Mid-Inactive,0,0,0,0.44818376068376065,2
45,Female,2,11,0,Ads,low,Digital Wallet,Android,2,70.09,21.911538461538463,0.1923076923076923,68.48,24.195,7.075,2.9499999999999997,0.0412991740165196,0.1538461538461538,1,Q1,High,2024-06,2025-12,0,0,Mid-Recent,0,0,1,0.1971153846153846,4
59,Male,3,60,0,Ads,medium,Digital Wallet,Web,4,130.82,26.424444444444443,0.2222222222222222,31.72,9.116,2.772,2.02,0.0598695909899229,0.1111111111111111,1,Q3,Mid-High,2024-11,2025-12,1,1,Inactive,0,0,0,0.47275641025641024,0
57,Male,2,1,0,Referral,low,Debit Card,iOS,5,113.02,26.902380952380955,0.119047619047619,56.58,15.94,1.7950000000000004,1.9700000000000009,0.0336464560204953,0.0952380952380952,1,Q2,Mid-High,2023-08,2025-12,0,0,Recent,0,0,1,0.5571581196581197,4
27,Other,1,23,0,Referral,medium,Credit Card,iOS,6,112.78,24.09285714285714,0.119047619047619,45.09,12.57,1.2975,0.7400000000000002,0.0161466288457342,0.0952380952380952,1,Q2,Mid-High,2023-07,2025-12,1,0,Mid-Inactive,0,0,0,0.3141025641025641,0
27,Female,0,47,0,Organic,medium,Credit Card,Android,7,48.63,26.09523809523809,0.0476190476190476,0.0,0.0,0.0,0.0,0.0,0.0,0,Q1,Low,2023-04,2025-12,1,1,Inactive,0,0,0,0.48130341880341876,0
48,Male,1,12,0,Ads,low,Debit Card,iOS,2,51.58,30.700000000000003,0.1111111111111111,13.08,13.24,0.1600000000000001,2.5,0.1604621309370988,0.0555555555555555,0,Q1,Low,2025-10,2025-12,0,0,Mid-Recent,0,0,1,0.21848290598290598,2
51,Female,1,14,0,Ads,medium,Credit Card,Android,2,104.75,25.23333333333333,0.1111111111111111,14.68,16.0,1.3200000000000005,0.0,0.0,0.0277777777777777,0,Q2,Low,2024-03,2025-11,0,0,Mid-Recent,0,0,1,0.2676282051282051,2
60,Other,2,9,0,Organic,medium,Debit Card,iOS,6,90.83,29.076470588235296,0.1176470588235294,33.9,21.5,4.550000000000001,0.6399999999999997,0.0185292414591777,0.0588235294117647,0,Q2,Mid-Low,2023-04,2025-09,0,0,Mid-Recent,0,0,1,0.41880341880341876,2
30,Other,1,1,0,Referral,medium,Cash,Web,6,135.88,22.133333333333336,0.1875,82.82000000000001,14.728571428571428,2.897142857142857,1.8099999999999987,0.021387214935602,0.1458333333333333,1,Q3,High,2025-04,2025-12,0,0,Recent,0,0,1,0.30502136752136755,4
22,Female,6,18,0,Organic,high,Credit Card,iOS,8,154.1,25.200000000000003,0.0476190476190476,25.99,13.23,0.2349999999999998,1.14,0.0420199041651308,0.0476190476190476,0,Q3,Low,2023-05,2025-12,0,0,Mid-Inactive,0,0,0,0.3210470085470085,2
59,Female,3,52,0,Partnership,medium,Credit Card,Android,7,73.41,24.993548387096773,0.1612903225806451,34.56,18.64,1.36,0.4499999999999993,0.0128534704370179,0.064516129032258,0,Q1,Mid-Low,2024-08,2025-12,1,1,Inactive,0,0,0,0.2601495726495726,0
56,Other,0,3,0,Ads,low,Debit Card,Web,4,93.64,24.77894736842105,0.1578947368421052,18.35,7.746666666666667,1.63,5.289999999999999,0.2237732656514382,0.0789473684210526,0,Q2,Mid-Low,2025-04,2025-12,0,0,Recent,0,0,1,0.5400641025641025,2
53,Other,5,1,0,Referral,low,Debit Card,Web,3,118.16,28.42325581395349,0.1627906976744186,39.33,15.08,5.2475000000000005,0.25,0.0063163213744315,0.0930232558139534,1,Q2,Mid-High,2024-09,2025-12,0,0,Recent,0,0,1,0.4642094017094017,4
39,Female,9,33,1,Ads,medium,Credit Card,Android,10,161.25,27.601666666666667,0.1166666666666666,65.34,14.638,1.5700000000000005,1.6799999999999995,0.0250671441360787,0.0833333333333333,0,Q3,Mid-Low,2023-05,2025-12,1,1,Inactive,0,0,0,0.6063034188034189,0
40,Other,5,60,0,Ads,medium,Digital Wallet,iOS,10,124.23,26.03191489361702,0.1276595744680851,44.71,10.928,1.986,0.3400000000000003,0.0075471698113207,0.1063829787234042,1,Q3,Mid-High,2023-06,2025-11,1,1,Inactive,0,0,0,0.4674145299145299,0
42,Male,1,66,1,Ads,medium,Debit Card,Android,2,19.0,21.33,0.3,21.98,12.66,1.6700000000000006,1.9800000000000004,0.0826377295492487,0.2,1,Q1,High,2023-09,2025-11,1,1,Inactive,0,0,0,0.26068376068376065,0
60,Male,2,22,0,Partnership,low,Debit Card,Android,6,66.82000000000001,23.633333333333333,0.1,57.67,22.33333333333333,3.11,3.620000000000001,0.0590634687550987,0.1,1,Q1,Mid-High,2023-07,2025-11,1,0,Mid-Inactive,0,0,0,0.547542735042735,4
54,Male,3,51,0,Organic,medium,Digital Wallet,Android,3,127.78,24.390243902439025,0.2195121951219512,35.879999999999995,12.423333333333332,0.4633333333333335,6.4,0.1513718070009461,0.073170731707317,0,Q3,Mid-Low,2023-04,2025-10,1,1,Inactive,0,0,0,0.49038461538461536,0
26,Male,4,38,0,Ads,medium,Debit Card,Android,7,73.99,20.75769230769231,0.1153846153846153,19.51,12.96,3.205,1.92,0.0895940270648623,0.0769230769230769,0,Q1,Mid-Low,2023-10,2025-12,1,1,Inactive,0,0,0,0.23878205128205127,0
26,Female,5,17,0,Ads,medium,Digital Wallet,iOS,3,99.83,25.603125,0.21875,76.55000000000001,20.1875,1.0499999999999994,0.0,0.0,0.125,1,Q2,High,2024-09,2025-11,0,0,Mid-Inactive,0,0,0,0.41720085470085466,4
52,Other,3,69,0,Ads,medium,Digital Wallet,iOS,4,106.33,25.772972972972973,0.081081081081081,0.0,0.0,0.0,0.0,0.0,0.0,0,Q2,Low,2025-06,2025-12,1,1,Inactive,0,0,0,0.5219017094017093,0
66,Female,2,21,0,Partnership,high,Digital Wallet,Android,11,305.45,25.076623376623377,0.1688311688311688,94.46,17.447142857142858,3.9528571428571433,5.850000000000001,0.0583192104476124,0.0909090909090909,1,Q4,Mid-High,2023-01,2025-12,1,0,Mid-Inactive,1,1,0,0.6233974358974359,3
27,Male,6,16,0,Ads,medium,Debit Card,iOS,5,116.35,24.44883720930233,0.2325581395348837,53.54,20.593333333333334,2.746666666666666,4.440000000000001,0.0765781303897896,0.0697674418604651,0,Q2,Mid-Low,2025-05,2025-12,0,0,Mid-Inactive,0,0,0,0.2419871794871795,4
57,Female,0,12,0,Ads,medium,Debit Card,Web,7,71.73,26.09230769230769,0.0769230769230769,30.58,21.0,5.709999999999999,0.0,0.0,0.0769230769230769,0,Q1,Mid-Low,2023-04,2025-11,0,0,Mid-Recent,0,0,1,0.19017094017094016,2
40,Male,0,11,0,Ads,high,Cash,Web,6,198.72,22.31914893617021,0.1276595744680851,13.96,7.35,2.6966666666666668,0.0,0.0,0.0638297872340425,0,Q4,Mid-Low,2023-01,2025-11,0,0,Mid-Recent,1,0,1,0.5229700854700854,1
29,Female,1,40,0,Partnership,medium,Debit Card,iOS,1,85.7,23.21923076923077,0.0769230769230769,19.35,10.0,0.3250000000000002,2.0700000000000003,0.0966386554621848,0.0769230769230769,0,Q1,Mid-Low,2024-04,2025-11,1,1,Inactive,0,0,0,0.17628205128205127,0
32,Male,9,17,0,Referral,medium,Digital Wallet,Android,7,223.79,25.75857142857143,0.1285714285714285,37.18,9.4925,0.1974999999999995,9.76,0.207925010651896,0.0571428571428571,0,Q4,Low,2024-10,2025-12,0,0,Mid-Inactive,1,0,0,0.5865384615384616,1
65,Other,1,0,0,Ads,medium,Credit Card,iOS,12,220.64,25.88082191780822,0.2054794520547945,144.12,13.35,1.34,2.84,0.0193249863908546,0.1643835616438356,1,Q4,High,2025-01,2025-12,0,0,Recent,1,0,1,0.6757478632478633,1
57,Female,4,40,0,Partnership,low,Debit Card,Android,2,87.12,22.28787878787879,0.1515151515151515,99.58,20.4,0.4840000000000007,1.6700000000000002,0.0164938271604938,0.1515151515151515,1,Q1,High,2023-01,2025-10,1,1,Inactive,0,0,0,0.22702991452991453,0
67,Male,1,2,0,Organic,low,Cash,Web,3,106.8,26.433333333333337,0.1025641025641025,14.11,14.78,0.6699999999999999,0.5800000000000001,0.0394826412525527,0.0256410256410256,0,Q2,Low,2024-01,2025-11,0,0,Recent,0,0,1,0.3568376068376068,2
56,Other,4,25,0,Referral,medium,Cash,Android,2,81.62,22.876,0.2,31.01,11.8825,4.13,0.0699999999999998,0.0022522522522522,0.16,1,Q1,High,2025-08,2025-12,1,0,Mid-Inactive,0,0,0,0.17895299145299143,4
33,Other,2,17,0,Referral,high,Cash,Web,1,159.46,25.1030303030303,0.1212121212121212,19.26,25.0,5.739999999999998,6.430000000000001,0.250291942390035,0.0303030303030303,0,Q3,Low,2023-05,2025-09,0,0,Mid-Inactive,0,0,0,0.4075854700854701,2
30,Female,5,14,0,Partnership,high,Digital Wallet,Android,12,291.92,23.80540540540541,0.0945945945945946,37.79,9.58,0.1325,1.8599999999999997,0.0469104665825977,0.054054054054054,0,Q4,Low,2023-11,2025-12,0,0,Mid-Recent,1,0,1,0.5202991452991453,1
28,Female,2,4,0,Referral,low,Debit Card,Android,7,135.64,26.54339622641509,0.0943396226415094,42.37,13.365,2.7725,8.01,0.1589916633584756,0.0754716981132075,0,Q3,Mid-Low,2024-01,2025-12,0,0,Recent,0,0,1,0.4722222222222222,2
23,Other,2,10,0,Ads,low,Debit Card,Android,6,159.01,25.369090909090907,0.1272727272727272,34.29,15.586666666666666,4.156666666666666,1.2100000000000002,0.0340845070422535,0.0545454545454545,0,Q3,Low,2024-04,2025-12,0,0,Mid-Recent,0,0,1,0.5710470085470085,2
38,Female,1,35,0,Ads,low,Cash,Web,3,123.93,24.417777777777776,0.1777777777777777,33.54,15.746666666666668,4.566666666666666,2.7600000000000016,0.0760330578512397,0.0666666666666666,0,Q3,Mid-Low,2023-10,2025-12,1,1,Inactive,0,0,0,0.5283119658119657,0
47,Male,0,7,0,Organic,medium,Debit Card,Web,4,195.56,25.655172413793103,0.0689655172413793,40.76,12.63,2.44,4.12,0.0918003565062388,0.0689655172413793,0,Q4,Mid-Low,2024-08,2025-12,0,0,Recent,1,0,1,0.5908119658119658,1
23,Male,9,6,1,Organic,high,Credit Card,Web,9,212.51,25.885185185185183,0.1296296296296296,66.22,17.4,4.156000000000001,4.800000000000001,0.0675865953252605,0.0925925925925925,1,Q4,Mid-High,2024-02,2025-12,0,0,Recent,1,0,1,0.5112179487179487,1
64,Other,2,84,1,Partnership,low,Cash,iOS,2,88.23,27.26875,0.125,1.79,3.49,1.7000000000000002,3.9700000000000006,0.6892361111111112,0.03125,0,Q1,Low,2024-10,2025-11,1,1,Inactive,0,0,0,0.47970085470085466,0
39,Other,1,28,0,Ads,medium,Debit Card,iOS,4,91.95,26.866666666666667,0.1481481481481481,44.88,17.333333333333332,2.373333333333333,2.0,0.0426621160409556,0.1111111111111111,1,Q2,Mid-High,2024-10,2025-12,1,0,Inactive,0,0,0,0.45138888888888884,4
44,Female,9,1,0,Partnership,high,Digital Wallet,Web,3,272.87,26.443548387096776,0.1774193548387097,52.27,15.648,5.194,0.2799999999999993,0.0053282588011417,0.0806451612903225,0,Q4,Mid-Low,2024-08,2025-12,0,0,Recent,1,0,1,0.4134615384615385,1
25,Male,3,17,0,Referral,medium,Digital Wallet,iOS,11,171.44,24.960377358490568,0.1886792452830188,85.87,15.97,3.7028571428571424,0.0,0.0,0.1320754716981132,1,Q4,High,2023-10,2025-11,0,0,Mid-Inactive,1,0,0,0.4375,1
49,Female,0,3,1,Partnership,low,Debit Card,iOS,5,67.4,27.78846153846154,0.1538461538461538,32.12,14.426666666666668,3.72,2.66,0.0764807360552041,0.1153846153846153,1,Q1,Mid-High,2025-04,2025-12,0,0,Recent,0,0,1,0.5512820512820513,4
60,Female,8,104,0,Partnership,medium,Cash,iOS,10,134.07,25.597959183673467,0.1632653061224489,51.81,13.412,3.05,1.4299999999999995,0.0268595041322314,0.1020408163265306,1,Q3,Mid-High,2023-06,2025-11,1,1,Inactive,0,0,0,0.6426282051282052,0
56,Male,2,9,0,Organic,medium,Debit Card,iOS,5,87.33,21.641935483870967,0.1935483870967742,47.06,20.426666666666662,4.74,4.27,0.0831872199493473,0.0967741935483871,1,Q1,Mid-High,2025-06,2025-12,0,0,Mid-Recent,0,0,1,0.3365384615384615,4
27,Male,1,14,0,Referral,medium,Debit Card,iOS,10,257.81,24.34210526315789,0.1842105263157894,90.53,14.065,2.74875,0.69,0.007564130673098,0.1052631578947368,1,Q4,Mid-High,2024-02,2025-12,0,0,Mid-Recent,1,0,1,0.6607905982905983,1
56,Female,0,9,0,Referral,medium,Credit Card,iOS,9,100.98,27.325641025641023,0.1794871794871795,70.08,14.498333333333337,2.818333333333333,10.75,0.1329951750587653,0.1538461538461538,1,Q2,High,2023-10,2025-12,0,0,Mid-Recent,0,0,1,0.5096153846153846,4
29,Male,1,26,1,Ads,low,Cash,Web,4,83.52,23.692857142857143,0.1428571428571428,20.9,13.53,3.08,1.2799999999999998,0.0577096483318304,0.0714285714285714,0,Q1,Mid-Low,2023-02,2025-11,1,0,Mid-Inactive,0,0,0,0.37927350427350426,0
41,Male,3,3,0,Organic,medium,Digital Wallet,Android,4,107.77,23.08974358974359,0.1794871794871795,46.14,12.76,1.225,0.4900000000000002,0.0105082564872399,0.1025641025641025,1,Q2,Mid-High,2025-10,2025-12,0,0,Recent,0,0,1,0.329059829059829,4
22,Female,5,15,0,Organic,low,Cash,iOS,10,143.05,23.34444444444444,0.1296296296296296,55.07,13.56,2.5460000000000003,0.8800000000000003,0.015728328865058,0.0925925925925925,1,Q3,Mid-High,2025-08,2025-12,0,0,Mid-Inactive,0,0,0,0.30982905982905984,4
62,Female,2,0,1,Partnership,high,Debit Card,Web,3,103.72,26.120833333333334,0.1666666666666666,0.0,0.0,0.0,0.0,0.0,0.0,0,Q2,Low,2025-04,2025-12,0,0,Recent,0,0,1,0.16773504273504272,2
57,Male,1,14,0,Referral,medium,Cash,Web,5,166.82999999999998,25.441304347826087,0.108695652173913,17.29,15.5,6.855,2.93,0.1449060336300692,0.0434782608695652,0,Q4,Low,2023-01,2025-12,0,0,Mid-Recent,1,0,1,0.5325854700854701,1
68,Other,1,49,0,Partnership,medium,Digital Wallet,Android,3,23.22,27.38181818181818,0.0909090909090909,22.28,21.0,-1.2800000000000011,3.460000000000001,0.1344211344211344,0.0909090909090909,1,Q1,Mid-High,2023-12,2025-11,1,1,Inactive,0,0,0,0.19551282051282054,0
54,Other,7,18,0,Ads,medium,Cash,Web,13,105.95,24.752272727272725,0.0909090909090909,43.2,20.64,-0.96,0.0,0.0,0.0454545454545454,0,Q2,Low,2025-03,2025-12,0,0,Mid-Inactive,0,0,0,0.5657051282051282,2
49,Male,4,53,0,Organic,low,Debit Card,iOS,4,95.19,22.608823529411765,0.1470588235294117,39.44,12.115,2.255,1.0500000000000007,0.0259323289701161,0.1176470588235294,1,Q2,High,2023-05,2025-11,1,1,Inactive,0,0,0,0.30074786324786323,0
19,Female,3,4,0,Ads,high,Cash,Android,11,306.25,24.87894736842105,0.1842105263157894,145.81,14.561818181818182,1.3063636363636364,2.370000000000001,0.0159940612768254,0.1447368421052631,1,Q4,High,2023-05,2025-11,0,0,Recent,1,0,1,0.48023504273504275,1
39,Female,6,21,0,Referral,high,Debit Card,Web,9,383.4,25.62,0.1666666666666666,128.32999999999998,14.242,1.409,4.499999999999999,0.0338778890310923,0.1111111111111111,1,Q4,Mid-High,2024-05,2025-12,1,0,Mid-Inactive,1,1,0,0.6442307692307692,3
34,Male,1,16,0,Organic,medium,Digital Wallet,iOS,9,168.52,27.32241379310345,0.0517241379310344,14.1,14.0,-0.0999999999999996,5.050000000000001,0.2637075718015666,0.0172413793103448,0,Q4,Low,2025-07,2025-12,0,0,Mid-Inactive,1,0,0,0.5769230769230769,2
61,Female,0,23,1,Partnership,high,Credit Card,iOS,16,298.42,25.66933333333333,0.1333333333333333,76.25,17.154000000000003,1.9040000000000008,4.670000000000002,0.0577113198220464,0.0666666666666666,0,Q4,Mid-Low,2025-05,2025-12,1,0,Mid-Inactive,1,1,0,0.7398504273504274,3
39,Female,5,0,0,Partnership,medium,Credit Card,Web,3,148.35,25.580487804878047,0.1951219512195122,63.28,12.891666666666666,2.345,2.1,0.032119914346895,0.1463414634146341,1,Q3,High,2025-06,2025-12,0,0,Recent,0,0,1,0.27510683760683763,4
48,Male,7,25,1,Organic,medium,Cash,Android,8,258.17,23.29113924050633,0.1772151898734177,73.29,12.83,2.3599999999999994,5.33,0.0677944543373187,0.0886075949367088,1,Q4,Mid-High,2024-07,2025-12,1,0,Mid-Inactive,1,1,0,0.45833333333333337,3
51,Female,3,7,0,Referral,high,Debit Card,Web,0,149.75,24.836666666666662,0.2,45.1,17.32,6.045,2.03,0.0430723530659876,0.1333333333333333,1,Q3,High,2025-03,2025-12,0,0,Recent,0,0,1,0.24893162393162394,4
68,Female,2,5,0,Ads,medium,Digital Wallet,iOS,3,125.82,26.65652173913044,0.1521739130434782,25.41,12.726666666666668,4.256666666666667,4.57,0.1524349566377585,0.0652173913043478,0,Q3,Mid-Low,2024-05,2025-12,0,0,Recent,0,0,1,0.5186965811965811,2
42,Other,3,24,0,Partnership,medium,Debit Card,Web,6,109.37,26.59230769230769,0.1794871794871795,55.21,11.506,0.4639999999999995,10.4,0.1585124218869074,0.1282051282051282,1,Q2,High,2025-02,2025-12,1,0,Mid-Inactive,0,0,0,0.5721153846153846,4
68,Female,2,5,0,Referral,high,Digital Wallet,Android,2,190.56,24.62857142857143,0.1428571428571428,47.81,14.4225,2.47,3.5700000000000003,0.0694822888283378,0.0952380952380952,1,Q4,Mid-High,2023-02,2025-11,0,0,Recent,1,0,1,0.5432692307692307,1
49,Male,11,7,0,Partnership,high,Digital Wallet,iOS,4,320.83,25.55972222222222,0.0694444444444444,47.47,16.38,4.512499999999999,5.100000000000001,0.0970135058017881,0.0555555555555555,0,Q4,Low,2023-09,2025-11,0,0,Recent,1,0,1,0.5950854700854701,1
37,Male,3,28,0,Organic,medium,Credit Card,iOS,5,63.8,25.17391304347826,0.1304347826086956,8.45,8.0,-0.4499999999999993,1.66,0.1641938674579624,0.0434782608695652,0,Q1,Low,2023-06,2025-11,1,0,Inactive,0,0,0,0.48290598290598286,2
46,Other,4,8,0,Partnership,high,Debit Card,iOS,7,187.39,25.676,0.1,51.95,13.93,0.9425000000000004,10.7,0.1707901037509975,0.08,0,Q4,Mid-Low,2025-10,2025-12,0,0,Mid-Recent,1,0,1,0.2927350427350427,1
48,Other,2,6,0,Organic,medium,Debit Card,iOS,5,87.03999999999999,24.770967741935483,0.0967741935483871,18.87,14.14,4.704999999999999,0.0,0.0,0.064516129032258,0,Q1,Mid-Low,2025-09,2025-12,0,0,Recent,0,0,1,0.2879273504273504,2
61,Male,7,10,1,Referral,medium,Cash,Android,8,113.44,22.9775,0.25,83.41,15.461666666666666,1.5600000000000005,7.08,0.078240689578959,0.15,1,Q2,High,2025-03,2025-12,0,0,Mid-Recent,0,0,1,0.5208333333333333,4
25,Male,5,10,0,Referral,medium,Credit Card,Android,3,83.31,25.42758620689655,0.0689655172413793,6.47,9.0,2.53,4.17,0.3919172932330826,0.0344827586206896,0,Q1,Low,2024-10,2025-12,0,0,Mid-Recent,0,0,1,0.4807692307692308,2
20,Male,3,2,0,Referral,low,Digital Wallet,Web,7,123.58,27.804761904761904,0.0952380952380952,24.380000000000003,16.38,4.19,4.120000000000001,0.1445614035087719,0.0476190476190476,0,Q3,Low,2025-08,2025-12,0,0,Recent,0,0,1,0.3141025641025641,2
38,Male,2,43,1,Organic,medium,Digital Wallet,Web,9,147.44,26.388,0.14,36.99,13.15,3.9025,3.869999999999999,0.0947136563876652,0.08,0,Q3,Mid-Low,2025-05,2025-12,1,1,Inactive,0,0,0,0.3482905982905983,0
67,Female,1,25,0,Organic,medium,Debit Card,iOS,9,114.33,24.91590909090909,0.0909090909090909,13.43,11.12,4.404999999999999,3.299999999999999,0.1972504482964733,0.0454545454545454,0,Q2,Low,2025-06,2025-11,1,0,Mid-Inactive,0,0,0,0.3157051282051282,2
25,Male,5,15,0,Ads,medium,Digital Wallet,Web,9,98.66,27.32857142857143,0.1904761904761904,75.95,18.738,3.548,1.0600000000000005,0.0137644461758213,0.119047619047619,1,Q2,High,2024-04,2025-12,0,0,Mid-Inactive,0,0,0,0.3696581196581197,4
35,Male,2,43,1,Ads,medium,Debit Card,iOS,0,45.85,24.446666666666665,0.2,8.92,9.0,0.08,0.98,0.0989898989898989,0.0666666666666666,0,Q1,Mid-Low,2023-09,2025-10,1,1,Inactive,0,0,0,0.2751068376068376,0
57,Female,8,36,0,Referral,medium,Debit Card,iOS,11,143.42,24.422807017543857,0.1578947368421052,48.010000000000005,10.574285714285711,3.715714285714285,0.0,0.0,0.1228070175438596,1,Q3,High,2025-05,2025-12,1,1,Inactive,0,0,0,0.33653846153846156,0
61,Male,3,3,0,Partnership,low,Credit Card,iOS,2,55.13,23.630434782608692,0.1739130434782608,23.95,17.12,5.1450000000000005,1.7899999999999991,0.0695415695415695,0.0869565217391304,0,Q1,Mid-Low,2023-08,2025-12,0,0,Recent,0,0,1,0.42735042735042733,2
43,Male,3,4,0,Organic,low,Digital Wallet,Android,1,59.75,22.316666666666663,0.1666666666666666,35.81,13.44,1.5033333333333332,4.23,0.1056443556443556,0.125,1,Q1,High,2025-02,2025-12,0,0,Recent,0,0,1,0.24412393162393162,4
63,Other,4,41,0,Partnership,medium,Debit Card,iOS,3,204.84,24.95,0.1551724137931034,72.19,18.3,3.862000000000001,0.0,0.0,0.0862068965517241,0,Q4,Mid-Low,2024-02,2025-12,1,1,Inactive,1,1,0,0.5422008547008548,3
24,Female,1,28,0,Partnership,low,Cash,iOS,2,118.29,25.765,0.05,15.62,16.0,0.3800000000000008,8.19,0.3439731205375892,0.025,0,Q2,Low,2023-03,2025-11,1,0,Inactive,0,0,0,0.375,2
27,Other,4,38,1,Organic,medium,Cash,iOS,5,196.32,23.25625,0.171875,79.73,15.828571428571427,4.438571428571429,5.66,0.0662841082093922,0.109375,1,Q4,Mid-High,2023-10,2025-12,1,1,Inactive,1,1,0,0.6025641025641026,3
68,Female,3,46,0,Partnership,medium,Credit Card,iOS,8,157.08,23.901754385964917,0.0701754385964912,26.17,12.6,3.8766666666666665,2.08,0.0736283185840707,0.0526315789473684,0,Q3,Low,2025-10,2025-12,1,1,Inactive,0,0,0,0.36431623931623935,0
25,Female,3,47,1,Partnership,low,Debit Card,Android,5,131.82,24.656,0.18,62.67,13.68,3.2349999999999994,5.720000000000001,0.0836379587659014,0.12,1,Q3,High,2025-04,2025-12,1,1,Inactive,0,0,0,0.5635683760683761,0
56,Other,2,6,0,Referral,medium,Cash,Web,9,149.61,25.58,0.1818181818181818,57.86,12.11,2.466666666666667,2.0,0.0334112930170397,0.109090909090909,1,Q3,Mid-High,2023-08,2025-12,0,0,Recent,0,0,1,0.33493589743589747,4
38,Other,10,10,0,Organic,high,Cash,Android,5,331.51,24.60897435897436,0.141025641025641,60.71,11.171428571428573,2.498571428571428,2.2300000000000004,0.0354305687956784,0.0897435897435897,1,Q4,Mid-High,2023-10,2025-12,0,0,Mid-Recent,1,0,1,0.467948717948718,1
44,Male,2,9,0,Ads,medium,Cash,Android,6,110.33,22.92162162162162,0.1081081081081081,18.6,14.14,4.84,1.2299999999999986,0.0620272314674734,0.054054054054054,0,Q2,Low,2025-06,2025-12,0,0,Mid-Recent,0,0,1,0.48717948717948717,2
39,Male,4,46,0,Partnership,high,Digital Wallet,Web,6,217.62,24.97090909090909,0.1454545454545454,46.46,11.786,2.494,1.33,0.0278300899769826,0.0909090909090909,1,Q4,Mid-High,2024-04,2025-12,1,1,Inactive,1,1,0,0.4599358974358974,3
29,Other,4,19,0,Partnership,medium,Credit Card,Web,8,137.61,24.3,0.1136363636363636,12.2,7.465,1.3650000000000004,0.0,0.0,0.0454545454545454,0,Q3,Low,2023-10,2025-12,0,0,Mid-Inactive,0,0,0,0.3712606837606838,2
47,Female,4,4,0,Partnership,medium,Debit Card,Android,5,79.05,22.983870967741936,0.2258064516129032,19.62,7.04,2.135,0.0,0.0,0.1290322580645161,1,Q1,High,2024-11,2025-12,0,0,Recent,0,0,1,0.2879273504273504,4
22,Other,0,30,0,Partnership,low,Digital Wallet,Android,5,57.22,19.679166666666667,0.125,43.2,16.583333333333332,2.183333333333333,2.0100000000000016,0.0444591904445919,0.125,1,Q1,High,2024-04,2025-12,1,1,Inactive,0,0,0,0.27190170940170943,0
23,Male,1,120,1,Referral,high,Debit Card,Web,1,65.93,25.1625,0.0,0.0,0.0,0.0,0.0,0.0,0.0,0,Q1,Low,2024-03,2025-10,1,1,Inactive,0,0,0,0.18215811965811968,0
46,Other,1,11,0,Partnership,medium,Cash,iOS,2,138.98,24.2,0.15,43.85,12.7775,1.8149999999999995,2.0700000000000003,0.0450783972125435,0.1,1,Q3,Mid-High,2023-10,2025-11,0,0,Mid-Recent,0,0,1,0.23611111111111108,4
61,Female,6,40,0,Organic,medium,Cash,Web,7,143.21,26.856818181818184,0.1363636363636363,50.78,11.206,1.05,8.82,0.147986577181208,0.1136363636363636,1,Q3,Mid-High,2024-10,2025-12,1,1,Inactive,0,0,0,0.4476495726495726,0
23,Other,3,2,0,Partnership,medium,Debit Card,Android,5,140.86,22.70217391304348,0.217391304347826,93.08,20.654000000000003,2.0380000000000003,5.74,0.0580854078121837,0.108695652173913,1,Q3,Mid-High,2025-04,2025-12,0,0,Recent,0,0,1,0.6159188034188033,4
41,Other,3,21,0,Referral,high,Digital Wallet,iOS,10,209.37,25.46842105263158,0.087719298245614,36.3,18.41333333333333,6.313333333333333,0.0,0.0,0.0526315789473684,0,Q4,Low,2024-01,2025-11,1,0,Mid-Inactive,1,1,0,0.3851495726495726,3
19,Male,3,12,0,Partnership,medium,Digital Wallet,Web,6,166.52,26.373684210526317,0.1052631578947368,41.89,17.76,3.7966666666666655,8.78,0.1732780738109334,0.0526315789473684,0,Q4,Low,2023-03,2025-12,0,0,Mid-Recent,1,0,1,0.5032051282051282,1
43,Female,4,44,0,Ads,low,Debit Card,Android,4,84.62,21.69375,0.1875,7.04,5.745,2.225,0.0,0.0,0.0625,0,Q1,Mid-Low,2024-10,2025-12,1,1,Inactive,0,0,0,0.45192307692307687,0
30,Other,3,95,0,Organic,medium,Cash,iOS,5,167.8,25.806,0.14,38.03,15.76,3.083333333333333,5.800000000000001,0.1323294547113849,0.06,0,Q4,Mid-Low,2025-10,2025-12,1,1,Inactive,1,1,0,0.30662393162393164,3
60,Male,4,106,0,Referral,medium,Credit Card,Web,5,126.8,27.41219512195122,0.1463414634146341,21.4,7.453333333333333,0.3199999999999997,3.98,0.156816390858944,0.073170731707317,0,Q3,Mid-Low,2025-07,2025-12,1,1,Inactive,0,0,0,0.37232905982905984,0
27,Other,0,11,0,Partnership,high,Debit Card,iOS,8,160.94,28.207894736842107,0.0263157894736842,0.0,0.0,0.0,0.0,0.0,0.0,0,Q3,Low,2023-03,2025-11,0,0,Mid-Recent,0,0,1,0.49839743589743585,2
59,Female,3,38,0,Partnership,medium,Debit Card,Android,8,194.81,27.57692307692308,0.1076923076923077,71.91,15.25,3.265,0.1199999999999992,0.0016659725114535,0.0923076923076923,1,Q4,Mid-High,2023-06,2025-11,1,1,Inactive,1,1,0,0.579059829059829,3
45,Other,0,4,0,Partnership,medium,Digital Wallet,iOS,1,81.56,25.48,0.08,0.0,0.0,0.0,0.0,0.0,0.0,0,Q1,Low,2023-03,2025-10,0,0,Recent,0,0,1,0.3317307692307692,2
45,Other,2,10,1,Partnership,medium,Debit Card,Web,4,121.57,24.919444444444444,0.1388888888888889,44.96,14.14,2.9,4.0600000000000005,0.0828233374133007,0.1111111111111111,1,Q3,Mid-High,2025-10,2025-12,0,0,Mid-Recent,0,0,1,0.24679487179487178,4
35,Female,0,67,0,Referral,medium,Credit Card,Web,0,38.52,35.300000000000004,0.0833333333333333,18.06,19.0,0.9400000000000012,0.0100000000000015,0.0005534034311013,0.0833333333333333,0,Q1,Mid-Low,2024-09,2025-12,1,1,Inactive,0,0,0,0.1997863247863248,0
63,Female,1,8,0,Partnership,low,Credit Card,iOS,4,109.53,22.21351351351351,0.1351351351351351,21.19,8.073333333333332,1.01,0.1900000000000012,0.0088868101028999,0.081081081081081,0,Q2,Mid-Low,2023-10,2025-10,0,0,Mid-Recent,0,0,1,0.5010683760683761,2
66,Female,0,1,0,Referral,medium,Credit Card,iOS,11,96.52,25.994444444444444,0.1666666666666666,46.37,14.104,4.83,7.93,0.1460405156537753,0.1388888888888889,1,Q2,High,2023-08,2025-12,0,0,Recent,0,0,1,0.4967948717948718,4
58,Other,3,17,1,Organic,low,Credit Card,Android,2,74.77,23.48888888888889,0.074074074074074,16.53,25.0,8.469999999999999,3.210000000000001,0.1626139817629179,0.037037037037037,0,Q1,Low,2023-07,2025-10,0,0,Mid-Inactive,0,0,0,0.3333333333333333,2
67,Male,1,42,0,Partnership,medium,Cash,Web,7,111.36,25.32631578947368,0.131578947368421,41.78,13.82,3.375,1.1700000000000004,0.0272409778812572,0.1052631578947368,1,Q2,Mid-High,2025-05,2025-11,1,1,Inactive,0,0,0,0.547008547008547,0
44,Female,5,60,1,Organic,medium,Debit Card,iOS,6,95.7,26.288888888888888,0.0555555555555555,27.18,18.0,4.41,5.68,0.172854534388314,0.0555555555555555,0,Q2,Low,2023-09,2025-11,1,1,Inactive,0,0,0,0.42040598290598286,0
65,Female,1,7,0,Referral,medium,Cash,Web,6,91.67,25.425806451612903,0.064516129032258,30.35,18.0,2.8249999999999997,5.01,0.1416855203619909,0.064516129032258,0,Q2,Mid-Low,2024-12,2025-12,0,0,Recent,0,0,1,0.40598290598290593,2
54,Male,4,3,0,Referral,medium,Digital Wallet,Android,4,162.75,23.226530612244897,0.1224489795918367,36.58,11.4375,2.2925000000000004,2.26,0.0581874356333676,0.0816326530612244,0,Q3,Mid-Low,2024-07,2025-11,0,0,Recent,0,0,1,0.2745726495726496,2
26,Other,7,29,0,Organic,high,Digital Wallet,iOS,8,203.93,23.843636363636364,0.2,64.42999999999999,13.083333333333334,2.345,4.66,0.0674482558981039,0.109090909090909,1,Q4,Mid-High,2025-05,2025-12,1,0,Inactive,1,1,0,0.4946581196581196,3
35,Female,1,2,0,Referral,medium,Credit Card,Web,3,39.88,19.33076923076923,0.0,0.0,0.0,0.0,0.0,0.0,0.0,0,Q1,Low,2023-11,2025-10,0,0,Recent,0,0,1,0.10683760683760685,2
55,Other,1,10,0,Partnership,medium,Digital Wallet,iOS,4,142.03,26.65853658536585,0.1707317073170731,26.75,13.24,4.323333333333333,4.780000000000001,0.1516016492229623,0.073170731707317,0,Q3,Mid-Low,2024-03,2025-11,0,0,Mid-Recent,0,0,1,0.5737179487179487,2
68,Other,5,2,0,Partnership,medium,Debit Card,Web,7,99.88,24.755000000000003,0.25,69.35,13.4,1.8416666666666663,5.49,0.0733564938535542,0.15,1,Q2,High,2025-10,2025-12,0,0,Recent,0,0,1,0.22916666666666666,4
39,Male,4,4,0,Ads,high,Cash,Android,4,183.55,21.66744186046512,0.1860465116279069,53.52,14.95,4.246,6.470000000000001,0.1078513085514252,0.1162790697674418,1,Q4,Mid-High,2023-01,2025-11,0,0,Recent,1,0,1,0.6030982905982906,1
33,Other,7,48,1,Ads,low,Debit Card,Web,5,138.63,21.688235294117646,0.0980392156862745,25.09,14.426666666666668,6.063333333333333,5.79,0.1875,0.0588235294117647,0,Q3,Mid-Low,2023-05,2025-10,1,1,Inactive,0,0,0,0.3733974358974359,0
21,Other,2,22,0,Referral,medium,Credit Card,iOS,0,128.06,27.65897435897436,0.1025641025641025,9.12,9.92,0.8000000000000007,0.0,0.0,0.0256410256410256,0,Q3,Low,2023-06,2025-11,1,0,Mid-Inactive,0,0,0,0.5026709401709402,2
43,Female,2,37,0,Partnership,low,Debit Card,Android,4,78.86,22.80322580645161,0.1290322580645161,36.72,14.756666666666666,2.5166666666666666,3.880000000000001,0.0955665024630542,0.0967741935483871,1,Q1,Mid-High,2024-08,2025-12,1,1,Inactive,0,0,0,0.2115384615384615,0
48,Female,1,22,0,Partnership,low,Credit Card,Android,1,86.31,23.04,0.1666666666666666,58.5,12.692,0.9920000000000002,0.0,0.0,0.1666666666666666,1,Q1,High,2023-12,2025-10,1,0,Mid-Inactive,0,0,0,0.47115384615384615,4
42,Other,1,38,0,Referral,low,Credit Card,Web,3,77.52,24.517241379310345,0.2413793103448276,8.08,12.28,4.199999999999999,3.6,0.3082191780821917,0.0344827586206896,0,Q1,Low,2024-12,2025-12,1,1,Inactive,0,0,0,0.4738247863247863,0
45,Other,0,47,0,Organic,medium,Digital Wallet,Android,8,94.78,26.254285714285714,0.1714285714285714,45.8,15.51,0.2433333333333334,0.2000000000000001,0.0043478260869565,0.0857142857142857,0,Q2,Mid-Low,2024-04,2025-12,1,1,Inactive,0,0,0,0.485576923076923,0
34,Other,0,25,0,Partnership,high,Debit Card,Web,8,229.09,25.804761904761907,0.1269841269841269,42.83,22.0,7.723333333333334,4.339999999999999,0.0920076319694721,0.0476190476190476,0,Q4,Low,2024-08,2025-12,1,0,Mid-Inactive,1,1,0,0.327457264957265,3
67,Male,1,1,0,Ads,medium,Digital Wallet,Web,3,56.5,25.178947368421053,0.1578947368421052,0.0,0.0,0.0,0.0,0.0,0.0,0,Q1,Low,2023-04,2025-11,0,0,Recent,0,0,1,0.34775641025641024,2
61,Male,0,53,0,Referral,high,Cash,iOS,12,244.2,24.2796875,0.140625,36.03,10.28,1.2724999999999995,4.33,0.1072844400396432,0.0625,0,Q4,Mid-Low,2025-09,2025-12,1,1,Inactive,1,1,0,0.5470085470085471,3
24,Other,5,3,0,Organic,medium,Debit Card,Web,3,88.5,27.35172413793104,0.1724137931034483,10.71,5.98,2.41,1.37,0.11341059602649,0.1034482758620689,1,Q1,Mid-High,2024-03,2025-10,0,0,Recent,0,0,1,0.5154914529914529,4
34,Male,4,17,0,Referral,medium,Credit Card,iOS,3,91.82,27.3375,0.125,25.51,12.356666666666667,3.8533333333333335,0.0,0.0,0.09375,1,Q2,Mid-High,2024-03,2025-12,0,0,Mid-Inactive,0,0,0,0.4033119658119658,4
60,Male,0,54,0,Referral,medium,Credit Card,Web,5,44.58,22.55263157894737,0.2105263157894736,33.7,16.25,5.016666666666667,9.51,0.2200879426058782,0.1578947368421052,1,Q1,High,2024-03,2025-12,1,1,Inactive,0,0,0,0.18108974358974358,0
42,Other,5,9,0,Referral,medium,Debit Card,Android,2,163.91,25.81020408163265,0.2244897959183673,124.57,14.908,2.451,0.0,0.0,0.2040816326530612,1,Q3,High,2025-06,2025-12,0,0,Mid-Recent,0,0,1,0.3023504273504274,4
47,Other,0,6,0,Partnership,medium,Digital Wallet,Android,7,153.84,26.026415094339622,0.1132075471698113,33.24,12.916666666666666,1.836666666666667,2.55,0.0712489522212908,0.0566037735849056,0,Q3,Low,2023-04,2025-12,0,0,Recent,0,0,1,0.375,2
34,Male,6,55,0,Organic,medium,Credit Card,Android,7,129.43,22.0,0.1333333333333333,22.42,12.15,4.676666666666666,2.6999999999999997,0.1074840764331209,0.0666666666666666,0,Q3,Mid-Low,2023-01,2025-11,1,1,Inactive,0,0,0,0.3408119658119658,0
39,Male,2,9,0,Organic,low,Debit Card,Android,0,101.68,26.686486486486487,0.1081081081081081,30.08,11.17,1.143333333333333,6.73,0.1828307525129041,0.081081081081081,0,Q2,Mid-Low,2023-03,2025-12,0,0,Mid-Recent,0,0,1,0.4941239316239316,2
49,Male,8,36,0,Ads,high,Cash,iOS,6,243.36,26.35555555555556,0.1904761904761904,49.14,13.407999999999998,3.58,0.4100000000000001,0.0082744702320888,0.0793650793650793,0,Q4,Mid-Low,2024-07,2025-11,1,1,Inactive,1,1,0,0.702457264957265,3
52,Female,4,62,1,Referral,medium,Cash,Web,3,143.65,25.095121951219515,0.0975609756097561,49.620000000000005,19.0,2.4599999999999995,3.42,0.0644796380090497,0.073170731707317,0,Q3,Mid-Low,2023-01,2025-09,1,1,Inactive,0,0,0,0.6014957264957266,0
24,Male,8,41,0,Referral,medium,Digital Wallet,Android,8,158.07,24.546296296296298,0.1481481481481481,57.28,14.19,-0.1300000000000001,8.19,0.1250954635711012,0.074074074074074,0,Q3,Mid-Low,2023-09,2025-12,1,1,Inactive,0,0,0,0.6014957264957265,0
49,Male,6,30,0,Referral,high,Cash,Android,8,339.96,23.478048780487807,0.1707317073170731,72.98,13.72,4.5975,8.58,0.1051986267778322,0.0975609756097561,1,Q4,Mid-High,2023-11,2025-12,1,1,Inactive,1,1,0,0.5614316239316239,3
62,Female,0,30,0,Referral,medium,Cash,Android,2,116.08,23.45757575757576,0.1818181818181818,40.14,10.084,2.056,0.0,0.0,0.1515151515151515,1,Q2,High,2024-08,2025-12,1,1,Inactive,0,0,0,0.3450854700854701,0
43,Other,3,5,0,Ads,low,Credit Card,Android,8,122.23,25.255102040816325,0.1020408163265306,60.51,18.32,3.1925000000000003,0.9399999999999996,0.0152969894222945,0.0816326530612244,0,Q3,Mid-Low,2023-10,2025-11,0,0,Recent,0,0,1,0.35790598290598297,2
25,Other,4,12,1,Organic,low,Digital Wallet,Android,5,74.57,24.807142857142857,0.1785714285714285,26.32,14.5,1.3400000000000007,8.1,0.2353282975014526,0.0714285714285714,0,Q1,Mid-Low,2023-07,2025-12,0,0,Mid-Recent,0,0,1,0.3167735042735043,2
58,Other,3,13,0,Organic,high,Digital Wallet,iOS,8,338.14,24.312941176470588,0.1294117647058823,87.8,14.39,1.8471428571428576,1.7100000000000009,0.0191040107250586,0.0823529411764705,0,Q4,Mid-Low,2023-08,2025-11,0,0,Mid-Recent,1,0,1,0.7409188034188035,1
66,Female,0,0,0,Ads,low,Credit Card,Android,4,100.19,26.422500000000003,0.25,86.74,13.788571428571428,1.3971428571428572,2.979999999999998,0.0332144449398127,0.175,1,Q2,High,2025-10,2025-12,0,0,Recent,0,0,1,0.20833333333333331,4
37,Other,4,3,0,Referral,medium,Digital Wallet,Android,2,213.13,24.425,0.1833333333333333,65.19,11.33375,3.185,6.850000000000001,0.0950860632981677,0.1333333333333333,1,Q4,High,2024-06,2025-12,0,0,Recent,1,0,1,0.40491452991453,1
58,Female,7,32,0,Ads,high,Credit Card,iOS,6,247.55,25.993548387096773,0.1935483870967742,71.06,12.546666666666669,0.703333333333333,0.1300000000000003,0.0018260991712319,0.0967741935483871,1,Q4,Mid-High,2023-12,2025-12,1,1,Inactive,1,1,0,0.5731837606837606,3
64,Other,0,50,0,Partnership,high,Cash,iOS,12,288.85,24.77733333333333,0.1733333333333333,100.32,13.123333333333331,1.9766666666666663,8.65,0.0793796457740662,0.12,1,Q4,High,2023-10,2025-12,1,1,Inactive,1,1,0,0.3856837606837607,3
59,Female,3,20,0,Partnership,medium,Credit Card,iOS,2,51.09,28.557894736842105,0.1578947368421052,27.32,11.686666666666667,2.58,7.92,0.2247446083995459,0.1578947368421052,1,Q1,High,2024-08,2025-12,1,0,Mid-Inactive,0,0,0,0.43803418803418803,4
21,Female,5,2,1,Partnership,medium,Credit Card,iOS,8,86.57,26.22222222222222,0.1666666666666666,28.36,11.773333333333332,2.32,0.4800000000000004,0.0166435506241331,0.0833333333333333,0,Q1,Mid-Low,2024-04,2025-12,0,0,Recent,0,0,1,0.47596153846153844,2
47,Other,1,12,0,Ads,medium,Credit Card,iOS,5,120.77,24.29285714285714,0.1428571428571428,30.91,11.11,3.3825,0.92,0.0289035501099591,0.0952380952380952,1,Q2,Mid-High,2024-10,2025-12,0,0,Mid-Recent,0,0,1,0.48771367521367526,4
49,Other,2,5,0,Partnership,medium,Credit Card,iOS,10,253.77,24.257142857142856,0.1168831168831168,24.39,11.973333333333334,3.8433333333333337,1.0099999999999998,0.039763779527559,0.0389610389610389,0,Q4,Low,2025-08,2025-12,0,0,Recent,1,0,1,0.5400641025641026,1
18,Male,4,42,0,Organic,medium,Credit Card,Android,7,176.85,27.48363636363636,0.2,96.23,18.926666666666662,2.888333333333333,3.139999999999999,0.0315990741672536,0.109090909090909,1,Q4,Mid-High,2024-10,2025-10,1,1,Inactive,1,1,0,0.5432692307692308,3
28,Other,1,1,0,Referral,medium,Credit Card,Android,2,100.81,24.49090909090909,0.1818181818181818,72.25,16.86,2.41,1.09,0.0148622852467957,0.1515151515151515,1,Q2,High,2023-04,2025-11,0,0,Recent,0,0,1,0.22008547008547008,4
57,Male,2,16,0,Ads,medium,Cash,Android,8,98.52,22.9575,0.15,54.92,14.0,3.0160000000000005,1.0300000000000002,0.0184092940125111,0.125,1,Q2,High,2024-06,2025-12,0,0,Mid-Inactive,0,0,0,0.5694444444444444,4
38,Male,3,77,1,Organic,low,Debit Card,iOS,5,88.94,25.75454545454545,0.1818181818181818,9.84,12.0,2.16,1.8299999999999983,0.1568123393316194,0.0303030303030303,0,Q1,Low,2023-03,2025-12,1,1,Inactive,0,0,0,0.20619658119658119,0
29,Female,3,19,0,Referral,medium,Digital Wallet,iOS,3,64.15,29.563636363636363,0.1818181818181818,14.99,19.0,4.01,2.05,0.1203051643192488,0.0454545454545454,0,Q1,Low,2024-10,2025-12,0,0,Mid-Inactive,0,0,0,0.3952991452991453,2
28,Other,4,16,0,Ads,low,Cash,iOS,8,143.1,23.40754716981132,0.1509433962264151,85.17,24.0,2.7075000000000005,0.0499999999999998,0.0005867167331612,0.0754716981132075,0,Q3,Mid-Low,2023-10,2025-12,0,0,Mid-Inactive,0,0,0,0.625,1
20,Male,1,35,0,Partnership,medium,Debit Card,iOS,11,124.99,25.16122448979592,0.1224489795918367,32.6,11.3275,3.1775,0.0,0.0,0.0816326530612244,0,Q3,Mid-Low,2023-09,2025-12,1,1,Inactive,0,0,0,0.3301282051282052,0
23,Male,4,7,0,Ads,low,Credit Card,Web,5,165.6,25.083050847457628,0.0847457627118644,5.1,4.76,-0.3399999999999998,2.51,0.3298291721419185,0.0169491525423728,0,Q3,Low,2023-01,2025-11,0,0,Recent,0,0,1,0.48397435897435903,2
36,Female,4,56,0,Ads,medium,Debit Card,iOS,6,62.26,21.9,0.08,23.020000000000003,15.375,3.8649999999999993,5.76,0.2001389854065323,0.08,0,Q1,Mid-Low,2024-03,2025-12,1,1,Inactive,0,0,0,0.359508547008547,0
51,Female,2,0,0,Ads,medium,Debit Card,Web,0,49.4,22.76,0.0666666666666666,22.08,22.0,-0.0799999999999983,7.02,0.2412371134020618,0.0666666666666666,0,Q1,Mid-Low,2024-08,2025-09,0,0,Recent,0,0,1,0.30982905982905984,2
56,Male,4,1,0,Referral,high,Digital Wallet,Android,11,194.95,26.275510204081638,0.2653061224489796,68.75,14.206666666666663,2.748333333333333,4.25,0.0582191780821917,0.1224489795918367,1,Q4,High,2023-03,2025-12,0,0,Recent,1,0,1,0.48290598290598286,1
18,Other,1,12,0,Ads,low,Credit Card,Web,4,55.9,19.727272727272727,0.1363636363636363,8.88,12.28,3.3999999999999986,3.640000000000001,0.2907348242811501,0.0454545454545454,0,Q1,Low,2025-08,2025-12,0,0,Mid-Recent,0,0,1,0.21474358974358976,2
57,Female,9,6,0,Partnership,high,Debit Card,Android,8,236.53,24.859375,0.15625,50.29,16.560000000000002,3.9875,2.1999999999999997,0.0419127452848161,0.0625,0,Q4,Mid-Low,2023-03,2025-11,0,0,Recent,1,0,1,0.6164529914529915,1
30,Male,0,1,0,Partnership,high,Cash,iOS,5,159.77,22.50263157894737,0.0526315789473684,19.21,22.0,2.789999999999999,1.2800000000000002,0.0624694973157637,0.0263157894736842,0,Q3,Low,2024-04,2025-12,0,0,Recent,0,0,1,0.41506410256410253,2
60,Male,0,12,0,Organic,medium,Digital Wallet,iOS,0,167.83,22.628571428571423,0.1836734693877551,54.13,15.441999999999998,4.6160000000000005,1.08,0.0195616736098532,0.1020408163265306,1,Q4,Mid-High,2025-08,2025-12,0,0,Mid-Recent,1,0,1,0.5384615384615384,1
34,Female,2,18,0,Referral,low,Credit Card,Web,4,82.96,24.58125,0.1875,41.48,14.02,3.65,3.1500000000000004,0.0705803271342146,0.125,1,Q1,High,2024-10,2025-12,0,0,Mid-Inactive,0,0,0,0.2713675213675214,4
52,Male,2,2,0,Referral,high,Cash,Web,8,214.67,24.150943396226417,0.1886792452830188,44.02,11.602,2.798,1.66,0.036339754816112,0.0943396226415094,1,Q4,Mid-High,2023-06,2025-11,0,0,Recent,1,0,1,0.4722222222222222,1
22,Male,3,21,0,Organic,high,Cash,iOS,12,335.84,25.206172839506173,0.1975308641975308,136.38,14.181666666666668,2.8166666666666664,1.3299999999999996,0.009657976907995,0.1481481481481481,1,Q4,High,2023-09,2025-12,1,0,Mid-Inactive,1,1,0,0.43910256410256415,3
32,Male,7,7,1,Ads,medium,Credit Card,iOS,10,148.75,25.25,0.0961538461538461,57.22,15.865,1.5600000000000005,3.469999999999999,0.057175811501071,0.0769230769230769,0,Q3,Mid-Low,2024-10,2025-12,0,0,Recent,0,0,1,0.46794871794871795,2
30,Female,5,20,0,Referral,low,Cash,Web,5,110.26,23.47027027027027,0.054054054054054,20.49,14.38,4.135,1.08,0.0500695410292072,0.054054054054054,0,Q2,Low,2025-06,2025-12,1,0,Mid-Inactive,0,0,0,0.5288461538461539,2
21,Female,1,42,0,Ads,low,Cash,iOS,5,68.88,21.563333333333333,0.1,0.0,0.0,0.0,0.0,0.0,0.0,0,Q1,Low,2024-07,2025-11,1,1,Inactive,0,0,0,0.47115384615384615,0
41,Male,3,1,1,Ads,low,Digital Wallet,Android,6,89.03,25.469444444444445,0.1666666666666666,65.77,17.352,4.198,0.0,0.0,0.1388888888888889,1,Q1,High,2023-04,2025-11,0,0,Recent,0,0,1,0.38568376068376065,4
39,Male,4,2,0,Referral,medium,Digital Wallet,iOS,3,160.54,22.376923076923077,0.0961538461538461,43.34,12.9425,2.1075,0.5800000000000001,0.0132058287795992,0.0769230769230769,0,Q3,Mid-Low,2024-02,2025-12,0,0,Recent,0,0,1,0.3846153846153846,2
47,Female,7,50,0,Ads,high,Digital Wallet,iOS,10,278.65,24.54142857142857,0.2,72.68,11.13,2.0449999999999995,0.9499999999999992,0.0129023495857666,0.1142857142857142,1,Q4,Mid-High,2024-01,2025-12,1,1,Inactive,1,1,0,0.4129273504273505,3
56,Male,2,4,0,Ads,medium,Credit Card,Android,9,96.52,23.912820512820517,0.1025641025641025,43.06,25.0,3.469999999999999,0.1400000000000001,0.0032407407407407,0.0512820512820512,0,Q2,Low,2024-07,2025-12,0,0,Recent,0,0,1,0.5512820512820512,2
49,Male,0,31,0,Partnership,medium,Digital Wallet,iOS,3,60.44,26.87142857142857,0.0952380952380952,13.53,20.0,6.470000000000001,0.0,0.0,0.0476190476190476,0,Q1,Low,2024-08,2025-12,1,1,Inactive,0,0,0,0.2451923076923077,0
65,Male,4,0,0,Organic,low,Cash,Web,10,133.06,25.204,0.14,65.78,11.94,0.9766666666666662,0.92,0.0137931034482758,0.12,1,Q3,High,2025-06,2025-12,0,0,Recent,0,0,1,0.3899572649572649,4
55,Male,1,32,0,Partnership,medium,Credit Card,iOS,0,153.72,25.62439024390244,0.024390243902439,9.52,19.0,9.48,4.94,0.3416320885200553,0.024390243902439,0,Q3,Low,2025-10,2025-12,1,1,Inactive,0,0,0,0.28899572649572647,0
64,Other,0,0,0,Partnership,low,Cash,Android,3,95.87,26.52647058823529,0.2352941176470588,6.57,12.0,5.43,3.79,0.3658301158301159,0.0294117647058823,0,Q2,Low,2024-01,2025-10,0,0,Recent,0,0,1,0.48130341880341876,2
46,Female,4,38,1,Referral,high,Credit Card,Web,8,291.42,23.53043478260869,0.1594202898550724,97.13,18.45833333333333,2.27,0.3200000000000003,0.0032837352488455,0.0869565217391304,0,Q4,Mid-Low,2023-02,2025-10,1,1,Inactive,1,1,0,0.36004273504273504,3
31,Male,4,62,0,Organic,low,Debit Card,Web,3,109.48,23.48157894736842,0.1052631578947368,29.24,11.333333333333334,1.586666666666667,0.0100000000000002,0.0003418803418803,0.0789473684210526,0,Q2,Mid-Low,2024-10,2025-11,1,1,Inactive,0,0,0,0.5400641025641025,0
19,Female,2,26,1,Ads,high,Cash,Web,12,193.53,27.27169811320755,0.1320754716981132,42.75,26.0,4.625,4.699999999999999,0.0990516332982086,0.0377358490566037,0,Q4,Low,2023-04,2025-12,1,0,Mid-Inactive,1,1,0,0.36111111111111116,3
19,Female,1,35,0,Ads,medium,Cash,iOS,4,89.4,24.974285714285717,0.0857142857142857,20.64,12.14,1.8200000000000005,0.0599999999999996,0.0028985507246376,0.0571428571428571,0,Q1,Low,2023-08,2025-12,1,1,Inactive,0,0,0,0.3189102564102564,0
58,Female,1,89,1,Referral,medium,Cash,Web,5,62.05,22.9,0.0,0.0,0.0,0.0,0.0,0.0,0.0,0,Q1,Low,2024-06,2025-11,1,1,Inactive,0,0,0,0.531517094017094,0
51,Male,5,10,0,Partnership,medium,Digital Wallet,Web,6,96.31,21.6875,0.125,10.16,7.605,2.5250000000000004,0.0499999999999998,0.0048971596474044,0.0625,0,Q2,Mid-Low,2025-04,2025-12,0,0,Mid-Recent,0,0,1,0.35470085470085466,2
52,Other,5,5,0,Referral,medium,Digital Wallet,Web,5,86.77,21.083870967741937,0.2580645161290322,48.81,11.018,1.2559999999999998,1.7200000000000006,0.0340391846427864,0.1612903225806451,1,Q1,High,2025-04,2025-12,0,0,Recent,0,0,1,0.4754273504273504,4
50,Other,3,20,0,Referral,high,Credit Card,Android,4,241.33,23.35862068965517,0.1206896551724138,36.99,13.3125,4.065,0.0,0.0,0.0689655172413793,0,Q4,Mid-Low,2023-01,2025-12,1,0,Mid-Inactive,1,1,0,0.5422008547008548,3
47,Other,1,9,0,Organic,medium,Digital Wallet,iOS,5,112.54,23.010526315789477,0.1842105263157894,69.31,17.374000000000002,3.5120000000000005,0.0899999999999998,0.0012968299711815,0.131578947368421,1,Q2,High,2023-06,2025-10,0,0,Mid-Recent,0,0,1,0.47756410256410253,4
63,Male,1,47,0,Ads,medium,Digital Wallet,iOS,3,41.49,28.3,0.0714285714285714,0.0,0.0,0.0,0.0,0.0,0.0,0,Q1,Low,2023-05,2025-11,1,1,Inactive,0,0,0,0.2013888888888889,0
25,Other,3,11,0,Ads,medium,Debit Card,Android,5,60.22,25.59583333333333,0.125,11.48,13.97,2.49,4.84,0.2965686274509804,0.0416666666666666,0,Q1,Low,2025-06,2025-12,0,0,Mid-Recent,0,0,1,0.1607905982905983,2
35,Other,8,23,0,Organic,medium,Credit Card,iOS,6,201.47,25.4,0.109375,42.48,11.053999999999998,2.558,2.86,0.0630789589766211,0.078125,0,Q4,Mid-Low,2024-01,2025-12,1,0,Mid-Inactive,1,1,0,0.6164529914529915,3
40,Female,3,52,0,Referral,medium,Cash,Web,2,117.78,23.665853658536584,0.1463414634146341,49.53,13.468,3.561999999999999,1.9600000000000009,0.0380656438143328,0.1219512195121951,1,Q2,High,2025-06,2025-12,1,1,Inactive,0,0,0,0.30288461538461536,0
61,Other,5,43,0,Partnership,medium,Digital Wallet,Web,7,87.7,24.438888888888886,0.1666666666666666,76.95,20.738,5.348,2.01,0.0254559270516717,0.1388888888888889,1,Q1,High,2023-06,2025-09,1,1,Inactive,0,0,0,0.23985042735042733,0
30,Female,7,1,0,Referral,high,Cash,iOS,5,240.72,28.140983606557377,0.1475409836065573,66.49,14.633333333333333,3.551666666666667,0.0,0.0,0.0983606557377049,1,Q4,Mid-High,2025-04,2025-12,0,0,Recent,1,0,1,0.46474358974358976,1
22,Male,0,17,1,Organic,medium,Credit Card,Web,5,117.22,23.375,0.1,16.44,12.015,3.795,0.4699999999999997,0.0277942046126552,0.05,0,Q2,Low,2024-09,2025-12,0,0,Mid-Inactive,0,0,0,0.38888888888888884,2
49,Male,4,1,0,Referral,medium,Digital Wallet,Android,4,185.91,25.835185185185185,0.1481481481481481,63.09,17.33,1.5575000000000006,0.33,0.0052034058656575,0.074074074074074,0,Q4,Mid-Low,2023-07,2025-12,0,0,Recent,1,0,1,0.37927350427350426,1
26,Female,1,13,0,Partnership,medium,Cash,Web,7,70.73,26.064285714285717,0.2142857142857142,22.01,9.07,1.7333333333333332,9.06,0.291599613775346,0.1071428571428571,1,Q1,Mid-High,2024-06,2025-12,0,0,Mid-Recent,0,0,1,0.4278846153846154,4
36,Male,2,33,0,Referral,high,Debit Card,Web,10,180.04,23.722,0.1,34.08,9.412,2.595999999999999,5.470000000000001,0.1383059418457649,0.1,1,Q4,Mid-High,2023-09,2025-10,1,1,Inactive,1,1,0,0.6121794871794872,3
44,Other,1,8,0,Organic,medium,Cash,Web,4,109.94,25.039473684210527,0.131578947368421,29.340000000000003,15.64,0.9699999999999988,0.3500000000000001,0.0117884809700235,0.0526315789473684,0,Q2,Low,2024-10,2025-12,0,0,Mid-Recent,0,0,1,0.33867521367521364,2
53,Female,1,48,0,Organic,medium,Debit Card,Android,10,75.07000000000001,24.078125,0.15625,54.08,17.333333333333332,-0.6933333333333334,3.68,0.0637119113573407,0.09375,1,Q1,Mid-High,2023-04,2025-12,1,1,Inactive,0,0,0,0.4866452991452991,0
68,Female,7,1,0,Partnership,medium,Digital Wallet,Android,1,172.1,26.27058823529412,0.0980392156862745,31.98,16.09,0.0999999999999994,0.3999999999999999,0.0123533045089561,0.0392156862745098,0,Q4,Low,2024-04,2025-12,0,0,Recent,1,0,1,0.3247863247863248,2
27,Female,0,0,0,Partnership,high,Debit Card,Web,6,184.81,22.078048780487805,0.0975609756097561,24.83,16.5,4.085,2.380000000000001,0.0874678427048879,0.048780487804878,0,Q4,Low,2025-07,2025-12,0,0,Recent,1,0,1,0.5251068376068375,1
63,Other,2,20,0,Ads,medium,Debit Card,Web,4,118.51,26.03684210526316,0.1052631578947368,27.15,13.433333333333332,4.383333333333333,3.74,0.1210747814826804,0.0789473684210526,0,Q2,Mid-Low,2023-11,2025-12,1,0,Mid-Inactive,0,0,0,0.5261752136752136,2
28,Male,3,16,0,Referral,medium,Digital Wallet,Web,4,173.62,25.60384615384616,0.0769230769230769,12.8,12.28,-0.5200000000000014,0.7300000000000004,0.0539541759053954,0.0192307692307692,0,Q4,Low,2025-05,2025-12,0,0,Mid-Inactive,1,0,0,0.5721153846153846,2
46,Female,6,49,0,Ads,medium,Debit Card,Web,6,152.67,28.324,0.12,55.91,15.4375,1.4600000000000004,3.53,0.0593876177658142,0.08,0,Q3,Mid-Low,2024-02,2025-11,1,1,Inactive,0,0,0,0.5844017094017094,0
60,Female,0,70,0,Ads,high,Digital Wallet,Android,0,14.59,24.26,0.4,22.08,12.38,1.3400000000000007,1.5700000000000005,0.066384778012685,0.4,1,Q1,High,2023-10,2025-07,1,1,Inactive,0,0,0,0.2254273504273504,0
28,Other,2,7,1,Referral,medium,Credit Card,Android,12,93.65,25.721052631578942,0.131578947368421,28.98,13.676666666666668,4.016666666666667,2.5700000000000003,0.0814580031695721,0.0789473684210526,0,Q2,Mid-Low,2024-09,2025-11,0,0,Recent,0,0,1,0.49839743589743585,2
67,Male,0,3,0,Organic,low,Debit Card,iOS,5,93.55,24.11794871794872,0.0769230769230769,27.76,9.253333333333332,0.0,3.43,0.1099711445976274,0.0769230769230769,0,Q2,Mid-Low,2024-01,2025-12,0,0,Recent,0,0,1,0.5998931623931624,2
50,Female,1,8,0,Partnership,medium,Digital Wallet,Web,2,80.03,22.55,0.1153846153846153,15.5,21.0,5.5,4.049999999999999,0.207161125319693,0.0384615384615384,0,Q1,Low,2023-06,2025-10,0,0,Mid-Recent,0,0,1,0.37767094017094016,2
54,Other,7,0,1,Organic,medium,Credit Card,Web,3,195.7,25.344827586206897,0.1724137931034483,108.58,15.03625,1.46375,0.7600000000000016,0.00695079568319,0.1379310344827586,1,Q4,High,2023-12,2025-11,0,0,Recent,1,0,1,0.7019230769230769,1
20,Male,0,3,0,Organic,low,Credit Card,Android,1,47.68,27.3,0.25,14.82,14.0,-0.8200000000000003,0.0,0.0,0.0625,0,Q1,Mid-Low,2024-01,2025-11,0,0,Recent,0,0,1,0.3696581196581196,2
32,Female,7,118,0,Referral,medium,Digital Wallet,iOS,7,141.46,23.147058823529413,0.0980392156862745,53.1,15.365,2.09,0.7600000000000002,0.0141106572595618,0.0784313725490196,0,Q3,Mid-Low,2025-03,2025-12,1,1,Inactive,0,0,0,0.5122863247863247,0
59,Male,2,11,1,Organic,medium,Debit Card,iOS,4,79.24,27.225,0.1428571428571428,36.76,15.99,3.736666666666667,0.1099999999999998,0.0029834553837808,0.1071428571428571,1,Q1,Mid-High,2025-05,2025-12,0,0,Mid-Recent,0,0,1,0.2681623931623932,4
52,Female,5,5,0,Partnership,high,Debit Card,Android,11,220.24,25.062962962962963,0.1481481481481481,52.08,8.477500000000001,1.9675,5.069999999999999,0.0887139107611548,0.1481481481481481,1,Q4,High,2024-09,2025-11,0,0,Recent,1,0,1,0.3653846153846154,1
56,Other,5,101,0,Organic,medium,Cash,iOS,5,169.29,23.978571428571428,0.1428571428571428,34.0,15.666666666666666,4.333333333333333,6.109999999999999,0.1523310895038643,0.0535714285714285,0,Q4,Low,2024-02,2025-12,1,1,Inactive,1,1,0,0.5544871794871795,3
41,Female,1,9,0,Referral,low,Digital Wallet,Android,7,74.74,28.532258064516128,0.1612903225806451,39.0,11.8775,2.1274999999999995,10.7,0.215291750503018,0.1290322580645161,1,Q1,High,2024-07,2025-10,0,0,Mid-Recent,0,0,1,0.4823717948717948,4
37,Female,4,34,0,Ads,medium,Cash,Web,5,149.34,23.125,0.0833333333333333,30.48,9.69,2.07,0.0,0.0,0.0833333333333333,0,Q3,Mid-Low,2023-09,2025-12,1,1,Inactive,0,0,0,0.3605769230769231,0
46,Female,1,15,0,Partnership,low,Cash,iOS,2,92.77,24.91935483870968,0.1290322580645161,16.91,15.64,7.184999999999999,2.01,0.1062367864693445,0.064516129032258,0,Q2,Mid-Low,2025-10,2025-12,0,0,Mid-Inactive,0,0,0,0.280982905982906,2
56,Male,5,15,1,Ads,medium,Digital Wallet,Android,8,98.6,23.26923076923077,0.3076923076923077,91.06,14.773333333333332,4.655555555555555,2.0699999999999985,0.0222269945237839,0.2307692307692307,1,Q2,High,2023-04,2025-10,0,0,Mid-Inactive,0,0,0,0.329059829059829,4
39,Male,1,18,0,Referral,medium,Credit Card,Android,7,120.71,24.246511627906976,0.1860465116279069,59.870000000000005,16.39,1.4224999999999994,2.24,0.0360650458863307,0.0930232558139534,1,Q2,Mid-High,2024-10,2025-12,0,0,Mid-Inactive,0,0,0,0.34615384615384615,4
44,Male,6,10,0,Ads,medium,Debit Card,iOS,3,133.05,23.813636363636363,0.0909090909090909,29.67,10.69,3.2725,0.92,0.0300751879699248,0.0909090909090909,1,Q3,Mid-High,2023-11,2025-10,0,0,Mid-Recent,0,0,1,0.4893162393162393,4
36,Other,1,74,0,Referral,low,Digital Wallet,Web,4,136.74,25.10204081632653,0.1836734693877551,93.51,13.31625,1.6275,9.64,0.093456131846825,0.1632653061224489,1,Q3,High,2023-09,2025-11,1,1,Inactive,0,0,0,0.594017094017094,0
49,Other,2,49,0,Ads,medium,Credit Card,iOS,4,128.43,23.931578947368426,0.1578947368421052,34.51,11.8125,3.1850000000000005,0.3699999999999996,0.0106077981651376,0.1052631578947368,1,Q3,Mid-High,2024-09,2025-11,1,1,Inactive,0,0,0,0.30395299145299143,0
34,Female,5,7,0,Referral,medium,Digital Wallet,Android,6,160.37,26.49607843137255,0.1176470588235294,28.16,12.92,3.5333333333333337,1.9600000000000009,0.0650730411686587,0.0588235294117647,0,Q3,Mid-Low,2025-10,2025-12,0,0,Recent,0,0,1,0.3247863247863248,2
49,Other,0,10,0,Referral,medium,Credit Card,Android,2,51.34,22.53333333333333,0.2222222222222222,51.33,21.41333333333333,4.303333333333334,4.850000000000001,0.0863296546813813,0.1666666666666666,1,Q1,High,2023-08,2025-10,0,0,Mid-Recent,0,0,1,0.2393162393162393,4
22,Other,0,8,0,Partnership,low,Cash,Android,0,40.88,26.307142857142857,0.0714285714285714,4.08,4.76,0.6799999999999997,6.08,0.5984251968503937,0.0714285714285714,0,Q1,Mid-Low,2023-08,2025-11,0,0,Mid-Recent,0,0,1,0.3333333333333333,2
62,Male,2,18,0,Referral,low,Digital Wallet,iOS,3,95.17,21.975,0.1666666666666666,45.85,18.093333333333334,2.809999999999999,4.52,0.0897359539408377,0.0833333333333333,0,Q2,Mid-Low,2025-02,2025-12,0,0,Mid-Inactive,0,0,0,0.44818376068376065,2
21,Male,5,2,0,Partnership,medium,Debit Card,Android,5,141.63,24.806818181818183,0.1590909090909091,19.44,14.62,4.9,5.699999999999999,0.2267303102625298,0.0454545454545454,0,Q3,Low,2024-03,2025-12,0,0,Recent,0,0,1,0.4754273504273504,2
21,Female,5,29,0,Partnership,medium,Digital Wallet,iOS,9,191.54,23.83,0.15,66.34,14.10142857142857,4.624285714285714,0.0,0.0,0.1166666666666666,1,Q4,High,2024-04,2025-12,1,0,Inactive,1,1,0,0.35630341880341887,3
36,Other,0,67,0,Ads,medium,Debit Card,iOS,3,62.72,24.29565217391304,0.0869565217391304,11.93,12.28,0.3499999999999996,10.84,0.4760649978041282,0.0434782608695652,0,Q1,Low,2024-04,2025-12,1,1,Inactive,0,0,0,0.3787393162393162,0
66,Male,2,21,0,Organic,medium,Digital Wallet,Android,3,96.84,25.08333333333333,0.2333333333333333,86.42,16.331666666666667,1.928333333333333,0.0,0.0,0.2,1,Q2,High,2024-07,2025-12,1,0,Mid-Inactive,0,0,0,0.2767094017094017,4
24,Other,1,11,0,Ads,medium,Credit Card,iOS,9,80.41,27.455172413793104,0.1724137931034483,60.13,16.1875,1.1550000000000002,0.6399999999999997,0.0105315122593384,0.1379310344827586,1,Q1,High,2023-06,2025-12,0,0,Mid-Recent,0,0,1,0.4391025641025641,4
36,Female,1,10,1,Partnership,medium,Digital Wallet,iOS,2,71.09,26.124,0.12,0.0,0.0,0.0,0.0,0.0,0.0,0,Q1,Low,2025-10,2025-12,0,0,Mid-Recent,0,0,1,0.172008547008547,2
31,Male,0,8,0,Ads,high,Credit Card,Android,5,187.05,22.06136363636364,0.2272727272727272,87.6,18.15,0.6300000000000006,2.1000000000000014,0.0234113712374582,0.1136363636363636,1,Q4,Mid-High,2024-07,2025-12,0,0,Mid-Recent,1,0,1,0.5448717948717949,1
22,Male,5,42,0,Referral,low,Cash,Android,6,124.63,24.30217391304348,0.0869565217391304,11.09,11.75,0.6600000000000001,0.8599999999999994,0.0719665271966526,0.0217391304347826,0,Q3,Low,2024-11,2025-11,1,1,Inactive,0,0,0,0.4075854700854701,0
62,Female,0,26,0,Partnership,medium,Digital Wallet,iOS,5,74.47,23.97407407407407,0.074074074074074,26.37,12.76,-0.4250000000000007,2.9899999999999984,0.1018392370572206,0.074074074074074,0,Q1,Mid-Low,2025-08,2025-11,1,0,Mid-Inactive,0,0,0,0.2638888888888889,2
19,Other,3,26,0,Ads,medium,Debit Card,Web,9,156.09,23.85892857142857,0.0892857142857142,29.55,23.5,8.725,1.08,0.0352595494613124,0.0357142857142857,0,Q3,Low,2023-01,2025-12,1,0,Mid-Inactive,0,0,0,0.5822649572649573,0
62,Male,2,28,1,Ads,medium,Debit Card,iOS,5,124.04,25.663157894736845,0.1578947368421052,28.49,16.673333333333332,7.176666666666666,12.22,0.3001719479243429,0.0789473684210526,0,Q3,Mid-Low,2024-08,2025-12,1,0,Inactive,0,0,0,0.5053418803418803,2
45,Other,2,23,1,Referral,high,Credit Card,Android,18,254.25,23.00434782608696,0.2318840579710145,139.3,12.044285714285715,2.0942857142857143,3.140000000000001,0.0220443695591126,0.2028985507246377,1,Q4,High,2024-08,2025-12,1,0,Mid-Inactive,1,1,0,0.6169871794871795,3
20,Male,3,7,0,Referral,low,Credit Card,Android,2,131.27,21.165116279069768,0.0930232558139534,10.05,17.0,6.949999999999999,0.0,0.0,0.0232558139534883,0,Q3,Low,2023-07,2025-11,0,0,Recent,0,0,1,0.5128205128205128,2
34,Male,4,48,0,Organic,high,Credit Card,iOS,4,186.94,25.98409090909091,0.1818181818181818,67.32000000000001,15.188,1.7239999999999995,0.4900000000000002,0.007226072850612,0.1136363636363636,1,Q4,Mid-High,2023-05,2025-12,1,1,Inactive,1,1,0,0.2601495726495726,3
56,Male,1,14,0,Ads,high,Digital Wallet,iOS,6,177.0,26.806818181818183,0.0909090909090909,57.78,16.82,2.375,0.3900000000000005,0.0067044868488911,0.0909090909090909,1,Q4,Mid-High,2024-09,2025-12,0,0,Mid-Recent,1,0,1,0.468482905982906,1
27,Other,4,8,0,Organic,high,Digital Wallet,iOS,6,217.13,23.96727272727273,0.0909090909090909,35.12,13.875,5.095000000000001,3.42,0.0887389724961079,0.0727272727272727,0,Q4,Mid-Low,2025-02,2025-12,0,0,Mid-Recent,1,0,1,0.3071581196581197,1
67,Other,0,32,1,Referral,medium,Credit Card,Web,6,105.47,25.813513513513517,0.1891891891891892,53.54,14.7425,1.3575,2.3200000000000003,0.041532402434658,0.1081081081081081,1,Q2,Mid-High,2025-05,2025-12,1,1,Inactive,0,0,0,0.31356837606837606,0
51,Male,1,22,0,Organic,high,Debit Card,Web,9,246.51,24.37727272727273,0.1515151515151515,65.85,12.333333333333334,1.3583333333333334,2.8100000000000005,0.040926303524614,0.0909090909090909,1,Q4,Mid-High,2024-04,2025-12,1,0,Mid-Inactive,1,1,0,0.42361111111111116,3
64,Male,4,0,0,Partnership,high,Digital Wallet,Web,5,196.11,23.77555555555556,0.1777777777777777,32.4,9.116,2.636,4.609999999999999,0.1245609294785193,0.1111111111111111,1,Q4,Mid-High,2024-06,2025-12,0,0,Recent,1,0,1,0.28525641025641024,1
29,Female,4,7,0,Ads,medium,Digital Wallet,Android,13,136.61,22.552830188679245,0.1132075471698113,70.14,14.168333333333331,2.478333333333333,0.9900000000000002,0.013918177983973,0.1132075471698113,1,Q3,Mid-High,2025-05,2025-12,0,0,Recent,0,0,1,0.38888888888888884,4
31,Other,1,2,0,Partnership,low,Credit Card,Android,5,136.41,24.163265306122447,0.2040816326530612,29.52,7.925999999999999,2.022,0.8199999999999998,0.027027027027027,0.1020408163265306,1,Q3,Mid-High,2024-10,2025-12,0,0,Recent,0,0,1,0.531517094017094,4
47,Male,5,13,0,Partnership,high,Digital Wallet,Web,7,261.19,25.75076923076923,0.1384615384615384,52.43,12.783333333333331,4.045,0.0,0.0,0.0923076923076923,1,Q4,Mid-High,2024-10,2025-11,0,0,Mid-Recent,1,0,1,0.5026709401709402,1
53,Other,5,1,0,Referral,medium,Digital Wallet,Android,6,137.42000000000002,24.96511627906977,0.2093023255813953,34.15,12.3375,3.8,2.51,0.0684669939989088,0.0930232558139534,1,Q3,Mid-High,2025-03,2025-12,0,0,Recent,0,0,1,0.5753205128205128,4
42,Female,2,3,0,Organic,high,Cash,iOS,11,221.71,23.843859649122805,0.1403508771929824,33.64,11.7125,3.3025,1.6899999999999995,0.0478347013869232,0.0701754385964912,0,Q4,Mid-Low,2023-09,2025-12,0,0,Recent,1,0,1,0.6212606837606838,1
44,Female,5,27,0,Ads,medium,Credit Card,Android,5,89.16,24.176470588235293,0.2058823529411764,60.58,14.62,-0.5250000000000004,0.4599999999999991,0.0075360419397116,0.1176470588235294,1,Q1,High,2025-10,2025-12,1,0,Mid-Inactive,0,0,0,0.328525641025641,4
29,Male,2,22,1,Referral,medium,Cash,Android,8,124.44,24.32244897959184,0.1224489795918367,39.33,13.82,3.9875,1.2100000000000009,0.0298470646275283,0.0816326530612244,0,Q3,Mid-Low,2023-05,2025-12,1,0,Mid-Inactive,0,0,0,0.48290598290598286,0
60,Other,4,0,0,Referral,medium,Debit Card,Android,2,80.25,25.058333333333334,0.0416666666666666,6.7,8.0,1.2999999999999998,2.84,0.2976939203354298,0.0416666666666666,0,Q1,Low,2024-08,2025-11,0,0,Recent,0,0,1,0.2580128205128205,2
62,Other,3,80,0,Ads,low,Credit Card,Android,4,63.15,23.633333333333333,0.1111111111111111,0.0,0.0,0.0,0.0,0.0,0.0,0,Q1,Low,2025-05,2025-12,1,1,Inactive,0,0,0,0.5277777777777778,0
39,Male,5,3,1,Referral,medium,Debit Card,Android,4,176.59,25.19056603773585,0.0943396226415094,4.01,6.76,2.75,0.3199999999999985,0.0739030023094685,0.0188679245283018,0,Q4,Low,2023-01,2025-12,0,0,Recent,1,0,1,0.4097222222222222,2
35,Other,7,12,0,Partnership,low,Digital Wallet,Android,7,129.12,26.478,0.16,57.85,14.355,-0.1075000000000002,0.2000000000000001,0.0034453057708871,0.08,0,Q3,Mid-Low,2023-10,2025-11,0,0,Mid-Recent,0,0,1,0.5774572649572649,2
43,Female,3,1,0,Ads,medium,Cash,iOS,6,113.79,23.360526315789475,0.1842105263157894,70.64,14.474285714285712,4.382857142857143,0.0,0.0,0.1842105263157894,1,Q2,High,2025-07,2025-12,0,0,Recent,0,0,1,0.43589743589743585,4
34,Female,10,22,0,Ads,high,Debit Card,iOS,6,287.04,24.486956521739128,0.1304347826086956,71.22999999999999,19.2,4.954000000000001,7.9,0.0998357133830405,0.072463768115942,0,Q4,Mid-Low,2024-05,2025-12,1,0,Mid-Inactive,1,1,0,0.5544871794871795,3
65,Male,2,25,0,Partnership,high,Credit Card,iOS,8,195.19,26.83469387755102,0.2040816326530612,49.11,11.636,1.814,1.33,0.0263679619349722,0.1020408163265306,1,Q4,Mid-High,2024-05,2025-10,1,0,Mid-Inactive,1,1,0,0.48290598290598286,3
56,Other,0,8,0,Ads,low,Digital Wallet,Web,2,27.38,27.70833333333333,0.0833333333333333,0.0,0.0,0.0,0.0,0.0,0.0,0,Q1,Low,2024-05,2025-12,0,0,Mid-Recent,0,0,1,0.20673076923076922,2
24,Male,5,48,0,Partnership,medium,Debit Card,Android,5,88.3,25.508823529411767,0.088235294117647,12.89,13.24,0.3499999999999996,5.109999999999999,0.2838888888888888,0.0294117647058823,0,Q1,Low,2024-05,2025-12,1,1,Inactive,0,0,0,0.21047008547008544,0
49,Other,0,24,0,Organic,low,Credit Card,iOS,1,94.35,23.796875,0.25,53.400000000000006,12.186,1.5059999999999998,0.8799999999999999,0.0162122328666175,0.15625,1,Q2,High,2024-03,2025-09,1,0,Mid-Inactive,0,0,0,0.24358974358974358,4
25,Female,7,6,0,Organic,low,Cash,Android,7,133.91,23.054901960784317,0.2352941176470588,98.53,18.72,6.40375,3.92,0.0382625671059053,0.1568627450980392,1,Q3,High,2024-05,2025-12,0,0,Recent,0,0,1,0.5331196581196581,4
20,Male,0,53,1,Organic,low,Debit Card,Android,4,85.71000000000001,21.126470588235296,0.1176470588235294,29.18,20.0,5.409999999999999,0.0,0.0,0.0588235294117647,0,Q1,Mid-Low,2024-08,2025-12,1,1,Inactive,0,0,0,0.48824786324786323,0
26,Female,1,2,0,Partnership,low,Credit Card,Web,2,34.7,19.78666666666667,0.1333333333333333,31.64,16.745,0.9250000000000002,1.46,0.0441087613293051,0.1333333333333333,1,Q1,High,2023-03,2025-08,0,0,Recent,0,0,1,0.4487179487179487,4
60,Other,0,4,0,Partnership,low,Debit Card,Web,3,80.13,26.37586206896552,0.1379310344827586,26.71,16.62,3.265000000000001,9.76,0.2676172196325747,0.0689655172413793,0,Q1,Mid-Low,2024-10,2025-11,0,0,Recent,0,0,1,0.3627136752136752,2
43,Female,0,1,0,Partnership,high,Digital Wallet,Android,12,302.31,23.567123287671237,0.1232876712328767,60.1,14.563999999999998,2.5440000000000005,0.0599999999999987,0.0009973404255318,0.0684931506849315,0,Q4,Mid-Low,2024-07,2025-12,0,0,Recent,1,0,1,0.5438034188034189,1
21,Male,2,9,0,Ads,medium,Digital Wallet,Android,8,112.99,25.671111111111117,0.2666666666666666,108.58,14.561000000000002,3.703,0.0,0.0,0.2222222222222222,1,Q2,High,2023-06,2025-12,0,0,Mid-Recent,0,0,1,0.35470085470085466,4
19,Other,6,24,0,Partnership,medium,Credit Card,Android,5,131.01,24.531818181818185,0.0681818181818181,12.06,16.0,3.94,3.78,0.2386363636363636,0.0227272727272727,0,Q3,Low,2023-06,2025-11,1,0,Mid-Inactive,0,0,0,0.5587606837606838,2
40,Female,1,3,1,Referral,medium,Debit Card,iOS,12,165.36,26.338461538461537,0.1846153846153846,115.92,14.683333333333334,1.8033333333333332,5.62,0.046239921013658,0.1384615384615384,1,Q3,High,2023-01,2025-11,0,0,Recent,0,0,1,0.5721153846153846,4
59,Female,1,2,0,Referral,medium,Digital Wallet,iOS,5,165.08,27.325,0.1875,54.150000000000006,18.57,5.032499999999999,0.06,0.0011068068622025,0.0833333333333333,0,Q3,Mid-Low,2023-12,2025-11,0,0,Recent,0,0,1,0.5897435897435896,4
28,Male,5,33,1,Referral,medium,Cash,Web,5,137.01,25.60652173913044,0.2391304347826087,88.41,17.580000000000002,2.845,6.620000000000001,0.0696622119330737,0.1304347826086956,1,Q3,High,2024-03,2025-12,1,1,Inactive,0,0,0,0.2686965811965812,0
54,Other,3,8,0,Organic,low,Credit Card,Web,6,84.73,25.890625,0.1875,52.99,17.5675,4.32,1.1199999999999992,0.0206985769728331,0.125,1,Q1,High,2025-03,2025-11,0,0,Mid-Recent,0,0,1,0.4588675213675213,4
55,Male,4,4,0,Partnership,low,Cash,Android,6,123.22,25.97826086956522,0.1521739130434782,41.49,19.0,5.169999999999999,0.6699999999999999,0.0158918406072106,0.0652173913043478,0,Q3,Mid-Low,2024-05,2025-12,0,0,Recent,0,0,1,0.5673076923076923,2
24,Female,5,5,0,Ads,medium,Digital Wallet,Android,2,101.7,25.609375,0.1875,20.89,13.38,2.935,4.970000000000001,0.1921887084300077,0.0625,0,Q2,Mid-Low,2025-04,2025-12,0,0,Recent,0,0,1,0.47970085470085466,2
66,Other,1,53,0,Ads,medium,Digital Wallet,Android,2,51.3,20.34117647058824,0.1176470588235294,14.68,10.835,3.495,3.51,0.1929631665750412,0.1176470588235294,1,Q1,High,2023-04,2025-10,1,1,Inactive,0,0,0,0.3044871794871795,0
30,Female,3,19,0,Ads,low,Digital Wallet,Android,2,83.3,25.164516129032258,0.1290322580645161,52.52,21.426666666666662,3.92,1.94,0.0356224752111641,0.0967741935483871,1,Q1,Mid-High,2025-02,2025-12,0,0,Mid-Inactive,0,0,0,0.4893162393162393,4
37,Other,3,11,0,Ads,high,Credit Card,Web,7,157.93,23.79148936170213,0.2127659574468085,52.47,13.264,2.77,6.94,0.1168153509510183,0.1063829787234042,1,Q3,Mid-High,2023-05,2025-12,0,0,Mid-Recent,0,0,1,0.4951923076923077,4
24,Other,2,6,0,Organic,medium,Credit Card,Web,0,74.48,24.195652173913043,0.1739130434782608,24.95,17.14,4.665,3.1899999999999995,0.1133617626154939,0.0869565217391304,0,Q1,Mid-Low,2024-06,2025-12,0,0,Recent,0,0,1,0.3926282051282051,2
48,Female,3,2,1,Organic,medium,Credit Card,Web,3,51.21,25.03157894736842,0.1052631578947368,10.46,11.75,1.2899999999999991,3.86,0.2695530726256983,0.0526315789473684,0,Q1,Low,2024-12,2025-10,0,0,Recent,0,0,1,0.42414529914529914,2
50,Female,6,7,0,Organic,medium,Debit Card,Android,9,124.96,24.214,0.16,90.67,17.18285714285714,4.23,0.79,0.0086376558058167,0.14,1,Q3,High,2025-08,2025-12,0,0,Recent,0,0,1,0.6121794871794872,4
34,Other,0,3,0,Ads,low,Credit Card,Web,3,82.21,21.75675675675676,0.2432432432432432,92.89,16.39428571428571,3.124285714285715,7.32,0.0730466021355154,0.1891891891891892,1,Q1,High,2023-04,2025-11,0,0,Recent,0,0,1,0.4316239316239316,4
29,Other,0,22,0,Ads,medium,Cash,Android,7,66.35,26.59642857142857,0.3571428571428571,126.97,19.63888888888889,5.531111111111112,3.380000000000001,0.0259301879555044,0.3214285714285714,1,Q1,High,2023-09,2025-11,1,0,Mid-Inactive,0,0,0,0.44871794871794873,4
57,Female,1,56,0,Ads,medium,Digital Wallet,Android,2,112.48,24.791666666666668,0.1388888888888889,42.99,9.985,-0.7625000000000001,7.81,0.1537401574803149,0.1111111111111111,1,Q2,Mid-High,2023-11,2025-11,1,1,Inactive,0,0,0,0.219017094017094,0
33,Male,5,25,0,Partnership,medium,Cash,Android,4,173.3,25.63018867924529,0.1320754716981132,74.4,18.456,3.5760000000000005,1.23,0.0162633875446251,0.0943396226415094,1,Q4,Mid-High,2023-04,2025-12,1,0,Mid-Inactive,1,1,0,0.4305555555555556,3
58,Male,0,13,0,Organic,high,Digital Wallet,Web,11,359.54,25.753932584269663,0.1797752808988764,100.1,12.95,1.8277777777777775,9.13,0.0835850956696878,0.1011235955056179,1,Q4,Mid-High,2024-04,2025-12,0,0,Mid-Recent,1,0,1,0.5982905982905984,1
34,Other,5,86,1,Partnership,medium,Debit Card,iOS,2,184.25,22.33333333333333,0.1111111111111111,48.38,12.16,2.484,0.0,0.0,0.0925925925925925,1,Q4,Mid-High,2024-12,2025-12,1,1,Inactive,1,1,0,0.5528846153846153,3
30,Male,1,35,0,Organic,medium,Cash,Android,4,108.39,24.6,0.0294117647058823,0.0,0.0,0.0,0.0,0.0,0.0,0,Q2,Low,2025-07,2025-12,1,1,Inactive,0,0,0,0.31463675213675213,0
45,Female,3,12,0,Ads,medium,Debit Card,Android,5,78.37,24.043333333333333,0.1666666666666666,44.45,13.45,2.3375,5.879999999999999,0.1168289290681501,0.1333333333333333,1,Q1,High,2025-10,2025-12,0,0,Mid-Recent,0,0,1,0.20032051282051283,4
19,Female,6,60,0,Ads,medium,Credit Card,Web,3,186.11,24.28070175438597,0.1052631578947368,32.3,9.084,2.624,1.6899999999999995,0.0497205060311856,0.087719298245614,1,Q4,Mid-High,2023-03,2025-12,1,1,Inactive,1,1,0,0.39903846153846156,3
68,Male,1,1,0,Referral,low,Digital Wallet,Web,4,123.93,25.169047619047618,0.3095238095238095,117.76,15.133333333333333,2.048888888888889,0.0,0.0,0.2142857142857142,1,Q3,High,2023-07,2025-11,0,0,Recent,0,0,1,0.39743589743589747,4
22,Female,5,28,0,Referral,medium,Cash,Web,11,135.26,22.528571428571432,0.0816326530612244,23.38,12.495,0.8050000000000006,1.3900000000000006,0.0561162696810658,0.0408163265306122,0,Q3,Low,2025-04,2025-12,1,0,Inactive,0,0,0,0.594017094017094,2
33,Male,4,3,0,Organic,medium,Cash,iOS,5,147.19,24.55555555555556,0.0888888888888888,31.51,11.926666666666668,1.4233333333333331,3.879999999999999,0.1096354902514834,0.0666666666666666,0,Q3,Mid-Low,2024-10,2025-12,0,0,Recent,0,0,1,0.3060897435897436,2
56,Male,4,11,0,Organic,medium,Cash,Web,1,145.87,25.133333333333333,0.1904761904761904,60.97,13.768,1.5739999999999994,5.359999999999999,0.0808080808080808,0.119047619047619,1,Q3,High,2025-11,2025-12,0,0,Mid-Recent,0,0,1,0.20993589743589744,4
45,Male,8,5,0,Referral,medium,Debit Card,iOS,9,177.34,21.70862068965517,0.0517241379310344,13.01,5.739999999999999,1.403333333333333,3.4700000000000006,0.2105582524271845,0.0517241379310344,0,Q4,Low,2024-08,2025-12,0,0,Recent,1,0,1,0.5699786324786325,2
46,Female,6,54,1,Referral,medium,Cash,Web,6,74.78,26.944117647058825,0.1470588235294117,34.69,16.686666666666667,5.123333333333333,0.0,0.0,0.088235294117647,1,Q1,Mid-High,2023-11,2025-11,1,1,Inactive,0,0,0,0.30074786324786323,0
62,Male,1,37,0,Partnership,medium,Cash,Web,5,103.51,21.08823529411765,0.0588235294117647,11.19,12.28,1.09,5.62,0.3343248066627008,0.0294117647058823,0,Q2,Low,2025-08,2025-12,1,1,Inactive,0,0,0,0.516025641025641,0
35,Male,2,87,0,Partnership,medium,Digital Wallet,Android,8,133.43,25.204761904761902,0.119047619047619,24.66,9.666666666666666,1.446666666666667,0.1900000000000012,0.0076458752515091,0.0714285714285714,0,Q3,Mid-Low,2024-02,2025-10,1,1,Inactive,0,0,0,0.5293803418803419,0
59,Other,0,1,0,Referral,high,Debit Card,Android,8,165.84,25.40222222222222,0.1333333333333333,53.21,15.9025,2.6,6.159999999999999,0.1037561057773286,0.0888888888888888,1,Q3,Mid-High,2023-03,2025-11,0,0,Recent,0,0,1,0.5560897435897436,4
42,Female,7,15,0,Referral,medium,Debit Card,Android,5,119.9,24.602439024390247,0.0975609756097561,19.02,16.09,6.58,2.03,0.0964370546318289,0.048780487804878,0,Q2,Low,2023-11,2025-11,0,0,Mid-Inactive,0,0,0,0.30288461538461536,2
18,Female,1,9,0,Organic,low,Credit Card,iOS,6,124.61,22.973469387755102,0.1428571428571428,70.33,15.46,3.738333333333333,4.279999999999999,0.0573649644819729,0.1224489795918367,1,Q3,High,2023-02,2025-12,0,0,Mid-Recent,0,0,1,0.41346153846153844,4
31,Male,3,16,0,Organic,medium,Cash,iOS,13,116.15,23.61320754716981,0.1132075471698113,42.9,10.382,1.8020000000000005,0.0399999999999991,0.0009315323707498,0.0943396226415094,1,Q2,Mid-High,2023-01,2025-12,0,0,Mid-Inactive,0,0,0,0.47916666666666663,4
23,Female,5,19,0,Partnership,medium,Digital Wallet,Web,3,111.77,24.37894736842105,0.131578947368421,19.04,14.0,4.48,0.0,0.0,0.0526315789473684,0,Q2,Low,2023-05,2025-12,0,0,Mid-Inactive,0,0,0,0.42895299145299143,2
24,Male,5,21,0,Referral,low,Digital Wallet,Android,5,148.89,26.46538461538461,0.1346153846153846,58.19,13.551999999999998,1.9139999999999997,0.0,0.0,0.0961538461538461,1,Q3,Mid-High,2023-01,2025-11,1,0,Mid-Inactive,0,0,0,0.4818376068376068,4
64,Other,1,29,0,Partnership,medium,Credit Card,iOS,1,94.74,25.51034482758621,0.1034482758620689,38.17,15.343333333333334,2.62,0.0700000000000002,0.0018305439330544,0.1034482758620689,1,Q2,Mid-High,2025-04,2025-12,1,0,Inactive,0,0,0,0.3141025641025641,0
58,Female,1,70,1,Referral,medium,Cash,iOS,6,172.89,23.003773584905662,0.1320754716981132,56.91,18.5,4.2725,1.46,0.0250128490663011,0.0754716981132075,0,Q4,Mid-Low,2024-09,2025-12,1,1,Inactive,1,1,0,0.4722222222222222,3
38,Other,1,0,0,Referral,medium,Debit Card,iOS,9,174.23,22.37333333333333,0.1666666666666666,79.63,20.8,4.874,8.08,0.0921217649070801,0.0833333333333333,0,Q4,Mid-Low,2025-02,2025-12,0,0,Recent,1,0,1,0.6757478632478633,1
63,Other,2,16,0,Partnership,medium,Digital Wallet,Android,3,73.32,20.885185185185183,0.2222222222222222,54.77,13.848000000000004,2.894,0.0,0.0,0.1851851851851851,1,Q1,High,2024-06,2025-11,0,0,Mid-Inactive,0,0,0,0.35416666666666663,4
65,Male,3,5,0,Ads,low,Digital Wallet,Android,7,73.92,26.471875,0.0625,6.06,12.0,5.94,0.7199999999999998,0.1061946902654867,0.03125,0,Q1,Low,2025-01,2025-12,0,0,Recent,0,0,1,0.38247863247863245,2
23,Female,2,5,0,Ads,medium,Cash,Android,3,232.22,25.06619718309859,0.1690140845070422,98.43,14.377777777777778,3.441111111111111,2.539999999999999,0.0251559869268099,0.1267605633802817,1,Q4,High,2023-08,2025-12,0,0,Recent,1,0,1,0.3685897435897436,1
32,Male,2,24,0,Ads,medium,Credit Card,Android,2,51.29,22.447058823529414,0.1764705882352941,31.15,12.01,1.626666666666667,9.57,0.2350196463654224,0.1764705882352941,1,Q1,High,2023-02,2025-12,1,0,Mid-Inactive,0,0,0,0.3322649572649572,4
34,Other,1,21,1,Referral,medium,Cash,Web,3,132.54,24.34871794871795,0.1794871794871795,85.61,19.75,2.628,1.5700000000000005,0.0180087175957788,0.1282051282051282,1,Q3,High,2024-08,2025-12,1,0,Mid-Inactive,0,0,0,0.5582264957264956,4
56,Female,1,54,0,Referral,low,Digital Wallet,iOS,2,41.76,26.01333333333333,0.0666666666666666,0.0,0.0,0.0,0.0,0.0,0.0,0,Q1,Low,2024-01,2025-09,1,1,Inactive,0,0,0,0.3237179487179487,0
25,Male,0,19,0,Partnership,medium,Cash,iOS,0,12.62,34.025,0.0,0.0,0.0,0.0,0.0,0.0,0.0,0,Q1,Low,2024-05,2025-08,0,0,Mid-Inactive,0,0,0,0.22809829059829057,2
63,Male,3,8,0,Organic,medium,Digital Wallet,Web,5,74.98,22.991666666666664,0.125,21.22,14.14,3.53,5.79,0.2143650499814883,0.0833333333333333,0,Q1,Mid-Low,2024-03,2025-11,0,0,Mid-Recent,0,0,1,0.17467948717948717,2
42,Male,3,17,0,Ads,low,Debit Card,Android,3,95.16,27.068571428571428,0.0857142857142857,15.49,26.0,10.51,0.3899999999999997,0.0245591939546599,0.0285714285714285,0,Q2,Low,2024-06,2025-12,0,0,Mid-Inactive,0,0,0,0.4439102564102564,2
44,Male,3,33,0,Ads,medium,Credit Card,Android,4,188.06,27.7,0.16,42.05,10.188,1.778,2.229999999999998,0.0503613369467027,0.1,1,Q4,Mid-High,2024-01,2025-12,1,1,Inactive,1,1,0,0.40384615384615385,3
33,Other,2,57,0,Ads,medium,Digital Wallet,Web,8,69.03,24.10322580645161,0.1612903225806451,38.26,18.01,5.256666666666667,0.0,0.0,0.0967741935483871,1,Q1,Mid-High,2024-12,2025-12,1,1,Inactive,0,0,0,0.3295940170940171,0
23,Male,4,24,0,Ads,low,Digital Wallet,Web,1,70.24,22.56428571428572,0.1428571428571428,52.42,23.666666666666668,6.1933333333333325,2.84,0.0513934129569308,0.1071428571428571,1,Q1,Mid-High,2024-09,2025-12,1,0,Mid-Inactive,0,0,0,0.27510683760683763,4
61,Male,0,74,0,Partnership,low,Digital Wallet,iOS,4,114.21,22.55263157894737,0.131578947368421,53.81,13.94,0.4875,13.0,0.1945816494536746,0.1052631578947368,1,Q2,Mid-High,2023-01,2025-09,1,1,Inactive,0,0,0,0.32478632478632474,0
53,Male,8,24,1,Organic,high,Debit Card,Android,8,292.01,24.41029411764706,0.2058823529411764,83.93,14.205714285714285,2.2157142857142857,0.5999999999999996,0.007098071690524,0.1029411764705882,1,Q4,Mid-High,2025-08,2025-12,1,0,Mid-Inactive,1,1,0,0.7099358974358974,3
56,Other,0,8,1,Referral,medium,Digital Wallet,Web,7,75.51,21.20344827586207,0.1379310344827586,18.65,22.0,3.3500000000000014,2.1999999999999997,0.105515587529976,0.0344827586206896,0,Q1,Low,2023-05,2025-10,0,0,Mid-Recent,0,0,1,0.4391025641025641,2
42,Female,6,5,0,Organic,medium,Debit Card,Web,8,122.9,26.180851063829788,0.2127659574468085,26.49,17.14,3.895000000000001,1.1899999999999995,0.0429913294797687,0.0425531914893617,0,Q3,Low,2024-08,2025-12,0,0,Recent,0,0,1,0.4257478632478632,2
55,Male,3,5,0,Ads,high,Cash,Android,4,175.47,26.467441860465115,0.2093023255813953,41.13,12.2475,1.965,1.5399999999999991,0.0360909303960627,0.0930232558139534,1,Q4,Mid-High,2024-03,2025-10,0,0,Recent,1,0,1,0.4572649572649572,1
26,Male,2,0,0,Partnership,low,Debit Card,Android,5,95.64,25.021621621621623,0.1351351351351351,28.53,9.125,1.9925,1.5499999999999998,0.0515292553191489,0.1081081081081081,1,Q2,Mid-High,2024-04,2025-11,0,0,Recent,0,0,1,0.48717948717948717,4
38,Male,1,3,0,Partnership,high,Digital Wallet,Web,9,218.82,25.494915254237288,0.1016949152542373,39.75,9.752,1.802,1.67,0.0403186866248189,0.0847457627118644,0,Q4,Mid-Low,2024-05,2025-12,0,0,Recent,1,0,1,0.32425213675213677,1
45,Female,2,10,1,Organic,medium,Digital Wallet,Android,3,122.49,22.469767441860466,0.1162790697674418,36.5,19.666666666666668,7.5,0.1600000000000001,0.0043644298963447,0.0697674418604651,0,Q3,Mid-Low,2023-11,2025-12,0,0,Mid-Recent,0,0,1,0.40865384615384615,2
38,Other,2,64,1,Ads,medium,Cash,iOS,3,128.35,24.5075,0.1,22.67,15.0,3.665,6.690000000000001,0.2278610354223433,0.05,0,Q3,Low,2024-05,2025-11,1,1,Inactive,0,0,0,0.3194444444444444,0
27,Male,8,2,1,Ads,medium,Credit Card,Android,7,204.04,22.92,0.1166666666666666,23.74,16.23,4.359999999999999,5.369999999999999,0.1844726897973204,0.0333333333333333,0,Q4,Low,2024-09,2025-12,0,0,Recent,1,0,1,0.4604700854700855,1
28,Other,6,4,1,Partnership,medium,Credit Card,Android,5,117.73,30.336585365853654,0.2439024390243902,75.93,18.906,3.72,0.1200000000000001,0.0015779092702169,0.1219512195121951,1,Q2,High,2025-06,2025-12,0,0,Recent,0,0,1,0.25427350427350426,4
46,Female,0,3,0,Partnership,high,Cash,iOS,4,255.35,25.842857142857145,0.2142857142857142,121.52,12.770833333333334,2.6441666666666666,3.289999999999999,0.0263600673022994,0.2142857142857142,1,Q4,High,2024-09,2025-11,0,0,Recent,1,0,1,0.3669871794871795,1
25,Female,4,0,0,Ads,medium,Digital Wallet,iOS,3,145.16,23.410869565217396,0.1956521739130435,47.93,14.3,2.3175,1.6300000000000008,0.0328894269572235,0.0869565217391304,0,Q3,Mid-Low,2024-01,2025-12,0,0,Recent,0,0,1,0.43536324786324787,2
65,Other,5,38,0,Ads,medium,Credit Card,Web,1,199.9,25.719298245614038,0.1578947368421052,76.88,19.2,3.824,0.8900000000000001,0.0114440015430114,0.087719298245614,1,Q4,Mid-High,2025-02,2025-12,1,1,Inactive,1,1,0,0.4198717948717948,3
29,Female,3,15,0,Ads,medium,Cash,Web,7,85.13,24.826470588235296,0.1764705882352941,18.22,12.76,3.65,0.9900000000000002,0.051535658511192,0.0588235294117647,0,Q1,Mid-Low,2025-08,2025-12,0,0,Mid-Inactive,0,0,0,0.41185897435897434,2
39,Male,6,3,0,Referral,high,Cash,Android,7,348.51,25.00246913580247,0.1851851851851851,76.62,16.793333333333333,4.023333333333333,1.6799999999999995,0.021455938697318,0.074074074074074,0,Q4,Mid-Low,2024-02,2025-11,0,0,Recent,1,0,1,0.6474358974358975,1
24,Female,5,20,1,Referral,medium,Credit Card,Android,4,96.66,25.57272727272727,0.1818181818181818,39.69,21.5,1.6550000000000002,0.0199999999999995,0.0005036514731805,0.0606060606060606,0,Q2,Mid-Low,2025-07,2025-12,1,0,Mid-Inactive,0,0,0,0.4284188034188034,0
47,Other,2,6,1,Referral,low,Digital Wallet,iOS,4,62.32,25.885714285714283,0.1785714285714285,31.880000000000003,14.506666666666666,3.88,0.0,0.0,0.1071428571428571,1,Q1,Mid-High,2023-08,2025-09,0,0,Recent,0,0,1,0.3514957264957265,4
46,Female,6,15,0,Ads,medium,Credit Card,Web,3,101.83,26.71212121212121,0.0909090909090909,49.44,21.25,4.77,5.76,0.1043478260869565,0.0909090909090909,1,Q2,Mid-High,2025-02,2025-12,0,0,Mid-Inactive,0,0,0,0.5048076923076923,4
38,Male,4,2,0,Partnership,medium,Credit Card,Android,5,108.54,25.95116279069768,0.1860465116279069,84.82,14.886666666666663,0.7500000000000001,5.329999999999998,0.0591236827509705,0.1395348837209302,1,Q2,High,2025-06,2025-12,0,0,Recent,0,0,1,0.29059829059829057,4
29,Male,4,2,0,Referral,medium,Credit Card,iOS,5,91.98,26.510714285714283,0.1428571428571428,17.67,13.38,4.545,2.1900000000000004,0.1102719033232628,0.0714285714285714,0,Q2,Mid-Low,2023-06,2025-12,0,0,Recent,0,0,1,0.22649572649572652,2
42,Female,3,9,0,Ads,medium,Credit Card,Android,7,119.26,22.861538461538466,0.1794871794871795,32.95,16.875,0.4000000000000003,5.22,0.1367566151427822,0.0512820512820512,0,Q2,Low,2025-01,2025-12,0,0,Mid-Recent,0,0,1,0.34294871794871795,2
45,Other,4,5,1,Ads,low,Digital Wallet,Web,3,111.41,26.129268292682926,0.2682926829268293,41.99,13.9225,3.425,5.550000000000001,0.1167437946992006,0.0975609756097561,1,Q2,Mid-High,2023-08,2025-12,0,0,Recent,0,0,1,0.5945512820512819,4
41,Other,2,3,0,Partnership,high,Cash,Android,3,172.52,26.75526315789474,0.2368421052631578,97.07,13.91,1.77625,5.24,0.0512168898445899,0.2105263157894736,1,Q4,High,2024-04,2025-11,0,0,Recent,1,0,1,0.43589743589743585,4
35,Other,0,15,1,Referral,low,Cash,Android,8,109.11,24.265,0.075,23.790000000000003,12.59,0.6949999999999994,2.6,0.0985221674876847,0.05,0,Q2,Low,2023-06,2025-11,0,0,Mid-Inactive,0,0,0,0.5902777777777777,2
29,Female,4,11,0,Referral,medium,Credit Card,Web,8,97.48,20.902564102564103,0.1025641025641025,23.62,13.24,1.4300000000000006,7.609999999999999,0.2436759526096702,0.0512820512820512,0,Q2,Low,2025-09,2025-12,0,0,Mid-Recent,0,0,1,0.34294871794871795,2
47,Other,3,14,1,Ads,medium,Cash,Web,10,103.5,25.152380952380955,0.1904761904761904,79.96,16.398571428571426,4.975714285714285,6.370000000000001,0.0737866326885208,0.1666666666666666,1,Q2,High,2025-05,2025-11,0,0,Mid-Recent,0,0,1,0.48771367521367526,4
23,Female,1,18,0,Partnership,medium,Credit Card,Android,2,46.72,24.39375,0.125,13.71,20.0,6.289999999999999,0.0,0.0,0.0625,0,Q1,Mid-Low,2025-08,2025-12,0,0,Mid-Inactive,0,0,0,0.3766025641025641,2
27,Male,2,8,0,Ads,medium,Cash,Android,5,81.95,26.24827586206897,0.0344827586206896,6.54,12.28,5.739999999999999,4.469999999999999,0.4059945504087193,0.0344827586206896,0,Q1,Low,2025-07,2025-12,0,0,Mid-Recent,0,0,1,0.327991452991453,2
21,Other,1,13,0,Referral,medium,Credit Card,Web,3,97.07,26.32258064516129,0.2580645161290322,55.95,12.472,1.2819999999999996,0.7400000000000002,0.0130534485799964,0.1612903225806451,1,Q2,High,2024-10,2025-12,0,0,Mid-Recent,0,0,1,0.517094017094017,4
44,Male,2,17,0,Organic,low,Digital Wallet,Android,0,124.52,27.226829268292683,0.1951219512195122,52.46,13.226666666666668,4.483333333333333,1.8500000000000012,0.0340637083410053,0.1463414634146341,1,Q3,High,2023-09,2025-11,0,0,Mid-Inactive,0,0,0,0.49038461538461536,4
23,Other,2,6,0,Referral,medium,Cash,iOS,4,118.8,25.321052631578947,0.1578947368421052,50.28,19.30666666666667,2.546666666666667,0.4299999999999997,0.0084795898244922,0.0789473684210526,0,Q2,Mid-Low,2023-02,2025-11,0,0,Recent,0,0,1,0.3456196581196581,2
43,Male,5,5,0,Partnership,medium,Digital Wallet,Android,4,161.33,24.991304347826084,0.1304347826086956,44.040000000000006,13.0025,1.9924999999999995,0.0,0.0,0.0869565217391304,0,Q3,Mid-Low,2025-07,2025-12,0,0,Recent,0,0,1,0.6020299145299145,2
64,Female,3,18,0,Organic,medium,Digital Wallet,iOS,11,119.63,22.080851063829787,0.1489361702127659,50.96000000000001,12.702,2.51,2.380000000000001,0.0446194225721784,0.1063829787234042,1,Q2,Mid-High,2024-07,2025-10,0,0,Mid-Inactive,0,0,0,0.4604700854700854,4
29,Male,0,42,1,Referral,medium,Cash,Web,5,130.5,25.182926829268293,0.2682926829268293,71.07,14.581666666666669,2.7366666666666664,0.7200000000000006,0.0100292519849561,0.1463414634146341,1,Q3,High,2024-03,2025-11,1,1,Inactive,0,0,0,0.3862179487179487,0
18,Female,4,51,0,Referral,high,Debit Card,Web,13,326.02,23.586842105263155,0.131578947368421,33.81,8.112,1.35,0.0,0.0,0.0657894736842105,0,Q4,Mid-Low,2024-12,2025-12,1,1,Inactive,1,1,0,0.7024572649572649,3
47,Other,2,1,1,Partnership,low,Digital Wallet,Web,1,83.82,23.285714285714285,0.1428571428571428,31.98,16.12,0.1300000000000007,1.0999999999999996,0.0332527206771463,0.0714285714285714,0,Q1,Mid-Low,2025-10,2025-12,0,0,Recent,0,0,1,0.22649572649572652,2
41,Other,5,17,0,Organic,medium,Credit Card,iOS,4,87.39,21.959375,0.125,33.39,15.426666666666668,4.296666666666667,0.0,0.0,0.09375,1,Q1,Mid-High,2025-11,2025-12,0,0,Mid-Inactive,0,0,0,0.13247863247863248,4
18,Male,4,99,1,Referral,medium,Debit Card,iOS,5,184.91,27.088,0.16,89.93,14.4025,3.16125,4.19,0.0445176370590735,0.16,1,Q4,High,2024-11,2025-12,1,1,Inactive,1,1,0,0.40384615384615385,3
48,Other,4,7,0,Ads,medium,Cash,Web,1,193.29,25.510909090909088,0.2181818181818181,130.32,18.27555555555556,3.795555555555555,4.850000000000001,0.0358807427683657,0.1636363636363636,1,Q4,High,2025-02,2025-12,0,0,Recent,1,0,1,0.4321581196581197,1
30,Male,2,31,0,Partnership,medium,Debit Card,Android,5,118.41,27.207692307692305,0.2051282051282051,51.120000000000005,13.8775,1.0974999999999997,0.0,0.0,0.1025641025641025,1,Q2,Mid-High,2024-11,2025-12,1,1,Inactive,0,0,0,0.454059829059829,0
19,Male,4,35,0,Ads,low,Cash,Android,1,139.12,24.57555555555556,0.1333333333333333,59.08,15.264,3.4480000000000004,0.0,0.0,0.1111111111111111,1,Q3,Mid-High,2024-04,2025-12,1,1,Inactive,0,0,0,0.29914529914529914,0
19,Female,0,45,0,Ads,low,Digital Wallet,Web,6,87.22,25.73333333333333,0.2222222222222222,51.86,13.224,2.8519999999999994,5.039999999999999,0.0885764499121265,0.1388888888888889,1,Q1,High,2025-01,2025-12,1,1,Inactive,0,0,0,0.35790598290598286,0
21,Female,0,64,0,Referral,low,Cash,Android,3,17.19,31.1,0.25,35.22,22.0,4.390000000000001,2.1,0.0562700964630225,0.25,1,Q1,High,2025-01,2025-09,1,1,Inactive,0,0,0,0.09935897435897434,0
65,Other,0,1,0,Referral,low,Cash,Android,6,193.33,26.38507462686567,0.1194029850746268,52.27,15.62,2.5525,0.3999999999999994,0.0075944560470856,0.0597014925373134,0,Q4,Mid-Low,2025-01,2025-12,0,0,Recent,1,0,1,0.358440170940171,1
50,Other,1,39,0,Ads,low,Credit Card,Web,7,137.41,22.065957446808508,0.1276595744680851,15.92,5.646666666666667,0.34,1.2899999999999991,0.0749564206856478,0.0638297872340425,0,Q3,Mid-Low,2024-12,2025-12,1,1,Inactive,0,0,0,0.5576923076923077,0
45,Other,2,10,0,Referral,high,Digital Wallet,Web,8,280.42,23.35571428571429,0.1571428571428571,73.86,14.035714285714286,3.4842857142857144,2.76,0.0360219263899765,0.1,1,Q4,Mid-High,2023-03,2025-12,0,0,Mid-Recent,1,0,1,0.46848290598290604,1
48,Male,0,3,0,Organic,low,Cash,Web,4,103.77,24.485,0.1,5.28,6.76,1.4799999999999995,4.57,0.4639593908629441,0.025,0,Q2,Low,2023-04,2025-11,0,0,Recent,0,0,1,0.5347222222222222,2
19,Male,0,39,0,Ads,low,Cash,Android,2,106.77,28.078378378378385,0.1351351351351351,14.31,14.0,-0.3100000000000005,0.0500000000000007,0.0034818941504178,0.027027027027027,0,Q2,Low,2025-03,2025-12,1,1,Inactive,0,0,0,0.5566239316239316,0
32,Other,0,8,0,Organic,low,Cash,iOS,4,55.79,24.343478260869563,0.2608695652173913,37.14,12.39,3.1049999999999995,12.81,0.2564564564564564,0.1739130434782608,1,Q1,High,2025-02,2025-11,0,0,Mid-Recent,0,0,1,0.5245726495726496,4
64,Other,0,77,1,Partnership,medium,Digital Wallet,Android,5,134.05,25.88409090909091,0.1136363636363636,35.36,15.413333333333334,3.6266666666666665,2.9200000000000017,0.0762800417972832,0.0681818181818181,0,Q3,Mid-Low,2024-04,2025-12,1,1,Inactive,0,0,0,0.3087606837606838,0
57,Male,0,3,0,Referral,medium,Cash,iOS,5,116.56,24.25135135135135,0.1081081081081081,58.12,20.5,5.970000000000001,4.97,0.0787763512442542,0.1081081081081081,1,Q2,Mid-High,2023-04,2025-12,0,0,Recent,0,0,1,0.20245726495726496,4
30,Male,7,60,0,Referral,medium,Cash,Android,8,198.14,22.9,0.1,18.84,10.0,0.5799999999999996,0.120000000000001,0.0063291139240506,0.0333333333333333,0,Q4,Low,2023-04,2025-12,1,1,Inactive,1,1,0,0.5090811965811965,3
33,Male,1,1,0,Referral,medium,Digital Wallet,Android,8,128.84,25.50408163265306,0.1020408163265306,14.89,9.59,2.145,0.2600000000000015,0.0171617161716172,0.0408163265306122,0,Q3,Low,2025-06,2025-12,0,0,Recent,0,0,1,0.38568376068376065,2
61,Male,6,23,1,Referral,medium,Credit Card,Android,6,101.69,25.822222222222223,0.0833333333333333,0.0,0.0,0.0,0.0,0.0,0.0,0,Q2,Low,2025-05,2025-12,1,0,Mid-Inactive,0,0,0,0.26068376068376065,2
25,Other,1,1,0,Referral,low,Debit Card,Android,6,66.34,24.67142857142857,0.1071428571428571,2.28,3.49,1.2100000000000004,0.5299999999999994,0.1886120996441279,0.0357142857142857,0,Q1,Low,2023-06,2025-09,0,0,Recent,0,0,1,0.4764957264957265,2
39,Female,1,9,0,Organic,medium,Debit Card,Web,2,73.25,26.403846153846157,0.0769230769230769,19.26,13.985,4.355,1.7199999999999989,0.0819828408007625,0.0769230769230769,0,Q1,Mid-Low,2025-07,2025-12,0,0,Mid-Recent,0,0,1,0.15544871794871795,2
56,Other,2,3,0,Referral,medium,Cash,Android,3,85.5,24.341379310344827,0.1034482758620689,4.53,8.0,3.47,3.56,0.4400494437577255,0.0344827586206896,0,Q1,Low,2024-10,2025-12,0,0,Recent,0,0,1,0.5363247863247863,2
24,Other,1,10,0,Referral,high,Credit Card,iOS,3,145.98,23.855263157894736,0.2105263157894736,53.45,15.39,2.0275,3.08,0.0544843445957898,0.1052631578947368,1,Q3,Mid-High,2023-10,2025-12,0,0,Mid-Recent,0,0,1,0.5053418803418803,4
31,Female,4,53,0,Organic,high,Cash,Web,4,200.9,24.73913043478261,0.1739130434782608,46.57,15.3725,3.73,3.5699999999999985,0.0712006382130035,0.0869565217391304,0,Q4,Mid-Low,2025-07,2025-12,1,1,Inactive,1,1,0,0.5325854700854701,3
64,Male,3,40,0,Organic,low,Digital Wallet,iOS,8,138.31,26.833962264150944,0.1320754716981132,53.59,13.604,2.886,5.52,0.093385214007782,0.0943396226415094,1,Q3,Mid-High,2024-02,2025-12,1,1,Inactive,0,0,0,0.38888888888888884,0
30,Female,10,20,0,Referral,high,Debit Card,Android,9,306.16,25.941463414634143,0.1585365853658536,121.02,16.522222222222222,3.0755555555555563,1.0099999999999998,0.0082766532819798,0.1097560975609756,1,Q4,Mid-High,2023-12,2025-11,1,0,Mid-Inactive,1,1,0,0.6864316239316239,3
36,Other,6,1,0,Referral,medium,Digital Wallet,Android,6,130.74,23.764444444444447,0.2222222222222222,67.26,13.712857142857144,4.104285714285714,3.3599999999999994,0.0475785896346643,0.1555555555555555,1,Q3,High,2024-12,2025-12,0,0,Recent,0,0,1,0.44497863247863245,4
41,Other,4,23,0,Ads,low,Cash,iOS,4,140.93,22.614,0.16,78.2,12.75,1.5785714285714287,7.56,0.0881529850746268,0.14,1,Q3,High,2024-09,2025-11,1,0,Mid-Inactive,0,0,0,0.40384615384615385,4
45,Female,0,41,1,Partnership,medium,Digital Wallet,iOS,3,50.62,28.34375,0.0,0.0,0.0,0.0,0.0,0.0,0.0,0,Q1,Low,2024-02,2025-12,1,1,Inactive,0,0,0,0.4252136752136752,0
27,Male,5,2,0,Referral,low,Digital Wallet,Android,1,101.16,23.98421052631579,0.2894736842105263,58.33,12.856,1.19,0.2099999999999999,0.0035872907413734,0.131578947368421,1,Q2,High,2023-12,2025-11,0,0,Recent,0,0,1,0.46367521367521364,4
67,Male,2,57,0,Referral,low,Cash,iOS,5,155.31,21.517307692307693,0.1153846153846153,39.22,12.3,2.494999999999999,1.0799999999999996,0.0267990074441687,0.0769230769230769,0,Q3,Mid-Low,2025-07,2025-12,1,1,Inactive,0,0,0,0.5235042735042734,0
54,Male,2,9,0,Partnership,medium,Cash,Web,7,231.82,22.326760563380283,0.1690140845070422,63.89,10.02,2.03375,2.0,0.0303536196691455,0.1126760563380281,1,Q4,Mid-High,2023-07,2025-12,0,0,Mid-Recent,1,0,1,0.3616452991452992,1
37,Other,7,18,0,Organic,medium,Credit Card,Android,10,120.75,27.132558139534886,0.0930232558139534,11.09,5.59,0.0450000000000001,10.69,0.4908172635445362,0.0465116279069767,0,Q2,Low,2024-05,2025-12,0,0,Mid-Inactive,0,0,0,0.44337606837606836,2
57,Male,6,12,0,Partnership,medium,Debit Card,Web,9,101.2,23.61111111111111,0.1388888888888889,13.55,8.59,1.8150000000000008,5.459999999999999,0.2872172540768016,0.0555555555555555,0,Q2,Low,2023-03,2025-11,0,0,Mid-Recent,0,0,1,0.42040598290598286,2
68,Other,0,10,0,Organic,medium,Cash,iOS,3,39.46,26.9,0.1052631578947368,20.68,17.0,6.66,0.0,0.0,0.1052631578947368,1,Q1,Mid-High,2023-05,2025-10,0,0,Mid-Recent,0,0,1,0.41720085470085466,4
23,Male,4,8,0,Partnership,medium,Debit Card,Web,4,87.59,25.893939393939394,0.0909090909090909,4.51,6.76,2.25,4.01,0.4706572769953052,0.0303030303030303,0,Q1,Low,2024-01,2025-11,0,0,Mid-Recent,0,0,1,0.5048076923076923,2
36,Male,2,33,0,Organic,medium,Digital Wallet,Web,4,86.07,24.48,0.1,9.71,12.0,2.289999999999999,5.870000000000001,0.3767650834403081,0.0333333333333333,0,Q1,Low,2025-06,2025-12,1,1,Inactive,0,0,0,0.29059829059829057,0
19,Male,2,36,0,Ads,medium,Digital Wallet,Web,2,77.46,27.82692307692308,0.1153846153846153,35.349999999999994,14.17,2.386666666666667,4.94,0.1226110697443534,0.1153846153846153,1,Q1,Mid-High,2024-05,2025-12,1,1,Inactive,0,0,0,0.30822649572649574,0
50,Male,2,6,1,Organic,low,Digital Wallet,Web,5,44.97,23.05454545454545,0.0909090909090909,13.3,13.24,-0.0600000000000005,0.0,0.0,0.0454545454545454,0,Q1,Low,2025-05,2025-12,0,0,Recent,0,0,1,0.4230769230769231,2
40,Male,4,0,0,Referral,medium,Cash,Android,5,113.41,27.81578947368421,0.1052631578947368,33.849999999999994,14.76,3.4766666666666666,1.41,0.0399886557005105,0.0789473684210526,0,Q2,Mid-Low,2025-08,2025-12,0,0,Recent,0,0,1,0.2206196581196581,2
65,Male,5,9,0,Organic,medium,Debit Card,Web,5,134.57,24.587755102040816,0.2040816326530612,63.08,13.293333333333331,2.78,3.039999999999999,0.0459770114942528,0.1224489795918367,1,Q3,High,2023-01,2025-12,0,0,Mid-Recent,0,0,1,0.5106837606837606,4
54,Other,2,1,0,Organic,medium,Digital Wallet,Android,4,81.09,24.10322580645161,0.0967741935483871,12.7,13.97,1.2700000000000014,2.29,0.152768512341561,0.032258064516129,0,Q1,Low,2023-09,2025-12,0,0,Recent,0,0,1,0.3157051282051282,2
61,Male,4,15,0,Ads,medium,Credit Card,Android,6,119.56,26.41842105263158,0.131578947368421,23.96,9.19,3.2,3.960000000000001,0.1418338108882521,0.1052631578947368,1,Q2,Mid-High,2023-10,2025-12,0,0,Mid-Inactive,0,0,0,0.43589743589743585,4
55,Male,2,7,0,Partnership,medium,Credit Card,iOS,5,76.42,25.02142857142857,0.1428571428571428,4.11,8.0,3.89,0.0,0.0,0.0357142857142857,0,Q1,Low,2023-12,2025-11,0,0,Recent,0,0,1,0.37232905982905984,2
44,Male,3,38,0,Referral,low,Cash,iOS,3,90.59,28.340625,0.09375,3.65,3.32,-0.33,9.05,0.7125984251968503,0.03125,0,Q2,Low,2024-10,2025-12,1,1,Inactive,0,0,0,0.5352564102564102,0
31,Female,0,16,0,Organic,low,Cash,Web,8,151.21,22.592857142857145,0.125,22.12,14.14,3.079999999999999,4.49,0.1687335588124765,0.0357142857142857,0,Q3,Low,2025-10,2025-12,0,0,Mid-Inactive,0,0,0,0.31143162393162394,2
51,Female,7,76,0,Partnership,medium,Cash,Android,9,97.86,23.9725,0.2,54.15,16.456,5.626,1.6500000000000004,0.0295698924731182,0.125,1,Q2,High,2025-04,2025-12,1,1,Inactive,0,0,0,0.24305555555555552,0
64,Female,0,13,0,Ads,low,Debit Card,Android,6,108.64,27.2,0.1025641025641025,39.13,14.093333333333334,1.05,0.0,0.0,0.0769230769230769,0,Q2,Mid-Low,2025-11,2025-12,0,0,Mid-Recent,0,0,1,0.19017094017094016,2
26,Other,3,19,0,Ads,low,Cash,Android,8,106.15,26.195238095238096,0.119047619047619,42.53,14.752,6.246,0.1400000000000001,0.0032809936723693,0.119047619047619,1,Q2,High,2023-09,2025-11,0,0,Mid-Inactive,0,0,0,0.39743589743589747,4
65,Male,8,9,1,Referral,high,Cash,iOS,9,280.79,24.42236842105263,0.1842105263157894,93.18,14.21625,2.56875,2.02,0.0212184873949579,0.1052631578947368,1,Q4,Mid-High,2024-06,2025-11,0,0,Mid-Recent,1,0,1,0.6260683760683761,1
41,Other,1,0,0,Referral,high,Debit Card,iOS,7,228.4,25.03272727272727,0.2,77.05,12.7075,3.07625,6.8100000000000005,0.0812067731934176,0.1454545454545454,1,Q4,High,2025-07,2025-12,0,0,Recent,1,0,1,0.3002136752136752,1
37,Female,0,6,0,Organic,medium,Cash,iOS,7,142.69,22.711764705882352,0.1176470588235294,35.1,9.242,2.222,0.0,0.0,0.0980392156862745,1,Q3,Mid-High,2023-05,2025-12,0,0,Recent,0,0,1,0.3942307692307692,4
27,Other,6,29,0,Referral,medium,Digital Wallet,Android,6,249.72,27.66375,0.1625,100.63,13.8,2.618888888888889,1.450000000000001,0.0142045454545454,0.1125,1,Q4,Mid-High,2023-08,2025-11,1,0,Inactive,1,1,0,0.7126068376068376,3
29,Other,4,26,0,Referral,medium,Credit Card,Web,7,133.71,29.613636363636363,0.2045454545454545,71.86999999999999,14.18,3.9128571428571433,1.0999999999999996,0.0150746882280389,0.1590909090909091,1,Q3,High,2023-04,2025-12,1,0,Mid-Inactive,0,0,0,0.4198717948717949,4
22,Male,2,8,0,Partnership,medium,Digital Wallet,Web,5,84.53,23.351612903225806,0.0,0.0,0.0,0.0,0.0,0.0,0.0,0,Q1,Low,2023-09,2025-12,0,0,Mid-Recent,0,0,1,0.46848290598290593,2
39,Female,1,45,1,Ads,low,Debit Card,Web,5,132.68,26.160869565217396,0.1521739130434782,21.42,15.62,4.91,2.129999999999999,0.0904458598726114,0.0434782608695652,0,Q3,Low,2025-09,2025-12,1,1,Inactive,0,0,0,0.33119658119658124,0
66,Female,2,8,1,Ads,low,Digital Wallet,iOS,3,109.4,23.76428571428572,0.2142857142857142,58.85,12.901999999999996,1.132,4.18,0.0663176265270506,0.119047619047619,1,Q2,High,2024-05,2025-11,0,0,Mid-Recent,0,0,1,0.3557692307692307,4
60,Other,5,11,0,Partnership,medium,Debit Card,Android,4,90.5,23.8,0.1290322580645161,17.72,8.576666666666666,2.67,0.0399999999999991,0.0022522522522522,0.0967741935483871,1,Q2,Mid-High,2023-08,2025-10,0,0,Mid-Recent,0,0,1,0.20459401709401706,4
52,Male,2,54,0,Organic,medium,Credit Card,iOS,5,101.88,22.897222222222226,0.25,82.34,21.156,4.688000000000001,1.2599999999999998,0.0150717703349282,0.1388888888888889,1,Q2,High,2023-05,2025-12,1,1,Inactive,0,0,0,0.5245726495726496,0
54,Other,0,6,0,Referral,high,Credit Card,iOS,3,223.36,24.46666666666667,0.1481481481481481,61.72,20.5,5.069999999999999,7.33,0.1061549601737871,0.074074074074074,0,Q4,Mid-Low,2023-07,2025-12,0,0,Recent,1,0,1,0.5876068376068376,1
52,Other,6,32,0,Ads,medium,Cash,Web,3,95.98,25.757142857142856,0.2,54.6,15.08,1.4299999999999995,6.010000000000002,0.0991585546939449,0.1142857142857142,1,Q2,Mid-High,2023-11,2025-11,1,1,Inactive,0,0,0,0.423076923076923,0
25,Other,8,15,0,Referral,high,Digital Wallet,iOS,5,259.39,25.377586206896552,0.1896551724137931,74.96000000000001,14.56,2.066666666666666,0.0,0.0,0.1034482758620689,1,Q4,Mid-High,2024-07,2025-12,0,0,Mid-Inactive,1,0,0,0.5074786324786325,1
63,Other,3,2,0,Referral,medium,Digital Wallet,Android,4,164.8,23.98958333333333,0.1458333333333333,33.85,13.586666666666666,2.303333333333333,3.18,0.085876316500135,0.0625,0,Q3,Mid-Low,2023-08,2025-12,0,0,Recent,0,0,1,0.5272435897435896,2
20,Female,8,14,0,Organic,medium,Cash,iOS,9,109.46,23.554761904761904,0.2142857142857142,43.55,11.456,2.746,1.4099999999999997,0.0313612099644128,0.119047619047619,1,Q2,High,2023-08,2025-12,0,0,Mid-Recent,0,0,1,0.48771367521367526,4
19,Other,8,126,0,Partnership,low,Digital Wallet,iOS,7,169.84,27.3328125,0.171875,59.64,15.375,5.435,0.0,0.0,0.09375,1,Q4,Mid-High,2023-12,2025-11,1,1,Inactive,1,1,0,0.5886752136752137,3
24,Other,0,9,0,Organic,high,Debit Card,iOS,4,129.25,26.659375,0.21875,65.12,15.553333333333333,4.7,1.4399999999999995,0.0216346153846153,0.1875,1,Q3,High,2025-09,2025-12,0,0,Mid-Recent,0,0,1,0.4033119658119658,4
67,Male,11,6,0,Organic,medium,Cash,Web,5,191.06,24.136507936507936,0.1111111111111111,58.87,15.4,3.626,1.87,0.0307869608165953,0.0793650793650793,0,Q4,Mid-Low,2023-05,2025-12,0,0,Recent,1,0,1,0.5705128205128205,1
21,Other,5,31,1,Ads,medium,Credit Card,Web,5,107.82,22.25277777777778,0.0555555555555555,11.64,13.24,1.5999999999999996,0.0,0.0,0.0277777777777777,0,Q2,Low,2025-09,2025-12,1,1,Inactive,0,0,0,0.44818376068376065,0
37,Female,6,76,1,Organic,high,Debit Card,Android,6,232.23,26.73928571428572,0.0892857142857142,32.25,9.14,1.0775,8.25,0.2037037037037037,0.0714285714285714,0,Q4,Mid-Low,2024-02,2025-12,1,1,Inactive,1,1,0,0.5544871794871795,3
34,Female,2,2,0,Referral,medium,Debit Card,iOS,5,73.87,23.96896551724138,0.1034482758620689,11.49,8.52,2.7749999999999995,3.34,0.2252191503708698,0.0689655172413793,0,Q1,Mid-Low,2024-08,2025-11,0,0,Recent,0,0,1,0.3627136752136752,2
55,Male,4,0,0,Partnership,medium,Credit Card,Android,2,97.28,26.07878787878788,0.0909090909090909,0.0,0.0,0.0,0.0,0.0,0.0,0,Q2,Low,2024-06,2025-11,0,0,Recent,0,0,1,0.19925213675213677,2
38,Female,3,27,0,Referral,high,Cash,iOS,6,213.7,22.759615384615383,0.25,147.68,14.64,1.2145454545454546,8.399999999999999,0.053818554587391,0.2115384615384615,1,Q4,High,2024-11,2025-12,1,0,Mid-Inactive,1,1,0,0.4957264957264957,3
58,Male,2,5,0,Organic,low,Credit Card,iOS,9,111.69,25.179069767441863,0.1395348837209302,34.67,10.828,3.894,6.91,0.1661856661856662,0.1162790697674418,1,Q2,Mid-High,2023-06,2025-10,0,0,Recent,0,0,1,0.47115384615384615,4
59,Male,1,33,0,Partnership,medium,Cash,iOS,5,77.12,23.816666666666663,0.1333333333333333,23.9,12.28,0.3299999999999992,0.29,0.0119884249689954,0.0666666666666666,0,Q1,Mid-Low,2025-07,2025-12,1,1,Inactive,0,0,0,0.47115384615384615,0
31,Male,3,0,0,Ads,medium,Debit Card,Web,2,105.24,26.296875,0.1875,56.44,18.07,3.96,1.2599999999999998,0.0218370883882149,0.125,1,Q2,High,2025-08,2025-12,0,0,Recent,0,0,1,0.4588675213675213,4
53,Female,5,25,0,Referral,low,Cash,Web,5,103.56,24.33589743589744,0.0769230769230769,25.75,12.76,-0.1150000000000002,0.4200000000000017,0.0160489109667558,0.0512820512820512,0,Q2,Low,2024-03,2025-12,1,0,Mid-Inactive,0,0,0,0.516559829059829,2
59,Male,6,35,0,Referral,medium,Cash,Android,4,124.96,22.3,0.1395348837209302,56.38,11.571666666666667,2.1750000000000003,2.959999999999999,0.0498820357263228,0.1395348837209302,1,Q3,High,2023-10,2025-11,1,1,Inactive,0,0,0,0.49893162393162394,0
34,Other,7,3,0,Organic,medium,Debit Card,Web,7,101.67,26.67027027027027,0.2432432432432432,66.97999999999999,22.25,5.505000000000001,0.2699999999999996,0.0040148698884758,0.1081081081081081,1,Q2,Mid-High,2023-09,2025-12,0,0,Recent,0,0,1,0.27884615384615385,4
36,Male,6,4,1,Referral,medium,Digital Wallet,iOS,2,117.16,24.1725,0.15,28.65,10.853333333333332,1.3033333333333337,0.7899999999999991,0.0268342391304347,0.075,0,Q2,Mid-Low,2024-09,2025-11,0,0,Recent,0,0,1,0.45138888888888884,2
62,Male,4,51,0,Organic,low,Cash,iOS,7,113.78,24.846938775510203,0.1224489795918367,78.75,24.25,4.562499999999999,2.02,0.0250092856258511,0.0816326530612244,0,Q2,Mid-Low,2024-03,2025-12,1,1,Inactive,0,0,0,0.44818376068376065,0
50,Female,0,6,1,Organic,medium,Cash,Android,3,80.18,24.24642857142857,0.0714285714285714,17.84,19.0,1.16,2.1100000000000003,0.1057644110275689,0.0357142857142857,0,Q1,Low,2025-08,2025-12,0,0,Recent,0,0,1,0.40010683760683763,2
60,Female,2,35,0,Ads,medium,Cash,Web,10,276.74,24.11392405063291,0.0886075949367088,25.0,7.895,1.645,0.0,0.0,0.050632911392405,0,Q4,Low,2025-03,2025-12,1,1,Inactive,1,1,0,0.6875,3
19,Other,2,1,0,Referral,medium,Cash,iOS,3,90.01,25.60322580645161,0.1612903225806451,64.5,17.8,4.9,0.0,0.0,0.1612903225806451,1,Q1,High,2024-04,2025-12,0,0,Recent,0,0,1,0.4129273504273504,4
61,Male,2,16,0,Partnership,high,Cash,Web,9,197.91,23.780392156862742,0.1372549019607843,35.1,11.3925,2.6175,0.0,0.0,0.0784313725490196,0,Q4,Mid-Low,2025-08,2025-12,0,0,Mid-Inactive,1,0,0,0.359508547008547,1
68,Other,4,27,0,Referral,high,Cash,Web,1,142.74,21.711111111111112,0.1111111111111111,26.67,16.0,2.665,0.0,0.0,0.0555555555555555,0,Q3,Low,2025-10,2025-12,1,0,Mid-Inactive,0,0,0,0.2676282051282051,0
40,Female,1,18,0,Partnership,high,Debit Card,Web,3,174.42,26.62619047619048,0.1666666666666666,64.6,15.65,2.73,0.8800000000000003,0.013439218081857,0.119047619047619,1,Q4,High,2023-05,2025-11,0,0,Mid-Inactive,1,0,0,0.577991452991453,1
25,Female,4,18,0,Ads,high,Cash,iOS,3,144.97,23.28333333333333,0.1111111111111111,22.86,15.5,4.07,6.24,0.2144329896907216,0.0555555555555555,0,Q3,Low,2024-06,2025-12,0,0,Mid-Inactive,0,0,0,0.2745726495726496,2
65,Male,0,46,0,Organic,medium,Debit Card,iOS,4,152.54,25.855555555555554,0.0888888888888888,14.66,9.0,1.67,0.0,0.0,0.0444444444444444,0,Q3,Low,2024-06,2025-12,1,1,Inactive,0,0,0,0.25053418803418803,0
58,Female,6,6,0,Ads,medium,Cash,Android,5,90.99,25.13939393939394,0.2121212121212121,37.86,18.25333333333333,5.633333333333333,2.59,0.0640296662546353,0.0909090909090909,1,Q2,Mid-High,2024-10,2025-12,0,0,Recent,0,0,1,0.53258547008547,4
35,Female,5,11,0,Referral,high,Debit Card,Web,4,215.16,26.522916666666664,0.1041666666666666,48.25,24.5,0.375,11.36,0.190572051669183,0.0416666666666666,0,Q4,Low,2024-01,2025-12,0,0,Mid-Recent,1,0,1,0.5341880341880342,1
25,Female,1,34,0,Ads,low,Debit Card,Web,5,96.15,24.3675,0.2,54.13,20.746666666666663,2.7033333333333336,3.03,0.0530090972708187,0.075,0,Q2,Mid-Low,2025-02,2025-12,1,1,Inactive,0,0,0,0.5347222222222222,0
61,Other,6,6,0,Referral,medium,Debit Card,Web,5,129.99,25.73720930232558,0.1627906976744186,50.99,15.8075,3.0600000000000005,0.0,0.0,0.0930232558139534,1,Q3,Mid-High,2025-04,2025-12,0,0,Recent,0,0,1,0.4572649572649572,4
26,Female,7,19,0,Organic,high,Debit Card,Web,10,168.27,26.17959183673469,0.2653061224489796,90.29,13.66375,2.3774999999999995,3.119999999999999,0.0334011347821432,0.1632653061224489,1,Q4,High,2025-05,2025-12,0,0,Mid-Inactive,1,0,0,0.38568376068376065,1
62,Other,6,2,0,Partnership,high,Credit Card,Android,10,289.01,25.11891891891892,0.1486486486486486,112.13,12.824000000000002,1.611,2.15,0.0188134406720336,0.1351351351351351,1,Q4,High,2023-04,2025-12,0,0,Recent,1,0,1,0.5827991452991453,1
38,Female,7,8,0,Organic,high,Credit Card,Web,8,168.95,25.467391304347824,0.1739130434782608,52.94,13.9375,0.7025000000000001,0.5899999999999999,0.0110218569026713,0.0869565217391304,0,Q4,Mid-Low,2024-05,2025-12,0,0,Mid-Recent,1,0,1,0.5117521367521367,1
47,Female,1,10,0,Referral,medium,Debit Card,iOS,6,92.62,25.32857142857143,0.1428571428571428,25.1,9.36,0.9933333333333328,0.379999999999999,0.0149136577708005,0.0857142857142857,0,Q2,Mid-Low,2023-08,2025-10,0,0,Mid-Recent,0,0,1,0.3814102564102564,2
44,Other,0,11,0,Organic,medium,Credit Card,Android,3,103.07,26.545714285714286,0.1428571428571428,39.870000000000005,19.12,-0.8150000000000004,1.1999999999999993,0.0292184075967859,0.0571428571428571,0,Q2,Low,2025-05,2025-12,0,0,Mid-Recent,0,0,1,0.4091880341880342,2
39,Male,4,25,0,Ads,medium,Cash,iOS,3,136.9,24.8225,0.275,44.96,11.426666666666668,3.933333333333333,7.539999999999999,0.1436190476190476,0.15,1,Q3,High,2024-09,2025-12,1,0,Mid-Inactive,0,0,0,0.21527777777777776,4
30,Male,3,3,0,Organic,medium,Credit Card,Web,1,169.86,23.180769230769236,0.1538461538461538,33.78,13.173333333333332,1.913333333333333,0.1199999999999992,0.0035398230088495,0.0576923076923076,0,Q4,Mid-Low,2024-09,2025-11,0,0,Recent,1,0,1,0.6346153846153846,1
19,Female,4,19,0,Referral,high,Digital Wallet,Android,3,131.68,23.76774193548387,0.1290322580645161,41.92,15.94,5.459999999999999,3.97,0.0865112224885596,0.1290322580645161,1,Q3,High,2023-01,2025-11,0,0,Mid-Inactive,0,0,0,0.2393162393162393,4
24,Female,7,34,1,Organic,medium,Credit Card,Android,5,203.17,25.761904761904763,0.1428571428571428,8.75,13.97,5.220000000000001,6.42,0.4232036914963744,0.0158730158730158,0,Q4,Low,2025-08,2025-12,1,1,Inactive,1,1,0,0.6191239316239316,3
68,Male,4,49,1,Partnership,medium,Credit Card,Web,3,74.61,24.07037037037037,0.2222222222222222,42.81,12.1275,1.4249999999999996,9.010000000000002,0.1738710922423774,0.1481481481481481,1,Q1,High,2024-01,2025-11,1,1,Inactive,0,0,0,0.32638888888888884,0
55,Male,0,44,0,Referral,low,Credit Card,Android,5,44.26,24.055,0.15,2.72,4.76,2.04,0.0,0.0,0.05,0,Q1,Low,2024-04,2025-10,1,1,Inactive,0,0,0,0.18536324786324787,0
62,Male,1,8,0,Referral,medium,Cash,iOS,5,100.08,24.47777777777777,0.1666666666666666,51.71,18.13,5.2025,6.09,0.1053633217993079,0.1111111111111111,1,Q2,Mid-High,2024-05,2025-12,0,0,Mid-Recent,0,0,1,0.19818376068376067,4
57,Other,2,12,0,Referral,medium,Credit Card,Web,2,71.65,20.61304347826087,0.1304347826086956,28.36,10.496666666666668,1.0433333333333334,1.9399999999999995,0.064026402640264,0.1304347826086956,1,Q1,High,2023-03,2025-11,0,0,Mid-Recent,0,0,1,0.32318376068376065,4
53,Male,3,30,0,Partnership,high,Cash,iOS,8,228.59,25.09152542372881,0.0677966101694915,19.1,22.0,2.8999999999999986,1.36,0.0664711632453567,0.0169491525423728,0,Q4,Low,2023-11,2025-12,1,1,Inactive,1,1,0,0.4075854700854701,3
66,Female,2,36,0,Referral,medium,Cash,Android,3,113.07,26.06216216216216,0.1081081081081081,31.52,11.586666666666666,1.0799999999999998,1.2199999999999998,0.0372632864996945,0.081081081081081,0,Q2,Mid-Low,2023-01,2025-12,1,1,Inactive,0,0,0,0.25106837606837606,0
68,Female,1,16,0,Organic,low,Credit Card,Android,2,61.95,21.38181818181818,0.1818181818181818,0.0,0.0,0.0,0.0,0.0,0.0,0,Q1,Low,2024-04,2025-11,0,0,Mid-Inactive,0,0,0,0.3189102564102564,2
39,Other,6,8,0,Referral,medium,Credit Card,iOS,4,116.52,26.7475,0.225,32.87,12.2425,4.025,0.4900000000000002,0.0146882494004796,0.1,1,Q2,Mid-High,2023-11,2025-12,0,0,Mid-Recent,0,0,1,0.41666666666666663,4
63,Male,1,1,0,Ads,medium,Digital Wallet,Android,1,49.49,25.311111111111117,0.1111111111111111,11.46,5.745,0.0150000000000003,0.33,0.0279898218829516,0.1111111111111111,1,Q1,Mid-High,2024-10,2025-12,0,0,Recent,0,0,1,0.38514957264957267,2
48,Other,2,35,0,Ads,low,Debit Card,iOS,0,60.28,26.430434782608696,0.0869565217391304,6.66,8.0,1.34,10.66,0.6154734411085451,0.0434782608695652,0,Q1,Low,2023-06,2025-10,1,1,Inactive,0,0,0,0.36485042735042733,0
21,Male,4,7,0,Partnership,high,Digital Wallet,Android,6,133.76,24.844117647058823,0.088235294117647,20.94,14.14,3.67,1.67,0.0738611233967271,0.0588235294117647,0,Q3,Mid-Low,2024-03,2025-12,0,0,Recent,0,0,1,0.21047008547008544,2
52,Male,3,7,0,Partnership,medium,Digital Wallet,Web,5,137.62,24.53695652173913,0.1739130434782608,62.54,16.211666666666666,5.788333333333334,6.449999999999999,0.0934918104073054,0.1304347826086956,1,Q3,High,2025-02,2025-12,0,0,Recent,0,0,1,0.5048076923076923,4
36,Female,5,51,0,Ads,medium,Credit Card,iOS,9,118.53,22.53023255813953,0.2325581395348837,74.18,12.815714285714288,2.2185714285714284,5.93,0.0740232180751466,0.1627906976744186,1,Q2,High,2024-04,2025-11,1,1,Inactive,0,0,0,0.29059829059829057,0
53,Male,5,38,0,Organic,medium,Debit Card,iOS,6,110.7,23.35,0.175,31.84,16.875,0.955,5.41,0.145234899328859,0.05,0,Q2,Low,2023-04,2025-12,1,1,Inactive,0,0,0,0.375,0
68,Male,1,7,0,Ads,medium,Cash,Web,3,161.08,26.371111111111112,0.0666666666666666,35.8,18.0,0.1000000000000014,3.1700000000000017,0.0813446240697973,0.0444444444444444,0,Q3,Low,2025-02,2025-12,0,0,Recent,0,0,1,0.40331196581196577,2
56,Other,3,12,0,Organic,low,Digital Wallet,Android,0,83.23,22.00714285714286,0.1785714285714285,18.41,10.62,1.415,3.129999999999999,0.1453110492107706,0.0714285714285714,0,Q1,Mid-Low,2025-05,2025-12,0,0,Mid-Recent,0,0,1,0.45566239316239315,2
28,Male,6,36,0,Referral,medium,Cash,iOS,9,77.83,23.34242424242424,0.0909090909090909,14.96,12.28,4.799999999999999,0.0,0.0,0.0606060606060606,0,Q1,Mid-Low,2025-10,2025-12,1,1,Inactive,0,0,0,0.19230769230769232,0
58,Male,7,9,0,Partnership,high,Debit Card,iOS,6,205.79,26.154,0.12,24.8,11.013333333333334,2.746666666666666,3.68,0.1292134831460674,0.06,0,Q4,Mid-Low,2024-09,2025-12,0,0,Mid-Recent,1,0,1,0.49412393162393164,1
65,Female,3,114,0,Ads,low,Cash,iOS,3,135.44,25.96,0.16,65.66,15.823333333333332,4.88,2.56,0.0375256523013778,0.12,1,Q3,High,2023-07,2025-10,1,1,Inactive,0,0,0,0.40384615384615385,0
41,Male,9,11,0,Organic,high,Credit Card,Web,4,249.25,21.78793103448276,0.1379310344827586,52.2,14.552,4.112,0.0,0.0,0.0862068965517241,0,Q4,Mid-Low,2025-05,2025-12,0,0,Mid-Recent,1,0,1,0.47275641025641024,1
27,Female,0,13,0,Ads,high,Digital Wallet,iOS,5,177.71,29.073913043478264,0.0652173913043478,18.15,16.88,7.805,0.6600000000000001,0.0350877192982456,0.0434782608695652,0,Q4,Low,2024-04,2025-12,0,0,Mid-Recent,1,0,1,0.33814102564102566,1
30,Male,8,7,0,Ads,high,Debit Card,Android,6,188.39,23.254,0.12,45.05,13.056,4.045999999999999,2.380000000000001,0.050179211469534,0.1,1,Q4,Mid-High,2023-03,2025-12,0,0,Recent,1,0,1,0.5635683760683761,1
39,Other,4,51,0,Ads,medium,Debit Card,iOS,5,125.47,22.41794871794872,0.1794871794871795,79.5,13.104285714285714,1.747142857142857,1.9399999999999995,0.0238212180746561,0.1794871794871795,1,Q3,High,2025-07,2025-12,1,1,Inactive,0,0,0,0.391559829059829,0
34,Male,4,8,0,Ads,medium,Cash,Web,4,118.97,24.654285714285717,0.1428571428571428,17.46,10.845,2.1149999999999998,1.64,0.0858638743455497,0.0571428571428571,0,Q2,Low,2025-01,2025-12,0,0,Mid-Recent,0,0,1,0.49252136752136755,2
39,Male,2,7,0,Partnership,high,Debit Card,Android,8,132.45,24.55675675675676,0.2162162162162162,48.66,11.092,1.36,0.1799999999999997,0.0036855036855036,0.1351351351351351,1,Q3,High,2024-01,2025-12,0,0,Recent,0,0,1,0.3344017094017094,4
60,Male,8,1,0,Referral,medium,Credit Card,iOS,4,141.95,28.004255319148932,0.1276595744680851,34.230000000000004,11.496666666666668,0.086666666666666,5.35,0.1351692774128347,0.0638297872340425,0,Q3,Mid-Low,2025-05,2025-12,0,0,Recent,0,0,1,0.3979700854700855,2
68,Male,1,45,1,Partnership,medium,Digital Wallet,Android,2,69.41,22.816666666666663,0.1111111111111111,17.22,22.0,4.780000000000001,0.0,0.0,0.0555555555555555,0,Q1,Low,2024-02,2025-12,1,1,Inactive,0,0,0,0.18376068376068377,0
45,Other,5,17,0,Referral,medium,Debit Card,Web,2,102.33,22.496969696969696,0.1515151515151515,13.9,6.739999999999999,2.106666666666666,1.6899999999999995,0.1084028223220012,0.0909090909090909,1,Q2,Mid-High,2023-07,2025-10,0,0,Mid-Inactive,0,0,0,0.3520299145299145,4
68,Male,1,7,0,Ads,medium,Credit Card,Web,3,55.57,24.27142857142857,0.2857142857142857,45.19,14.02,2.7224999999999997,1.08,0.0233412578344499,0.1904761904761904,1,Q1,High,2024-08,2025-11,0,0,Recent,0,0,1,0.4951923076923077,4
26,Other,0,16,0,Ads,medium,Credit Card,Android,4,98.14,24.453333333333333,0.1,6.12,6.76,0.6399999999999997,0.4300000000000001,0.065648854961832,0.0333333333333333,0,Q2,Low,2023-08,2025-11,0,0,Mid-Inactive,0,0,0,0.5058760683760684,2
22,Male,2,35,0,Organic,medium,Cash,Web,7,78.35,26.32258064516129,0.1290322580645161,0.0,0.0,0.0,0.0,0.0,0.0,0,Q1,Low,2023-02,2025-12,1,1,Inactive,0,0,0,0.21848290598290596,0
29,Female,1,8,0,Partnership,low,Cash,Android,0,55.51,24.47,0.1,8.29,13.24,4.950000000000001,1.42,0.1462409886714727,0.05,0,Q1,Low,2025-03,2025-12,0,0,Mid-Recent,0,0,1,0.2686965811965812,2
55,Female,1,59,1,Ads,medium,Debit Card,iOS,3,72.47,24.86785714285714,0.0714285714285714,11.45,12.28,0.8300000000000001,6.05,0.3457142857142857,0.0357142857142857,0,Q1,Low,2024-01,2025-10,1,1,Inactive,0,0,0,0.38621794871794873,0
33,Female,2,16,1,Organic,low,Cash,Android,5,91.38,22.494594594594595,0.054054054054054,20.49,12.28,2.0349999999999997,3.3000000000000007,0.1387137452711223,0.054054054054054,0,Q2,Low,2025-08,2025-12,0,0,Mid-Inactive,0,0,0,0.3482905982905983,2
28,Female,1,5,0,Referral,medium,Debit Card,iOS,5,122.49,27.57692307692308,0.1794871794871795,66.9,14.833333333333334,3.6833333333333336,0.5700000000000003,0.0084481991996442,0.1538461538461538,1,Q3,High,2023-03,2025-12,0,0,Recent,0,0,1,0.454059829059829,4
46,Other,6,2,1,Ads,medium,Credit Card,Android,4,95.81,25.22647058823529,0.1176470588235294,42.79,22.0,0.6050000000000004,4.14,0.0882164926486256,0.0588235294117647,0,Q2,Mid-Low,2024-09,2025-12,0,0,Recent,0,0,1,0.35630341880341876,2
57,Female,1,75,0,Partnership,medium,Cash,Android,6,126.41,25.89782608695652,0.1304347826086956,25.93,7.02,0.5374999999999999,9.06,0.2589311231780509,0.0869565217391304,0,Q3,Mid-Low,2024-03,2025-11,1,1,Inactive,0,0,0,0.3450854700854701,0
41,Female,0,1,0,Organic,low,Cash,iOS,3,57.49,21.415,0.15,12.29,12.28,-0.0099999999999997,0.7600000000000016,0.0582375478927204,0.05,0,Q1,Low,2025-10,2025-12,0,0,Recent,0,0,1,0.13675213675213677,2
46,Male,2,1,0,Referral,medium,Digital Wallet,iOS,3,90.95,24.74285714285714,0.2142857142857142,38.82,13.6825,3.9775,2.5599999999999987,0.0618656355727404,0.1428571428571428,1,Q2,High,2023-10,2025-11,0,0,Recent,0,0,1,0.19871794871794873,4
50,Other,2,33,0,Organic,medium,Debit Card,iOS,3,41.99,27.85,0.3571428571428571,39.63,9.314,1.388,2.09,0.0500958772770853,0.3571428571428571,1,Q1,High,2024-05,2025-12,1,1,Inactive,0,0,0,0.1388888888888889,4
22,Female,4,22,1,Ads,high,Digital Wallet,iOS,5,136.04,23.203225806451613,0.1612903225806451,28.91,11.83,2.193333333333334,0.0,0.0,0.0967741935483871,1,Q3,Mid-High,2025-02,2025-12,1,0,Mid-Inactive,0,0,0,0.4407051282051282,0
34,Female,9,1,0,Ads,medium,Debit Card,Web,4,148.6,23.680769230769236,0.1346153846153846,64.4,15.842000000000002,2.9620000000000006,1.38,0.0209790209790209,0.0961538461538461,1,Q3,Mid-High,2023-07,2025-11,0,0,Recent,0,0,1,0.5998931623931624,4
34,Male,2,69,0,Organic,medium,Digital Wallet,Android,4,52.31,27.95714285714286,0.0,0.0,0.0,0.0,0.0,0.0,0.0,0,Q1,Low,2024-02,2025-11,1,1,Inactive,0,0,0,0.4188034188034188,0
55,Other,3,9,0,Partnership,low,Debit Card,Android,4,80.81,27.3,0.1818181818181818,30.25,16.12,0.995,2.02,0.0625968391695072,0.0606060606060606,0,Q1,Mid-Low,2024-05,2025-12,0,0,Mid-Recent,0,0,1,0.21314102564102563,2
32,Other,4,6,0,Partnership,medium,Debit Card,Web,4,122.6,26.125641025641023,0.1282051282051282,48.3,18.916666666666668,2.8166666666666664,0.0,0.0,0.0769230769230769,0,Q3,Mid-Low,2024-11,2025-12,0,0,Recent,0,0,1,0.5512820512820512,2
68,Other,1,13,1,Partnership,medium,Digital Wallet,iOS,3,71.89,24.2,0.2222222222222222,6.05,9.0,2.95,0.0,0.0,0.037037037037037,0,Q1,Low,2023-10,2025-10,0,0,Mid-Recent,0,0,1,0.4444444444444444,2
30,Female,0,15,1,Ads,medium,Cash,Android,1,102.84,24.51764705882353,0.1470588235294117,30.34,15.5,0.33,1.3600000000000012,0.0429022082018927,0.0588235294117647,0,Q2,Mid-Low,2023-01,2025-12,0,0,Mid-Inactive,0,0,0,0.22435897435897434,2
19,Female,3,10,1,Ads,medium,Digital Wallet,Web,3,58.79,23.20952380952381,0.1428571428571428,13.49,16.0,2.51,8.32,0.3814763869784502,0.0476190476190476,0,Q1,Low,2024-01,2025-10,0,0,Mid-Recent,0,0,1,0.3424145299145299,2
49,Other,1,4,0,Organic,high,Debit Card,Android,3,165.43,24.83571428571428,0.1666666666666666,74.67,18.75,0.0825000000000004,8.11,0.0979705242812273,0.0952380952380952,1,Q3,Mid-High,2025-07,2025-12,0,0,Recent,0,0,1,0.32799145299145305,4
61,Female,0,1,0,Organic,low,Credit Card,Web,3,40.38,23.988235294117647,0.2352941176470588,23.05,9.173333333333334,1.49,0.0,0.0,0.1764705882352941,1,Q1,High,2024-12,2025-12,0,0,Recent,0,0,1,0.31837606837606836,4
26,Male,3,83,0,Partnership,high,Cash,iOS,5,237.73,26.994444444444444,0.2407407407407407,53.65,12.968,2.2379999999999995,0.1799999999999997,0.0033438603009474,0.0925925925925925,1,Q4,Mid-High,2025-09,2025-12,1,1,Inactive,1,1,0,0.3862179487179487,3
22,Other,2,4,1,Ads,low,Cash,iOS,5,138.8,24.67058823529412,0.1568627450980392,53.91,13.968,3.1859999999999995,0.0,0.0,0.0980392156862745,1,Q3,Mid-High,2025-09,2025-12,0,0,Recent,0,0,1,0.4428418803418803,4
54,Female,4,1,0,Referral,medium,Debit Card,iOS,3,67.2,25.46666666666667,0.125,9.66,14.0,4.34,2.28,0.1909547738693467,0.0416666666666666,0,Q1,Low,2024-09,2025-12,0,0,Recent,0,0,1,0.18162393162393162,2
29,Male,6,0,0,Referral,medium,Debit Card,iOS,8,146.24,25.24,0.08,43.39,11.27,0.4224999999999996,1.0799999999999996,0.0242860355295704,0.08,0,Q3,Mid-Low,2024-05,2025-12,0,0,Recent,0,0,1,0.6260683760683761,2
42,Female,3,2,0,Ads,high,Digital Wallet,Web,7,324.41,24.00422535211268,0.2253521126760563,82.88,11.253333333333334,2.0444444444444443,1.99,0.0234476257806056,0.1267605633802817,1,Q4,High,2024-08,2025-12,0,0,Recent,1,0,1,0.6672008547008548,1
22,Female,8,14,0,Organic,medium,Credit Card,iOS,10,112.52,26.51086956521739,0.1304347826086956,46.27,12.904,3.65,0.3700000000000001,0.0079331046312178,0.108695652173913,1,Q2,Mid-High,2023-01,2025-11,0,0,Mid-Recent,0,0,1,0.4770299145299145,4
44,Female,2,44,0,Referral,medium,Debit Card,Web,3,49.07,29.511764705882356,0.0588235294117647,19.87,19.0,-0.870000000000001,2.75,0.1215738284703801,0.0588235294117647,0,Q1,Mid-Low,2025-02,2025-12,1,1,Inactive,0,0,0,0.43643162393162394,0
48,Other,3,31,0,Partnership,low,Debit Card,iOS,4,96.86,25.497297297297298,0.2162162162162162,59.69,12.046666666666669,2.098333333333333,1.4699999999999989,0.0240353172007848,0.1621621621621621,1,Q2,High,2024-09,2025-11,1,1,Inactive,0,0,0,0.5357905982905983,0
37,Female,2,0,0,Ads,medium,Digital Wallet,Web,8,124.92,26.775,0.1363636363636363,64.23,17.8,4.953999999999999,1.4,0.0213317080603382,0.1136363636363636,1,Q3,Mid-High,2023-07,2025-12,0,0,Recent,0,0,1,0.33653846153846156,4
50,Other,5,24,1,Organic,medium,Debit Card,iOS,13,212.0,23.505714285714287,0.1285714285714285,39.41,15.13,5.2775,5.140000000000001,0.1153759820426487,0.0571428571428571,0,Q4,Low,2024-12,2025-11,1,0,Mid-Inactive,1,1,0,0.37820512820512825,3
46,Male,1,22,0,Ads,medium,Digital Wallet,Web,2,43.38,27.22307692307692,0.0,0.0,0.0,0.0,0.0,0.0,0.0,0,Q1,Low,2025-03,2025-12,1,0,Mid-Inactive,0,0,0,0.3707264957264957,2
47,Female,6,9,0,Referral,low,Digital Wallet,Web,3,129.88,24.88478260869565,0.0652173913043478,30.08,16.375,1.3350000000000009,0.0,0.0,0.0434782608695652,0,Q3,Low,2025-04,2025-12,0,0,Mid-Recent,0,0,1,0.2686965811965812,2
40,Other,0,11,0,Partnership,low,Debit Card,Android,3,124.14,24.719047619047625,0.119047619047619,49.54,13.352,3.444,0.0,0.0,0.119047619047619,1,Q3,High,2025-07,2025-12,0,0,Mid-Recent,0,0,1,0.4807692307692307,4
29,Other,3,38,0,Partnership,medium,Cash,Web,2,109.05,26.26551724137931,0.1379310344827586,19.68,9.426666666666668,2.8666666666666667,6.58,0.2505712109672506,0.1034482758620689,1,Q2,Mid-High,2024-06,2025-12,1,1,Inactive,0,0,0,0.3696581196581197,0
62,Other,6,39,0,Partnership,medium,Credit Card,iOS,3,181.83,25.32244897959184,0.1632653061224489,54.63,11.413333333333334,2.308333333333333,11.35,0.1720218247953925,0.1224489795918367,1,Q4,High,2024-07,2025-12,1,1,Inactive,1,1,0,0.4342948717948718,3
35,Other,1,13,0,Referral,medium,Debit Card,Android,3,92.77,24.97407407407407,0.1481481481481481,10.33,8.59,3.425,2.5600000000000005,0.1986035686578743,0.074074074074074,0,Q2,Mid-Low,2024-05,2025-12,0,0,Mid-Recent,0,0,1,0.25,2
66,Other,5,19,1,Organic,low,Credit Card,iOS,4,89.5,26.19142857142857,0.1428571428571428,19.81,15.0,5.095,4.539999999999999,0.186447638603696,0.0571428571428571,0,Q1,Low,2024-01,2025-11,0,0,Mid-Inactive,0,0,0,0.5689102564102564,2
67,Female,2,21,0,Partnership,medium,Debit Card,Android,4,89.67999999999999,24.177419354838708,0.1935483870967742,21.73,26.0,4.27,9.68,0.3081821076090417,0.032258064516129,0,Q1,Low,2024-05,2025-12,1,0,Mid-Inactive,0,0,0,0.3990384615384615,2
50,Male,2,10,0,Referral,medium,Credit Card,Web,10,180.53,25.794444444444448,0.1481481481481481,40.74,17.44,3.86,1.3200000000000005,0.0313837375178316,0.0555555555555555,0,Q4,Low,2024-09,2025-12,0,0,Mid-Recent,1,0,1,0.5737179487179487,1
42,Female,1,5,0,Ads,low,Cash,iOS,6,125.95,22.98,0.2222222222222222,67.33,15.72,2.254,0.4499999999999993,0.0066391265860135,0.1111111111111111,1,Q3,Mid-High,2025-03,2025-12,0,0,Recent,0,0,1,0.563034188034188,4
34,Male,3,44,0,Organic,high,Cash,Android,5,168.21,25.43,0.075,18.12,22.0,3.879999999999999,5.619999999999999,0.2367312552653748,0.025,0,Q4,Low,2024-05,2025-12,1,1,Inactive,1,1,0,0.5277777777777778,3
22,Male,1,30,1,Partnership,low,Debit Card,Android,3,74.7,23.193548387096776,0.1935483870967742,67.12,25.666666666666668,3.293333333333333,0.0,0.0,0.0967741935483871,1,Q1,Mid-High,2025-01,2025-12,1,1,Inactive,0,0,0,0.4198717948717948,0
28,Male,0,91,0,Referral,medium,Debit Card,Android,6,121.33,26.95641025641025,0.0512820512820512,12.53,22.0,9.47,4.44,0.2616381850324101,0.0256410256410256,0,Q2,Low,2023-12,2025-12,1,1,Inactive,0,0,0,0.46794871794871795,0
52,Other,10,7,0,Ads,high,Credit Card,Web,15,373.89,25.876041666666666,0.1666666666666666,36.28,7.728333333333333,1.6816666666666666,1.0500000000000007,0.0281275113849451,0.0625,0,Q4,Mid-Low,2024-06,2025-12,0,0,Recent,1,0,1,0.6629273504273505,1
61,Female,3,13,0,Partnership,high,Digital Wallet,iOS,8,322.92,25.34933333333333,0.16,50.03,9.061428571428571,1.914285714285714,8.91,0.1511706820495419,0.0933333333333333,1,Q4,Mid-High,2023-08,2025-11,0,0,Mid-Recent,1,0,1,0.4551282051282052,1
63,Male,5,11,0,Partnership,medium,Credit Card,Web,7,147.19,27.23636363636364,0.1818181818181818,73.27,12.831428571428573,2.364285714285714,0.0,0.0,0.1590909090909091,1,Q3,High,2023-08,2025-11,0,0,Mid-Recent,0,0,1,0.4129273504273504,4
59,Other,4,0,0,Partnership,medium,Digital Wallet,Android,4,85.77,25.44516129032258,0.1290322580645161,26.63,16.38,3.065,4.710000000000001,0.1502871729419272,0.064516129032258,0,Q1,Mid-Low,2024-06,2025-12,0,0,Recent,0,0,1,0.4337606837606837,2
56,Male,9,16,0,Partnership,high,Debit Card,iOS,10,280.01,26.590769230769236,0.1538461538461538,97.49,17.222857142857144,3.295714285714286,7.24,0.069130144180273,0.1076923076923077,1,Q4,Mid-High,2023-01,2025-12,0,0,Mid-Inactive,1,0,0,0.5373931623931624,1
33,Male,4,6,1,Referral,medium,Cash,iOS,5,67.96000000000001,27.667857142857144,0.1071428571428571,23.67,12.015,0.1799999999999997,0.6499999999999995,0.0267269736842105,0.0714285714285714,0,Q1,Mid-Low,2025-04,2025-12,0,0,Recent,0,0,1,0.42094017094017094,2
39,Male,8,16,0,Ads,high,Credit Card,Web,9,196.09,26.69814814814815,0.1481481481481481,81.9,14.656666666666666,1.006666666666667,6.07,0.0690007957258156,0.1111111111111111,1,Q4,Mid-High,2025-01,2025-12,0,0,Mid-Inactive,1,0,0,0.5806623931623931,1
64,Male,0,15,0,Partnership,medium,Credit Card,Android,7,160.93,27.516,0.14,62.47,13.642,1.148,0.0,0.0,0.1,1,Q3,Mid-High,2023-02,2025-11,0,0,Mid-Inactive,0,0,0,0.5566239316239316,4
53,Other,2,12,0,Ads,medium,Cash,Android,2,83.23,23.120689655172413,0.1724137931034483,16.55,12.76,4.484999999999999,6.340000000000001,0.2769768457841852,0.0689655172413793,0,Q1,Mid-Low,2025-07,2025-12,0,0,Mid-Recent,0,0,1,0.4807692307692308,2
32,Male,3,22,0,Organic,high,Digital Wallet,iOS,6,129.56,25.965625,0.21875,37.37,14.673333333333332,2.216666666666667,5.390000000000001,0.1260523854069223,0.09375,1,Q3,Mid-High,2024-01,2025-11,1,0,Mid-Inactive,0,0,0,0.4866452991452991,4
43,Other,3,31,0,Referral,high,Cash,iOS,3,234.97,23.78,0.1272727272727272,112.41,16.571428571428573,0.5128571428571423,5.41,0.0459175012731285,0.1272727272727272,1,Q4,High,2023-11,2025-10,1,1,Inactive,1,1,0,0.4321581196581197,3
32,Male,2,1,0,Organic,low,Credit Card,iOS,5,140.58,24.51960784313725,0.1764705882352941,101.85,16.17625,3.445,3.09,0.0294453973699256,0.1568627450980392,1,Q3,High,2025-06,2025-12,0,0,Recent,0,0,1,0.5470085470085471,4
44,Female,7,2,0,Referral,medium,Debit Card,Android,6,238.29,24.429411764705883,0.1470588235294117,65.31,13.025,2.140000000000001,2.4499999999999997,0.0361570247933884,0.088235294117647,1,Q4,Mid-High,2023-06,2025-12,0,0,Recent,1,0,1,0.5432692307692308,1
56,Female,0,4,0,Ads,high,Digital Wallet,iOS,4,247.86,25.88032786885246,0.1475409836065573,122.93,18.41,3.04375,3.52,0.0278370897587979,0.1311475409836065,1,Q4,High,2023-09,2025-12,0,0,Recent,1,0,1,0.7147435897435896,1
60,Female,1,1,0,Organic,medium,Credit Card,Web,8,106.16,24.6,0.2105263157894736,58.31,13.61,1.9480000000000004,0.4199999999999999,0.0071513706793802,0.131578947368421,1,Q2,High,2023-08,2025-12,0,0,Recent,0,0,1,0.5192307692307692,4
46,Female,4,55,0,Referral,medium,Debit Card,iOS,5,76.59,19.986666666666668,0.1666666666666666,22.25,14.14,3.015,2.3099999999999987,0.0940553745928338,0.0666666666666666,0,Q1,Mid-Low,2025-10,2025-12,1,1,Inactive,0,0,0,0.17948717948717952,0
66,Male,4,52,0,Ads,medium,Cash,iOS,8,126.48,24.383333333333333,0.1428571428571428,38.64,13.865,4.205,3.06,0.0733812949640287,0.0952380952380952,1,Q3,Mid-High,2024-03,2025-12,1,1,Inactive,0,0,0,0.5154914529914529,0
23,Male,7,2,1,Organic,medium,Cash,Android,13,89.72,28.71794871794872,0.1538461538461538,87.65,23.75,1.8374999999999997,0.0,0.0,0.1025641025641025,1,Q1,Mid-High,2024-09,2025-11,0,0,Recent,0,0,1,0.5235042735042735,4
27,Female,4,14,0,Referral,medium,Debit Card,Web,7,226.93,25.874647887323945,0.1549295774647887,46.46,14.445,2.83,6.210000000000001,0.1179039301310043,0.056338028169014,0,Q4,Low,2025-07,2025-12,0,0,Mid-Recent,1,0,1,0.4033119658119658,1
46,Other,2,13,0,Ads,medium,Digital Wallet,Android,8,98.98,23.63611111111111,0.2222222222222222,59.2,13.904,2.064,7.029999999999999,0.106145251396648,0.1388888888888889,1,Q2,High,2024-03,2025-12,0,0,Mid-Recent,0,0,1,0.5384615384615384,4
51,Female,4,29,0,Referral,high,Debit Card,Web,11,190.73,25.48076923076923,0.1923076923076923,64.46000000000001,13.758333333333333,3.0149999999999992,0.0,0.0,0.1153846153846153,1,Q4,Mid-High,2023-06,2025-11,1,0,Inactive,1,1,0,0.592948717948718,3
39,Male,5,3,0,Referral,medium,Debit Card,Web,7,82.05,23.91290322580645,0.1935483870967742,31.64,14.14,6.23,6.109999999999999,0.1618543046357616,0.1290322580645161,1,Q1,High,2025-11,2025-12,0,0,Recent,0,0,1,0.1420940170940171,4
56,Female,7,28,0,Ads,medium,Cash,Web,3,162.37,26.46923076923077,0.0961538461538461,42.37,12.83,2.2375,3.789999999999999,0.082105719237435,0.0769230769230769,0,Q3,Mid-Low,2025-07,2025-12,1,0,Inactive,0,0,0,0.46794871794871795,0
22,Female,11,2,1,Ads,high,Credit Card,Web,6,365.66,26.05056179775281,0.1573033707865168,102.19,15.02625,2.2525,6.99,0.0640227147829272,0.0898876404494382,1,Q4,Mid-High,2024-11,2025-12,0,0,Recent,1,0,1,0.5913461538461539,1
31,Male,1,38,0,Ads,medium,Debit Card,iOS,2,111.21,27.5,0.125,43.47,12.3725,1.5050000000000003,0.8999999999999995,0.0202839756592291,0.125,1,Q2,High,2025-03,2025-12,1,1,Inactive,0,0,0,0.43803418803418803,0
23,Female,5,11,0,Organic,medium,Debit Card,Web,5,104.25,25.6025,0.225,37.03,13.416666666666666,1.0733333333333337,2.03,0.0519713261648745,0.075,0,Q2,Mid-Low,2025-09,2025-12,0,0,Mid-Recent,0,0,1,0.3680555555555556,2
33,Female,2,1,0,Ads,medium,Digital Wallet,Android,1,70.46,23.622727272727275,0.3181818181818182,37.46,15.92,3.4333333333333336,0.3099999999999996,0.0082075721472067,0.1363636363636363,1,Q1,High,2024-08,2025-11,0,0,Recent,0,0,1,0.18696581196581197,4
46,Other,2,47,0,Organic,medium,Cash,iOS,4,68.64,26.829166666666666,0.2083333333333333,27.59,13.726666666666668,4.53,5.109999999999999,0.156269113149847,0.125,1,Q1,High,2024-05,2025-11,1,1,Inactive,0,0,0,0.30662393162393164,0
43,Female,0,14,1,Partnership,medium,Cash,Android,6,85.61,20.432258064516127,0.064516129032258,33.39,21.0,4.304999999999999,6.98,0.1729006688134753,0.064516129032258,0,Q1,Mid-Low,2023-02,2025-12,0,0,Mid-Recent,0,0,1,0.5101495726495726,2
57,Other,1,11,0,Ads,medium,Cash,iOS,5,94.94,22.21212121212121,0.0303030303030303,7.51,12.28,4.77,2.74,0.2673170731707317,0.0303030303030303,0,Q2,Low,2024-11,2025-12,0,0,Mid-Recent,0,0,1,0.23397435897435898,2
45,Male,0,56,0,Ads,low,Debit Card,Android,2,60.6,29.547619047619047,0.238095238095238,38.77,15.3675,5.675000000000001,0.120000000000001,0.0030856261249678,0.1904761904761904,1,Q1,High,2023-09,2025-09,1,1,Inactive,0,0,0,0.30074786324786323,0
47,Female,5,14,0,Organic,low,Cash,Web,8,171.08,24.745454545454542,0.1969696969696969,107.81,15.62625,2.15,7.26,0.0630920309376901,0.1212121212121212,1,Q4,High,2023-07,2025-11,0,0,Mid-Recent,1,0,1,0.5972222222222223,1
48,Male,5,17,0,Ads,medium,Cash,iOS,2,98.57,26.381818181818183,0.1818181818181818,50.08,15.69,3.1700000000000004,7.07,0.1237095363079615,0.1212121212121212,1,Q2,High,2024-03,2025-12,0,0,Mid-Inactive,0,0,0,0.49786324786324787,4
30,Male,2,2,0,Organic,medium,Cash,Android,2,110.44,21.863636363636363,0.1515151515151515,16.18,8.254999999999999,0.165,1.61,0.0905002810567734,0.0606060606060606,0,Q2,Mid-Low,2024-08,2025-11,0,0,Recent,0,0,1,0.3659188034188034,2
43,Other,1,11,0,Partnership,low,Cash,Android,5,88.44,20.93235294117647,0.1470588235294117,16.09,20.0,3.91,1.4699999999999998,0.0837129840546696,0.0294117647058823,0,Q1,Low,2025-07,2025-12,0,0,Mid-Recent,0,0,1,0.516025641025641,2
22,Female,1,15,0,Referral,medium,Cash,Web,0,55.67,25.97,0.1,9.48,6.76,2.02,3.33,0.2599531615925058,0.1,1,Q1,Mid-High,2025-01,2025-12,0,0,Mid-Inactive,0,0,0,0.4214743589743589,2
30,Female,3,27,1,Organic,medium,Cash,Web,2,135.86,22.995454545454542,0.2045454545454545,68.85,13.22,1.745,1.3900000000000006,0.0197892938496583,0.1363636363636363,1,Q3,High,2025-09,2025-12,1,0,Mid-Inactive,0,0,0,0.3920940170940171,4
62,Male,6,78,0,Partnership,medium,Debit Card,iOS,0,120.46,26.086111111111112,0.0833333333333333,35.96,12.486666666666666,0.5000000000000003,0.9000000000000004,0.0244167118827997,0.0833333333333333,0,Q2,Mid-Low,2023-01,2025-12,1,1,Inactive,0,0,0,0.3023504273504274,0
20,Female,4,12,0,Ads,low,Digital Wallet,Web,6,62.92,20.49655172413793,0.3103448275862069,34.89,13.37,4.647499999999999,5.9,0.1446432949252268,0.1379310344827586,1,Q1,High,2025-08,2025-12,0,0,Mid-Recent,0,0,1,0.4807692307692308,4
61,Male,2,14,1,Ads,low,Debit Card,iOS,4,104.43,26.18947368421053,0.2368421052631578,36.55,12.76,3.6225,1.46,0.0384109444882925,0.1052631578947368,1,Q2,Mid-High,2025-10,2025-12,0,0,Mid-Recent,0,0,1,0.24839743589743588,4
67,Male,5,12,1,Partnership,high,Credit Card,Web,6,171.68,23.88888888888889,0.0222222222222222,0.0,0.0,0.0,0.0,0.0,0.0,0,Q4,Low,2024-04,2025-12,0,0,Mid-Recent,1,0,1,0.31997863247863245,2
45,Male,2,1,1,Organic,medium,Digital Wallet,Web,4,149.17,23.339583333333334,0.1666666666666666,70.53999999999999,17.856,3.748,0.0,0.0,0.1041666666666666,1,Q3,Mid-High,2025-05,2025-12,0,0,Recent,0,0,1,0.5897435897435896,4
60,Female,0,36,1,Partnership,medium,Credit Card,iOS,5,66.22,27.9,0.0454545454545454,9.98,13.24,3.26,0.0,0.0,0.0454545454545454,0,Q1,Low,2023-01,2025-12,1,1,Inactive,0,0,0,0.49252136752136755,0
67,Female,2,17,0,Organic,medium,Debit Card,Web,6,109.53,28.345945945945942,0.1621621621621621,34.64,13.910000000000002,2.3633333333333337,4.870000000000001,0.1232599341938749,0.081081081081081,0,Q2,Mid-Low,2023-01,2025-11,0,0,Mid-Inactive,0,0,0,0.48717948717948717,2
62,Female,4,12,0,Ads,low,Cash,iOS,6,86.29,24.99142857142857,0.1714285714285714,54.23,15.0,4.154,1.790000000000001,0.0319528739735808,0.1428571428571428,1,Q1,High,2023-09,2025-12,0,0,Mid-Recent,0,0,1,0.3258547008547008,4
22,Other,3,9,1,Partnership,high,Digital Wallet,Web,7,197.63,24.87872340425532,0.2340425531914893,144.41,20.22,2.16875,0.0,0.0,0.1702127659574468,1,Q4,High,2024-09,2025-12,0,0,Mid-Recent,1,0,1,0.39102564102564097,1
28,Male,2,0,0,Ads,low,Debit Card,iOS,2,69.59,21.42083333333333,0.25,61.74,14.344,1.9959999999999996,0.0,0.0,0.2083333333333333,1,Q1,High,2023-09,2025-11,0,0,Recent,0,0,1,0.31356837606837606,4
29,Other,3,20,0,Partnership,low,Debit Card,iOS,1,90.24,24.783870967741933,0.1612903225806451,43.010000000000005,15.752,7.15,1.120000000000001,0.0253795603897575,0.1612903225806451,1,Q1,High,2023-09,2025-11,1,0,Mid-Inactive,0,0,0,0.4893162393162393,4
21,Other,0,21,0,Ads,medium,Digital Wallet,Android,2,139.13,25.0093023255814,0.1162790697674418,0.0,0.0,0.0,0.0,0.0,0.0,0,Q3,Low,2024-11,2025-12,1,0,Mid-Inactive,0,0,0,0.2419871794871795,2
58,Other,2,40,0,Ads,low,Credit Card,Android,4,38.6,23.805882352941172,0.1176470588235294,21.48,11.66,0.9200000000000002,0.1600000000000001,0.0073937153419593,0.1176470588235294,1,Q1,High,2025-05,2025-11,1,1,Inactive,0,0,0,0.20726495726495728,0
42,Male,1,14,1,Referral,high,Digital Wallet,iOS,7,249.63,26.101639344262296,0.1639344262295081,47.370000000000005,17.7575,5.914999999999999,0.25,0.0052498950020999,0.0655737704918032,0,Q4,Mid-Low,2025-05,2025-12,0,0,Mid-Recent,1,0,1,0.38835470085470086,1
33,Female,2,22,0,Referral,medium,Credit Card,iOS,5,99.63,24.890625,0.09375,26.91,20.5,7.045,8.55,0.2411167512690355,0.0625,0,Q2,Mid-Low,2025-01,2025-12,1,0,Mid-Inactive,0,0,0,0.20886752136752135,2
66,Male,1,48,1,Referral,medium,Debit Card,Web,5,61.85,23.903846153846157,0.1538461538461538,43.86,15.12,4.155,1.25,0.027710042119264,0.1538461538461538,1,Q1,High,2025-08,2025-12,1,1,Inactive,0,0,0,0.36378205128205127,0
42,Other,6,0,0,Partnership,high,Cash,Android,6,185.79,27.2,0.2608695652173913,91.37,15.28,2.2271428571428573,0.0,0.0,0.1521739130434782,1,Q4,High,2024-03,2025-12,0,0,Recent,1,0,1,0.4423076923076923,1
45,Female,2,9,1,Organic,medium,Digital Wallet,iOS,4,109.25,23.297560975609755,0.1463414634146341,21.62,11.0,0.1899999999999995,1.4400000000000004,0.0624457935819601,0.048780487804878,0,Q2,Low,2024-08,2025-12,0,0,Mid-Recent,0,0,1,0.532051282051282,2
60,Female,3,65,0,Referral,medium,Digital Wallet,Android,4,127.05,28.20232558139535,0.1162790697674418,48.91,24.5,0.0449999999999999,8.16,0.1429823024356054,0.0465116279069767,0,Q3,Low,2023-04,2025-10,1,1,Inactive,0,0,0,0.3947649572649572,0
18,Female,4,26,0,Ads,high,Credit Card,Web,4,228.53,24.68367346938776,0.1224489795918367,9.46,3.273333333333333,0.1199999999999999,2.289999999999999,0.1948936170212765,0.0612244897959183,0,Q4,Mid-Low,2024-03,2025-12,1,0,Mid-Inactive,1,1,0,0.5176282051282052,3
51,Female,2,18,0,Organic,high,Cash,Web,9,267.2,24.98939393939394,0.2121212121212121,113.81,14.143,2.762,0.1600000000000001,0.0014038782135649,0.1515151515151515,1,Q4,High,2023-10,2025-12,0,0,Mid-Inactive,1,0,0,0.5625,1
50,Female,4,16,0,Referral,low,Digital Wallet,iOS,1,82.65,25.960714285714285,0.1071428571428571,11.82,16.0,4.18,3.78,0.2423076923076922,0.0357142857142857,0,Q1,Low,2023-04,2025-11,0,0,Mid-Inactive,0,0,0,0.43482905982905984,2
20,Other,8,11,0,Partnership,medium,Debit Card,Web,7,131.99,23.53617021276596,0.1702127659574468,30.44,12.92,2.773333333333333,0.0,0.0,0.0638297872340425,0,Q3,Mid-Low,2025-09,2025-12,0,0,Mid-Recent,0,0,1,0.30074786324786323,2
43,Other,5,6,0,Organic,low,Cash,Android,5,160.32,26.20983606557377,0.0655737704918032,20.46,10.413333333333334,3.5933333333333333,0.6099999999999999,0.0289511153298528,0.0491803278688524,0,Q3,Low,2023-07,2025-11,0,0,Recent,0,0,1,0.40224358974358976,2
64,Female,3,0,0,Ads,high,Debit Card,Web,9,219.08,24.63728813559322,0.2033898305084746,98.37,14.795,2.49875,0.0,0.0,0.135593220338983,1,Q4,High,2025-09,2025-12,0,0,Recent,1,0,1,0.42147435897435903,1
68,Other,1,31,1,Ads,medium,Cash,iOS,5,105.73,24.37058823529412,0.1470588235294117,45.86,16.346666666666668,1.0599999999999994,0.5999999999999996,0.012914334911752,0.088235294117647,1,Q2,Mid-High,2024-09,2025-10,1,1,Inactive,0,0,0,0.5299145299145298,0
61,Other,6,13,1,Ads,medium,Cash,iOS,8,124.41,23.544444444444444,0.1555555555555555,33.58,16.080000000000002,4.886666666666667,5.960000000000001,0.1507334344967122,0.0666666666666666,0,Q3,Mid-Low,2025-10,2025-12,0,0,Mid-Recent,0,0,1,0.34775641025641024,2
60,Other,2,10,0,Ads,low,Debit Card,iOS,3,91.57,26.562857142857144,0.0857142857142857,12.64,14.78,2.139999999999999,4.690000000000001,0.2706289671090595,0.0285714285714285,0,Q2,Low,2024-03,2025-11,0,0,Mid-Recent,0,0,1,0.29807692307692313,2
24,Female,1,20,0,Ads,high,Digital Wallet,Android,9,299.02,25.12328767123288,0.1232876712328767,37.97,10.065,0.5724999999999999,1.63,0.0411616161616161,0.0547945205479452,0,Q4,Low,2024-03,2025-12,1,0,Mid-Inactive,1,1,0,0.5021367521367521,3
32,Other,6,11,0,Partnership,medium,Credit Card,Web,9,161.7,22.5,0.1333333333333333,45.09,12.652,3.634,1.2699999999999996,0.0273943054357204,0.0833333333333333,0,Q3,Mid-Low,2024-10,2025-12,0,0,Mid-Recent,0,0,1,0.5993589743589745,2
52,Other,4,18,0,Referral,medium,Digital Wallet,iOS,6,90.68,27.52068965517241,0.1034482758620689,21.97,14.88,3.895000000000001,7.17,0.2460535346602608,0.0689655172413793,0,Q2,Mid-Low,2024-12,2025-12,0,0,Mid-Inactive,0,0,0,0.4738247863247863,2
67,Other,0,81,0,Organic,medium,Cash,Web,7,69.98,22.86,0.2,31.61,9.195,1.2925000000000002,0.0700000000000002,0.0022095959595959,0.1333333333333333,1,Q1,High,2024-03,2025-12,1,1,Inactive,0,0,0,0.40170940170940167,0
59,Other,4,16,0,Ads,low,Debit Card,Android,5,81.06,25.46388888888889,0.0555555555555555,0.0,0.0,0.0,0.0,0.0,0.0,0,Q1,Low,2024-02,2025-12,0,0,Mid-Inactive,0,0,0,0.2676282051282051,2
36,Male,1,49,0,Referral,high,Digital Wallet,Web,7,227.8,27.59454545454545,0.2,109.53,14.61,0.91875,2.05,0.0183724681842624,0.1454545454545454,1,Q4,High,2023-08,2025-11,1,1,Inactive,1,1,0,0.6543803418803418,3
30,Other,3,11,0,Organic,medium,Debit Card,Android,2,111.29,23.95,0.2352941176470588,32.92,13.333333333333334,2.36,2.8200000000000003,0.0789031897034135,0.088235294117647,1,Q2,Mid-High,2023-03,2025-12,0,0,Mid-Recent,0,0,1,0.5090811965811965,4
54,Other,3,77,0,Organic,low,Credit Card,Web,1,90.25,25.13636363636364,0.1212121212121212,11.74,12.28,0.5399999999999991,2.4899999999999984,0.1749824314827827,0.0303030303030303,0,Q1,Low,2025-09,2025-12,1,1,Inactive,0,0,0,0.37286324786324787,0
30,Female,0,38,0,Organic,medium,Digital Wallet,Web,3,57.48,26.33888888888889,0.0555555555555555,0.0,0.0,0.0,0.0,0.0,0.0,0,Q1,Low,2025-04,2025-12,1,1,Inactive,0,0,0,0.24626068376068377,0
51,Other,0,4,0,Referral,medium,Cash,iOS,0,65.14,22.3,0.2941176470588235,10.81,13.24,2.43,1.83,0.1447784810126582,0.0588235294117647,0,Q1,Mid-Low,2025-09,2025-12,0,0,Recent,0,0,1,0.1794871794871795,2
47,Female,3,11,0,Organic,medium,Debit Card,Android,6,115.16,22.32307692307692,0.1025641025641025,39.55,15.106666666666667,1.923333333333333,1.2799999999999998,0.0313494979181974,0.0769230769230769,0,Q2,Mid-Low,2024-01,2025-12,0,0,Mid-Recent,0,0,1,0.26655982905982906,2
27,Other,0,8,0,Ads,low,Credit Card,Web,3,72.2,22.03846153846154,0.1153846153846153,11.47,9.38,3.645,9.47,0.4522445081184337,0.0769230769230769,0,Q1,Mid-Low,2024-10,2025-12,0,0,Mid-Recent,0,0,1,0.28044871794871795,2
37,Other,1,5,0,Organic,medium,Cash,Web,2,114.01,24.87297297297297,0.081081081081081,11.81,14.0,2.1899999999999995,2.77,0.1899862825788751,0.027027027027027,0,Q2,Low,2024-01,2025-12,0,0,Recent,0,0,1,0.3691239316239316,2
49,Female,0,5,0,Referral,medium,Digital Wallet,iOS,3,71.89,25.580952380952382,0.0,0.0,0.0,0.0,0.0,0.0,0.0,0,Q1,Low,2023-03,2025-09,0,0,Recent,0,0,1,0.41185897435897434,2
64,Male,0,22,0,Ads,medium,Cash,Web,2,124.19,23.068421052631574,0.2105263157894736,73.87,13.5,1.1883333333333332,2.890000000000001,0.0376498176133402,0.1578947368421052,1,Q3,High,2023-08,2025-10,1,0,Mid-Inactive,0,0,0,0.42200854700854695,4
37,Other,3,6,0,Referral,low,Cash,Android,3,104.44,21.005000000000003,0.1,26.22,12.59,-0.5200000000000002,2.52,0.0876826722338204,0.05,0,Q2,Low,2024-06,2025-11,0,0,Recent,0,0,1,0.35416666666666663,2
61,Female,0,20,1,Partnership,low,Cash,iOS,2,28.06,26.76,0.3,16.28,8.06,2.6333333333333333,4.17,0.2039119804400977,0.3,1,Q1,High,2024-01,2025-12,1,0,Mid-Inactive,0,0,0,0.14957264957264957,4
64,Female,5,11,0,Ads,medium,Cash,iOS,4,145.31,23.26086956521739,0.108695652173913,22.75,5.955,0.2675,1.2199999999999998,0.0508969545264914,0.0869565217391304,0,Q3,Mid-Low,2025-06,2025-12,0,0,Mid-Recent,0,0,1,0.4770299145299145,2
38,Other,2,10,0,Organic,medium,Cash,Web,4,47.7,24.126666666666665,0.0666666666666666,16.76,16.0,-0.7600000000000016,1.9799999999999984,0.1056563500533617,0.0666666666666666,0,Q1,Mid-Low,2025-10,2025-12,0,0,Mid-Recent,0,0,1,0.12927350427350426,2
54,Male,5,23,0,Partnership,medium,Digital Wallet,iOS,2,142.79,24.011904761904763,0.0238095238095238,12.98,14.0,1.0199999999999996,6.720000000000001,0.3411167512690355,0.0238095238095238,0,Q3,Low,2024-03,2025-12,1,0,Mid-Inactive,0,0,0,0.5363247863247863,2
31,Other,2,15,0,Referral,medium,Digital Wallet,Web,2,152.32,24.68723404255319,0.0851063829787234,14.41,9.38,2.175,7.779999999999999,0.3506083821541235,0.0425531914893617,0,Q3,Low,2024-01,2025-12,0,0,Mid-Inactive,0,0,0,0.43963675213675213,2
24,Other,7,13,0,Partnership,medium,Cash,Web,4,108.6,26.623255813953488,0.0930232558139534,49.58,24.0,-0.7899999999999991,0.1399999999999996,0.0028157683024939,0.0465116279069767,0,Q2,Low,2025-02,2025-12,0,0,Mid-Recent,0,0,1,0.5961538461538461,2
21,Male,2,24,1,Partnership,medium,Debit Card,iOS,4,143.83,23.588636363636365,0.1136363636363636,17.22,12.76,4.15,0.6600000000000001,0.0369127516778523,0.0454545454545454,0,Q3,Low,2025-08,2025-12,1,0,Mid-Inactive,0,0,0,0.4962606837606838,2
50,Other,0,36,0,Partnership,high,Debit Card,Web,0,33.56,24.414285714285715,0.1428571428571428,7.69,13.24,5.55,3.87,0.3347750865051903,0.1428571428571428,1,Q1,High,2025-07,2025-11,1,1,Inactive,0,0,0,0.358974358974359,0
33,Male,6,1,0,Ads,low,Cash,Android,3,143.75,23.848936170212767,0.1914893617021276,86.01,18.6,1.398,0.0,0.0,0.1063829787234042,1,Q3,Mid-High,2024-09,2025-12,0,0,Recent,0,0,1,0.5854700854700854,4
62,Other,0,24,1,Partnership,medium,Credit Card,Android,1,53.36,28.688888888888886,0.2222222222222222,27.91,19.5,5.545000000000001,1.9800000000000004,0.0662428905988625,0.1111111111111111,1,Q1,Mid-High,2025-07,2025-12,1,0,Mid-Inactive,0,0,0,0.2532051282051282,4
35,Other,2,8,1,Organic,low,Credit Card,iOS,4,114.65,27.977777777777774,0.0888888888888888,25.97,13.840000000000002,5.183333333333334,4.640000000000001,0.1515844495262986,0.0666666666666666,0,Q2,Mid-Low,2025-08,2025-12,0,0,Mid-Recent,0,0,1,0.5213675213675213,2
23,Male,7,118,0,Ads,high,Credit Card,Web,6,244.49,24.142857142857142,0.1071428571428571,34.129999999999995,17.0,-0.0649999999999995,0.0,0.0,0.0357142857142857,0,Q4,Low,2024-08,2025-11,1,1,Inactive,1,1,0,0.38087606837606836,3
54,Female,2,6,0,Referral,medium,Debit Card,Android,8,121.36,25.30454545454546,0.1590909090909091,29.09,10.525,3.2524999999999995,6.1,0.1733447001989201,0.0909090909090909,1,Q2,Mid-High,2023-07,2025-12,0,0,Recent,0,0,1,0.280982905982906,4
59,Other,2,15,0,Organic,low,Debit Card,iOS,5,94.58,25.67142857142857,0.2142857142857142,36.5,10.655,1.5299999999999998,0.3599999999999994,0.0097666847531198,0.0952380952380952,1,Q2,Mid-High,2023-01,2025-11,0,0,Mid-Inactive,0,0,0,0.4946581196581197,4
22,Other,6,17,0,Partnership,medium,Credit Card,Android,2,169.77,24.094736842105263,0.087719298245614,37.1,20.875,2.325000000000001,0.0,0.0,0.0350877192982456,0,Q4,Low,2025-01,2025-12,0,0,Mid-Inactive,1,0,0,0.5101495726495726,1
52,Other,0,2,0,Referral,medium,Credit Card,iOS,0,55.06,24.294117647058822,0.1176470588235294,0.0,0.0,0.0,0.0,0.0,0.0,0,Q1,Low,2025-03,2025-11,0,0,Recent,0,0,1,0.235042735042735,2
29,Other,8,9,0,Referral,high,Cash,Android,10,247.28,25.03968253968254,0.1111111111111111,76.83,16.357999999999997,0.9919999999999992,4.15,0.0512472215361817,0.0793650793650793,0,Q4,Mid-Low,2024-01,2025-12,0,0,Mid-Recent,1,0,1,0.702457264957265,1
20,Male,2,1,1,Ads,high,Credit Card,Web,7,264.61,23.28676470588235,0.2205882352941176,144.72,18.17111111111111,2.0911111111111107,0.4500000000000002,0.0030998140111593,0.1323529411764706,1,Q4,High,2024-10,2025-12,0,0,Recent,1,0,1,0.5710470085470085,1
66,Male,5,26,0,Referral,medium,Digital Wallet,Android,2,104.3,24.678125,0.09375,35.19,22.0,4.404999999999999,0.0,0.0,0.0625,0,Q2,Mid-Low,2023-07,2025-12,1,0,Mid-Inactive,0,0,0,0.2019230769230769,0
28,Female,5,13,0,Ads,medium,Digital Wallet,iOS,4,125.91,25.921951219512195,0.073170731707317,0.0,0.0,0.0,0.0,0.0,0.0,0,Q3,Low,2024-09,2025-12,0,0,Mid-Recent,0,0,1,0.4973290598290598,2
68,Female,3,36,0,Ads,medium,Cash,Web,7,90.82,23.53333333333333,0.1818181818181818,44.1,21.92,7.22,1.7699999999999996,0.0385873119686069,0.0909090909090909,1,Q2,Mid-High,2023-06,2025-11,1,1,Inactive,0,0,0,0.296474358974359,0
51,Female,0,28,1,Referral,medium,Credit Card,iOS,1,82.71,24.766666666666666,0.0833333333333333,4.7,8.0,3.3,3.73,0.442467378410439,0.0416666666666666,0,Q1,Low,2024-01,2025-09,1,0,Inactive,0,0,0,0.36912393162393164,2
30,Male,1,30,0,Ads,high,Debit Card,Web,7,291.9,26.142424242424244,0.2121212121212121,70.55,13.262857142857143,3.184285714285714,0.9799999999999996,0.0137005452257793,0.106060606060606,1,Q4,Mid-High,2024-04,2025-12,1,1,Inactive,1,1,0,0.5347222222222223,3
31,Other,1,27,1,Organic,medium,Debit Card,Web,0,38.27,24.29090909090909,0.0909090909090909,0.0,0.0,0.0,0.0,0.0,0.0,0,Q1,Low,2025-09,2025-12,1,0,Mid-Inactive,0,0,0,0.2857905982905983,2
45,Male,0,2,0,Organic,medium,Cash,Web,3,62.99,26.017391304347825,0.217391304347826,20.33,13.0,2.835,6.92,0.2539449541284403,0.0869565217391304,0,Q1,Mid-Low,2023-04,2025-12,0,0,Recent,0,0,1,0.22596153846153844,2
43,Female,4,28,0,Organic,medium,Cash,Web,8,238.39,25.30434782608696,0.0869565217391304,21.91,22.0,0.0899999999999998,2.53,0.1035188216039279,0.0144927536231884,0,Q4,Low,2025-02,2025-12,1,0,Inactive,1,1,0,0.6447649572649572,3
52,Male,5,49,1,Organic,medium,Debit Card,Web,4,186.21,25.816981132075476,0.1509433962264151,40.2,11.93,3.89,0.0,0.0,0.0943396226415094,1,Q4,Mid-High,2023-01,2025-12,1,1,Inactive,1,1,0,0.39583333333333337,3
54,Other,1,0,0,Partnership,medium,Debit Card,Android,7,105.02,21.11081081081081,0.1351351351351351,47.75999999999999,20.33333333333333,4.413333333333335,5.34,0.1005649717514124,0.081081081081081,0,Q2,Mid-Low,2024-11,2025-11,0,0,Recent,0,0,1,0.4941239316239316,2
42,Male,2,51,0,Referral,low,Digital Wallet,iOS,2,73.85,25.446153846153848,0.0769230769230769,0.0,0.0,0.0,0.0,0.0,0.0,0,Q1,Low,2023-12,2025-12,1,1,Inactive,0,0,0,0.28739316239316237,0
25,Other,1,21,0,Referral,medium,Digital Wallet,Web,8,100.17,23.00263157894737,0.1578947368421052,39.89,13.96,3.9875,2.3099999999999987,0.0547393364928909,0.1052631578947368,1,Q2,Mid-High,2025-11,2025-12,1,0,Mid-Inactive,0,0,0,0.17895299145299143,4
41,Female,5,11,0,Ads,high,Debit Card,Android,2,185.28,26.976923076923075,0.0769230769230769,31.97,16.16,0.1750000000000007,6.58,0.1706874189364461,0.0512820512820512,0,Q4,Low,2025-07,2025-12,0,0,Mid-Recent,1,0,1,0.454059829059829,2
24,Female,2,30,0,Partnership,high,Credit Card,iOS,0,192.54,25.11333333333333,0.1333333333333333,28.24,11.173333333333332,1.76,0.0,0.0,0.0666666666666666,0,Q4,Mid-Low,2024-10,2025-12,1,1,Inactive,1,1,0,0.5838675213675213,3
51,Other,1,25,0,Partnership,medium,Credit Card,Web,11,154.42,24.755102040816325,0.2040816326530612,70.35,13.31,4.516249999999999,6.129999999999999,0.0801516736401673,0.1632653061224489,1,Q3,High,2023-08,2025-11,1,0,Mid-Inactive,0,0,0,0.3995726495726496,4
62,Other,9,12,1,Organic,medium,Credit Card,iOS,12,144.77,24.62,0.1636363636363636,67.35,13.435714285714283,3.814285714285714,1.129999999999999,0.016501168224299,0.1272727272727272,1,Q3,High,2024-10,2025-12,0,0,Mid-Recent,0,0,1,0.5779914529914529,4
38,Female,4,90,0,Organic,medium,Cash,Android,9,274.1,24.639024390243904,0.2073170731707317,132.19,14.98,3.964166666666667,0.3000000000000007,0.0022643218356102,0.1463414634146341,1,Q4,High,2025-02,2025-12,1,1,Inactive,1,1,0,0.6169871794871795,3
26,Female,1,21,0,Ads,medium,Debit Card,iOS,4,87.8,24.89,0.1666666666666666,52.84,14.185,0.9749999999999992,0.9499999999999992,0.0176612753299869,0.1333333333333333,1,Q1,High,2025-02,2025-11,1,0,Mid-Inactive,0,0,0,0.45726495726495725,4
54,Other,1,6,0,Referral,low,Digital Wallet,Web,2,40.04,25.866666666666667,0.1333333333333333,9.05,16.0,6.949999999999999,0.5700000000000003,0.0592515592515592,0.0666666666666666,0,Q1,Mid-Low,2023-05,2025-08,0,0,Recent,0,0,1,0.19177350427350426,2
61,Other,2,4,0,Partnership,medium,Debit Card,Android,2,136.24,24.663157894736845,0.0789473684210526,4.48,8.0,3.52,6.199999999999999,0.5805243445692884,0.0263157894736842,0,Q3,Low,2025-01,2025-11,0,0,Recent,0,0,1,0.3456196581196581,2
47,Other,7,24,0,Organic,medium,Cash,Web,5,161.87,26.648076923076925,0.1923076923076923,35.400000000000006,7.026666666666666,1.1266666666666665,3.49,0.0897402931344818,0.1153846153846153,1,Q3,Mid-High,2024-03,2025-11,1,0,Mid-Inactive,0,0,0,0.592948717948718,4
37,Other,0,21,0,Organic,medium,Cash,Android,5,217.29,24.882758620689657,0.1379310344827586,17.74,9.406666666666666,3.4933333333333336,7.109999999999999,0.2861167002012072,0.0517241379310344,0,Q4,Low,2023-08,2025-11,1,0,Mid-Inactive,1,1,0,0.31303418803418803,3
58,Male,3,25,0,Ads,high,Credit Card,iOS,3,119.45,25.071875,0.125,48.8,18.593333333333334,2.3266666666666667,4.609999999999999,0.0863134244523497,0.09375,1,Q2,Mid-High,2023-03,2025-11,1,0,Mid-Inactive,0,0,0,0.35470085470085466,4
21,Male,3,18,0,Partnership,medium,Credit Card,Android,3,75.28,27.775,0.1666666666666666,33.94,15.333333333333334,4.0200000000000005,3.4800000000000004,0.0929983965793693,0.125,1,Q1,High,2023-12,2025-11,0,0,Mid-Inactive,0,0,0,0.4802350427350427,4
64,Male,8,73,0,Partnership,medium,Credit Card,Android,13,147.01,25.103389830508476,0.2203389830508474,108.97,17.255,3.63375,0.3999999999999999,0.0036573100484593,0.135593220338983,1,Q3,High,2025-07,2025-12,1,1,Inactive,0,0,0,0.3173076923076923,0
57,Male,10,16,0,Partnership,high,Digital Wallet,iOS,6,279.04,26.2734375,0.171875,75.35,12.585714285714284,1.821428571428572,3.77,0.047649140546006,0.109375,1,Q4,Mid-High,2023-07,2025-12,0,0,Mid-Inactive,1,0,0,0.5122863247863247,1
61,Other,5,8,0,Partnership,medium,Debit Card,Web,6,84.27,23.814705882352943,0.1470588235294117,49.7,12.776,2.8360000000000003,4.68,0.0860610518573004,0.1470588235294117,1,Q1,High,2023-07,2025-11,0,0,Mid-Recent,0,0,1,0.5090811965811965,4
32,Male,0,46,0,Organic,medium,Debit Card,Web,7,81.93,23.81,0.2,77.05,14.061666666666667,1.2200000000000004,7.050000000000001,0.0838287752675386,0.2,1,Q1,High,2024-02,2025-11,1,1,Inactive,0,0,0,0.547542735042735,0
21,Female,3,25,0,Partnership,medium,Debit Card,Android,2,142.11,25.30454545454546,0.1136363636363636,41.89,13.8825,3.41,6.969999999999999,0.1426524764633646,0.0909090909090909,1,Q3,Mid-High,2025-07,2025-12,1,0,Mid-Inactive,0,0,0,0.5726495726495726,0
39,Other,10,30,0,Referral,high,Digital Wallet,Android,3,270.07,23.388709677419357,0.1612903225806451,62.19,14.686666666666667,4.321666666666666,0.2799999999999993,0.0044821514326876,0.0967741935483871,1,Q4,Mid-High,2025-06,2025-12,1,1,Inactive,1,1,0,0.4551282051282051,3
36,Female,4,40,0,Referral,low,Cash,iOS,9,144.51,23.643636363636364,0.0727272727272727,45.010000000000005,19.0,3.996666666666666,1.7199999999999989,0.0368071902418146,0.0545454545454545,0,Q3,Low,2023-09,2025-12,1,1,Inactive,0,0,0,0.2793803418803419,0
59,Other,2,13,1,Partnership,medium,Cash,iOS,6,129.8,24.76086956521739,0.1304347826086956,37.32,13.0,0.5600000000000002,2.08,0.0527918781725888,0.0652173913043478,0,Q3,Mid-Low,2023-05,2025-12,0,0,Mid-Recent,0,0,1,0.33814102564102566,2
18,Other,4,58,0,Organic,medium,Digital Wallet,Android,4,126.36,23.837777777777777,0.1333333333333333,18.85,9.506666666666666,3.223333333333333,8.03,0.298735119047619,0.0666666666666666,0,Q3,Mid-Low,2024-03,2025-11,1,1,Inactive,0,0,0,0.47275641025641024,0
18,Female,8,3,0,Partnership,high,Digital Wallet,iOS,6,222.74,25.788888888888888,0.0925925925925925,27.07,19.14,5.605,0.2599999999999998,0.0095133552872301,0.037037037037037,0,Q4,Low,2023-05,2025-11,0,0,Recent,1,0,1,0.4278846153846154,1
45,Female,5,3,0,Referral,high,Debit Card,Android,6,229.81,24.96607142857143,0.1607142857142857,71.85,10.958571428571428,0.6942857142857145,0.0,0.0,0.125,1,Q4,High,2023-12,2025-12,0,0,Recent,1,0,1,0.6100427350427351,1
49,Male,0,22,0,Organic,high,Debit Card,Android,6,295.7,25.20149253731343,0.0895522388059701,13.77,5.8,2.3575,0.8399999999999999,0.0574948665297741,0.0597014925373134,0,Q4,Mid-Low,2025-01,2025-12,1,0,Mid-Inactive,1,1,0,0.4417735042735043,3
41,Female,2,3,0,Partnership,low,Debit Card,Web,1,87.75,25.774193548387096,0.1612903225806451,22.35,16.0,4.825,8.620000000000001,0.2783338714885373,0.064516129032258,0,Q1,Mid-Low,2025-01,2025-12,0,0,Recent,0,0,1,0.517094017094017,2
24,Female,3,20,0,Ads,medium,Debit Card,Android,6,135.53,26.068181818181817,0.2272727272727272,54.56,13.207999999999998,2.2960000000000003,1.0700000000000005,0.0192342261369764,0.1136363636363636,1,Q3,Mid-High,2025-05,2025-12,1,0,Mid-Inactive,0,0,0,0.5240384615384615,4
18,Female,1,25,0,Referral,low,Debit Card,Android,9,130.89,25.59183673469388,0.1020408163265306,49.86,17.5,5.035,2.9700000000000006,0.0562180579216354,0.0816326530612244,0,Q3,Mid-Low,2024-02,2025-12,1,0,Mid-Inactive,0,0,0,0.5523504273504274,0
26,Female,1,30,1,Organic,high,Credit Card,iOS,3,148.51,22.552941176470583,0.1764705882352941,40.05,14.5,4.4875,3.34,0.0769762618114772,0.1176470588235294,1,Q3,High,2024-10,2025-12,1,1,Inactive,0,0,0,0.516025641025641,0
48,Other,4,2,0,Referral,medium,Cash,Android,3,161.85,24.668888888888887,0.0444444444444444,13.95,23.0,9.05,0.54,0.0372670807453416,0.0222222222222222,0,Q3,Low,2023-01,2025-12,0,0,Recent,0,0,1,0.5560897435897436,2
49,Other,4,21,0,Organic,medium,Cash,Web,5,95.59,21.8,0.2058823529411764,34.99,16.426666666666666,4.763333333333333,3.28,0.0857068199634178,0.088235294117647,1,Q2,Mid-High,2023-08,2025-12,1,0,Mid-Inactive,0,0,0,0.2938034188034188,4
26,Male,3,27,0,Referral,low,Debit Card,iOS,6,108.4,25.090243902439024,0.1707317073170731,11.72,8.21,2.3500000000000005,0.7100000000000009,0.0571198712791633,0.048780487804878,0,Q2,Low,2024-05,2025-12,1,0,Mid-Inactive,0,0,0,0.37232905982905984,0
50,Male,2,0,0,Referral,medium,Digital Wallet,Android,7,100.18,24.985714285714284,0.0857142857142857,22.04,14.96,3.94,0.3599999999999994,0.0160714285714285,0.0571428571428571,0,Q2,Low,2023-08,2025-11,0,0,Recent,0,0,1,0.49946581196581197,2
65,Male,3,0,0,Partnership,medium,Digital Wallet,Android,4,93.94,28.55757575757576,0.1818181818181818,72.8,23.4225,5.2225,3.960000000000001,0.0515893694632621,0.1212121212121212,1,Q2,High,2025-05,2025-12,0,0,Recent,0,0,1,0.4145299145299145,4
23,Female,7,14,1,Ads,low,Debit Card,iOS,5,121.11,23.575,0.1875,37.53,10.352,2.846,1.0199999999999996,0.0264591439688715,0.1041666666666666,1,Q2,Mid-High,2023-06,2025-11,0,0,Mid-Recent,0,0,1,0.5758547008547008,4
67,Male,4,5,0,Ads,medium,Cash,iOS,7,101.11,23.40952380952381,0.1904761904761904,41.2,11.704,3.464,2.6099999999999994,0.0595754393973978,0.119047619047619,1,Q2,High,2023-11,2025-10,0,0,Recent,0,0,1,0.4807692307692307,4
63,Male,3,0,0,Ads,low,Debit Card,iOS,5,83.68,26.003030303030304,0.2121212121212121,69.83,21.31,3.852500000000001,1.84,0.0256732245011859,0.1212121212121212,1,Q1,High,2025-01,2025-12,0,0,Recent,0,0,1,0.5048076923076923,4
26,Female,0,2,0,Organic,high,Debit Card,iOS,7,147.16,27.933333333333334,0.1904761904761904,49.88,12.354,2.378,5.73,0.1030390217586765,0.119047619047619,1,Q3,High,2024-06,2025-12,0,0,Recent,0,0,1,0.42521367521367526,4
19,Other,0,2,1,Referral,low,Credit Card,Android,3,74.23,24.060714285714287,0.1428571428571428,28.51,29.0,0.4899999999999984,0.0899999999999998,0.0031468531468531,0.0357142857142857,0,Q1,Low,2024-11,2025-12,0,0,Recent,0,0,1,0.37232905982905984,2
51,Female,1,15,1,Ads,low,Digital Wallet,Android,6,101.48,26.852777777777774,0.1944444444444444,129.98,19.571428571428573,1.0028571428571431,2.9700000000000006,0.0223392252726589,0.1944444444444444,1,Q2,High,2024-08,2025-11,0,0,Mid-Inactive,0,0,0,0.35096153846153844,4
21,Other,3,18,0,Referral,low,Digital Wallet,iOS,5,71.5,21.385185185185183,0.1481481481481481,43.84,19.33333333333333,4.72,5.8100000000000005,0.1170191339375629,0.1111111111111111,1,Q1,Mid-High,2024-06,2025-12,0,0,Mid-Inactive,0,0,0,0.3125,4
41,Female,5,42,0,Partnership,medium,Debit Card,Android,8,170.54,25.227868852459014,0.1475409836065573,104.28,15.3675,2.3325000000000005,7.350000000000001,0.0658425154528352,0.1311475409836065,1,Q4,High,2023-06,2025-11,1,1,Inactive,1,1,0,0.5272435897435898,3
29,Male,4,2,0,Referral,high,Digital Wallet,iOS,6,158.55,25.172727272727272,0.25,44.47,12.69,3.796,5.22,0.1050513181726705,0.1136363636363636,1,Q3,Mid-High,2025-08,2025-12,0,0,Recent,0,0,1,0.5240384615384615,4
48,Female,1,13,0,Partnership,medium,Debit Card,Android,7,137.27,24.730434782608693,0.108695652173913,28.83,21.5,7.085,7.640000000000001,0.2094872497943515,0.0434782608695652,0,Q3,Low,2024-07,2025-12,0,0,Mid-Recent,0,0,1,0.5673076923076923,2
41,Female,2,44,0,Referral,low,Credit Card,Web,1,98.35,24.679411764705883,0.2647058823529412,67.41,12.214285714285714,2.584285714285714,0.92,0.0134640714181179,0.2058823529411764,1,Q2,High,2023-04,2025-12,1,1,Inactive,0,0,0,0.41880341880341876,0
61,Other,7,20,0,Organic,high,Digital Wallet,Web,8,209.81,28.1,0.0943396226415094,38.19,16.497500000000002,6.95,7.76,0.1688792165397171,0.0754716981132075,0,Q4,Mid-Low,2024-09,2025-12,1,0,Mid-Inactive,1,1,0,0.38888888888888884,3
65,Other,0,0,0,Ads,medium,Digital Wallet,iOS,6,91.48,27.25,0.1875,12.239999999999998,7.869999999999999,1.75,3.16,0.2051948051948052,0.0625,0,Q2,Mid-Low,2024-05,2025-12,0,0,Recent,0,0,1,0.2991452991452991,2
42,Male,2,12,0,Ads,medium,Credit Card,iOS,2,74.23,23.49230769230769,0.2307692307692307,53.06,18.73,5.465,3.18,0.0565433854907539,0.1538461538461538,1,Q1,High,2023-06,2025-12,0,0,Mid-Recent,0,0,1,0.29433760683760685,4
59,Male,1,4,0,Partnership,medium,Credit Card,iOS,5,109.77,24.276190476190475,0.119047619047619,51.53,14.4325,1.5500000000000005,0.9700000000000006,0.0184761904761904,0.0952380952380952,1,Q2,Mid-High,2023-11,2025-12,0,0,Recent,0,0,1,0.48771367521367526,4
57,Female,1,0,0,Partnership,medium,Debit Card,Web,9,58.85,23.874074074074077,0.1481481481481481,9.48,13.24,3.76,0.120000000000001,0.0125000000000001,0.037037037037037,0,Q1,Low,2024-07,2025-12,0,0,Recent,0,0,1,0.4930555555555555,2
20,Male,4,48,0,Partnership,medium,Digital Wallet,Web,2,111.81,26.93870967741936,0.1935483870967742,26.75,14.14,0.7649999999999997,2.9499999999999997,0.0993265993265993,0.064516129032258,0,Q2,Mid-Low,2023-08,2025-12,1,1,Inactive,0,0,0,0.5101495726495726,0
41,Female,3,1,0,Partnership,medium,Credit Card,Android,2,80.24,21.85555555555556,0.1111111111111111,9.69,12.28,2.59,4.33,0.3088445078459343,0.037037037037037,0,Q1,Low,2024-10,2025-12,0,0,Recent,0,0,1,0.5069444444444444,2
51,Other,4,48,1,Ads,low,Digital Wallet,Web,8,145.2,22.975,0.1071428571428571,29.42,13.253333333333332,3.4466666666666668,1.6099999999999994,0.0518852723171124,0.0535714285714285,0,Q3,Low,2024-03,2025-12,1,1,Inactive,0,0,0,0.3669871794871795,0
36,Male,1,11,0,Ads,medium,Cash,Android,1,131.01,25.610000000000003,0.175,57.53,17.25,2.8675,0.9499999999999992,0.0162448700410396,0.1,1,Q3,Mid-High,2025-10,2025-12,0,0,Mid-Recent,0,0,1,0.23611111111111108,4
50,Male,3,12,1,Partnership,medium,Cash,Web,5,54.35,22.84,0.2,3.97,6.76,2.79,3.17,0.4439775910364145,0.05,0,Q1,Low,2023-09,2025-11,0,0,Mid-Recent,0,0,1,0.15758547008547008,2
43,Other,1,47,0,Ads,low,Debit Card,iOS,3,96.87,25.01621621621622,0.2162162162162162,12.25,6.1866666666666665,2.103333333333333,3.03,0.1982984293193717,0.081081081081081,0,Q2,Mid-Low,2023-10,2025-11,1,1,Inactive,0,0,0,0.3344017094017094,0
54,Male,2,35,1,Partnership,medium,Digital Wallet,Android,14,204.25,24.245205479452057,0.1095890410958904,54.54,13.768,2.8600000000000003,3.3599999999999994,0.0580310880829015,0.0684931506849315,0,Q4,Mid-Low,2025-11,2025-12,1,1,Inactive,1,1,0,0.3910256410256411,3
36,Other,3,14,0,Referral,medium,Debit Card,iOS,4,167.81,25.296078431372543,0.2941176470588235,77.03,10.89,1.2612499999999995,3.8,0.0470122479277496,0.1568627450980392,1,Q4,High,2025-08,2025-12,0,0,Mid-Recent,1,0,1,0.47756410256410253,1
52,Male,4,1,0,Referral,high,Debit Card,Android,5,184.23,23.532653061224487,0.1836734693877551,60.52,12.888333333333334,2.801666666666666,2.479999999999998,0.0393650793650793,0.1224489795918367,1,Q4,High,2025-09,2025-12,0,0,Recent,1,0,1,0.28846153846153844,1
35,Male,0,11,0,Ads,medium,Credit Card,iOS,0,116.89,26.172222222222224,0.1944444444444444,71.92,21.456,7.072,0.7899999999999991,0.0108650804566084,0.1388888888888889,1,Q2,High,2023-09,2025-11,0,0,Mid-Recent,0,0,1,0.3995726495726496,4
58,Other,1,1,0,Organic,medium,Credit Card,Web,10,113.98,26.767391304347825,0.1739130434782608,50.150000000000006,10.918333333333337,2.56,0.0,0.0,0.1304347826086956,1,Q2,High,2024-10,2025-12,0,0,Recent,0,0,1,0.5881410256410255,4
34,Other,4,32,0,Partnership,medium,Digital Wallet,Android,2,90.56,26.77777777777778,0.037037037037037,0.0,0.0,0.0,0.0,0.0,0.0,0,Q2,Low,2025-01,2025-12,1,1,Inactive,0,0,0,0.32638888888888884,0
58,Male,2,2,0,Ads,high,Digital Wallet,iOS,7,247.54,25.963492063492065,0.1111111111111111,46.79,12.945,1.2474999999999998,2.0,0.040992006558721,0.0634920634920634,0,Q4,Mid-Low,2023-06,2025-11,0,0,Recent,1,0,1,0.3830128205128206,1
19,Other,2,22,0,Partnership,medium,Digital Wallet,Web,5,111.28,27.824324324324323,0.1351351351351351,4.22,4.76,0.54,4.41,0.511008111239861,0.027027027027027,0,Q2,Low,2023-08,2025-12,1,0,Mid-Inactive,0,0,0,0.3691239316239316,2
53,Male,0,3,0,Ads,medium,Digital Wallet,Android,3,26.68,25.88181818181818,0.0909090909090909,11.46,11.75,0.2899999999999991,9.59,0.4555819477434679,0.0909090909090909,1,Q1,Mid-High,2023-03,2025-10,0,0,Recent,0,0,1,0.11217948717948717,2
55,Other,6,1,0,Ads,medium,Cash,iOS,9,133.28,23.306818181818183,0.1590909090909091,25.3,11.05,2.6166666666666667,0.3000000000000007,0.01171875,0.0681818181818181,0,Q3,Mid-Low,2023-08,2025-12,0,0,Recent,0,0,1,0.4754273504273504,2
41,Male,5,16,1,Referral,low,Cash,iOS,2,118.23,28.290243902439027,0.2195121951219512,65.45,14.604,1.5139999999999998,3.68,0.0532330392015044,0.1219512195121951,1,Q2,High,2023-12,2025-10,0,0,Mid-Inactive,0,0,0,0.48344017094017094,4
29,Male,0,13,0,Partnership,low,Debit Card,Web,3,94.92,25.23333333333333,0.0909090909090909,22.26,15.0,3.87,0.08,0.0035810205908684,0.0606060606060606,0,Q2,Mid-Low,2023-08,2025-12,0,0,Mid-Recent,0,0,1,0.3173076923076923,2
19,Female,2,0,0,Ads,medium,Cash,Web,5,140.03,26.21960784313725,0.0784313725490196,30.61,12.31,2.106666666666667,0.0,0.0,0.0588235294117647,0,Q3,Mid-Low,2024-12,2025-12,0,0,Recent,0,0,1,0.5608974358974359,2
30,Male,3,31,0,Referral,medium,Cash,iOS,5,45.68,23.81904761904762,0.1428571428571428,22.44,13.24,2.02,7.300000000000001,0.2454606590450571,0.0952380952380952,1,Q1,Mid-High,2025-05,2025-12,1,1,Inactive,0,0,0,0.4882478632478633,0
59,Female,1,5,0,Ads,low,Credit Card,Web,6,103.24,23.83157894736842,0.1578947368421052,46.77,13.45,1.7574999999999998,7.98,0.1457534246575342,0.1052631578947368,1,Q2,Mid-High,2025-06,2025-12,0,0,Recent,0,0,1,0.2831196581196581,4
42,Female,10,13,1,Referral,high,Credit Card,Web,8,330.17,23.843589743589742,0.1538461538461538,46.48,15.426666666666668,-0.0666666666666676,6.54,0.1233496793662768,0.0384615384615384,0,Q4,Low,2024-08,2025-12,0,0,Mid-Recent,1,0,1,0.592948717948718,1
26,Male,5,5,0,Organic,high,Debit Card,Web,2,231.52,25.316326530612244,0.1020408163265306,49.69,18.01,1.446666666666666,1.0199999999999996,0.0201143758627489,0.0612244897959183,0,Q4,Mid-Low,2025-03,2025-12,0,0,Recent,1,0,1,0.5523504273504274,1
18,Male,1,13,0,Organic,medium,Credit Card,iOS,2,81.98,24.406896551724135,0.2068965517241379,44.0,11.93,0.9300000000000004,0.0,0.0,0.1379310344827586,1,Q1,High,2025-07,2025-12,0,0,Mid-Recent,0,0,1,0.3627136752136752,4
48,Other,4,25,1,Ads,medium,Digital Wallet,Android,4,112.81,24.58157894736842,0.0789473684210526,30.24,14.746666666666668,4.666666666666667,7.939999999999999,0.2079622839182818,0.0789473684210526,0,Q2,Mid-Low,2023-02,2025-10,1,0,Mid-Inactive,0,0,0,0.4567307692307692,2
27,Male,1,6,0,Organic,low,Credit Card,iOS,3,35.6,30.38,0.1333333333333333,0.0,0.0,0.0,0.0,0.0,0.0,0,Q1,Low,2024-08,2025-10,0,0,Recent,0,0,1,0.24038461538461536,2
24,Other,10,13,0,Referral,high,Cash,iOS,4,318.96,24.87042253521127,0.0985915492957746,11.98,8.98,2.9899999999999998,1.0999999999999996,0.0840978593272171,0.028169014084507,0,Q4,Low,2023-10,2025-11,0,0,Mid-Recent,1,0,1,0.625534188034188,1
32,Male,5,21,1,Partnership,high,Cash,iOS,6,332.58,26.60821917808219,0.1232876712328767,68.84,15.4,1.632,6.399999999999999,0.0850611376927166,0.0684931506849315,0,Q4,Mid-Low,2025-08,2025-12,1,0,Mid-Inactive,1,1,0,0.5368589743589745,3
59,Female,4,40,0,Partnership,medium,Credit Card,Android,6,158.7,24.050980392156863,0.0980392156862745,32.11,15.62,-0.4349999999999996,0.4800000000000004,0.0147284443080699,0.0392156862745098,0,Q3,Low,2025-05,2025-12,1,1,Inactive,0,0,0,0.4636752136752137,0
25,Male,4,5,0,Organic,medium,Digital Wallet,iOS,4,131.31,24.9325,0.075,9.76,12.28,2.52,0.870000000000001,0.0818438381937912,0.025,0,Q3,Low,2025-11,2025-12,0,0,Recent,0,0,1,0.18749999999999997,2
39,Male,1,22,0,Referral,medium,Credit Card,Web,3,51.63,23.389473684210525,0.1052631578947368,35.82,28.0,10.09,0.5600000000000005,0.0153930731170973,0.1052631578947368,1,Q1,Mid-High,2023-12,2025-12,1,0,Mid-Inactive,0,0,0,0.25747863247863245,4
29,Female,1,42,1,Ads,medium,Cash,iOS,1,151.89,23.65111111111111,0.2,17.66,7.3475,2.9325,5.51,0.2378075097108329,0.0888888888888888,1,Q3,Mid-High,2024-03,2025-12,1,1,Inactive,0,0,0,0.42414529914529914,0
57,Female,8,6,0,Referral,medium,Digital Wallet,Android,11,111.5,23.38372093023256,0.1395348837209302,52.28,13.615,0.5449999999999999,5.98,0.1026433230346721,0.0930232558139534,1,Q2,Mid-High,2023-04,2025-11,0,0,Recent,0,0,1,0.47115384615384615,4
34,Other,4,0,0,Referral,medium,Debit Card,Web,8,70.92,23.90333333333333,0.2,55.370000000000005,13.95,2.876,10.27,0.1564594759293114,0.1666666666666666,1,Q1,High,2023-03,2025-11,0,0,Recent,0,0,1,0.25587606837606836,4
38,Male,0,4,0,Partnership,medium,Cash,iOS,7,131.09,23.468888888888888,0.1111111111111111,53.45,15.75,2.3875,2.05,0.0369369369369369,0.0888888888888888,1,Q3,Mid-High,2023-02,2025-11,0,0,Recent,0,0,1,0.5422008547008547,4
54,Female,2,5,0,Ads,high,Credit Card,Android,2,215.73,25.5468085106383,0.1702127659574468,61.19,18.984,6.746,6.470000000000001,0.0956251847472657,0.1063829787234042,1,Q4,Mid-High,2023-04,2025-11,0,0,Recent,1,0,1,0.43963675213675213,1
29,Female,6,6,0,Organic,medium,Cash,Android,6,224.61,27.8796875,0.125,44.84,11.006,2.038,4.98,0.099959855479727,0.078125,0,Q4,Mid-Low,2024-06,2025-12,0,0,Recent,1,0,1,0.4914529914529915,1
62,Female,1,18,0,Ads,low,Debit Card,Android,1,36.98,22.957142857142856,0.0714285714285714,0.0,0.0,0.0,0.0,0.0,0.0,0,Q1,Low,2023-11,2025-09,0,0,Mid-Inactive,0,0,0,0.4166666666666667,2
53,Female,4,25,0,Ads,low,Cash,iOS,6,91.85,23.377142857142857,0.2285714285714285,80.75,14.351428571428572,2.8157142857142854,5.41,0.0627901578458681,0.2,1,Q2,High,2023-07,2025-12,1,0,Mid-Inactive,0,0,0,0.43696581196581197,4
63,Female,3,14,0,Referral,medium,Debit Card,Android,6,128.61,24.582608695652173,0.2608695652173913,102.33,17.59125,4.8,4.32,0.040506329113924,0.1739130434782608,1,Q3,High,2024-12,2025-12,0,0,Mid-Recent,0,0,1,0.45619658119658113,4
31,Male,3,2,0,Partnership,high,Debit Card,iOS,5,365.67,26.200000000000003,0.1309523809523809,69.73,17.442,3.496,2.52,0.034878892733564,0.0595238095238095,0,Q4,Mid-Low,2025-06,2025-12,0,0,Recent,1,0,1,0.500534188034188,1
40,Female,5,82,1,Organic,high,Cash,iOS,5,207.7,25.91346153846154,0.1538461538461538,2.57,3.46,0.8900000000000001,1.8099999999999987,0.4132420091324199,0.0192307692307692,0,Q4,Low,2025-02,2025-12,1,1,Inactive,1,1,0,0.48878205128205127,3
44,Male,0,4,0,Ads,medium,Credit Card,Web,7,127.95,28.51627906976744,0.2093023255813953,37.88,12.57,3.1,5.65,0.1297955433034689,0.0930232558139534,1,Q3,Mid-High,2025-06,2025-12,0,0,Recent,0,0,1,0.26976495726495725,4
25,Other,4,20,0,Partnership,medium,Credit Card,Web,4,128.46,23.77435897435897,0.2051282051282051,39.83,10.555,0.5975,1.62,0.0390832328106152,0.1025641025641025,1,Q3,Mid-High,2024-11,2025-12,1,0,Mid-Inactive,0,0,0,0.530448717948718,4
41,Male,4,32,0,Referral,low,Cash,Web,2,104.69,23.75277777777778,0.1388888888888889,55.52,17.19,3.31,2.66,0.0457201787555861,0.1111111111111111,1,Q2,Mid-High,2024-03,2025-11,1,1,Inactive,0,0,0,0.44818376068376065,0
19,Male,2,6,0,Ads,medium,Credit Card,iOS,2,76.6,24.320833333333336,0.2083333333333333,40.7,15.186666666666667,1.6199999999999992,5.1,0.111353711790393,0.125,1,Q1,High,2025-06,2025-11,0,0,Recent,0,0,1,0.21634615384615385,4
18,Other,2,21,0,Ads,high,Debit Card,Android,7,163.45,26.029545454545453,0.1136363636363636,64.23,14.368,1.5219999999999991,2.960000000000001,0.0440541747283822,0.1136363636363636,1,Q3,Mid-High,2025-11,2025-12,1,0,Mid-Inactive,0,0,0,0.21153846153846154,4
65,Other,4,20,0,Partnership,medium,Cash,Web,5,125.9,27.26585365853659,0.1463414634146341,36.98,14.25,5.005,4.77,0.114251497005988,0.0975609756097561,1,Q3,Mid-High,2025-04,2025-12,1,0,Mid-Inactive,0,0,0,0.32371794871794873,4
46,Other,6,1,1,Organic,medium,Credit Card,iOS,10,125.64,24.25625,0.2083333333333333,50.8,15.255,2.555,2.74,0.0511766903249906,0.0833333333333333,0,Q3,Mid-Low,2023-08,2025-12,0,0,Recent,0,0,1,0.5341880341880342,4
59,Male,0,26,0,Ads,high,Credit Card,Android,5,96.29,25.776,0.2,54.49,13.178,2.28,5.029999999999999,0.0845094086021505,0.2,1,Q2,High,2023-11,2025-11,1,0,Mid-Inactive,0,0,0,0.3247863247863248,4
61,Female,6,0,1,Organic,low,Debit Card,Android,3,118.42,23.73170731707317,0.2439024390243902,45.14,15.38,4.095,5.379999999999999,0.1064924782264449,0.0975609756097561,1,Q2,Mid-High,2025-06,2025-12,0,0,Recent,0,0,1,0.36538461538461536,4
35,Male,2,38,1,Ads,medium,Debit Card,Android,5,97.6,26.38,0.1666666666666666,11.56,5.76,-0.02,0.6699999999999999,0.0547833197056418,0.0666666666666666,0,Q2,Mid-Low,2024-03,2025-10,1,1,Inactive,0,0,0,0.36004273504273504,0
21,Male,3,4,0,Ads,medium,Credit Card,Web,3,78.98,26.125,0.1666666666666666,10.74,6.88,1.5099999999999998,0.3200000000000003,0.0289330922242314,0.0833333333333333,0,Q1,Mid-Low,2023-03,2025-11,0,0,Recent,0,0,1,0.31356837606837606,2
48,Female,8,2,0,Partnership,low,Debit Card,iOS,8,126.13,27.150943396226417,0.1320754716981132,36.47,13.52,1.3633333333333324,10.45,0.2227195225916453,0.0566037735849056,0,Q3,Low,2025-07,2025-12,0,0,Recent,0,0,1,0.36111111111111116,2
59,Female,2,9,0,Organic,medium,Credit Card,iOS,2,108.51,23.641666666666666,0.1944444444444444,15.010000000000002,6.140000000000001,1.1366666666666665,3.3999999999999986,0.184682237914177,0.0833333333333333,0,Q2,Mid-Low,2023-10,2025-12,0,0,Mid-Recent,0,0,1,0.5592948717948718,2
41,Other,4,35,0,Referral,high,Debit Card,Android,3,121.54,25.16875,0.125,34.54,14.346666666666666,2.8333333333333326,2.1700000000000017,0.0591119585943884,0.09375,1,Q3,Mid-High,2023-11,2025-12,1,1,Inactive,0,0,0,0.3060897435897436,0
52,Male,4,7,0,Ads,medium,Credit Card,Android,2,154.69,24.43255813953488,0.1395348837209302,34.51,14.92,3.4166666666666665,5.800000000000001,0.1438848920863309,0.0697674418604651,0,Q3,Mid-Low,2023-07,2025-11,0,0,Recent,0,0,1,0.5128205128205128,2
53,Male,1,60,0,Ads,medium,Digital Wallet,iOS,3,113.71,22.891666666666666,0.2222222222222222,72.16,15.3,3.273333333333333,1.4999999999999998,0.0203638338311159,0.1666666666666666,1,Q2,High,2025-10,2025-12,1,1,Inactive,0,0,0,0.18429487179487178,0
54,Male,4,11,0,Referral,medium,Credit Card,Android,2,87.1,25.642857142857142,0.25,44.79,15.19,3.9925,1.6400000000000006,0.0353219900926125,0.1428571428571428,1,Q1,High,2025-07,2025-12,0,0,Mid-Recent,0,0,1,0.20566239316239315,4
37,Male,3,7,0,Organic,high,Cash,Web,1,138.97,22.69,0.1666666666666666,12.96,14.0,1.0399999999999991,2.369999999999999,0.1545988258317024,0.0333333333333333,0,Q3,Low,2024-05,2025-12,0,0,Recent,0,0,1,0.41559829059829057,2
38,Female,0,11,0,Ads,medium,Credit Card,Android,2,102.81,26.43125,0.15625,66.3,14.76,1.5000000000000004,0.0,0.0,0.15625,1,Q2,High,2025-09,2025-12,0,0,Mid-Recent,0,0,1,0.28525641025641024,4
65,Other,0,1,0,Ads,low,Credit Card,Web,3,64.88,23.0875,0.1666666666666666,27.97,10.666666666666666,1.3433333333333335,0.0,0.0,0.125,1,Q1,High,2024-01,2025-10,0,0,Recent,0,0,1,0.25106837606837606,4
48,Other,1,31,0,Organic,low,Debit Card,iOS,3,148.23,24.925531914893615,0.1063829787234042,32.89,9.58,1.3575000000000004,4.600000000000001,0.1226993865030675,0.0851063829787234,0,Q3,Mid-Low,2024-08,2025-12,1,1,Inactive,0,0,0,0.5299145299145299,0
23,Other,3,8,0,Ads,low,Debit Card,Web,8,100.08,25.46923076923077,0.1282051282051282,38.81,16.666666666666668,3.73,4.73,0.1086357372531006,0.0769230769230769,0,Q2,Mid-Low,2025-01,2025-12,0,0,Mid-Recent,0,0,1,0.4193376068376068,2
67,Other,1,4,0,Organic,medium,Cash,iOS,1,41.55,26.46923076923077,0.1538461538461538,22.98,12.62,1.13,3.140000000000001,0.1202143950995406,0.1538461538461538,1,Q1,High,2025-07,2025-12,0,0,Recent,0,0,1,0.30128205128205127,4
36,Female,3,2,0,Referral,medium,Cash,iOS,7,144.91,24.608,0.06,23.0,19.0,7.5,3.16,0.1207951070336391,0.04,0,Q3,Low,2024-12,2025-11,0,0,Recent,0,0,1,0.3205128205128205,2
57,Other,0,13,0,Ads,medium,Cash,iOS,1,64.17,27.93333333333333,0.1111111111111111,0.0,0.0,0.0,0.0,0.0,0.0,0,Q1,Low,2024-10,2025-11,0,0,Mid-Recent,0,0,1,0.3295940170940171,2
27,Female,6,34,0,Partnership,high,Credit Card,Android,6,243.5,23.982142857142858,0.0892857142857142,11.08,12.28,1.1999999999999993,1.04,0.0858085808580858,0.0178571428571428,0,Q4,Low,2024-07,2025-12,1,1,Inactive,1,1,0,0.5058760683760684,3
28,Female,4,24,0,Referral,medium,Digital Wallet,Web,8,65.61,22.506666666666668,0.1333333333333333,20.53,6.815,1.6825,1.2300000000000004,0.0565257352941176,0.1333333333333333,1,Q1,High,2024-06,2025-12,1,0,Mid-Inactive,0,0,0,0.22809829059829062,0
40,Male,2,19,1,Ads,medium,Cash,Android,9,162.72,24.666666666666668,0.2456140350877192,73.63,14.786666666666669,2.515,4.47,0.0572343149807938,0.1052631578947368,1,Q3,Mid-High,2024-04,2025-12,0,0,Mid-Inactive,0,0,0,0.6143162393162394,4
34,Female,3,84,0,Referral,low,Cash,iOS,4,61.49,26.09583333333333,0.0833333333333333,32.09,15.38,-0.665,0.3999999999999999,0.0123114804555247,0.0833333333333333,0,Q1,Mid-Low,2024-11,2025-10,1,1,Inactive,0,0,0,0.3830128205128205,0
36,Female,2,87,1,Ads,medium,Cash,Android,6,151.44,22.8,0.2181818181818181,44.6,15.175,4.025,1.4599999999999995,0.0316977854971775,0.0727272727272727,0,Q3,Mid-Low,2023-01,2025-12,1,1,Inactive,0,0,0,0.5571581196581197,0
57,Female,0,4,0,Referral,medium,Cash,Web,4,76.24,25.826666666666664,0.1,8.06,9.0,0.9399999999999996,0.0,0.0,0.0333333333333333,0,Q1,Low,2023-12,2025-12,0,0,Recent,0,0,1,0.47115384615384615,2
34,Other,2,26,0,Referral,low,Debit Card,Web,4,65.93,21.6625,0.0416666666666666,9.71,12.28,2.5699999999999985,0.1500000000000003,0.0152129817444219,0.0416666666666666,0,Q1,Low,2025-10,2025-12,1,0,Mid-Inactive,0,0,0,0.1607905982905983,2
18,Male,0,19,0,Organic,medium,Cash,iOS,8,111.45,24.917021276595744,0.1702127659574468,79.61,14.340000000000002,1.0716666666666663,1.7199999999999989,0.0211484077216279,0.1276595744680851,1,Q2,High,2024-10,2025-12,0,0,Mid-Inactive,0,0,0,0.516025641025641,4
43,Male,0,0,1,Partnership,medium,Cash,Web,1,15.96,28.933333333333334,0.3333333333333333,27.34,16.375,2.7050000000000005,3.84,0.123155869146889,0.3333333333333333,1,Q1,High,2023-08,2024-12,0,0,Recent,0,0,1,0.39636752136752135,4
40,Female,8,8,1,Partnership,high,Credit Card,iOS,14,214.42,23.46833333333333,0.1,40.18,14.52,1.1266666666666658,0.0,0.0,0.05,0,Q4,Low,2025-10,2025-12,0,0,Mid-Recent,1,0,1,0.2799145299145299,1
64,Male,0,15,0,Partnership,medium,Debit Card,Android,3,139.38,26.34523809523809,0.1904761904761904,79.08,14.253333333333332,1.073333333333333,2.7399999999999984,0.0334881447078953,0.1428571428571428,1,Q3,High,2024-01,2025-12,0,0,Mid-Inactive,0,0,0,0.5293803418803419,4
22,Female,0,4,1,Partnership,medium,Debit Card,Web,8,99.98,24.521951219512196,0.1219512195121951,36.63,11.976666666666668,-0.2333333333333332,0.0,0.0,0.073170731707317,0,Q2,Mid-Low,2024-05,2025-11,0,0,Recent,0,0,1,0.5737179487179487,2
25,Female,0,38,0,Referral,low,Debit Card,Android,5,156.32,25.647272727272725,0.2363636363636363,98.55,14.81125,2.4925,5.28,0.0508523548107483,0.1454545454545454,1,Q3,High,2023-01,2025-11,1,1,Inactive,0,0,0,0.3002136752136752,0
58,Male,6,5,0,Referral,medium,Cash,iOS,7,220.03,24.9703125,0.203125,162.12,16.824545454545454,2.086363636363636,0.6600000000000001,0.0040545521562845,0.171875,1,Q4,High,2024-03,2025-12,0,0,Recent,1,0,1,0.4983974358974359,1
68,Female,2,15,0,Ads,medium,Credit Card,iOS,4,105.3,25.46,0.1714285714285714,33.8,11.69,3.24,1.5,0.0424929178470254,0.1142857142857142,1,Q2,Mid-High,2023-09,2025-11,0,0,Mid-Inactive,0,0,0,0.3258547008547008,4
66,Other,0,20,0,Organic,high,Digital Wallet,Web,4,168.79,27.668421052631583,0.131578947368421,31.380000000000003,16.76,6.3,3.5,0.1003440366972477,0.0789473684210526,0,Q4,Mid-Low,2025-03,2025-12,1,0,Mid-Inactive,1,1,0,0.4706196581196581,3
23,Male,6,15,0,Organic,medium,Cash,iOS,6,180.11,23.79230769230769,0.1153846153846153,59.86,20.25,0.2966666666666662,0.0,0.0,0.0576923076923076,0,Q4,Mid-Low,2025-03,2025-12,0,0,Mid-Inactive,1,0,0,0.4332264957264957,1
63,Female,1,12,0,Ads,medium,Digital Wallet,iOS,5,148.98,23.56938775510204,0.1020408163265306,66.32,14.86,1.596,0.0,0.0,0.1020408163265306,1,Q3,Mid-High,2025-04,2025-12,0,0,Mid-Recent,0,0,1,0.3717948717948718,4
23,Female,6,21,0,Organic,high,Debit Card,iOS,6,234.38,23.90754716981132,0.1132075471698113,45.37,15.57,4.2275,6.699999999999999,0.1286729402727098,0.0754716981132075,0,Q4,Mid-Low,2023-11,2025-12,1,0,Mid-Inactive,1,1,0,0.5625,3
44,Female,8,13,0,Ads,medium,Cash,Android,6,162.46,24.866071428571427,0.1428571428571428,55.66,15.425,1.5099999999999991,3.140000000000001,0.0534013605442176,0.0714285714285714,0,Q3,Mid-Low,2023-01,2025-12,0,0,Mid-Recent,0,0,1,0.4642094017094017,2
42,Male,7,17,0,Referral,medium,Debit Card,Android,12,117.22,25.908510638297876,0.1914893617021276,97.52,17.064285714285713,3.132857142857143,1.3499999999999996,0.0136542935167391,0.1489361702127659,1,Q2,High,2025-01,2025-12,0,0,Mid-Inactive,0,0,0,0.4049145299145299,4
18,Male,7,30,0,Ads,medium,Cash,Android,8,100.56,25.466666666666665,0.1282051282051282,18.86,10.245,0.8149999999999997,0.8599999999999994,0.0436105476673427,0.0512820512820512,0,Q2,Low,2023-01,2025-11,1,1,Inactive,0,0,0,0.5373931623931624,0
68,Other,12,1,0,Organic,high,Credit Card,Android,8,388.96,25.26333333333333,0.1333333333333333,78.64,14.73857142857143,3.5042857142857144,7.300000000000001,0.0849429834768443,0.0777777777777777,0,Q4,Mid-Low,2023-10,2025-12,0,0,Recent,1,0,1,0.4567307692307693,1
58,Female,1,8,0,Referral,medium,Debit Card,Web,5,130.4,27.5325,0.15,12.22,12.69,0.4699999999999988,2.369999999999999,0.1624400274160383,0.025,0,Q3,Low,2023-05,2025-11,0,0,Mid-Recent,0,0,1,0.3472222222222222,2
44,Other,1,13,0,Partnership,medium,Debit Card,Android,3,142.14,24.59047619047619,0.0714285714285714,38.03,14.64,1.9633333333333336,7.0,0.1554519209415945,0.0714285714285714,0,Q3,Mid-Low,2023-06,2025-11,0,0,Mid-Recent,0,0,1,0.5085470085470085,2
30,Other,3,34,0,Organic,medium,Digital Wallet,iOS,9,152.84,24.296,0.14,41.74,12.704,4.356,4.489999999999999,0.0971230802509193,0.1,1,Q3,Mid-High,2024-08,2025-12,1,1,Inactive,0,0,0,0.5288461538461539,0
37,Other,2,29,0,Partnership,medium,Cash,Android,6,100.89,26.989743589743583,0.0769230769230769,0.0,0.0,0.0,0.0,0.0,0.0,0,Q2,Low,2024-08,2025-12,1,0,Inactive,0,0,0,0.5512820512820512,2
40,Female,0,5,0,Organic,low,Credit Card,iOS,1,76.02,23.191666666666663,0.125,51.93000000000001,18.0,0.6899999999999995,4.4,0.0781111308361441,0.125,1,Q1,High,2023-05,2025-12,0,0,Recent,0,0,1,0.25106837606837606,4
45,Female,2,42,0,Ads,low,Cash,Android,3,59.11,22.53478260869565,0.0434782608695652,19.23,19.0,-0.2300000000000004,0.0300000000000011,0.0015576323987539,0.0434782608695652,0,Q1,Low,2025-11,2025-12,1,1,Inactive,0,0,0,0.1356837606837607,0
60,Other,7,8,0,Organic,medium,Credit Card,iOS,8,110.54,24.70714285714286,0.1666666666666666,38.75,9.256,1.506,1.0100000000000016,0.0254024144869215,0.119047619047619,1,Q2,High,2024-06,2025-11,0,0,Mid-Recent,0,0,1,0.2863247863247863,4
23,Other,6,27,0,Partnership,high,Credit Card,Android,6,169.42,24.754761904761907,0.0714285714285714,20.3,15.14,4.989999999999999,0.3499999999999996,0.0169491525423728,0.0476190476190476,0,Q4,Low,2025-09,2025-12,1,0,Mid-Inactive,1,1,0,0.2863247863247863,3
52,Male,4,13,1,Referral,medium,Digital Wallet,Android,6,94.18,22.408571428571427,0.1714285714285714,62.71,13.08,2.6283333333333334,0.0,0.0,0.1714285714285714,1,Q2,High,2025-10,2025-12,0,0,Mid-Recent,0,0,1,0.24252136752136752,4
32,Female,4,17,0,Referral,medium,Debit Card,Android,5,179.65,25.147368421052636,0.1228070175438596,64.44,20.248,7.359999999999999,0.0,0.0,0.087719298245614,1,Q4,Mid-High,2025-03,2025-12,0,0,Mid-Inactive,1,0,0,0.4129273504273504,1
40,Female,0,6,0,Partnership,high,Credit Card,Android,7,216.7,22.41111111111111,0.2222222222222222,56.96,14.5,5.006666666666667,2.16,0.0365358592692828,0.1111111111111111,1,Q4,Mid-High,2023-08,2025-11,0,0,Recent,1,0,1,0.6709401709401709,1
50,Female,2,13,0,Organic,medium,Digital Wallet,Android,4,173.63,22.74423076923077,0.173076923076923,54.21,12.421666666666669,3.3866666666666667,2.1099999999999994,0.0374644886363636,0.1153846153846153,1,Q4,Mid-High,2023-08,2025-12,0,0,Mid-Recent,1,0,1,0.530448717948718,1
18,Female,5,18,0,Referral,medium,Credit Card,iOS,3,168.64,23.854347826086958,0.2608695652173913,72.88,16.333333333333332,4.1866666666666665,1.0300000000000002,0.0139358679475037,0.1304347826086956,1,Q4,High,2023-05,2025-11,0,0,Mid-Inactive,1,0,0,0.3798076923076923,4
51,Other,0,0,0,Organic,medium,Debit Card,Web,4,55.5,24.44090909090909,0.1818181818181818,9.43,14.0,4.57,0.0,0.0,0.0454545454545454,0,Q1,Low,2023-07,2025-11,0,0,Recent,0,0,1,0.31196581196581197,2
33,Other,0,93,0,Ads,low,Cash,iOS,2,111.43,23.627906976744185,0.1627906976744186,73.98,19.75,1.255,2.49,0.0325617889368379,0.0930232558139534,1,Q2,Mid-High,2023-04,2025-11,1,1,Inactive,0,0,0,0.5961538461538461,0
45,Male,0,43,0,Ads,medium,Cash,Android,10,88.35,24.322222222222223,0.1111111111111111,48.38,18.746666666666663,2.620000000000001,0.0,0.0,0.0833333333333333,0,Q1,Mid-Low,2023-02,2025-10,1,1,Inactive,0,0,0,0.5662393162393162,0
28,Female,1,0,0,Referral,medium,Debit Card,Web,2,53.88,26.7,0.15,25.43,14.64,1.924999999999999,1.799999999999999,0.066103562247521,0.1,1,Q1,Mid-High,2024-10,2025-12,0,0,Recent,0,0,1,0.19925213675213677,4
58,Other,4,11,0,Organic,high,Debit Card,Android,4,161.37,25.1325,0.1,28.12,10.746666666666668,1.3733333333333333,5.8,0.1709905660377358,0.075,0,Q3,Mid-Low,2024-03,2025-11,0,0,Mid-Recent,0,0,1,0.45138888888888884,2
23,Male,3,43,0,Partnership,medium,Credit Card,Web,1,142.19,24.55675675675676,0.1891891891891892,41.56,13.45,3.059999999999999,0.0,0.0,0.1081081081081081,1,Q3,Mid-High,2025-10,2025-12,1,1,Inactive,0,0,0,0.25106837606837606,0
27,Male,3,12,0,Partnership,medium,Credit Card,Web,6,64.64,24.648000000000003,0.2,32.27,14.686666666666667,3.93,3.1099999999999994,0.0879027699265121,0.12,1,Q1,High,2023-08,2025-12,0,0,Mid-Recent,0,0,1,0.4150641025641026,4
47,Other,4,10,0,Ads,medium,Debit Card,Web,4,172.91,24.680392156862744,0.1176470588235294,24.67,14.375,2.04,0.6099999999999994,0.024129746835443,0.0392156862745098,0,Q4,Low,2023-09,2025-11,0,0,Mid-Recent,1,0,1,0.5261752136752137,1
37,Male,8,6,0,Partnership,medium,Digital Wallet,Web,9,181.41,23.00689655172414,0.1206896551724138,39.95,15.666666666666666,2.3500000000000005,9.04,0.1845274545825678,0.0517241379310344,0,Q4,Low,2025-01,2025-12,0,0,Recent,1,0,1,0.3547008547008547,1
35,Male,2,0,0,Referral,high,Credit Card,iOS,6,176.34,24.377272727272725,0.0909090909090909,33.9,10.95,2.475,0.8700000000000001,0.0250215703192407,0.0909090909090909,1,Q4,Mid-High,2024-05,2025-12,0,0,Recent,1,0,1,0.24626068376068377,1
56,Male,3,26,0,Ads,low,Digital Wallet,Android,3,68.35,24.15217391304348,0.0434782608695652,13.46,12.28,-1.1800000000000015,1.63,0.1080185553346587,0.0434782608695652,0,Q1,Low,2025-01,2025-12,1,0,Mid-Inactive,0,0,0,0.37179487179487175,2
23,Male,4,68,0,Organic,medium,Debit Card,Android,3,138.99,24.974418604651166,0.1860465116279069,94.06,14.7175,2.96,4.4,0.0446881982530977,0.1860465116279069,1,Q3,High,2024-05,2025-11,1,1,Inactive,0,0,0,0.41559829059829057,0
49,Male,1,15,0,Referral,high,Cash,Web,11,281.76,24.732857142857146,0.1428571428571428,69.3,8.43888888888889,0.7388888888888885,2.34,0.0326633165829145,0.1285714285714285,1,Q4,High,2023-10,2025-12,0,0,Mid-Inactive,1,0,0,0.35737179487179493,1
31,Other,9,3,1,Partnership,high,Digital Wallet,Web,4,291.39,23.38059701492537,0.1044776119402985,24.12,8.09,2.06,3.02,0.1112748710390567,0.0597014925373134,0,Q4,Mid-Low,2024-05,2025-12,0,0,Recent,1,0,1,0.670940170940171,1
28,Male,1,8,0,Referral,low,Debit Card,Web,4,97.38,23.96578947368421,0.2631578947368421,94.12,18.0,2.313333333333334,0.0,0.0,0.1578947368421052,1,Q2,High,2024-01,2025-12,0,0,Mid-Recent,0,0,1,0.5192307692307692,4
58,Other,1,78,1,Referral,medium,Digital Wallet,Android,4,89.25,26.80294117647059,0.1764705882352941,52.25,13.51,0.4474999999999998,1.42,0.0264579839761505,0.1176470588235294,1,Q1,High,2024-03,2025-11,1,1,Inactive,0,0,0,0.5021367521367521,0
57,Other,1,23,0,Ads,low,Digital Wallet,iOS,6,94.1,23.96,0.1428571428571428,19.98,10.693333333333332,4.033333333333334,10.38,0.341897233201581,0.0857142857142857,0,Q2,Mid-Low,2024-11,2025-12,1,0,Mid-Inactive,0,0,0,0.36752136752136755,2
56,Male,2,6,1,Ads,medium,Debit Card,Android,7,148.41,26.454716981132076,0.1886792452830188,91.79,18.666666666666668,3.3683333333333327,2.31,0.024548352816153,0.1132075471698113,1,Q3,Mid-High,2023-10,2025-12,0,0,Recent,0,0,1,0.5208333333333334,4
31,Male,5,12,0,Ads,high,Debit Card,iOS,9,309.21,25.517567567567568,0.1351351351351351,68.22,13.796666666666669,2.4266666666666663,5.02,0.0685417804478427,0.081081081081081,0,Q4,Mid-Low,2023-01,2025-11,0,0,Mid-Recent,1,0,1,0.6800213675213675,1
35,Female,3,0,0,Ads,medium,Credit Card,Android,3,149.53,24.93636363636364,0.2045454545454545,89.43,17.201666666666668,2.2966666666666677,2.17,0.0236899563318777,0.1363636363636363,1,Q3,High,2025-04,2025-12,0,0,Recent,0,0,1,0.405982905982906,4
59,Female,7,0,0,Partnership,medium,Cash,Web,6,117.66,26.17209302325581,0.1627906976744186,18.48,10.345,1.1050000000000004,0.379999999999999,0.0201484623541887,0.0465116279069767,0,Q2,Low,2024-04,2025-12,0,0,Recent,0,0,1,0.5058760683760684,2
30,Female,4,8,0,Ads,low,Digital Wallet,Android,7,138.0,27.31851851851852,0.0925925925925925,54.53,19.0,5.3675,4.07,0.0694539249146757,0.074074074074074,0,Q3,Mid-Low,2024-01,2025-12,0,0,Mid-Recent,0,0,1,0.6084401709401709,2
55,Other,7,24,0,Ads,high,Debit Card,Web,13,274.56,25.63055555555556,0.1111111111111111,68.42,13.461666666666666,2.058333333333333,2.78,0.0390449438202247,0.0833333333333333,0,Q4,Mid-Low,2025-05,2025-12,1,0,Mid-Inactive,1,1,0,0.6367521367521367,3
45,Female,2,15,0,Organic,low,Digital Wallet,Web,5,88.73,25.43783783783784,0.081081081081081,32.4,23.5,7.300000000000001,7.98,0.1976225854383358,0.054054054054054,0,Q1,Low,2023-03,2025-11,0,0,Mid-Inactive,0,0,0,0.4107905982905983,2
56,Female,6,2,0,Ads,high,Digital Wallet,Android,3,171.68,26.546341463414635,0.1951219512195122,62.07,13.928,1.5139999999999998,7.41,0.1066493955094991,0.1219512195121951,1,Q4,High,2024-02,2025-12,0,0,Recent,1,0,1,0.37232905982905984,1
46,Male,3,25,0,Organic,high,Cash,Android,8,186.95,24.768627450980397,0.196078431372549,71.86,14.753333333333332,2.776666666666667,0.6699999999999999,0.009237556873018,0.1176470588235294,1,Q4,High,2023-05,2025-12,1,0,Mid-Inactive,1,1,0,0.49145299145299143,3
59,Other,1,50,1,Partnership,medium,Credit Card,iOS,9,102.41,23.22820512820513,0.1282051282051282,17.009999999999998,6.919999999999999,1.2500000000000002,0.0,0.0,0.0769230769230769,0,Q2,Mid-Low,2023-12,2025-12,1,1,Inactive,0,0,0,0.37767094017094016,0
38,Female,3,17,1,Organic,medium,Debit Card,iOS,4,163.42,22.48333333333333,0.1666666666666666,61.45,12.871666666666664,2.6300000000000003,7.24,0.1054010773038288,0.1111111111111111,1,Q3,Mid-High,2024-09,2025-12,0,0,Mid-Inactive,0,0,0,0.5528846153846153,4
60,Female,1,10,0,Ads,medium,Digital Wallet,iOS,3,79.75,24.272727272727277,0.0909090909090909,0.0,0.0,0.0,0.0,0.0,0.0,0,Q1,Low,2025-03,2025-12,0,0,Mid-Recent,0,0,1,0.4439102564102564,2
38,Other,7,1,0,Organic,high,Debit Card,Android,5,197.71,28.1,0.1666666666666666,65.72,14.76,1.6159999999999992,4.41,0.0628832168829317,0.1041666666666666,1,Q4,Mid-High,2025-08,2025-12,0,0,Recent,1,0,1,0.5827991452991452,1
68,Female,1,32,0,Referral,medium,Cash,Android,2,91.0,23.066666666666663,0.1481481481481481,44.72,15.896666666666668,0.9899999999999995,0.0,0.0,0.1111111111111111,1,Q2,Mid-High,2024-03,2025-11,1,1,Inactive,0,0,0,0.47916666666666663,0
31,Other,2,13,0,Referral,medium,Digital Wallet,Web,6,71.93,23.67419354838709,0.0967741935483871,21.67,12.28,1.4449999999999994,2.74,0.1122490782466202,0.064516129032258,0,Q1,Mid-Low,2025-09,2025-12,0,0,Mid-Recent,0,0,1,0.3226495726495726,2
60,Male,8,0,1,Partnership,medium,Digital Wallet,Android,10,135.09,27.23584905660377,0.1320754716981132,61.15,15.701999999999998,3.472,1.6499999999999997,0.0262738853503184,0.0943396226415094,1,Q3,Mid-High,2024-03,2025-11,0,0,Recent,0,0,1,0.6180555555555555,4
30,Male,5,17,0,Partnership,medium,Credit Card,Android,9,147.69,26.120408163265303,0.2040816326530612,89.26,13.54,2.3825,0.5999999999999996,0.0066770531938571,0.1632653061224489,1,Q3,High,2023-03,2025-12,0,0,Mid-Inactive,0,0,0,0.5731837606837606,4
25,Male,4,27,0,Ads,low,Digital Wallet,Web,10,158.35,25.851612903225806,0.2419354838709677,155.94,13.905384615384616,1.91,0.92,0.0058651026392961,0.2096774193548387,1,Q3,High,2024-08,2025-12,1,0,Mid-Inactive,0,0,0,0.4134615384615385,4
33,Other,2,11,0,Organic,low,Credit Card,Web,4,110.32,26.843902439024387,0.048780487804878,18.27,19.0,0.7300000000000004,1.2799999999999998,0.0654731457800511,0.024390243902439,0,Q2,Low,2023-01,2025-10,0,0,Mid-Recent,0,0,1,0.25427350427350426,2
18,Female,3,53,0,Ads,medium,Cash,iOS,4,116.27,24.68536585365854,0.2195121951219512,67.78,13.74,2.4433333333333334,2.87,0.040622788393489,0.1463414634146341,1,Q2,High,2023-05,2025-12,1,1,Inactive,0,0,0,0.5667735042735043,0
51,Male,1,66,0,Referral,medium,Credit Card,Android,10,90.57,22.344444444444445,0.1666666666666666,17.310000000000002,9.255,0.5999999999999996,1.6099999999999994,0.0850951374207187,0.0555555555555555,0,Q2,Low,2025-02,2025-12,1,1,Inactive,0,0,0,0.4412393162393162,0
44,Other,0,20,0,Organic,high,Digital Wallet,Android,5,322.87,24.19189189189189,0.1216216216216216,40.87,9.696666666666667,2.885,6.460000000000001,0.1364884851045848,0.081081081081081,0,Q4,Mid-Low,2024-03,2025-11,1,0,Mid-Inactive,1,1,0,0.5341880341880343,3
23,Other,1,25,0,Partnership,low,Credit Card,Android,7,93.01,24.989473684210527,0.1842105263157894,89.63,18.83833333333333,3.9,0.8999999999999986,0.0099414558709819,0.1578947368421052,1,Q2,High,2024-11,2025-12,1,0,Mid-Inactive,0,0,0,0.4706196581196581,4
62,Female,2,36,0,Referral,medium,Digital Wallet,Web,3,123.51,23.0875,0.125,14.71,22.0,7.289999999999999,0.0399999999999991,0.0027118644067796,0.025,0,Q3,Low,2023-08,2025-12,1,1,Inactive,0,0,0,0.4652777777777778,0
19,Male,4,20,0,Referral,high,Debit Card,iOS,5,217.02,25.653191489361703,0.1914893617021276,33.28,10.825,2.505,3.7200000000000006,0.1005405405405405,0.0851063829787234,0,Q4,Mid-Low,2023-09,2025-12,1,0,Mid-Inactive,1,1,0,0.25213675213675213,3
62,Other,3,13,0,Ads,medium,Debit Card,iOS,6,80.1,24.41,0.1666666666666666,57.24,17.38,3.0699999999999994,5.79,0.0918610185625892,0.1333333333333333,1,Q1,High,2024-05,2025-12,0,0,Mid-Recent,0,0,1,0.33226495726495725,4
64,Female,3,5,0,Referral,medium,Digital Wallet,iOS,2,113.38,23.53529411764706,0.2647058823529412,80.4,14.712857142857144,3.2271428571428564,0.8899999999999988,0.0109484561446672,0.2058823529411764,1,Q2,High,2023-12,2025-11,0,0,Recent,0,0,1,0.49519230769230765,4
21,Female,3,13,0,Organic,high,Digital Wallet,Web,3,308.78000000000003,25.88064516129032,0.1129032258064516,42.04,19.25333333333333,5.239999999999999,0.0999999999999996,0.0023730422401518,0.0483870967741935,0,Q4,Low,2023-01,2025-11,0,0,Mid-Recent,1,0,1,0.4829059829059829,1
68,Female,0,46,0,Ads,medium,Debit Card,Web,5,44.2,21.816666666666663,0.1666666666666666,24.48,14.14,1.9000000000000004,2.959999999999999,0.107871720116618,0.1111111111111111,1,Q1,Mid-High,2025-03,2025-12,1,1,Inactive,0,0,0,0.1420940170940171,0
25,Male,3,18,0,Ads,low,Cash,Web,3,101.92,25.72972972972973,0.1351351351351351,15.48,14.78,-0.7000000000000011,2.83,0.1545603495357727,0.027027027027027,0,Q2,Low,2023-06,2025-11,0,0,Mid-Inactive,0,0,0,0.5635683760683761,2
60,Male,1,36,0,Partnership,low,Cash,Android,1,86.2,26.325806451612905,0.2258064516129032,39.33,12.71,2.8774999999999995,3.710000000000001,0.0861988847583643,0.1290322580645161,1,Q1,High,2024-12,2025-12,1,1,Inactive,0,0,0,0.4337606837606837,0
67,Other,0,8,0,Ads,medium,Credit Card,Android,3,57.74,26.35652173913044,0.0869565217391304,19.92,22.0,2.0799999999999983,5.210000000000001,0.2073219259848786,0.0434782608695652,0,Q1,Low,2024-12,2025-11,0,0,Mid-Recent,0,0,1,0.42735042735042733,2
63,Male,4,3,0,Ads,medium,Debit Card,Web,10,116.27,28.88536585365853,0.1463414634146341,69.12,14.34,0.516,5.81,0.077539036434005,0.1219512195121951,1,Q2,High,2023-11,2025-12,0,0,Recent,0,0,1,0.28205128205128205,4
22,Female,3,19,0,Ads,high,Credit Card,Web,5,256.35,24.50491803278689,0.1967213114754098,136.76999999999998,16.615454545454547,4.181818181818182,7.33,0.0508674531575294,0.180327868852459,1,Q4,High,2025-08,2025-12,0,0,Mid-Inactive,1,0,0,0.40224358974358976,1
47,Female,1,4,0,Partnership,medium,Credit Card,Android,1,92.95,27.39333333333333,0.1666666666666666,0.0,0.0,0.0,0.0,0.0,0.0,0,Q2,Low,2023-12,2025-12,0,0,Recent,0,0,1,0.47115384615384615,2
55,Other,11,19,0,Organic,medium,Cash,Web,5,260.85,24.28888888888889,0.1234567901234567,88.73,14.838571428571427,2.162857142857143,6.989999999999998,0.0730254910154617,0.0864197530864197,0,Q4,Mid-Low,2023-09,2025-12,0,0,Mid-Inactive,1,0,0,0.46688034188034194,1
50,Male,7,38,0,Ads,medium,Digital Wallet,Android,4,182.75,24.28490566037736,0.0754716981132075,32.35,15.52,4.7366666666666655,2.139999999999999,0.0620469701362713,0.0566037735849056,0,Q4,Low,2025-06,2025-12,1,1,Inactive,1,1,0,0.4027777777777778,3
57,Other,4,15,0,Partnership,low,Debit Card,iOS,4,100.07,27.4,0.2894736842105263,65.85,18.57,2.1075,8.780000000000001,0.1176470588235294,0.1052631578947368,1,Q2,Mid-High,2023-06,2025-12,0,0,Mid-Inactive,0,0,0,0.3803418803418803,4
45,Male,3,7,0,Referral,medium,Debit Card,Android,2,48.1,24.520000000000003,0.0,0.0,0.0,0.0,0.0,0.0,0.0,0,Q1,Low,2023-01,2025-06,0,0,Recent,0,0,1,0.4006410256410256,2
65,Male,12,15,0,Referral,high,Cash,iOS,16,332.54,24.90116279069768,0.1976744186046511,89.15,10.835,3.4058333333333333,0.0,0.0,0.1395348837209302,1,Q4,High,2025-01,2025-12,0,0,Mid-Inactive,1,0,0,0.7382478632478633,1
19,Female,1,10,0,Organic,medium,Digital Wallet,iOS,8,124.18,23.78666666666667,0.1111111111111111,45.95,14.07,2.5825,0.5399999999999991,0.01161540116154,0.0888888888888888,1,Q3,Mid-High,2024-07,2025-12,0,0,Mid-Recent,0,0,1,0.44497863247863245,4
23,Female,1,7,0,Ads,medium,Debit Card,Android,0,59.48,27.36842105263158,0.0526315789473684,8.33,16.0,7.67,0.0,0.0,0.0526315789473684,0,Q1,Low,2023-03,2025-11,0,0,Recent,0,0,1,0.41025641025641024,2
45,Other,1,13,1,Referral,medium,Cash,Android,3,77.22,22.910714285714285,0.0714285714285714,33.74,25.5,8.629999999999999,5.609999999999999,0.1425667090216009,0.0714285714285714,0,Q1,Mid-Low,2024-02,2025-11,0,0,Mid-Recent,0,0,1,0.19177350427350426,2
24,Male,0,19,0,Partnership,medium,Debit Card,Android,4,107.25,29.284375,0.0625,7.29,13.24,5.95,8.93,0.5505548705302097,0.03125,0,Q2,Low,2025-09,2025-12,0,0,Mid-Inactive,0,0,0,0.2019230769230769,2
43,Male,2,1,0,Partnership,medium,Cash,iOS,2,139.36,25.752272727272725,0.1818181818181818,41.32,9.052,0.7879999999999996,0.2799999999999993,0.0067307692307692,0.1136363636363636,1,Q3,Mid-High,2025-06,2025-12,0,0,Recent,0,0,1,0.5657051282051282,4
59,Male,1,4,1,Ads,high,Credit Card,iOS,3,137.56,29.944117647058825,0.1176470588235294,21.31,12.28,1.6249999999999991,1.3199999999999985,0.058329650905877,0.0588235294117647,0,Q3,Mid-Low,2025-08,2025-12,0,0,Recent,0,0,1,0.41185897435897434,2
54,Female,2,8,0,Referral,high,Credit Card,Android,10,267.42,25.296774193548387,0.1290322580645161,56.64,21.82,7.66,4.469999999999999,0.0731467844869906,0.064516129032258,0,Q4,Mid-Low,2024-07,2025-12,0,0,Mid-Recent,1,0,1,0.5037393162393162,1
57,Other,1,35,0,Partnership,medium,Cash,iOS,4,179.09,22.25,0.15,63.08,11.47,2.458571428571428,1.65,0.0254904989958288,0.1166666666666666,1,Q4,High,2023-11,2025-12,1,1,Inactive,1,1,0,0.4743589743589744,3
64,Other,2,4,0,Partnership,medium,Debit Card,iOS,4,149.57,24.0936170212766,0.1489361702127659,43.32,14.46,3.63,1.120000000000001,0.0252025202520252,0.0851063829787234,0,Q3,Mid-Low,2025-04,2025-12,0,0,Recent,0,0,1,0.3424145299145299,2
40,Other,2,2,0,Organic,medium,Credit Card,iOS,1,59.92,30.97058823529412,0.2352941176470588,22.72,22.0,-0.7199999999999989,0.6699999999999999,0.0286447199657973,0.0588235294117647,0,Q1,Mid-Low,2024-04,2025-11,0,0,Recent,0,0,1,0.3669871794871795,2
50,Other,7,9,0,Organic,medium,Debit Card,iOS,6,218.95,24.25692307692308,0.1538461538461538,43.85,9.228333333333332,1.92,2.7200000000000006,0.058406699592012,0.0923076923076923,1,Q4,Mid-High,2024-03,2025-12,0,0,Mid-Recent,1,0,1,0.49572649572649574,1
61,Male,5,14,0,Ads,medium,Digital Wallet,Android,6,162.04,26.08363636363637,0.1272727272727272,37.46,16.25,3.763333333333333,0.0,0.0,0.0545454545454545,0,Q3,Low,2023-11,2025-11,0,0,Mid-Recent,0,0,1,0.3210470085470085,2
18,Other,0,24,0,Partnership,medium,Digital Wallet,iOS,2,94.43,27.54642857142857,0.0714285714285714,27.81,14.39,0.4849999999999994,0.0,0.0,0.0714285714285714,0,Q2,Mid-Low,2024-04,2025-12,1,0,Mid-Inactive,0,0,0,0.4278846153846154,0
34,Male,3,11,0,Referral,medium,Digital Wallet,Android,3,174.89,25.062264150943395,0.1886792452830188,31.6,13.840000000000002,3.306666666666666,2.8200000000000003,0.0819291109819872,0.0566037735849056,0,Q4,Low,2025-08,2025-12,0,0,Mid-Recent,1,0,1,0.5,1
18,Female,0,14,0,Partnership,medium,Credit Card,iOS,5,74.34,26.532,0.12,37.65,15.556666666666668,3.006666666666668,2.53,0.062966650074664,0.12,1,Q1,High,2023-09,2025-10,0,0,Mid-Recent,0,0,1,0.4428418803418803,4
54,Other,6,40,1,Ads,high,Debit Card,iOS,9,223.69,23.193220338983053,0.1694915254237288,37.69,11.76,2.3375,1.17,0.0301080802882141,0.0677966101694915,0,Q4,Mid-Low,2023-10,2025-12,1,1,Inactive,1,1,0,0.3173076923076923,3
24,Female,0,2,0,Partnership,high,Cash,Web,7,218.79,24.05555555555556,0.2037037037037037,110.69,17.73,3.89375,2.2399999999999984,0.0198352962011865,0.1481481481481481,1,Q4,High,2025-05,2025-12,0,0,Recent,1,0,1,0.3653846153846154,1
52,Female,4,27,0,Organic,medium,Digital Wallet,Android,5,110.05,24.83888888888889,0.1111111111111111,34.510000000000005,11.995,3.3675,9.27,0.2117405207857469,0.1111111111111111,1,Q2,Mid-High,2025-07,2025-12,1,0,Mid-Inactive,0,0,0,0.5523504273504274,0
40,Female,6,9,1,Partnership,high,Credit Card,Android,7,288.2,24.025714285714287,0.2,97.03,14.0525,1.92375,2.5700000000000003,0.0258032128514056,0.1142857142857142,1,Q4,Mid-High,2023-02,2025-12,0,0,Mid-Recent,1,0,1,0.36431623931623935,1
64,Other,3,8,0,Ads,medium,Cash,iOS,5,80.96,22.28620689655172,0.2413793103448276,19.79,7.233333333333333,0.6366666666666664,0.0,0.0,0.1034482758620689,1,Q1,Mid-High,2023-12,2025-11,0,0,Mid-Recent,0,0,1,0.4807692307692308,4
40,Female,2,11,0,Ads,medium,Cash,Android,5,199.68,23.83392857142857,0.1428571428571428,81.52,17.354285714285716,5.708571428571429,1.4800000000000004,0.0178313253012048,0.125,1,Q4,High,2025-06,2025-12,0,0,Mid-Recent,1,0,1,0.3392094017094017,1
65,Male,11,1,0,Partnership,medium,Credit Card,Android,15,252.46,25.553571428571427,0.119047619047619,34.95,17.62,0.1449999999999995,0.0,0.0,0.0238095238095238,0,Q4,Low,2025-04,2025-12,0,0,Recent,1,0,1,0.6672008547008548,1
46,Other,1,45,0,Organic,medium,Digital Wallet,Android,7,86.67,23.63030303030303,0.0909090909090909,14.8,12.28,4.879999999999999,0.0,0.0,0.0606060606060606,0,Q1,Mid-Low,2025-11,2025-12,1,1,Inactive,0,0,0,0.17147435897435898,0
55,Female,2,1,0,Organic,low,Debit Card,iOS,3,108.77,27.875,0.175,67.87,14.91,1.3360000000000003,1.61,0.0231721358664363,0.125,1,Q2,High,2025-03,2025-12,0,0,Recent,0,0,1,0.3472222222222222,4
51,Other,0,25,0,Referral,medium,Cash,Android,7,89.7,19.818421052631574,0.131578947368421,18.77,7.805,3.1125,1.5200000000000002,0.074913750616067,0.1052631578947368,1,Q1,Mid-High,2024-06,2025-12,1,0,Mid-Inactive,0,0,0,0.5747863247863247,0
68,Female,5,37,0,Referral,medium,Credit Card,Android,7,152.6,23.015686274509804,0.1764705882352941,27.85,10.153333333333334,0.8699999999999997,0.9400000000000012,0.0326502257728378,0.0588235294117647,0,Q3,Mid-Low,2023-11,2025-09,1,1,Inactive,0,0,0,0.3942307692307692,0
47,Other,0,26,0,Organic,medium,Debit Card,Android,8,212.34,25.1984126984127,0.1428571428571428,74.21,15.551999999999998,0.7100000000000003,4.69,0.0594423320659062,0.0793650793650793,0,Q4,Mid-Low,2024-11,2025-12,1,0,Mid-Inactive,1,1,0,0.41079059829059833,3
36,Male,3,3,0,Referral,low,Cash,iOS,1,64.6,24.85652173913044,0.1739130434782608,35.95,22.0,4.025,0.7300000000000004,0.0199018538713195,0.0869565217391304,0,Q1,Mid-Low,2024-03,2025-12,0,0,Recent,0,0,1,0.4551282051282051,2
36,Other,9,2,0,Referral,medium,Cash,Android,5,225.58,25.94,0.2,42.11,10.068333333333332,3.0500000000000003,1.5099999999999998,0.0346171480972031,0.0923076923076923,1,Q4,Mid-High,2024-02,2025-12,0,0,Recent,1,0,1,0.5443376068376069,1
45,Female,3,12,0,Referral,high,Digital Wallet,iOS,7,124.4,25.708823529411767,0.1764705882352941,42.28,13.9825,3.4125000000000005,0.0,0.0,0.1176470588235294,1,Q3,High,2023-10,2025-11,0,0,Mid-Recent,0,0,1,0.46047008547008544,4
36,Other,5,25,0,Referral,medium,Digital Wallet,iOS,4,98.53,24.782857142857143,0.1428571428571428,44.27,16.413333333333334,1.656666666666667,0.0,0.0,0.0857142857142857,0,Q2,Mid-Low,2025-02,2025-12,1,0,Mid-Inactive,0,0,0,0.33279914529914534,0
45,Other,1,39,0,Organic,medium,Debit Card,iOS,2,130.31,24.139473684210525,0.131578947368421,38.69,14.135,4.4625,0.1099999999999994,0.0028350515463917,0.1052631578947368,1,Q3,Mid-High,2023-09,2025-12,1,1,Inactive,0,0,0,0.4428418803418803,0
40,Male,0,3,0,Partnership,low,Cash,iOS,2,82.8,26.652941176470588,0.2352941176470588,106.75,17.25,2.0,1.09,0.0101075667655786,0.2058823529411764,1,Q1,High,2023-08,2025-11,0,0,Recent,0,0,1,0.19658119658119658,4
37,Other,7,30,0,Ads,medium,Cash,Web,8,140.19,22.99607843137255,0.0980392156862745,37.58,12.21,2.8149999999999995,0.3699999999999992,0.0097496706192358,0.0784313725490196,0,Q3,Mid-Low,2025-09,2025-12,1,1,Inactive,0,0,0,0.3039529914529915,0
55,Male,4,21,1,Organic,medium,Debit Card,Android,8,99.0,23.6974358974359,0.1538461538461538,59.290000000000006,16.0,4.142,2.83,0.0455569864777849,0.1282051282051282,1,Q2,High,2024-04,2025-12,1,0,Mid-Inactive,0,0,0,0.28044871794871795,4
30,Female,7,5,0,Referral,medium,Digital Wallet,Web,5,122.09,22.182926829268293,0.1463414634146341,56.59,13.408,2.0899999999999994,0.25,0.0043983110485573,0.1219512195121951,1,Q3,High,2025-09,2025-12,0,0,Recent,0,0,1,0.28899572649572647,4
52,Male,3,38,0,Partnership,low,Credit Card,iOS,8,119.55,25.067391304347822,0.1739130434782608,75.32,14.77,2.216666666666667,6.09,0.0748065348237317,0.1304347826086956,1,Q2,High,2023-03,2025-11,1,1,Inactive,0,0,0,0.5186965811965811,0
46,Other,3,38,0,Organic,medium,Cash,Android,3,80.85,24.55185185185185,0.1481481481481481,18.48,11.0,1.7599999999999998,6.23,0.2521246458923513,0.074074074074074,0,Q1,Mid-Low,2023-12,2025-11,1,1,Inactive,0,0,0,0.37499999999999994,0
47,Female,3,3,1,Partnership,low,Credit Card,Web,2,111.88,25.08157894736842,0.131578947368421,53.72,15.896,5.152,2.08,0.0372759856630824,0.131578947368421,1,Q2,High,2025-03,2025-12,0,0,Recent,0,0,1,0.37339743589743585,4
67,Female,0,24,0,Ads,high,Digital Wallet,iOS,3,137.68,21.05,0.3125,99.57,15.11111111111111,4.047777777777778,1.1799999999999995,0.0117121588089329,0.28125,1,Q3,High,2023-12,2025-12,1,0,Mid-Inactive,0,0,0,0.26442307692307687,4
50,Female,0,49,0,Organic,medium,Credit Card,Android,4,74.43,24.57777777777778,0.1481481481481481,10.29,12.0,1.7100000000000009,2.0599999999999987,0.1668016194331983,0.037037037037037,0,Q1,Low,2023-08,2025-12,1,1,Inactive,0,0,0,0.49999999999999994,0
43,Other,1,58,1,Partnership,medium,Cash,iOS,1,51.05,22.414285714285715,0.1428571428571428,2.89,3.32,0.4299999999999997,6.73,0.6995841995841996,0.0714285714285714,0,Q1,Mid-Low,2025-04,2025-12,1,1,Inactive,0,0,0,0.4027777777777778,0
21,Female,5,58,0,Organic,high,Credit Card,Android,6,179.38,25.485714285714288,0.1428571428571428,12.61,14.0,1.3900000000000006,4.970000000000001,0.282707622298066,0.0238095238095238,0,Q4,Low,2024-08,2025-11,1,1,Inactive,1,1,0,0.3418803418803419,3
48,Other,0,18,0,Referral,medium,Credit Card,Web,9,107.82,28.215,0.2,85.86,18.206666666666667,3.896666666666667,7.43,0.0796441204845106,0.15,1,Q2,High,2024-07,2025-12,0,0,Mid-Inactive,0,0,0,0.5902777777777777,4
61,Other,3,41,1,Ads,medium,Debit Card,Web,6,67.22,28.16296296296296,0.074074074074074,15.27,8.52,0.8849999999999998,4.99,0.2462981243830207,0.074074074074074,0,Q1,Mid-Low,2024-08,2025-12,1,1,Inactive,0,0,0,0.1597222222222222,0
26,Male,2,0,0,Organic,low,Digital Wallet,Web,6,90.96,21.664102564102564,0.2051282051282051,21.34,22.0,0.6600000000000001,6.23,0.2259702575262967,0.0256410256410256,0,Q2,Low,2024-05,2025-10,0,0,Recent,0,0,1,0.23878205128205127,2
49,Other,2,29,0,Referral,high,Credit Card,iOS,2,115.88,27.79615384615385,0.1538461538461538,22.46,10.916666666666666,3.43,1.54,0.0641666666666666,0.1153846153846153,1,Q2,Mid-High,2024-10,2025-12,1,0,Inactive,0,0,0,0.2248931623931624,0
56,Male,2,1,0,Ads,medium,Debit Card,iOS,6,166.75,25.284,0.1,61.43,22.0,1.5233333333333334,2.97,0.0461180124223602,0.06,0,Q4,Mid-Low,2024-05,2025-12,0,0,Recent,1,0,1,0.31356837606837606,1
19,Other,1,28,0,Partnership,low,Credit Card,iOS,2,75.15,24.262962962962963,0.074074074074074,6.29,6.76,0.4699999999999997,1.41,0.1831168831168831,0.037037037037037,0,Q1,Low,2025-08,2025-12,1,0,Inactive,0,0,0,0.32638888888888884,2
43,Female,6,17,0,Ads,medium,Digital Wallet,Web,7,135.58,25.409803921568628,0.1764705882352941,23.28,9.06,1.3000000000000005,7.460000000000001,0.2426805465191932,0.0588235294117647,0,Q3,Mid-Low,2023-01,2025-12,0,0,Mid-Inactive,0,0,0,0.4358974358974359,2
60,Other,3,62,0,Partnership,low,Debit Card,Web,8,136.47,22.923076923076923,0.2115384615384615,48.53,13.057999999999998,3.3519999999999994,4.66,0.0876104530926866,0.0961538461538461,1,Q3,Mid-High,2025-08,2025-12,1,1,Inactive,0,0,0,0.579059829059829,0
29,Male,2,14,0,Ads,high,Debit Card,Android,2,162.98,29.31904761904762,0.0714285714285714,44.84,17.656666666666666,2.7100000000000004,5.76,0.1138339920948616,0.0714285714285714,0,Q3,Mid-Low,2024-06,2025-12,0,0,Mid-Recent,0,0,1,0.5224358974358975,2
36,Female,0,83,1,Partnership,low,Digital Wallet,Web,5,78.18,24.37,0.0333333333333333,3.49,3.18,-0.31,5.579999999999998,0.6152149944873208,0.0333333333333333,0,Q1,Low,2023-03,2025-10,1,1,Inactive,0,0,0,0.4503205128205128,0
43,Female,5,12,0,Partnership,medium,Cash,Android,4,124.2,23.373809523809523,0.2142857142857142,83.77000000000001,14.90857142857143,2.941428571428571,5.550000000000001,0.0621361397223466,0.1666666666666666,1,Q3,High,2025-07,2025-12,0,0,Mid-Recent,0,0,1,0.45299145299145294,4
19,Female,2,18,0,Referral,medium,Cash,iOS,7,208.5,26.05084745762712,0.1016949152542373,45.04,11.4,2.3920000000000003,4.539999999999999,0.0915691811214199,0.0847457627118644,0,Q4,Mid-Low,2024-05,2025-12,0,0,Mid-Inactive,1,0,0,0.5256410256410257,1
37,Male,0,1,0,Referral,medium,Digital Wallet,iOS,1,72.2,21.5375,0.125,13.17,14.0,0.8300000000000001,0.0,0.0,0.0416666666666666,0,Q1,Low,2023-12,2025-11,0,0,Recent,0,0,1,0.4246794871794871,2
64,Female,0,36,0,Referral,low,Debit Card,Android,3,53.45,23.485714285714284,0.0952380952380952,32.19,22.5,6.405,0.0,0.0,0.0952380952380952,1,Q1,Mid-High,2024-05,2025-11,1,1,Inactive,0,0,0,0.4465811965811966,0
50,Male,3,8,0,Partnership,medium,Credit Card,iOS,5,110.76,22.97692307692308,0.0769230769230769,42.9,23.5,2.0500000000000007,0.6799999999999997,0.015603487838458,0.0512820512820512,0,Q2,Low,2024-03,2025-10,0,0,Mid-Recent,0,0,1,0.40544871794871795,2
40,Other,3,2,0,Partnership,medium,Debit Card,Android,5,124.68,23.59512195121951,0.1707317073170731,47.59,13.73,1.8325,3.29,0.0646619496855345,0.0975609756097561,1,Q3,Mid-High,2024-02,2025-11,0,0,Recent,0,0,1,0.45566239316239315,4
43,Male,4,39,0,Partnership,medium,Cash,Web,8,161.1,27.25172413793103,0.1724137931034483,36.75,12.5075,3.3199999999999994,5.15,0.1229116945107398,0.0689655172413793,0,Q3,Mid-Low,2024-05,2025-12,1,1,Inactive,0,0,0,0.4033119658119658,0
54,Other,0,41,0,Ads,medium,Digital Wallet,Web,5,101.72,24.893939393939394,0.1212121212121212,36.18,14.76,2.7,8.68,0.1934908604547481,0.0909090909090909,1,Q2,Mid-High,2025-07,2025-12,1,1,Inactive,0,0,0,0.53258547008547,0
40,Other,5,6,0,Referral,medium,Credit Card,iOS,7,68.7,24.00714285714286,0.0357142857142857,12.0,12.28,0.2799999999999993,1.5700000000000005,0.1156963890935888,0.0357142857142857,0,Q1,Low,2025-10,2025-12,0,0,Recent,0,0,1,0.15705128205128205,2
32,Male,2,18,0,Partnership,medium,Cash,Android,3,116.15,22.097142857142856,0.2857142857142857,84.99,14.485714285714286,2.344285714285714,0.5,0.0058486372675166,0.2,1,Q2,High,2025-09,2025-12,0,0,Mid-Inactive,0,0,0,0.4091880341880342,4
67,Other,0,8,1,Referral,medium,Debit Card,Web,8,150.32999999999998,23.918367346938776,0.1632653061224489,31.08,7.657999999999999,1.4419999999999995,0.0,0.0,0.1020408163265306,1,Q3,Mid-High,2024-09,2025-12,0,0,Mid-Recent,0,0,1,0.5523504273504274,4
66,Female,7,5,0,Referral,low,Digital Wallet,iOS,5,135.38,23.490384615384617,0.1346153846153846,53.33,14.062,3.396,1.3000000000000007,0.023796448837635,0.0961538461538461,1,Q3,Mid-High,2024-04,2025-12,0,0,Recent,0,0,1,0.3985042735042735,4
65,Male,3,13,0,Organic,high,Credit Card,iOS,5,184.54,23.991304347826084,0.1521739130434782,66.3,17.098000000000003,3.838,0.7200000000000006,0.0107430617726052,0.108695652173913,1,Q4,Mid-High,2024-09,2025-12,0,0,Mid-Recent,1,0,1,0.5325854700854701,1
24,Other,0,3,0,Partnership,medium,Debit Card,Web,9,161.36,24.364406779661017,0.135593220338983,51.93,19.58333333333333,2.273333333333333,0.3399999999999998,0.0065046872010713,0.0508474576271186,0,Q3,Low,2023-04,2025-12,0,0,Recent,0,0,1,0.5117521367521367,2
53,Male,2,29,1,Organic,medium,Cash,Android,7,112.16,27.03684210526316,0.1842105263157894,70.27,16.552,2.498,1.5700000000000005,0.0218541202672605,0.131578947368421,1,Q2,High,2023-08,2025-12,1,0,Inactive,0,0,0,0.40117521367521364,4
32,Male,1,5,0,Partnership,medium,Debit Card,iOS,1,18.36,23.7125,0.25,24.21,14.14,2.0349999999999997,4.299999999999999,0.1508242721851981,0.25,1,Q1,High,2025-08,2025-12,0,0,Recent,0,0,1,0.30074786324786323,4
19,Other,2,3,1,Ads,medium,Credit Card,iOS,9,121.31,27.027272727272727,0.1136363636363636,38.08,20.5,1.46,1.7800000000000011,0.0446562970396387,0.0454545454545454,0,Q2,Low,2025-09,2025-12,0,0,Recent,0,0,1,0.3504273504273504,2
41,Female,1,20,0,Organic,high,Debit Card,Web,7,161.06,23.05,0.1904761904761904,42.06,10.056,1.6439999999999997,2.880000000000001,0.0640854472630173,0.119047619047619,1,Q3,High,2023-05,2025-11,1,0,Mid-Inactive,0,0,0,0.265491452991453,4
49,Male,5,45,0,Partnership,medium,Digital Wallet,Android,6,159.01,23.641176470588235,0.0980392156862745,60.44,14.784,2.6960000000000006,6.199999999999999,0.0930372148859543,0.0980392156862745,1,Q3,Mid-High,2025-02,2025-12,1,1,Inactive,0,0,0,0.4150641025641026,0
53,Male,5,10,0,Partnership,medium,Cash,Web,5,81.96,26.796774193548387,0.1612903225806451,38.22,9.63,0.075,2.49,0.0611643330876934,0.1290322580645161,1,Q1,High,2024-05,2025-12,0,0,Mid-Recent,0,0,1,0.5032051282051282,4
22,Other,1,7,0,Ads,low,Digital Wallet,iOS,6,137.19,23.639215686274508,0.1764705882352941,21.12,6.2875,1.0075,0.0,0.0,0.0784313725490196,0,Q3,Mid-Low,2024-09,2025-12,0,0,Recent,0,0,1,0.484508547008547,2
49,Male,1,27,0,Organic,high,Credit Card,iOS,5,150.83,26.22051282051282,0.1025641025641025,66.18,24.666666666666668,2.606666666666666,1.6199999999999992,0.0238938053097345,0.0769230769230769,0,Q3,Mid-Low,2024-06,2025-12,1,0,Mid-Inactive,0,0,0,0.28044871794871795,0
34,Female,0,14,1,Referral,medium,Debit Card,Android,1,40.89,27.006666666666668,0.1333333333333333,27.27,15.375,1.740000000000001,3.9,0.1251203079884504,0.1333333333333333,1,Q1,High,2023-02,2025-07,0,0,Mid-Recent,0,0,1,0.41399572649572647,4
52,Other,14,43,0,Organic,high,Cash,Web,12,365.39,23.75,0.1444444444444444,58.16,15.854,4.222,0.0,0.0,0.0555555555555555,0,Q4,Low,2025-04,2025-12,1,1,Inactive,1,1,0,0.4358974358974359,3
52,Other,4,71,0,Partnership,high,Digital Wallet,Web,8,270.77,22.904477611940298,0.2238805970149253,79.72,11.036666666666669,2.178888888888889,0.5599999999999996,0.0069755854509217,0.1343283582089552,1,Q4,High,2024-08,2025-12,1,1,Inactive,1,1,0,0.5806623931623932,3
20,Female,7,66,1,Organic,high,Debit Card,Android,5,259.09,26.335593220338986,0.0508474576271186,8.64,16.0,7.359999999999999,8.84,0.5057208237986269,0.0169491525423728,0,Q4,Low,2023-05,2025-12,1,1,Inactive,1,1,0,0.5603632478632479,3
26,Male,3,17,0,Referral,high,Debit Card,Android,3,103.49,25.62307692307693,0.2307692307692307,47.54,14.9375,3.0525,0.9000000000000004,0.018579686209744,0.1538461538461538,1,Q2,High,2024-09,2025-12,0,0,Mid-Inactive,0,0,0,0.3985042735042735,4
54,Other,4,21,0,Organic,high,Credit Card,Android,6,221.84,24.471929824561403,0.0526315789473684,35.900000000000006,18.5,0.5499999999999989,0.0,0.0,0.0350877192982456,0,Q4,Low,2023-02,2025-11,1,0,Mid-Inactive,1,1,0,0.6212606837606838,3
65,Other,4,11,0,Partnership,medium,Debit Card,Android,5,99.81,23.87575757575757,0.1515151515151515,34.15,8.936,2.1060000000000003,0.7400000000000002,0.0212095156205216,0.1515151515151515,1,Q2,High,2024-04,2025-12,0,0,Mid-Recent,0,0,1,0.5117521367521367,4
24,Male,4,17,0,Ads,high,Digital Wallet,Android,9,265.07,23.45,0.109375,38.2,15.823333333333332,3.09,6.789999999999999,0.1509224272060457,0.046875,0,Q4,Low,2024-08,2025-12,0,0,Mid-Inactive,1,0,0,0.6025641025641026,1
37,Male,1,2,0,Referral,low,Credit Card,iOS,2,111.16,25.945945945945947,0.1621621621621621,52.33,14.5775,1.4949999999999994,0.5300000000000011,0.0100264850548619,0.1081081081081081,1,Q2,Mid-High,2025-05,2025-12,0,0,Recent,0,0,1,0.29273504273504275,4
56,Female,2,11,0,Partnership,medium,Credit Card,Android,1,62.88,26.509523809523813,0.0952380952380952,30.8,17.985,2.585,2.710000000000001,0.0808713816771113,0.0952380952380952,1,Q1,Mid-High,2024-11,2025-12,0,0,Mid-Recent,0,0,1,0.18963675213675213,4
62,Male,4,37,0,Partnership,low,Debit Card,iOS,2,87.64999999999999,23.30333333333333,0.1333333333333333,26.24,14.09,0.9700000000000006,7.249999999999999,0.216482532099134,0.0666666666666666,0,Q1,Mid-Low,2024-09,2025-11,1,1,Inactive,0,0,0,0.3878205128205128,0
25,Other,2,7,0,Organic,low,Debit Card,Android,6,140.81,24.45192307692308,0.1538461538461538,64.59,18.38,2.232499999999999,0.0,0.0,0.0769230769230769,0,Q3,Mid-Low,2025-08,2025-12,0,0,Recent,0,0,1,0.4818376068376068,2
21,Male,1,35,0,Referral,low,Credit Card,iOS,4,79.02,25.082142857142856,0.1785714285714285,18.66,9.52,0.1899999999999999,3.0,0.1385041551246537,0.0714285714285714,0,Q1,Mid-Low,2024-07,2025-12,1,1,Inactive,0,0,0,0.2681623931623932,0
65,Other,2,11,0,Referral,low,Debit Card,iOS,4,73.94,23.126666666666665,0.1,27.09,13.24,-0.3049999999999997,0.54,0.019543973941368,0.0666666666666666,0,Q1,Mid-Low,2025-07,2025-12,0,0,Mid-Recent,0,0,1,0.35309829059829057,2
21,Male,8,0,1,Ads,high,Digital Wallet,iOS,7,304.53,25.586111111111112,0.1666666666666666,78.69,13.105,3.26875,0.0,0.0,0.1111111111111111,1,Q4,Mid-High,2025-09,2025-12,0,0,Recent,1,0,1,0.5325854700854701,1
40,Other,9,0,1,Organic,medium,Debit Card,Web,7,144.79,24.92222222222222,0.1296296296296296,52.400000000000006,13.675,0.5749999999999993,0.0,0.0,0.074074074074074,0,Q3,Mid-Low,2025-01,2025-12,0,0,Recent,0,0,1,0.3237179487179487,2
48,Other,6,12,0,Referral,low,Credit Card,Android,3,126.45,22.14782608695652,0.108695652173913,28.25,13.013333333333334,3.5966666666666662,2.25,0.0737704918032786,0.0652173913043478,0,Q3,Mid-Low,2024-03,2025-12,0,0,Mid-Recent,0,0,1,0.5534188034188035,2
31,Female,9,1,0,Ads,medium,Cash,Web,9,134.75,24.301960784313728,0.1176470588235294,35.4,11.545,2.695,2.1900000000000004,0.0582601755786113,0.0784313725490196,0,Q3,Mid-Low,2023-03,2025-12,0,0,Recent,0,0,1,0.5817307692307692,2
41,Other,7,62,0,Ads,medium,Digital Wallet,Android,9,135.34,25.27391304347826,0.217391304347826,65.62,13.323333333333332,2.3866666666666663,2.289999999999999,0.0337211014578118,0.1304347826086956,1,Q3,High,2024-02,2025-11,1,1,Inactive,0,0,0,0.33119658119658124,0
50,Male,0,8,1,Organic,medium,Cash,Web,9,128.12,24.26521739130435,0.1956521739130435,53.27,11.746666666666668,2.8683333333333327,8.13,0.1324104234527687,0.1304347826086956,1,Q3,High,2023-03,2025-11,0,0,Mid-Recent,0,0,1,0.5534188034188035,4
49,Female,3,6,1,Ads,medium,Debit Card,Web,6,103.13,26.794117647058822,0.1176470588235294,36.12,14.186666666666667,2.1466666666666665,6.699999999999999,0.1564689397477814,0.088235294117647,1,Q2,Mid-High,2024-09,2025-12,0,0,Recent,0,0,1,0.27297008547008544,4
37,Other,2,48,0,Referral,medium,Digital Wallet,Web,1,128.65,28.00857142857143,0.2571428571428571,75.33,18.15333333333333,5.598333333333333,0.0,0.0,0.1714285714285714,1,Q3,High,2025-03,2025-12,1,1,Inactive,0,0,0,0.4439102564102564,0
20,Male,4,13,0,Partnership,medium,Credit Card,iOS,3,106.44,25.559375,0.09375,27.99,19.5,5.505,3.6999999999999993,0.116756074471442,0.0625,0,Q2,Mid-Low,2023-12,2025-12,0,0,Mid-Recent,0,0,1,0.5144230769230769,2
20,Female,0,2,0,Partnership,low,Digital Wallet,iOS,9,94.62,27.18108108108108,0.2162162162162162,25.53,10.483333333333333,1.9733333333333332,2.23,0.0803314121037463,0.081081081081081,0,Q2,Mid-Low,2023-02,2025-11,0,0,Recent,0,0,1,0.3344017094017094,2
35,Other,8,26,1,Partnership,high,Credit Card,Android,13,291.24,23.26,0.12,57.69,14.006,2.468,0.0,0.0,0.0666666666666666,0,Q4,Mid-Low,2023-04,2025-12,1,0,Mid-Inactive,1,1,0,0.6009615384615385,3
46,Male,1,13,0,Ads,low,Cash,iOS,5,65.53,22.04,0.16,23.43,9.35,1.5399999999999994,2.52,0.0971098265895953,0.12,1,Q1,High,2023-11,2025-11,0,0,Mid-Recent,0,0,1,0.49145299145299143,4
52,Male,1,7,0,Referral,low,Digital Wallet,iOS,7,105.47,25.53076923076923,0.2564102564102564,17.14,6.695,2.41,2.460000000000001,0.1255102040816327,0.1025641025641025,1,Q2,Mid-High,2025-03,2025-12,0,0,Recent,0,0,1,0.43322649572649574,4
66,Female,1,4,0,Ads,medium,Credit Card,Android,4,79.77,25.089285714285715,0.0714285714285714,13.69,16.0,2.3100000000000005,0.0,0.0,0.0357142857142857,0,Q1,Low,2025-08,2025-12,0,0,Recent,0,0,1,0.3653846153846154,2
45,Female,5,22,0,Referral,medium,Cash,Web,5,111.32,24.93783783783784,0.1081081081081081,39.75,15.666666666666666,2.4166666666666665,0.9200000000000016,0.0226210966314236,0.081081081081081,0,Q2,Mid-Low,2023-04,2025-11,1,0,Mid-Inactive,0,0,0,0.5288461538461539,0
52,Female,0,7,0,Organic,medium,Debit Card,Android,1,7.67,22.73333333333333,0.0,0.0,0.0,0.0,0.0,0.0,0.0,0,Q1,Low,2024-03,2025-11,0,0,Recent,0,0,1,0.07104700854700854,2
65,Male,4,10,0,Referral,low,Digital Wallet,Web,4,114.57,26.44,0.2,102.22,15.47,2.6925,0.0,0.0,0.2,1,Q2,High,2025-07,2025-12,0,0,Mid-Recent,0,0,1,0.5416666666666666,4
23,Male,0,17,0,Organic,medium,Cash,iOS,2,67.31,20.923529411764704,0.2352941176470588,8.52,9.0,0.4800000000000004,3.0,0.2604166666666667,0.0588235294117647,0,Q1,Mid-Low,2024-12,2025-11,0,0,Mid-Inactive,0,0,0,0.4294871794871795,2
35,Female,5,2,0,Organic,medium,Credit Card,iOS,7,106.11,27.471794871794877,0.1025641025641025,21.19,13.62,3.0250000000000004,1.84,0.079895788102475,0.0512820512820512,0,Q2,Low,2025-06,2025-12,0,0,Recent,0,0,1,0.5096153846153846,2
54,Other,4,37,0,Organic,medium,Debit Card,Android,12,91.09,25.7325,0.175,57.13,15.112,3.686,0.3199999999999998,0.0055700609225413,0.125,1,Q2,High,2025-10,2025-12,1,1,Inactive,0,0,0,0.23611111111111108,0
19,Female,6,18,1,Partnership,low,Credit Card,Android,9,188.64,24.525352112676057,0.1690140845070422,52.68,18.1875,5.0175,1.9899999999999984,0.036400219498811,0.056338028169014,0,Q4,Low,2023-03,2025-11,0,0,Mid-Inactive,1,0,0,0.6463675213675214,1
58,Other,6,35,0,Partnership,low,Credit Card,Web,2,117.69,25.69782608695652,0.217391304347826,97.66,14.976666666666668,4.125555555555556,0.0,0.0,0.1956521739130435,1,Q2,High,2023-10,2025-12,1,1,Inactive,0,0,0,0.5881410256410255,0
35,Other,7,15,0,Referral,high,Cash,iOS,7,229.12,22.60925925925926,0.1296296296296296,30.41,14.253333333333332,4.116666666666667,5.129999999999999,0.1443444006752954,0.0555555555555555,0,Q4,Low,2023-12,2025-12,0,0,Mid-Inactive,1,0,0,0.37927350427350426,1
67,Female,0,28,0,Partnership,medium,Debit Card,iOS,3,56.73,23.44,0.1,32.71,20.375,4.02,2.41,0.0686218678815489,0.1,1,Q1,Mid-High,2023-08,2025-12,1,0,Inactive,0,0,0,0.22008547008547008,0
27,Other,3,10,0,Ads,medium,Credit Card,Web,4,120.43,29.33714285714285,0.2,76.17,14.358333333333334,1.6633333333333329,4.98,0.0613678373382624,0.1714285714285714,1,Q2,High,2023-09,2025-12,0,0,Mid-Recent,0,0,1,0.5064102564102564,4
29,Other,4,10,0,Organic,high,Credit Card,Web,2,139.6,26.1030303030303,0.1818181818181818,28.72,12.056666666666668,2.483333333333333,0.5399999999999991,0.0184552289815447,0.0909090909090909,1,Q3,Mid-High,2023-03,2025-11,0,0,Mid-Recent,0,0,1,0.3034188034188034,4
21,Other,4,12,1,Organic,medium,Credit Card,Web,7,161.99,24.217647058823527,0.0980392156862745,18.43,10.64,1.4249999999999994,1.4499999999999993,0.0729376257545271,0.0392156862745098,0,Q3,Low,2025-01,2025-12,0,0,Mid-Recent,0,0,1,0.5678418803418803,2
52,Other,5,5,0,Ads,medium,Digital Wallet,iOS,7,92.35,25.453846153846158,0.1282051282051282,37.86,18.08,5.460000000000001,6.529999999999999,0.1471052038747465,0.0769230769230769,0,Q2,Mid-Low,2023-10,2025-11,0,0,Recent,0,0,1,0.40544871794871795,2
50,Female,5,27,0,Referral,high,Debit Card,iOS,6,301.9,23.969444444444445,0.2083333333333333,115.27,16.718888888888888,3.911111111111112,3.16,0.0266824284387401,0.125,1,Q4,High,2023-03,2025-11,1,0,Mid-Inactive,1,1,0,0.4700854700854701,3
54,Female,6,82,0,Referral,medium,Cash,Android,9,131.5,28.884313725490195,0.196078431372549,104.72,21.648000000000003,0.7039999999999992,6.0,0.0541907514450867,0.0980392156862745,1,Q3,Mid-High,2023-07,2025-10,1,1,Inactive,0,0,0,0.5053418803418803,0
19,Female,6,31,1,Organic,medium,Cash,Web,8,180.73,27.68679245283019,0.1509433962264151,68.72,13.337142857142856,3.52,0.0,0.0,0.1320754716981132,1,Q4,High,2025-06,2025-12,1,1,Inactive,1,1,0,0.3680555555555556,3
48,Female,9,43,1,Ads,medium,Digital Wallet,iOS,12,184.23,25.36969696969697,0.0909090909090909,48.05,12.807999999999998,3.198,0.0,0.0,0.0757575757575757,0,Q4,Mid-Low,2024-11,2025-12,1,1,Inactive,1,1,0,0.5486111111111112,3
27,Other,6,4,0,Referral,medium,Debit Card,Android,5,108.73,26.76842105263158,0.2105263157894736,49.43,11.782,1.896,0.3700000000000001,0.007429718875502,0.131578947368421,1,Q2,High,2024-02,2025-12,0,0,Recent,0,0,1,0.40117521367521364,4
63,Other,4,3,0,Ads,medium,Cash,Web,2,78.74,22.856,0.2,55.89,13.69,-0.2825,3.620000000000001,0.0608301125861199,0.16,1,Q1,High,2024-04,2025-11,0,0,Recent,0,0,1,0.3872863247863248,4
60,Other,5,4,0,Partnership,high,Credit Card,iOS,9,316.27,26.5,0.1710526315789473,134.1,18.051111111111112,3.151111111111112,7.4,0.0522968197879858,0.1184210526315789,1,Q4,High,2025-02,2025-12,0,0,Recent,1,0,1,0.39690170940170943,1
54,Other,3,36,0,Referral,medium,Credit Card,Web,6,157.84,22.98333333333333,0.1041666666666666,16.759999999999998,6.745,2.555,2.709999999999999,0.1391884951206984,0.0833333333333333,0,Q3,Mid-Low,2024-08,2025-12,1,1,Inactive,0,0,0,0.4716880341880342,0
60,Other,0,45,0,Organic,low,Digital Wallet,iOS,2,82.51,26.08,0.1333333333333333,28.05,11.533333333333331,2.183333333333333,0.0,0.0,0.1,1,Q1,Mid-High,2023-09,2025-11,1,1,Inactive,0,0,0,0.29754273504273504,0
36,Male,5,11,0,Ads,medium,Digital Wallet,iOS,2,116.28,27.24473684210526,0.1578947368421052,42.97,20.593333333333334,6.27,1.8599999999999997,0.0414900736114209,0.0789473684210526,0,Q2,Mid-Low,2024-02,2025-11,0,0,Mid-Recent,0,0,1,0.5956196581196581,2
38,Other,1,46,0,Ads,low,Cash,Web,0,43.52,23.85,0.125,24.06,17.14,5.109999999999999,0.0,0.0,0.125,1,Q1,High,2024-12,2025-11,1,1,Inactive,0,0,0,0.1891025641025641,0
41,Male,3,17,1,Referral,low,Digital Wallet,Web,6,145.55,24.19607843137255,0.1176470588235294,29.46,12.6,2.78,1.8099999999999987,0.0578829549088582,0.0588235294117647,0,Q3,Mid-Low,2025-10,2025-12,0,0,Mid-Inactive,0,0,0,0.297008547008547,2
56,Male,2,0,0,Partnership,low,Debit Card,Web,5,134.13,24.39130434782609,0.1304347826086956,20.01,6.6933333333333325,0.0233333333333329,3.22,0.1386138613861386,0.0652173913043478,0,Q3,Mid-Low,2024-04,2025-12,0,0,Recent,0,0,1,0.5464743589743589,2
52,Male,2,0,0,Ads,medium,Digital Wallet,Android,4,126.55,27.78529411764706,0.1470588235294117,38.43,15.25,2.44,0.7200000000000006,0.0183908045977011,0.088235294117647,1,Q3,Mid-High,2025-04,2025-11,0,0,Recent,0,0,1,0.5299145299145298,4
38,Male,0,11,0,Partnership,medium,Cash,Web,1,62.56,20.057894736842105,0.2105263157894736,12.12,7.34,1.2799999999999996,9.33,0.4349650349650349,0.1052631578947368,1,Q1,Mid-High,2023-02,2025-12,0,0,Mid-Recent,0,0,1,0.3894230769230769,2
54,Female,1,15,0,Ads,medium,Cash,iOS,6,175.46,25.81851851851852,0.1666666666666666,43.52,11.47,2.766,3.5700000000000003,0.075812274368231,0.0925925925925925,1,Q4,Mid-High,2025-01,2025-12,0,0,Mid-Inactive,1,0,0,0.5459401709401709,1
25,Female,2,1,0,Partnership,medium,Credit Card,iOS,0,162.4,21.4575,0.125,53.26,20.75,7.435,0.3000000000000007,0.0056011949215832,0.1,1,Q3,Mid-High,2023-04,2025-12,0,0,Recent,0,0,1,0.2708333333333333,4
45,Male,5,16,0,Referral,high,Debit Card,Web,6,255.72,24.027118644067794,0.1186440677966101,41.84,13.24,2.78,0.0,0.0,0.0677966101694915,0,Q4,Mid-Low,2024-02,2025-12,0,0,Mid-Inactive,1,0,0,0.42841880341880345,1
42,Female,2,33,1,Ads,medium,Cash,Web,3,43.22,24.066666666666663,0.1333333333333333,8.56,12.28,3.719999999999999,5.0600000000000005,0.3715124816446402,0.0666666666666666,0,Q1,Mid-Low,2025-10,2025-12,1,1,Inactive,0,0,0,0.12232905982905984,0
33,Other,4,38,0,Referral,medium,Digital Wallet,Android,6,120.83,24.417021276595744,0.1489361702127659,63.27,16.902,4.247999999999999,0.0,0.0,0.1063829787234042,1,Q2,Mid-High,2024-01,2025-11,1,1,Inactive,0,0,0,0.31463675213675213,0
56,Other,1,7,0,Referral,medium,Credit Card,Web,2,67.97,28.154545454545453,0.1363636363636363,12.2,12.28,0.08,5.3100000000000005,0.3032552826956026,0.0454545454545454,0,Q1,Low,2025-08,2025-12,0,0,Recent,0,0,1,0.32585470085470086,2
46,Female,0,27,0,Partnership,medium,Digital Wallet,Android,9,140.82,25.914814814814815,0.0555555555555555,34.23,12.28,0.8699999999999998,2.09,0.0575440528634361,0.0555555555555555,0,Q3,Low,2025-11,2025-12,1,0,Mid-Inactive,0,0,0,0.2612179487179487,2
64,Male,2,1,0,Ads,medium,Credit Card,Web,5,121.11,26.37368421052632,0.2105263157894736,37.75,8.59,1.0399999999999996,4.789999999999999,0.1125999059708509,0.131578947368421,1,Q2,High,2023-11,2025-12,0,0,Recent,0,0,1,0.2761752136752137,4
41,Other,1,8,0,Partnership,medium,Digital Wallet,Android,4,45.47,22.394736842105264,0.2105263157894736,35.62,12.92,1.0466666666666669,3.86,0.0977710233029381,0.1578947368421052,1,Q1,High,2025-07,2025-12,0,0,Mid-Recent,0,0,1,0.38247863247863245,4
50,Other,5,6,0,Referral,medium,Debit Card,Android,6,129.32999999999998,24.652380952380955,0.1666666666666666,46.08,16.8,5.28,0.1799999999999997,0.0038910505836575,0.0952380952380952,1,Q3,Mid-High,2023-01,2025-11,0,0,Recent,0,0,1,0.5988247863247863,4
39,Male,3,9,0,Organic,low,Digital Wallet,Android,4,79.51,19.8969696969697,0.1515151515151515,15.06,9.255,1.7249999999999996,1.7100000000000009,0.1019677996422182,0.0606060606060606,0,Q1,Mid-Low,2024-05,2025-11,0,0,Mid-Recent,0,0,1,0.32425213675213677,2
66,Male,6,68,1,Referral,medium,Debit Card,Android,7,117.36,25.905,0.15,45.52,12.52,1.1399999999999992,4.549999999999999,0.090872778110645,0.1,1,Q2,Mid-High,2025-10,2025-12,1,1,Inactive,0,0,0,0.3055555555555556,0
35,Other,5,9,0,Referral,medium,Digital Wallet,Android,11,137.6,26.802,0.14,64.36,13.968,1.0959999999999994,3.92,0.057410661980082,0.1,1,Q3,Mid-High,2024-03,2025-12,0,0,Mid-Recent,0,0,1,0.5705128205128205,4
25,Female,5,37,1,Partnership,medium,Cash,iOS,2,138.96,25.909302325581397,0.2790697674418604,81.82,12.273333333333332,3.1822222222222227,8.22,0.0912927587738783,0.2093023255813953,1,Q3,High,2024-12,2025-12,1,1,Inactive,0,0,0,0.5267094017094017,0
36,Female,2,2,0,Ads,medium,Digital Wallet,iOS,6,161.17,23.35490196078431,0.1764705882352941,44.03,14.864,6.058,2.51,0.0539321014181349,0.0980392156862745,1,Q3,Mid-High,2025-09,2025-12,0,0,Recent,0,0,1,0.3178418803418803,4
31,Other,11,21,0,Referral,high,Credit Card,Web,2,344.24,26.17866666666667,0.2,61.76,11.216666666666669,0.9233333333333338,1.4699999999999989,0.023248458010438,0.08,0,Q4,Mid-Low,2024-09,2025-12,1,0,Mid-Inactive,1,1,0,0.6981837606837606,3
30,Male,0,9,0,Referral,medium,Digital Wallet,iOS,5,118.27,25.1027027027027,0.081081081081081,29.51,11.586666666666666,1.7500000000000002,0.29,0.009731543624161,0.081081081081081,0,Q2,Mid-Low,2023-03,2025-12,0,0,Mid-Recent,0,0,1,0.4455128205128205,2
54,Female,3,13,0,Ads,medium,Cash,Android,3,82.32,23.32857142857143,0.0,0.0,0.0,0.0,0.0,0.0,0.0,0,Q1,Low,2023-08,2025-09,0,0,Mid-Recent,0,0,1,0.532051282051282,2
63,Other,7,5,0,Partnership,high,Cash,Android,6,185.82,24.495652173913044,0.1739130434782608,40.06,14.0,3.985,1.99,0.0473246135552913,0.0869565217391304,0,Q4,Mid-Low,2025-05,2025-12,0,0,Recent,1,0,1,0.4700854700854701,1
23,Male,3,13,0,Referral,medium,Digital Wallet,iOS,8,151.37,24.305882352941172,0.1372549019607843,96.45,17.19666666666667,1.1216666666666664,1.4,0.0143076136944302,0.1176470588235294,1,Q3,High,2023-05,2025-12,0,0,Mid-Recent,0,0,1,0.3247863247863248,4
64,Male,2,3,0,Ads,medium,Digital Wallet,Android,3,155.22,23.522916666666664,0.125,37.89,13.053333333333333,0.4233333333333338,2.120000000000001,0.0529867533116721,0.0625,0,Q3,Mid-Low,2023-01,2025-10,0,0,Recent,0,0,1,0.2911324786324786,2
58,Other,3,4,0,Organic,low,Credit Card,Android,1,119.53,26.785000000000004,0.15,19.55,7.586666666666666,1.07,0.0,0.0,0.075,0,Q2,Mid-Low,2024-07,2025-12,0,0,Recent,0,0,1,0.43055555555555547,2
63,Other,4,11,0,Ads,high,Credit Card,Web,1,235.09,23.951063829787238,0.1489361702127659,70.45,15.166666666666666,3.4250000000000003,2.4499999999999997,0.0336076817558298,0.1276595744680851,1,Q4,High,2024-06,2025-12,0,0,Mid-Recent,1,0,1,0.45352564102564097,1
33,Male,0,13,0,Ads,high,Debit Card,Android,4,245.19,27.45964912280702,0.1052631578947368,49.06,15.57,3.3049999999999997,5.06,0.0934959349593495,0.0701754385964912,0,Q4,Mid-Low,2025-07,2025-12,0,0,Mid-Recent,1,0,1,0.5379273504273504,1
27,Female,6,65,1,Partnership,low,Digital Wallet,iOS,2,105.6,29.26279069767442,0.1162790697674418,63.99,23.33333333333333,2.0033333333333334,5.77,0.0827121559633027,0.0697674418604651,0,Q2,Mid-Low,2024-09,2025-12,1,1,Inactive,0,0,0,0.5197649572649572,0
58,Male,3,12,0,Referral,medium,Cash,iOS,11,204.33,24.89016393442623,0.0983606557377049,47.23,13.925,2.1175,3.219999999999999,0.0638255698711595,0.0655737704918032,0,Q4,Mid-Low,2025-06,2025-12,0,0,Mid-Recent,1,0,1,0.5758547008547008,1
53,Other,0,19,0,Ads,low,Credit Card,Android,4,87.74,23.866666666666667,0.303030303030303,34.47,9.42,2.526,4.13,0.1069948186528497,0.1515151515151515,1,Q1,High,2024-01,2025-11,0,0,Mid-Inactive,0,0,0,0.4909188034188034,4
57,Female,2,2,0,Organic,medium,Cash,Web,4,115.36,22.87777777777778,0.1944444444444444,54.63,17.247500000000002,3.5900000000000007,0.5,0.0090694721567204,0.1111111111111111,1,Q2,Mid-High,2025-03,2025-12,0,0,Recent,0,0,1,0.23290598290598288,4
37,Male,1,67,1,Partnership,medium,Cash,Web,2,56.66,21.63529411764706,0.2352941176470588,15.68,13.62,5.78,0.1299999999999999,0.0082226438962681,0.1176470588235294,1,Q1,High,2025-07,2025-12,1,1,Inactive,0,0,0,0.1517094017094017,0
56,Female,4,38,0,Organic,low,Credit Card,iOS,3,146.96,26.4,0.1489361702127659,52.23,14.63,1.5725000000000002,4.470000000000001,0.0788359788359788,0.0851063829787234,0,Q3,Mid-Low,2024-03,2025-12,1,1,Inactive,0,0,0,0.38408119658119655,0
66,Female,9,19,0,Partnership,high,Digital Wallet,iOS,5,331.59,26.11688311688312,0.1948051948051948,80.57,13.971428571428572,2.4614285714285717,5.54,0.064336314016955,0.0909090909090909,1,Q4,Mid-High,2023-10,2025-12,0,0,Mid-Inactive,1,0,0,0.44978632478632485,1
25,Male,2,9,1,Organic,low,Credit Card,Android,3,105.83,24.28048780487805,0.1707317073170731,43.62,10.162,1.4380000000000002,0.0,0.0,0.1219512195121951,1,Q2,High,2024-12,2025-12,0,0,Mid-Recent,0,0,1,0.42094017094017094,4
63,Male,4,38,0,Partnership,low,Cash,Web,5,154.07,24.24406779661017,0.1694915254237288,50.98,18.186666666666667,1.1933333333333327,0.3100000000000005,0.0060440631702086,0.0508474576271186,0,Q3,Low,2025-05,2025-12,1,1,Inactive,0,0,0,0.3450854700854701,0
19,Female,2,29,0,Ads,medium,Cash,iOS,3,70.33,25.66,0.12,11.54,12.0,0.4600000000000008,6.61,0.3641873278236915,0.04,0,Q1,Low,2023-06,2025-11,1,0,Inactive,0,0,0,0.42895299145299143,2
67,Female,1,17,0,Organic,medium,Cash,Android,2,68.17,31.133333333333333,0.1428571428571428,34.8,18.875,1.4750000000000003,5.99,0.1468497180681539,0.0952380952380952,1,Q1,Mid-High,2024-03,2025-12,0,0,Mid-Inactive,0,0,0,0.3215811965811966,4
45,Female,1,34,0,Referral,low,Digital Wallet,Android,2,88.6,23.10909090909091,0.1818181818181818,35.739999999999995,12.28,0.3666666666666665,0.4899999999999997,0.0135247032845707,0.0909090909090909,1,Q1,Mid-High,2025-08,2025-12,1,1,Inactive,0,0,0,0.4700854700854701,0
39,Other,3,11,0,Organic,medium,Cash,Android,3,96.83,24.379310344827587,0.1724137931034483,21.33,7.702500000000001,2.37,1.7799999999999998,0.0770229337948939,0.1379310344827586,1,Q2,High,2024-11,2025-12,0,0,Mid-Recent,0,0,1,0.17521367521367523,4
54,Male,0,11,0,Referral,medium,Digital Wallet,iOS,1,57.25,22.08125,0.25,42.09,14.07,3.5475,4.52,0.0969748980905385,0.25,1,Q1,High,2025-06,2025-12,0,0,Mid-Recent,0,0,1,0.3627136752136752,4
52,Male,1,0,0,Partnership,medium,Credit Card,Web,7,78.36,24.35625,0.125,47.2,15.4375,3.6375,8.78,0.156841729188996,0.125,1,Q1,High,2023-08,2025-09,0,0,Recent,0,0,1,0.3616452991452991,4
40,Other,1,29,0,Referral,medium,Debit Card,Android,6,112.65,24.941463414634143,0.1707317073170731,68.39,16.246666666666666,4.848333333333333,7.9,0.1035522348931708,0.1463414634146341,1,Q2,High,2025-07,2025-12,1,0,Inactive,0,0,0,0.5876068376068375,4
30,Male,8,2,1,Ads,medium,Digital Wallet,iOS,4,131.48,23.706521739130437,0.1521739130434782,70.86,16.84,2.6679999999999997,2.52,0.0343417825020441,0.108695652173913,1,Q3,Mid-High,2025-03,2025-12,0,0,Recent,0,0,1,0.3242521367521367,4
39,Female,6,4,0,Ads,medium,Credit Card,iOS,4,132.55,25.25,0.217391304347826,58.7,9.937142857142858,1.551428571428571,0.4900000000000002,0.0082784254096975,0.1521739130434782,1,Q3,High,2024-06,2025-11,0,0,Recent,0,0,1,0.27564102564102566,4
66,Other,3,29,0,Partnership,high,Cash,iOS,11,222.86,26.514035087719297,0.2280701754385964,62.64,12.426666666666668,1.986666666666667,0.6700000000000004,0.010582846311799,0.1052631578947368,1,Q4,Mid-High,2023-08,2025-12,1,0,Inactive,1,1,0,0.3295940170940171,3
36,Female,0,10,0,Ads,medium,Debit Card,iOS,5,199.13,26.49016393442623,0.2295081967213114,159.61,14.966666666666669,1.6658333333333328,1.6099999999999994,0.0099863540503659,0.1967213114754098,1,Q4,High,2025-10,2025-12,0,0,Mid-Recent,1,0,1,0.38141025641025644,1
65,Male,0,24,0,Partnership,medium,Debit Card,Web,8,127.66,24.877777777777776,0.1111111111111111,35.91,23.5,5.545,0.96,0.0260374288039056,0.0444444444444444,0,Q3,Low,2025-07,2025-12,1,0,Mid-Inactive,0,0,0,0.3408119658119658,0
23,Male,3,15,0,Partnership,medium,Credit Card,iOS,7,112.21,28.135135135135137,0.1621621621621621,26.76,9.45,2.76,6.199999999999999,0.1881067961165048,0.1081081081081081,1,Q2,Mid-High,2024-07,2025-12,0,0,Mid-Inactive,0,0,0,0.4802350427350427,4
56,Male,2,24,0,Partnership,medium,Debit Card,Web,7,77.67,25.69375,0.125,10.84,12.0,1.16,2.34,0.1775417298937784,0.03125,0,Q1,Low,2024-01,2025-11,1,0,Mid-Inactive,0,0,0,0.3685897435897436,2
68,Female,1,3,0,Referral,medium,Digital Wallet,Android,2,83.28999999999999,26.22,0.28,64.14,12.113333333333337,1.4233333333333336,0.0,0.0,0.24,1,Q1,High,2023-10,2025-11,0,0,Recent,0,0,1,0.422008547008547,4
30,Male,3,18,0,Partnership,low,Cash,Android,5,117.38,25.48333333333333,0.0476190476190476,3.88,6.76,2.88,3.299999999999999,0.4596100278551531,0.0238095238095238,0,Q2,Low,2024-09,2025-11,0,0,Mid-Inactive,0,0,0,0.5571581196581197,2
23,Male,4,6,0,Organic,low,Cash,Android,5,141.6,25.2,0.18,86.38,18.842,1.566,5.350000000000001,0.058323340237654,0.1,1,Q3,Mid-High,2023-06,2025-12,0,0,Recent,0,0,1,0.5566239316239316,4
50,Male,2,30,0,Referral,medium,Cash,Web,4,96.18,24.24324324324324,0.2432432432432432,47.75,14.44,2.5025000000000004,1.59,0.0322253749493311,0.1081081081081081,1,Q2,Mid-High,2024-12,2025-12,1,1,Inactive,0,0,0,0.43856837606837606,0
41,Other,3,26,0,Partnership,low,Debit Card,Web,6,140.96,25.589795918367347,0.1020408163265306,33.72,17.06,5.82,0.7400000000000002,0.0214741729541497,0.0612244897959183,0,Q3,Mid-Low,2023-01,2025-12,1,0,Mid-Inactive,0,0,0,0.4412393162393162,0
43,Male,4,19,0,Organic,high,Cash,Web,10,254.54,22.71212121212121,0.106060606060606,77.08,24.75,5.48,2.16,0.0272589601211509,0.0606060606060606,0,Q4,Mid-Low,2024-09,2025-12,0,0,Mid-Inactive,1,0,0,0.6944444444444444,1
59,Female,1,0,0,Ads,high,Credit Card,iOS,2,74.49,23.73,0.05,0.0,0.0,0.0,0.0,0.0,0.0,0,Q1,Low,2023-11,2025-12,0,0,Recent,0,0,1,0.4492521367521367,2
28,Male,3,13,0,Ads,medium,Credit Card,iOS,6,87.74,27.7939393939394,0.2121212121212121,24.14,16.62,4.550000000000001,0.0,0.0,0.0606060606060606,0,Q1,Mid-Low,2023-02,2025-12,0,0,Mid-Recent,0,0,1,0.483974358974359,2
57,Female,7,12,0,Referral,low,Cash,Android,5,133.2,21.876,0.12,33.93,10.042,3.256,7.84,0.187694517596361,0.1,1,Q3,Mid-High,2025-05,2025-12,0,0,Mid-Recent,0,0,1,0.33440170940170943,4
37,Other,2,17,0,Ads,low,Credit Card,Android,5,94.37,24.003030303030304,0.1818181818181818,17.25,8.413333333333334,2.6633333333333336,3.26,0.158946855192589,0.0909090909090909,1,Q2,Mid-High,2025-04,2025-12,0,0,Mid-Inactive,0,0,0,0.5048076923076923,4
56,Female,7,5,0,Organic,medium,Debit Card,Web,5,137.84,27.30434782608696,0.1739130434782608,60.91,13.96,1.7779999999999998,0.0,0.0,0.108695652173913,1,Q3,Mid-High,2025-10,2025-12,0,0,Recent,0,0,1,0.23397435897435898,4
52,Female,2,4,0,Ads,low,Digital Wallet,Android,5,103.36,29.225641025641025,0.1282051282051282,6.75,4.109999999999999,0.7349999999999999,3.85,0.3632075471698113,0.0512820512820512,0,Q2,Low,2024-03,2025-11,0,0,Recent,0,0,1,0.47489316239316237,2
50,Other,1,43,0,Referral,low,Cash,Web,7,113.32,23.28695652173913,0.217391304347826,79.71,12.794285714285715,1.407142857142857,0.3599999999999994,0.0044960659423004,0.1521739130434782,1,Q2,High,2023-11,2025-11,1,1,Inactive,0,0,0,0.5117521367521367,0
42,Male,1,15,0,Ads,high,Credit Card,iOS,2,91.64,23.004761904761907,0.238095238095238,53.16,17.356,6.723999999999999,0.1200000000000001,0.0022522522522522,0.238095238095238,1,Q2,High,2025-06,2025-12,0,0,Mid-Inactive,0,0,0,0.20352564102564102,4
46,Male,6,13,0,Partnership,medium,Cash,iOS,4,195.38,26.74074074074074,0.1666666666666666,69.74000000000001,15.306666666666668,3.6833333333333336,3.84,0.0521880945909214,0.1111111111111111,1,Q4,Mid-High,2023-04,2025-11,0,0,Mid-Recent,1,0,1,0.5042735042735043,1
49,Male,0,74,0,Partnership,medium,Credit Card,Android,3,69.39,27.7,0.16,20.24,12.76,2.64,2.75,0.1196172248803827,0.08,0,Q1,Mid-Low,2025-08,2025-12,1,1,Inactive,0,0,0,0.1997863247863248,0
45,Female,1,30,0,Organic,high,Digital Wallet,Web,9,200.67,21.511764705882356,0.1372549019607843,40.59,19.0,5.47,1.2799999999999998,0.030570814425603,0.0588235294117647,0,Q4,Mid-Low,2023-10,2025-12,1,1,Inactive,1,1,0,0.6511752136752137,3
27,Female,4,20,0,Organic,medium,Digital Wallet,Android,3,150.81,26.71818181818181,0.2045454545454545,30.68,9.1575,1.4875000000000005,3.4899999999999984,0.1021363769388351,0.0909090909090909,1,Q3,Mid-High,2023-01,2025-10,1,0,Mid-Inactive,0,0,0,0.2879273504273504,4
31,Female,0,0,0,Ads,low,Cash,iOS,10,118.95,23.989795918367346,0.1836734693877551,47.51,15.485,3.6075,5.459999999999999,0.1030772135170851,0.0816326530612244,0,Q2,Mid-Low,2024-08,2025-12,0,0,Recent,0,0,1,0.47596153846153844,2
44,Male,1,25,0,Partnership,medium,Credit Card,iOS,4,60.27,29.1625,0.3333333333333333,39.39,13.173333333333332,0.0433333333333335,2.79,0.0661450924608819,0.125,1,Q1,High,2025-09,2025-12,1,0,Mid-Inactive,0,0,0,0.1955128205128205,4
62,Male,2,32,0,Referral,medium,Cash,Android,4,83.13,27.246875,0.125,23.09,10.58,2.883333333333333,6.25,0.2130197682344921,0.09375,1,Q1,Mid-High,2025-05,2025-12,1,1,Inactive,0,0,0,0.2991452991452991,0
21,Other,2,105,0,Ads,high,Credit Card,Android,5,188.93,28.668000000000003,0.12,43.2,16.71,5.909999999999999,1.2699999999999996,0.0285585788171801,0.08,0,Q4,Mid-Low,2023-04,2025-11,1,1,Inactive,1,1,0,0.5219017094017094,3
32,Female,3,31,0,Ads,medium,Digital Wallet,Android,4,82.66,25.78333333333333,0.1333333333333333,32.42,12.6825,4.577500000000001,0.0,0.0,0.1333333333333333,1,Q1,High,2024-05,2025-11,1,1,Inactive,0,0,0,0.22115384615384615,0
55,Other,5,9,0,Organic,low,Cash,Android,6,111.06,21.765853658536585,0.073170731707317,8.34,9.92,1.58,0.8199999999999998,0.0895196506550218,0.024390243902439,0,Q2,Low,2024-07,2025-11,0,0,Mid-Recent,0,0,1,0.5042735042735043,2
52,Other,3,117,1,Referral,medium,Debit Card,iOS,4,92.05,24.60322580645161,0.064516129032258,0.0,0.0,0.0,0.0,0.0,0.0,0,Q2,Low,2025-09,2025-12,1,1,Inactive,0,0,0,0.2254273504273504,0
35,Male,3,10,1,Referral,medium,Debit Card,Web,8,224.31,26.076119402985075,0.1194029850746268,68.89,15.112,1.334,0.0,0.0,0.0746268656716417,0,Q4,Mid-Low,2023-04,2025-11,0,0,Mid-Recent,1,0,1,0.6362179487179487,1
59,Female,0,5,0,Organic,medium,Cash,iOS,8,129.05,25.370833333333334,0.1041666666666666,6.35,12.28,5.93,8.48,0.571813890761969,0.0208333333333333,0,Q3,Low,2024-11,2025-12,0,0,Recent,0,0,1,0.49946581196581197,2
18,Male,1,16,0,Referral,medium,Debit Card,iOS,7,149.96,24.492,0.16,40.34,13.0075,2.9224999999999994,2.2300000000000004,0.0523843081982616,0.08,0,Q3,Mid-Low,2023-10,2025-12,0,0,Mid-Inactive,0,0,0,0.32745726495726496,2
48,Male,11,22,1,Referral,medium,Credit Card,iOS,9,278.12,26.50352941176471,0.0941176470588235,48.52,18.6875,6.5575,6.19,0.113142021568269,0.0470588235294117,0,Q4,Low,2024-10,2025-12,1,0,Mid-Inactive,1,1,0,0.6923076923076923,3
46,Female,5,4,0,Organic,medium,Digital Wallet,Web,6,100.44,23.11315789473684,0.1842105263157894,41.25,11.854,3.604,10.35,0.2005813953488372,0.131578947368421,1,Q2,High,2024-08,2025-12,0,0,Recent,0,0,1,0.3317307692307692,4
33,Other,9,21,0,Partnership,high,Cash,Web,13,298.67,24.07435897435897,0.1538461538461538,194.5,19.645,3.436666666666667,5.08,0.0254534522497244,0.1538461538461538,1,Q4,High,2025-02,2025-12,1,0,Mid-Inactive,1,1,0,0.6623931623931625,3
40,Female,0,38,0,Referral,low,Debit Card,iOS,8,99.25,25.54878048780488,0.2195121951219512,71.52000000000001,15.451666666666666,3.5316666666666663,3.52,0.0469083155650319,0.1463414634146341,1,Q2,High,2024-01,2025-10,1,1,Inactive,0,0,0,0.35844017094017094,0
63,Male,4,13,0,Partnership,medium,Cash,Web,3,123.92,26.66428571428572,0.238095238095238,79.56,13.867142857142856,2.501428571428572,0.91,0.011308562197092,0.1666666666666666,1,Q3,High,2023-01,2025-11,0,0,Mid-Recent,0,0,1,0.5571581196581197,4
61,Male,5,30,0,Organic,medium,Debit Card,iOS,10,107.46,26.42325581395349,0.0465116279069767,0.0,0.0,0.0,0.0,0.0,0.0,0,Q2,Low,2023-09,2025-11,1,1,Inactive,0,0,0,0.3392094017094017,0
47,Other,5,16,0,Partnership,medium,Debit Card,Web,10,187.44,27.10833333333333,0.2166666666666666,68.42,13.537142857142856,3.7628571428571433,3.13,0.0437456324248777,0.1166666666666666,1,Q4,High,2024-08,2025-12,0,0,Mid-Inactive,1,0,0,0.4951923076923077,1
30,Female,2,49,1,Ads,medium,Credit Card,iOS,6,87.5,24.665625,0.25,58.73,11.058333333333332,1.2699999999999998,2.66,0.0433295324971493,0.1875,1,Q1,High,2024-09,2025-10,1,1,Inactive,0,0,0,0.4310897435897436,0
41,Other,3,36,1,Referral,low,Digital Wallet,Android,1,93.65,28.308823529411764,0.1176470588235294,37.01,15.01,2.6733333333333333,5.3100000000000005,0.1254725897920605,0.088235294117647,1,Q2,Mid-High,2023-08,2025-12,1,1,Inactive,0,0,0,0.5368589743589742,0
41,Female,3,27,0,Organic,high,Credit Card,Web,10,251.78,25.86774193548387,0.032258064516129,1.69,3.32,1.63,3.630000000000001,0.6823308270676692,0.0161290322580645,0,Q4,Low,2025-04,2025-12,1,0,Mid-Inactive,1,1,0,0.545405982905983,3
59,Female,4,15,1,Referral,medium,Digital Wallet,Android,1,114.43,23.38108108108108,0.1621621621621621,57.19,20.5,6.202500000000001,7.27,0.1127831213155445,0.1081081081081081,1,Q2,Mid-High,2023-07,2025-10,0,0,Mid-Inactive,0,0,0,0.29273504273504275,4
54,Male,0,18,0,Partnership,high,Cash,iOS,10,267.15,25.35211267605634,0.1830985915492957,78.64,14.98,5.15,0.0,0.0,0.1126760563380281,1,Q4,Mid-High,2024-10,2025-12,0,0,Mid-Inactive,1,0,0,0.6185897435897436,1
65,Other,2,3,0,Referral,low,Digital Wallet,iOS,4,114.38,25.53076923076923,0.1025641025641025,54.37,19.746666666666663,1.6233333333333335,0.0,0.0,0.0769230769230769,0,Q2,Mid-Low,2025-03,2025-12,0,0,Recent,0,0,1,0.5373931623931624,2
63,Male,4,36,0,Ads,medium,Credit Card,Android,7,64.47,25.964,0.2,51.68,27.666666666666668,10.44,0.4600000000000008,0.0088224012274645,0.12,1,Q1,High,2023-05,2025-11,1,1,Inactive,0,0,0,0.3733974358974359,0
21,Female,4,4,0,Organic,high,Credit Card,Web,4,131.98,23.6625,0.09375,16.58,12.73,4.44,4.859999999999999,0.2266791044776119,0.0625,0,Q3,Mid-Low,2024-11,2025-12,0,0,Recent,0,0,1,0.26442307692307687,2
30,Other,1,5,0,Organic,medium,Digital Wallet,Web,1,107.67,23.98918918918919,0.1351351351351351,37.54,10.59,1.2049999999999998,0.4700000000000006,0.0123651670612996,0.1081081081081081,1,Q2,Mid-High,2024-07,2025-12,0,0,Recent,0,0,1,0.4732905982905983,4
55,Other,4,17,0,Referral,medium,Cash,Android,4,137.92,24.75,0.1818181818181818,66.63,13.553333333333333,2.448333333333333,0.0,0.0,0.1363636363636363,1,Q3,High,2024-08,2025-12,0,0,Mid-Inactive,0,0,0,0.4615384615384615,4
22,Male,2,60,0,Organic,high,Credit Card,iOS,5,171.65,24.88222222222222,0.1777777777777777,50.09,13.898,3.88,1.9800000000000004,0.0380257345880545,0.1111111111111111,1,Q4,Mid-High,2023-05,2025-12,1,1,Inactive,1,1,0,0.5144230769230769,3
20,Female,1,7,0,Partnership,low,Debit Card,Web,3,110.46,26.674358974358974,0.1794871794871795,74.03,24.0,5.4925,2.53,0.0330459770114942,0.1025641025641025,1,Q2,Mid-High,2023-02,2025-10,0,0,Recent,0,0,1,0.30822649572649574,4
37,Female,7,27,0,Referral,high,Digital Wallet,Android,10,230.54,23.81929824561404,0.1403508771929824,94.86,18.71333333333333,2.903333333333333,1.6500000000000004,0.017096673919801,0.1052631578947368,1,Q4,Mid-High,2023-03,2025-12,1,0,Mid-Inactive,1,1,0,0.517094017094017,3
62,Male,6,0,0,Referral,medium,Credit Card,iOS,5,116.47,25.01904761904762,0.119047619047619,40.06,12.61,2.595,1.41,0.0340004822763443,0.0952380952380952,1,Q2,Mid-High,2023-09,2025-11,0,0,Recent,0,0,1,0.5710470085470085,4
64,Male,1,17,0,Organic,medium,Credit Card,iOS,5,198.5,27.893650793650792,0.2063492063492063,79.02,13.92875,4.05125,1.6999999999999993,0.0210604558969276,0.1269841269841269,1,Q4,High,2025-06,2025-12,0,0,Mid-Inactive,1,0,0,0.3760683760683761,1
31,Other,1,20,1,Partnership,high,Credit Card,Web,4,269.78,25.747692307692308,0.1846153846153846,79.44,16.428571428571427,5.08,1.7599999999999998,0.0216748768472906,0.1076923076923077,1,Q4,Mid-High,2023-12,2025-11,1,0,Mid-Inactive,1,1,0,0.44711538461538464,3
37,Other,0,5,0,Ads,medium,Digital Wallet,iOS,4,142.2,27.74186046511628,0.1395348837209302,41.36,12.3725,2.0325,6.869999999999999,0.1424424631971801,0.0930232558139534,1,Q3,Mid-High,2024-06,2025-12,0,0,Recent,0,0,1,0.41559829059829057,4
63,Female,4,20,0,Organic,low,Debit Card,Web,5,115.32,24.442222222222224,0.1777777777777777,39.73,10.528333333333334,3.9066666666666663,3.219999999999999,0.0749708963911524,0.1333333333333333,1,Q2,High,2024-10,2025-11,1,0,Mid-Inactive,0,0,0,0.31303418803418803,4
44,Male,3,167,1,Organic,medium,Debit Card,iOS,9,97.4,26.002702702702702,0.1081081081081081,36.23,15.64,3.563333333333333,10.46,0.2240308417219961,0.081081081081081,0,Q2,Mid-Low,2023-02,2025-12,1,1,Inactive,0,0,0,0.4802350427350427,0
34,Other,2,24,1,Organic,medium,Credit Card,Android,3,90.84,26.16969696969697,0.1212121212121212,10.5,3.753333333333333,0.2533333333333334,0.6699999999999999,0.0599820948970456,0.0909090909090909,1,Q2,Mid-High,2023-04,2025-12,1,0,Mid-Inactive,0,0,0,0.421474358974359,0
55,Female,6,1,0,Partnership,medium,Debit Card,iOS,4,100.86,24.1,0.1081081081081081,24.380000000000003,11.413333333333334,3.286666666666666,4.069999999999999,0.1430579964850614,0.081081081081081,0,Q2,Mid-Low,2024-11,2025-12,0,0,Recent,0,0,1,0.3482905982905983,2
42,Male,1,6,0,Partnership,medium,Digital Wallet,Web,5,61.94,22.27391304347826,0.1304347826086956,11.17,13.24,2.0700000000000003,7.1,0.3886152162014231,0.0434782608695652,0,Q1,Low,2023-09,2025-12,0,0,Recent,0,0,1,0.20512820512820512,2
31,Female,3,24,0,Referral,medium,Debit Card,Android,7,82.55,25.24516129032258,0.2580645161290322,69.55,18.648000000000003,4.738000000000001,4.039999999999999,0.0548987634189427,0.1612903225806451,1,Q1,High,2024-08,2025-12,1,0,Mid-Inactive,0,0,0,0.4476495726495726,4
47,Female,4,31,0,Referral,medium,Debit Card,Android,1,158.63,22.1675,0.125,38.56,13.4775,3.8375,4.43,0.1030472202837869,0.1,1,Q3,Mid-High,2023-03,2025-12,1,1,Inactive,0,0,0,0.47916666666666663,0
47,Other,2,18,0,Organic,medium,Cash,Web,1,102.75,22.4,0.15625,28.53,15.333333333333334,5.823333333333333,0.7200000000000006,0.0246153846153846,0.09375,1,Q2,Mid-High,2024-07,2025-12,0,0,Mid-Inactive,0,0,0,0.38247863247863245,4
20,Female,8,2,0,Organic,medium,Credit Card,iOS,6,173.1,23.80333333333333,0.15,37.92,9.6,2.016,5.94,0.1354309165526676,0.0833333333333333,0,Q4,Mid-Low,2024-10,2025-12,0,0,Recent,1,0,1,0.5368589743589745,1
48,Female,0,82,0,Referral,low,Debit Card,Android,8,89.18,25.366666666666667,0.1818181818181818,36.22,11.7525,2.6975,1.0199999999999996,0.0273899033297529,0.1212121212121212,1,Q1,High,2023-08,2025-12,1,1,Inactive,0,0,0,0.4631410256410256,0
28,Female,2,39,0,Referral,medium,Cash,Web,5,75.14,24.416,0.32,56.86,12.685,3.2083333333333326,7.130000000000001,0.1114236599468667,0.24,1,Q1,High,2023-09,2025-12,1,1,Inactive,0,0,0,0.4567307692307692,0
55,Other,1,20,1,Partnership,low,Cash,iOS,6,83.92,25.67142857142857,0.0857142857142857,23.36,14.14,2.46,0.0,0.0,0.0571428571428571,0,Q1,Low,2025-09,2025-12,1,0,Mid-Inactive,0,0,0,0.2077991452991453,2
64,Female,2,7,0,Partnership,medium,Cash,Android,5,130.4,22.452272727272728,0.1363636363636363,79.31,18.46,5.241666666666666,2.67,0.0325689192485972,0.1363636363636363,1,Q3,High,2023-10,2025-12,0,0,Recent,0,0,1,0.5240384615384615,4
32,Other,5,8,0,Partnership,high,Cash,Android,11,284.49,27.115277777777777,0.125,79.12,15.117142857142856,3.814285714285714,0.0600000000000005,0.0007577671129073,0.0972222222222222,1,Q4,Mid-High,2023-01,2025-11,0,0,Mid-Recent,1,0,1,0.6992521367521367,1
43,Other,1,8,0,Ads,medium,Debit Card,Android,2,49.76,24.063157894736843,0.1578947368421052,6.23,8.0,1.7699999999999996,4.229999999999999,0.404397705544933,0.0526315789473684,0,Q1,Low,2023-10,2025-11,0,0,Mid-Recent,0,0,1,0.44497863247863245,2
62,Other,2,44,0,Ads,medium,Debit Card,Web,8,69.71,23.321428571428573,0.2142857142857142,43.17,15.426666666666668,1.0366666666666664,0.0,0.0,0.1071428571428571,1,Q1,Mid-High,2025-10,2025-12,1,1,Inactive,0,0,0,0.17094017094017094,0
68,Male,8,28,0,Organic,medium,Debit Card,Android,4,162.85,25.152941176470588,0.1568627450980392,91.09,15.528571428571428,2.5157142857142856,2.59,0.0276473099914602,0.1372549019607843,1,Q3,High,2023-11,2025-11,1,0,Inactive,0,0,0,0.3456196581196581,4
43,Male,3,0,0,Referral,low,Debit Card,iOS,7,125.69,23.22391304347826,0.217391304347826,48.18,12.398,2.762,3.3100000000000005,0.0642843270537968,0.108695652173913,1,Q3,Mid-High,2024-09,2025-12,0,0,Recent,0,0,1,0.49091880341880345,4
37,Female,1,0,0,Ads,medium,Debit Card,iOS,2,152.79,24.772093023255817,0.1860465116279069,51.28,16.58,3.76,0.0,0.0,0.0930232558139534,1,Q3,Mid-High,2025-06,2025-12,0,0,Recent,0,0,1,0.5753205128205128,4
23,Other,3,3,1,Ads,low,Digital Wallet,iOS,5,77.61,22.384375,0.21875,75.22,17.084999999999997,4.548333333333333,4.899999999999999,0.0611582626060908,0.1875,1,Q1,High,2023-05,2025-12,0,0,Recent,0,0,1,0.2297008547008547,4
28,Female,0,92,1,Partnership,low,Cash,Web,5,145.65,21.088461538461537,0.2115384615384615,70.14,13.644285714285711,3.6242857142857146,0.0,0.0,0.1346153846153846,1,Q3,High,2024-01,2025-12,1,1,Inactive,0,0,0,0.44017094017094016,0
48,Other,6,9,0,Partnership,medium,Debit Card,iOS,5,192.58,26.682539682539684,0.1428571428571428,54.64,15.75,4.822,0.0,0.0,0.0793650793650793,0,Q4,Mid-Low,2023-08,2025-12,0,0,Mid-Recent,1,0,1,0.3552350427350428,1
26,Female,3,3,0,Partnership,low,Digital Wallet,Android,3,75.65,22.159259259259255,0.074074074074074,9.19,13.24,4.050000000000001,0.1600000000000001,0.0171122994652406,0.037037037037037,0,Q1,Low,2025-04,2025-12,0,0,Recent,0,0,1,0.3611111111111111,2
56,Female,4,21,0,Organic,low,Cash,Web,3,103.13,28.489743589743583,0.2051282051282051,47.190000000000005,12.1275,0.3299999999999994,5.0,0.0958037938302356,0.1025641025641025,1,Q2,Mid-High,2025-04,2025-12,1,0,Mid-Inactive,0,0,0,0.26655982905982906,4
19,Male,5,11,0,Ads,medium,Digital Wallet,Android,5,84.53,24.82903225806452,0.1290322580645161,38.8,12.6,-0.3333333333333333,4.76,0.1092745638200183,0.0967741935483871,1,Q1,Mid-High,2025-09,2025-11,0,0,Mid-Recent,0,0,1,0.2879273504273504,4
50,Male,5,32,0,Referral,medium,Debit Card,iOS,8,157.17000000000002,26.78813559322034,0.1694915254237288,81.31,14.423333333333332,0.8716666666666667,7.690000000000001,0.0864044943820224,0.1016949152542373,1,Q3,Mid-High,2024-03,2025-11,1,1,Inactive,0,0,0,0.608974358974359,0
30,Male,0,23,0,Organic,low,Cash,iOS,2,64.78,24.252380952380957,0.0952380952380952,0.0,0.0,0.0,0.0,0.0,0.0,0,Q1,Low,2023-12,2025-11,1,0,Mid-Inactive,0,0,0,0.3840811965811966,2
42,Other,4,49,1,Partnership,medium,Debit Card,Android,5,147.48,23.38936170212766,0.1702127659574468,43.3,10.936,2.276,0.5899999999999999,0.0134426976532239,0.1063829787234042,1,Q3,Mid-High,2023-01,2025-11,1,1,Inactive,0,0,0,0.5507478632478632,0
42,Other,4,7,0,Referral,medium,Digital Wallet,Android,3,65.13,27.079166666666666,0.2916666666666667,54.21,13.6,2.758,7.32,0.1189663578742077,0.2083333333333333,1,Q1,High,2023-10,2025-09,0,0,Recent,0,0,1,0.43856837606837606,4
28,Female,0,84,0,Partnership,medium,Credit Card,Android,5,228.35,27.035,0.0833333333333333,22.32,12.0,0.8400000000000003,3.7200000000000006,0.1428571428571428,0.0333333333333333,0,Q4,Low,2023-02,2025-11,1,1,Inactive,1,1,0,0.5438034188034189,3
59,Female,0,20,0,Ads,high,Digital Wallet,iOS,7,222.32,25.692592592592597,0.1666666666666666,88.32,15.533333333333331,0.813333333333333,5.449999999999999,0.0581209342007038,0.1111111111111111,1,Q4,Mid-High,2024-03,2025-12,1,0,Mid-Inactive,1,1,0,0.3237179487179487,3
50,Female,8,5,0,Referral,medium,Cash,Web,6,161.04,25.12222222222222,0.074074074074074,34.82,12.836666666666666,1.2299999999999995,3.26,0.0856092436974789,0.0555555555555555,0,Q3,Low,2023-04,2025-12,0,0,Recent,0,0,1,0.4209401709401709,2
45,Male,6,10,0,Partnership,low,Digital Wallet,Web,7,127.73,26.606122448979598,0.2244897959183673,57.33,14.043333333333337,4.488333333333333,0.2699999999999996,0.0046874999999999,0.1224489795918367,1,Q3,High,2024-05,2025-12,0,0,Mid-Recent,0,0,1,0.48290598290598286,4
56,Female,1,4,0,Partnership,high,Digital Wallet,Web,3,216.14,23.852083333333336,0.1458333333333333,65.97,13.38,2.385,3.59,0.0516101207590569,0.125,1,Q4,High,2025-09,2025-12,0,0,Recent,1,0,1,0.4230769230769231,1
25,Male,1,15,0,Partnership,medium,Credit Card,iOS,4,73.4,23.693103448275863,0.1724137931034483,26.700000000000003,12.0,3.1,0.8900000000000006,0.032258064516129,0.1034482758620689,1,Q1,Mid-High,2023-07,2025-12,0,0,Mid-Inactive,0,0,0,0.18215811965811968,4
39,Other,2,0,0,Ads,high,Cash,Android,9,255.17,25.57575757575757,0.1515151515151515,68.07,15.121666666666668,3.776666666666667,4.76,0.0653576822737882,0.0909090909090909,1,Q4,Mid-High,2025-05,2025-12,0,0,Recent,1,0,1,0.42361111111111116,1
47,Female,0,30,0,Referral,high,Cash,Android,6,261.25,23.910344827586208,0.1896551724137931,76.99,13.03125,3.4075,0.0199999999999995,0.0002597065316192,0.1379310344827586,1,Q4,High,2023-09,2025-12,1,1,Inactive,1,1,0,0.43803418803418803,3
21,Other,5,27,0,Organic,medium,Cash,Android,9,87.55,22.664516129032258,0.064516129032258,19.42,12.62,2.91,1.7699999999999996,0.0835299669655497,0.064516129032258,0,Q1,Mid-Low,2025-05,2025-12,1,0,Mid-Inactive,0,0,0,0.3295940170940171,2
67,Male,6,25,0,Ads,medium,Digital Wallet,Android,7,157.64,22.0280701754386,0.1929824561403508,87.73,16.202857142857145,3.67,2.540000000000001,0.0281378087958347,0.1228070175438596,1,Q3,High,2023-11,2025-11,1,0,Mid-Inactive,0,0,0,0.5518162393162394,4
19,Female,3,13,0,Organic,low,Credit Card,Web,7,90.56,29.28918918918919,0.1891891891891892,62.370000000000005,25.666666666666668,4.876666666666666,0.0,0.0,0.081081081081081,0,Q2,Mid-Low,2024-05,2025-12,0,0,Mid-Recent,0,0,1,0.3205128205128205,4
40,Other,5,17,0,Partnership,high,Debit Card,iOS,8,222.75,27.75,0.1166666666666666,44.9,13.492,4.5120000000000005,0.3599999999999994,0.0079540433053468,0.0833333333333333,0,Q4,Mid-Low,2023-05,2025-12,0,0,Mid-Inactive,1,0,0,0.6479700854700854,1
52,Male,6,11,0,Ads,high,Cash,Android,4,157.37,24.32926829268293,0.1463414634146341,0.0,0.0,0.0,0.0,0.0,0.0,0,Q3,Low,2023-03,2025-12,0,0,Mid-Recent,0,0,1,0.42788461538461536,2
40,Female,7,10,0,Partnership,medium,Credit Card,iOS,8,130.39,26.032558139534885,0.1395348837209302,67.92,15.429999999999998,1.8460000000000003,0.0,0.0,0.1162790697674418,1,Q3,Mid-High,2024-10,2025-12,0,0,Mid-Recent,0,0,1,0.4294871794871795,4
41,Male,3,1,0,Referral,medium,Cash,Web,10,167.28,22.88833333333333,0.1,39.83,13.25,3.2924999999999995,0.2699999999999996,0.0067331670822942,0.0666666666666666,0,Q4,Mid-Low,2024-03,2025-12,0,0,Recent,1,0,1,0.5090811965811965,1
39,Other,6,39,0,Partnership,high,Cash,iOS,2,167.31,25.41190476190476,0.1428571428571428,15.95,9.153333333333334,3.8366666666666656,4.109999999999999,0.2048853439680956,0.0714285714285714,0,Q4,Mid-Low,2023-08,2025-12,1,1,Inactive,1,1,0,0.4043803418803419,3
65,Female,2,10,0,Partnership,medium,Credit Card,iOS,2,117.86,25.441666666666663,0.1666666666666666,15.22,7.56,2.486666666666667,1.3200000000000005,0.0798065296251511,0.0833333333333333,0,Q2,Mid-Low,2023-03,2025-11,0,0,Mid-Recent,0,0,1,0.48290598290598286,2
34,Female,1,13,0,Referral,medium,Digital Wallet,Web,2,42.99,26.49333333333333,0.2,40.24,17.916666666666668,4.503333333333334,3.6000000000000014,0.0821167883211679,0.2,1,Q1,High,2025-01,2025-12,0,0,Mid-Recent,0,0,1,0.39316239316239315,4
31,Female,2,6,0,Ads,low,Digital Wallet,Web,7,67.26,24.13703703703704,0.1851851851851851,24.35,12.6,4.483333333333333,8.600000000000001,0.2610015174506829,0.1111111111111111,1,Q1,Mid-High,2025-08,2025-12,0,0,Recent,0,0,1,0.4236111111111111,4
56,Female,5,28,0,Organic,high,Digital Wallet,iOS,6,202.2,26.20625,0.125,19.56,9.153333333333334,2.6333333333333333,0.7100000000000004,0.0350271336951159,0.0625,0,Q4,Mid-Low,2023-10,2025-11,1,0,Inactive,1,1,0,0.2911324786324786,3
31,Male,3,10,0,Ads,low,Digital Wallet,Android,5,155.66,27.932727272727277,0.1818181818181818,73.98,11.1875,1.94,5.839999999999999,0.0731646203958907,0.1454545454545454,1,Q3,High,2024-04,2025-12,0,0,Mid-Recent,0,0,1,0.5988247863247863,4
56,Other,3,7,0,Referral,low,Debit Card,iOS,5,101.35,25.071428571428573,0.2285714285714285,56.46,13.768,2.4759999999999995,4.68,0.0765456329735034,0.1428571428571428,1,Q2,High,2025-10,2025-12,0,0,Recent,0,0,1,0.26335470085470086,4
63,Female,1,58,1,Referral,high,Digital Wallet,Web,4,209.35,23.094117647058823,0.1372549019607843,66.8,16.808,3.4479999999999995,0.0,0.0,0.0980392156862745,1,Q4,Mid-High,2025-02,2025-12,1,1,Inactive,1,1,0,0.3317307692307693,3
47,Other,2,4,0,Organic,medium,Cash,Android,2,76.34,25.09230769230769,0.1538461538461538,25.34,12.59,-0.0800000000000003,0.0,0.0,0.0769230769230769,0,Q1,Mid-Low,2023-10,2025-12,0,0,Recent,0,0,1,0.3985042735042735,2
18,Female,0,5,0,Organic,medium,Digital Wallet,Android,2,80.17,20.673076923076923,0.1538461538461538,26.49,12.88,-0.3649999999999993,1.66,0.0589698046181172,0.0769230769230769,0,Q1,Mid-Low,2024-11,2025-11,0,0,Recent,0,0,1,0.25267094017094016,2
47,Other,7,8,0,Ads,medium,Debit Card,Web,1,171.71,22.99791666666667,0.125,63.31,14.504,1.8419999999999992,12.36,0.1633408219902206,0.1041666666666666,1,Q4,Mid-High,2023-06,2025-11,0,0,Mid-Recent,1,0,1,0.6036324786324787,1
34,Female,4,33,0,Referral,low,Cash,Web,1,90.43,22.82058823529412,0.1470588235294117,27.9,16.0,2.05,1.08,0.0372670807453416,0.0588235294117647,0,Q2,Mid-Low,2023-03,2025-11,1,1,Inactive,0,0,0,0.2313034188034188,0
23,Male,3,28,0,Organic,medium,Digital Wallet,Android,3,86.24,22.71333333333333,0.1666666666666666,35.33,13.916666666666666,2.140000000000001,5.43,0.1332188420019627,0.1,1,Q1,Mid-High,2023-04,2025-11,1,0,Inactive,0,0,0,0.25587606837606836,0
61,Female,0,17,0,Ads,low,Debit Card,Web,3,110.16,21.85897435897436,0.2564102564102564,61.92,14.512,2.1279999999999992,2.640000000000001,0.0408921933085501,0.1282051282051282,1,Q2,High,2025-11,2025-12,0,0,Mid-Inactive,0,0,0,0.16933760683760685,4
54,Female,3,8,0,Referral,medium,Digital Wallet,Web,6,95.3,24.852941176470587,0.088235294117647,23.04,29.0,5.960000000000001,2.5599999999999987,0.0999999999999999,0.0294117647058823,0,Q2,Low,2024-12,2025-12,0,0,Mid-Recent,0,0,1,0.19658119658119658,2
33,Female,3,19,0,Partnership,low,Credit Card,iOS,3,68.57,28.42142857142857,0.1785714285714285,37.96,20.5,1.5200000000000005,5.550000000000001,0.1275568834750632,0.0714285714285714,0,Q1,Mid-Low,2023-12,2025-12,0,0,Mid-Inactive,0,0,0,0.532051282051282,2
31,Male,2,5,0,Organic,low,Debit Card,iOS,4,76.81,27.241935483870968,0.1290322580645161,12.48,9.52,3.28,4.59,0.2688927943760984,0.064516129032258,0,Q1,Mid-Low,2024-08,2025-12,0,0,Recent,0,0,1,0.34348290598290593,2
53,Female,1,75,1,Ads,low,Cash,Web,3,137.29,27.241304347826084,0.1304347826086956,21.48,17.62,6.88,0.0,0.0,0.0434782608695652,0,Q3,Low,2024-11,2025-12,1,1,Inactive,0,0,0,0.5950854700854701,0
38,Female,0,11,0,Organic,medium,Cash,iOS,2,89.13,24.053571428571427,0.0714285714285714,23.5,13.24,1.4900000000000002,0.0,0.0,0.0714285714285714,0,Q1,Mid-Low,2025-06,2025-12,0,0,Mid-Recent,0,0,1,0.3028846153846154,2
49,Female,4,15,0,Partnership,low,Debit Card,iOS,4,121.85,24.365957446808512,0.0638297872340425,46.71,19.33333333333333,3.7633333333333336,0.4199999999999999,0.0089115213239974,0.0638297872340425,0,Q3,Mid-Low,2023-04,2025-11,0,0,Mid-Inactive,0,0,0,0.43963675213675213,2
36,Male,5,62,0,Partnership,low,Debit Card,Web,4,138.14,26.162745098039213,0.0980392156862745,40.02,21.5,1.4900000000000002,5.220000000000001,0.1153846153846154,0.0392156862745098,0,Q3,Low,2024-12,2025-12,1,1,Inactive,0,0,0,0.609508547008547,0
42,Other,5,11,0,Partnership,high,Cash,iOS,10,309.33,25.47297297297297,0.1081081081081081,52.010000000000005,13.69,0.6874999999999993,2.25,0.0414670106892738,0.054054054054054,0,Q4,Low,2023-12,2025-11,0,0,Mid-Recent,1,0,1,0.6383547008547008,1
57,Male,5,2,0,Referral,high,Cash,iOS,6,119.63,27.24,0.1714285714285714,76.7,19.352,4.012,2.81,0.0353414664822034,0.1428571428571428,1,Q2,High,2023-06,2025-11,0,0,Recent,0,0,1,0.27724358974358976,4
57,Male,2,39,0,Partnership,medium,Credit Card,Android,0,51.67,26.9,0.1764705882352941,18.71,22.0,3.289999999999999,9.82,0.3441990886785839,0.0588235294117647,0,Q1,Mid-Low,2025-03,2025-11,1,1,Inactive,0,0,0,0.3669871794871795,0
65,Other,4,38,0,Ads,high,Debit Card,Android,6,101.87,24.07307692307692,0.0769230769230769,23.92,22.0,-1.9200000000000017,5.919999999999999,0.1983914209115281,0.0384615384615384,0,Q2,Low,2024-06,2025-12,1,1,Inactive,0,0,0,0.3846153846153846,0
64,Male,2,2,0,Partnership,medium,Debit Card,Android,2,79.84,23.838461538461537,0.1153846153846153,3.37,4.76,1.3899999999999997,0.7699999999999996,0.1859903381642511,0.0384615384615384,0,Q1,Low,2024-04,2025-11,0,0,Recent,0,0,1,0.29433760683760685,2
36,Male,2,24,1,Ads,medium,Cash,Android,2,152.23,26.088372093023256,0.1395348837209302,34.32,13.093333333333334,1.653333333333333,1.34,0.0375771172181716,0.0697674418604651,0,Q3,Mid-Low,2025-01,2025-12,1,0,Mid-Inactive,0,0,0,0.5544871794871795,0
61,Other,6,9,0,Ads,medium,Debit Card,Android,4,151.61,27.472340425531915,0.2127659574468085,70.3,13.145714285714286,3.1028571428571428,3.210000000000001,0.043667528227452,0.1489361702127659,1,Q3,High,2025-02,2025-12,0,0,Mid-Recent,0,0,1,0.5576923076923077,4
59,Male,7,5,0,Ads,medium,Debit Card,Android,0,119.33,25.38536585365853,0.1463414634146341,32.81,9.5025,1.2999999999999998,2.26,0.0644425434844596,0.0975609756097561,1,Q2,Mid-High,2023-12,2025-12,0,0,Recent,0,0,1,0.2473290598290598,4
18,Other,6,7,0,Partnership,high,Cash,Android,3,156.55,23.77435897435897,0.2307692307692307,55.11,19.07,5.2925,8.62,0.1352581201945708,0.1025641025641025,1,Q3,Mid-High,2025-08,2025-12,0,0,Recent,0,0,1,0.49572649572649574,4
68,Female,4,5,0,Referral,high,Credit Card,Android,7,237.26,24.803389830508475,0.1864406779661017,84.16,12.101111111111113,2.7500000000000004,3.5700000000000003,0.0406930354496751,0.1525423728813559,1,Q4,High,2024-06,2025-12,0,0,Recent,1,0,1,0.42841880341880345,1
64,Male,5,6,0,Partnership,low,Credit Card,Android,7,150.89,23.63448275862069,0.1551724137931034,78.7,14.154285714285717,2.911428571428572,0.0,0.0,0.1206896551724138,1,Q3,High,2024-09,2025-12,0,0,Recent,0,0,1,0.6116452991452992,4
63,Other,1,5,0,Partnership,low,Credit Card,iOS,4,76.63,26.186666666666667,0.1333333333333333,40.17,23.5,3.415,9.55,0.1920756234915527,0.0666666666666666,0,Q1,Mid-Low,2023-08,2025-12,0,0,Recent,0,0,1,0.36004273504273504,2
34,Other,3,19,0,Ads,medium,Digital Wallet,Android,3,115.59,25.891666666666666,0.1666666666666666,20.75,14.64,4.265,1.4,0.0632054176072234,0.0555555555555555,0,Q2,Low,2023-09,2025-12,0,0,Mid-Inactive,0,0,0,0.5176282051282051,2
27,Male,2,11,0,Ads,medium,Digital Wallet,iOS,4,138.49,24.80212765957447,0.1276595744680851,54.81,16.064,5.101999999999999,0.8600000000000003,0.0154481767558828,0.1063829787234042,1,Q3,Mid-High,2024-03,2025-12,0,0,Mid-Recent,0,0,1,0.5854700854700854,4
59,Other,0,18,0,Partnership,medium,Cash,iOS,5,106.05,24.54,0.0571428571428571,34.95,17.88,0.4049999999999998,7.68,0.1801548205489092,0.0571428571428571,0,Q2,Low,2025-07,2025-12,0,0,Mid-Inactive,0,0,0,0.46474358974358976,2
39,Female,3,57,0,Organic,medium,Cash,Web,2,131.3,21.4175,0.1,3.53,4.76,1.23,0.7200000000000006,0.1694117647058825,0.025,0,Q3,Low,2024-04,2025-12,1,1,Inactive,0,0,0,0.2777777777777778,0
54,Female,5,25,0,Ads,medium,Debit Card,Web,5,158.46,24.160377358490567,0.1320754716981132,26.29,9.57,2.9975,3.129999999999999,0.1063902107409924,0.0754716981132075,0,Q3,Mid-Low,2023-01,2025-12,1,0,Mid-Inactive,0,0,0,0.3125,2
19,Male,4,10,0,Organic,medium,Digital Wallet,Android,6,83.03,29.60625,0.15625,32.89,14.186666666666667,3.2233333333333327,6.119999999999999,0.1568828505511407,0.09375,1,Q1,Mid-High,2025-09,2025-12,0,0,Mid-Recent,0,0,1,0.41720085470085466,4
54,Other,5,48,1,Partnership,medium,Cash,Web,6,155.23,26.186666666666667,0.2444444444444444,104.85,12.596363636363636,3.0645454545454545,7.109999999999999,0.0635048231511254,0.2444444444444444,1,Q3,High,2024-08,2025-11,1,1,Inactive,0,0,0,0.43108974358974356,0
27,Other,4,20,1,Ads,medium,Digital Wallet,Android,4,110.06,25.91111111111111,0.2222222222222222,76.69,13.385714285714286,2.43,5.630000000000001,0.0683916423712342,0.1944444444444444,1,Q2,High,2023-05,2025-08,1,0,Mid-Inactive,0,0,0,0.24679487179487178,4
58,Male,5,13,0,Ads,medium,Digital Wallet,iOS,10,143.61,26.392857142857142,0.125,38.75,12.69,3.0025,6.81,0.1494732221246707,0.0714285714285714,0,Q3,Mid-Low,2024-01,2025-12,0,0,Mid-Recent,0,0,1,0.4017094017094017,2
18,Female,5,32,1,Partnership,medium,Cash,Web,6,91.52,25.62121212121212,0.1212121212121212,34.85,14.663333333333334,3.046666666666667,12.7,0.2670872765509989,0.0909090909090909,1,Q2,Mid-High,2023-04,2025-11,1,1,Inactive,0,0,0,0.3936965811965812,0
40,Other,1,43,0,Organic,medium,Digital Wallet,Android,2,90.88,26.460714285714285,0.2142857142857142,36.56,17.080000000000002,4.8933333333333335,4.05,0.0997291307559714,0.1071428571428571,1,Q2,Mid-High,2025-08,2025-12,1,1,Inactive,0,0,0,0.43482905982905984,0
59,Male,4,17,0,Ads,low,Cash,Android,3,100.47,25.49230769230769,0.1794871794871795,64.27,15.352,2.498,0.0600000000000005,0.0009326908129954,0.1282051282051282,1,Q2,High,2025-08,2025-12,0,0,Mid-Inactive,0,0,0,0.23183760683760682,4
60,Male,6,22,0,Ads,high,Digital Wallet,iOS,6,281.04,25.00422535211268,0.1126760563380281,41.19,7.604285714285715,1.7200000000000002,5.880000000000001,0.1249203314212874,0.0985915492957746,1,Q4,Mid-High,2023-02,2025-12,1,0,Mid-Inactive,1,1,0,0.4241452991452992,3
27,Female,0,4,0,Ads,medium,Digital Wallet,Android,5,133.36,26.29230769230769,0.2051282051282051,91.75,14.3,2.83125,11.21,0.1088772338772338,0.2051282051282051,1,Q3,High,2025-11,2025-12,0,0,Recent,0,0,1,0.1971153846153846,4
54,Other,1,19,0,Ads,low,Debit Card,Android,2,79.52,20.73928571428572,0.1785714285714285,32.8,10.9,2.6999999999999997,0.0,0.0,0.1428571428571428,1,Q1,High,2024-08,2025-12,0,0,Mid-Inactive,0,0,0,0.26121794871794873,4
43,Other,2,7,1,Organic,high,Credit Card,Android,12,252.42,25.85692307692308,0.123076923076923,46.13,9.814285714285717,3.224285714285714,0.0,0.0,0.1076923076923077,1,Q4,Mid-High,2023-01,2025-11,0,0,Recent,1,0,1,0.579059829059829,1
52,Other,5,1,0,Referral,medium,Cash,Web,7,107.39,26.04102564102564,0.1538461538461538,70.96000000000001,18.195,0.455,1.0399999999999991,0.0144444444444444,0.1025641025641025,1,Q2,Mid-High,2023-04,2025-11,0,0,Recent,0,0,1,0.2248931623931624,4
33,Male,3,8,1,Ads,medium,Debit Card,iOS,1,97.84,23.73333333333333,0.1333333333333333,26.17,12.245,-0.8400000000000005,0.0,0.0,0.0666666666666666,0,Q2,Mid-Low,2023-07,2025-11,0,0,Mid-Recent,0,0,1,0.21420940170940173,2
29,Male,1,40,1,Organic,low,Credit Card,Web,1,57.35,21.681818181818183,0.0909090909090909,31.89,16.0,0.0549999999999988,1.3299999999999996,0.0400361228175797,0.0909090909090909,1,Q1,Mid-High,2023-01,2025-12,1,1,Inactive,0,0,0,0.18696581196581197,0
64,Male,5,9,0,Organic,medium,Credit Card,iOS,3,136.62,25.04,0.125,31.94,11.0525,3.0675,6.93,0.178286596346797,0.1,1,Q3,Mid-High,2024-08,2025-12,0,0,Mid-Recent,0,0,1,0.3402777777777778,4
33,Other,5,9,0,Partnership,medium,Credit Card,Web,8,242.62,21.384415584415585,0.1038961038961039,54.99,20.25,6.5025,3.09,0.0532024793388429,0.0519480519480519,0,Q4,Low,2024-12,2025-12,0,0,Mid-Recent,1,0,1,0.6511752136752137,1
38,Other,4,24,1,Ads,high,Cash,iOS,10,301.78,23.597142857142856,0.0857142857142857,42.98,18.666666666666668,4.340000000000001,0.7199999999999998,0.0164759725400457,0.0428571428571428,0,Q4,Low,2024-11,2025-12,1,0,Mid-Inactive,1,1,0,0.40598290598290604,3
23,Female,3,67,1,Referral,low,Debit Card,Web,4,65.16,21.99230769230769,0.1538461538461538,32.3,19.14,2.99,0.4600000000000008,0.014041514041514,0.0769230769230769,0,Q1,Mid-Low,2025-09,2025-12,1,1,Inactive,0,0,0,0.3360042735042735,0
37,Other,1,10,0,Partnership,low,Credit Card,Web,2,89.81,22.05555555555556,0.1388888888888889,30.59,14.985,-0.3099999999999996,0.0,0.0,0.0555555555555555,0,Q1,Low,2023-07,2025-11,0,0,Mid-Recent,0,0,1,0.4412393162393162,2
67,Other,4,16,1,Partnership,low,Credit Card,Android,5,139.83,27.01132075471698,0.1698113207547169,48.58,18.666666666666668,2.473333333333334,9.48,0.1632793661729245,0.0566037735849056,0,Q3,Low,2024-04,2025-12,0,0,Mid-Inactive,0,0,0,0.5,2
56,Female,2,9,0,Ads,low,Digital Wallet,Web,3,85.8,25.727272727272727,0.1212121212121212,23.53,29.0,5.469999999999999,9.670000000000002,0.2912650602409639,0.0303030303030303,0,Q1,Low,2023-05,2025-11,0,0,Mid-Recent,0,0,1,0.3936965811965812,2
50,Female,2,42,0,Organic,low,Debit Card,Android,0,63.02,27.86,0.16,73.0,22.0,3.75,0.0,0.0,0.16,1,Q1,High,2023-01,2025-12,1,1,Inactive,0,0,0,0.547008547008547,0
61,Other,1,1,0,Partnership,medium,Credit Card,iOS,6,89.84,23.83428571428572,0.2285714285714285,66.4,12.64,1.5733333333333337,0.0,0.0,0.1714285714285714,1,Q1,High,2023-12,2025-12,0,0,Recent,0,0,1,0.37446581196581197,4
18,Female,2,26,0,Partnership,low,Debit Card,iOS,6,155.48,26.021052631578947,0.1403508771929824,67.25,15.904,2.454,0.5300000000000011,0.0078194157568604,0.087719298245614,1,Q3,Mid-High,2025-06,2025-12,1,0,Mid-Inactive,0,0,0,0.5032051282051282,4
66,Female,1,0,0,Referral,high,Cash,Android,2,115.5,23.636666666666667,0.1,11.17,7.88,2.295,6.119999999999999,0.3539618276460381,0.0666666666666666,0,Q2,Mid-Low,2025-01,2025-12,0,0,Recent,0,0,1,0.22809829059829062,2
29,Male,5,4,0,Ads,medium,Debit Card,Android,7,137.69,24.127906976744185,0.2093023255813953,74.25,11.26875,1.9875,4.479999999999999,0.0569033405309284,0.1860465116279069,1,Q3,High,2025-06,2025-12,0,0,Recent,0,0,1,0.5267094017094017,4
37,Female,3,12,0,Referral,medium,Digital Wallet,Web,4,61.13,24.46666666666667,0.1666666666666666,22.0,12.76,1.7599999999999998,1.879999999999999,0.0787269681742043,0.0833333333333333,0,Q1,Mid-Low,2025-08,2025-12,0,0,Mid-Recent,0,0,1,0.2094017094017094,2
54,Other,6,7,0,Organic,medium,Debit Card,iOS,4,216.46,27.21746031746032,0.2222222222222222,64.25,12.876666666666669,2.168333333333333,5.87,0.0837136337706788,0.0952380952380952,1,Q4,Mid-High,2025-07,2025-12,0,0,Recent,1,0,1,0.6885683760683761,1
68,Male,3,14,0,Ads,low,Digital Wallet,Web,2,88.45,27.34333333333333,0.0666666666666666,8.86,9.92,1.0600000000000005,3.08,0.2579564489112228,0.0333333333333333,0,Q1,Low,2025-04,2025-12,0,0,Mid-Recent,0,0,1,0.46420940170940167,2
59,Other,1,26,0,Organic,low,Debit Card,Android,1,40.79,26.625,0.125,12.89,12.0,-0.8900000000000006,2.09,0.1395193591455273,0.0625,0,Q1,Mid-Low,2024-02,2025-11,1,0,Mid-Inactive,0,0,0,0.4668803418803419,2
37,Female,2,31,0,Organic,low,Digital Wallet,Web,4,92.32,23.205714285714286,0.1428571428571428,20.8,14.38,3.98,1.16,0.052823315118397,0.0571428571428571,0,Q2,Low,2024-05,2025-11,1,1,Inactive,0,0,0,0.4161324786324786,0
65,Female,9,0,0,Organic,medium,Cash,Web,8,152.72,24.823636363636364,0.1818181818181818,72.28999999999999,14.551999999999998,0.094,4.71,0.0611688311688311,0.0909090909090909,1,Q3,Mid-High,2024-12,2025-11,0,0,Recent,0,0,1,0.6127136752136753,4
66,Female,1,2,0,Partnership,low,Credit Card,Android,1,56.93,22.242857142857144,0.0952380952380952,8.91,12.28,3.369999999999999,2.16,0.1951219512195122,0.0476190476190476,0,Q1,Low,2025-11,2025-12,0,0,Recent,0,0,1,0.11324786324786325,2
59,Male,1,20,0,Organic,medium,Credit Card,Web,13,181.14,26.133333333333333,0.1818181818181818,90.56,19.26833333333333,4.175,0.9000000000000004,0.0098403673737152,0.0909090909090909,1,Q4,Mid-High,2024-04,2025-11,1,0,Mid-Inactive,1,1,0,0.6527777777777779,3
31,Other,6,44,0,Organic,medium,Digital Wallet,iOS,6,131.76,26.454545454545453,0.0909090909090909,8.97,14.0,5.029999999999999,9.53,0.5151351351351352,0.0227272727272727,0,Q3,Low,2024-02,2025-12,1,1,Inactive,0,0,0,0.4962606837606838,0
45,Female,4,11,0,Ads,medium,Debit Card,Web,10,139.96,23.12307692307693,0.1346153846153846,48.31,18.25,2.1466666666666665,4.93,0.0925995492111194,0.0576923076923076,0,Q3,Mid-Low,2023-11,2025-12,0,0,Mid-Recent,0,0,1,0.592948717948718,2
46,Female,0,42,1,Referral,medium,Debit Card,iOS,2,87.46000000000001,25.40909090909091,0.2121212121212121,42.98,16.163333333333334,1.8366666666666664,7.289999999999999,0.1450169086930574,0.0909090909090909,1,Q1,Mid-High,2024-02,2025-12,1,1,Inactive,0,0,0,0.4145299145299145,0
64,Female,1,69,0,Referral,medium,Cash,Web,6,189.47,25.845161290322583,0.1451612903225806,19.53,9.153333333333334,2.643333333333333,4.050000000000001,0.1717557251908397,0.0483870967741935,0,Q4,Low,2024-06,2025-12,1,1,Inactive,1,1,0,0.5384615384615384,3
33,Female,5,12,0,Referral,low,Credit Card,iOS,4,105.38,25.607894736842105,0.1052631578947368,24.76,20.5,8.120000000000001,6.550000000000001,0.2091983391887576,0.0526315789473684,0,Q2,Low,2025-01,2025-12,0,0,Mid-Recent,0,0,1,0.32478632478632474,2
35,Other,4,41,0,Partnership,medium,Digital Wallet,iOS,7,106.7,21.825,0.225,66.69,11.8075,3.47125,2.71,0.0390489913544668,0.2,1,Q2,High,2023-10,2025-12,1,1,Inactive,0,0,0,0.2777777777777778,0
26,Other,2,103,0,Organic,low,Cash,iOS,1,120.53,25.57179487179487,0.1538461538461538,24.06,6.922499999999999,0.9075000000000004,2.49,0.0937853107344632,0.1025641025641025,1,Q2,Mid-High,2023-11,2025-09,1,1,Inactive,0,0,0,0.4193376068376068,0
55,Female,3,8,0,Referral,medium,Cash,iOS,3,150.35,26.172727272727272,0.1590909090909091,56.0,16.295,2.2950000000000004,1.1799999999999995,0.0206365862189576,0.0909090909090909,1,Q3,Mid-High,2024-04,2025-11,0,0,Mid-Recent,0,0,1,0.27403846153846156,4
54,Other,5,21,0,Organic,medium,Credit Card,iOS,5,89.53,23.91891891891892,0.081081081081081,10.78,12.0,1.2200000000000006,0.0,0.0,0.027027027027027,0,Q1,Low,2025-04,2025-12,1,0,Mid-Inactive,0,0,0,0.25106837606837606,2
68,Other,8,26,0,Organic,high,Cash,Web,7,233.43,21.83333333333333,0.0833333333333333,59.61,27.0,7.13,7.359999999999999,0.1098999552038226,0.05,0,Q4,Low,2024-07,2025-12,1,0,Mid-Inactive,1,1,0,0.6340811965811965,3
29,Female,1,5,1,Ads,medium,Cash,Android,7,154.51,20.59565217391304,0.108695652173913,17.6,15.64,6.84,6.07,0.2564427545416138,0.0434782608695652,0,Q3,Low,2023-11,2025-12,0,0,Recent,0,0,1,0.3520299145299145,2
30,Other,2,5,1,Organic,medium,Credit Card,iOS,5,77.98,25.666666666666668,0.2,45.39,15.566666666666668,0.4366666666666668,3.8000000000000007,0.0772514738768042,0.1,1,Q1,Mid-High,2023-01,2025-09,0,0,Recent,0,0,1,0.41559829059829057,4
59,Female,5,30,0,Partnership,high,Cash,iOS,7,284.54,27.2515625,0.125,98.49,21.33333333333333,4.918333333333333,1.129999999999999,0.0113431037944187,0.09375,1,Q4,Mid-High,2024-01,2025-12,1,1,Inactive,1,1,0,0.3386752136752137,3
21,Other,2,15,1,Referral,medium,Cash,iOS,3,108.48,24.60833333333333,0.1944444444444444,75.77,14.543333333333337,1.9150000000000007,3.67,0.0461983887210473,0.1666666666666666,1,Q2,High,2023-03,2025-10,0,0,Mid-Inactive,0,0,0,0.35096153846153844,4
38,Other,2,7,1,Organic,medium,Digital Wallet,Web,3,87.46000000000001,26.567741935483877,0.1290322580645161,42.620000000000005,22.0,0.6899999999999995,1.1799999999999995,0.0269406392694063,0.064516129032258,0,Q1,Mid-Low,2023-04,2025-10,0,0,Recent,0,0,1,0.3851495726495726,2
65,Male,8,23,0,Referral,high,Debit Card,Web,6,212.85,25.25294117647059,0.2156862745098039,68.45,14.186666666666667,2.778333333333333,4.779999999999999,0.0652737948928034,0.1176470588235294,1,Q4,High,2025-07,2025-12,1,0,Mid-Inactive,1,1,0,0.5817307692307692,3
54,Female,5,29,0,Referral,high,Cash,Android,4,252.49,24.905263157894737,0.1052631578947368,23.040000000000003,4.976,0.3679999999999997,1.57,0.0637952052011377,0.087719298245614,1,Q4,Mid-High,2024-01,2025-12,1,0,Inactive,1,1,0,0.6004273504273504,3
46,Other,1,70,1,Organic,low,Credit Card,iOS,3,50.41,24.45714285714286,0.2857142857142857,25.83,9.275,2.8175000000000003,3.390000000000001,0.1160164271047228,0.1904761904761904,1,Q1,High,2025-01,2025-12,1,1,Inactive,0,0,0,0.453525641025641,0
39,Female,2,49,1,Referral,medium,Cash,Web,1,71.91,25.820833333333336,0.125,31.81,25.5,9.595,0.0,0.0,0.0833333333333333,0,Q1,Mid-Low,2023-11,2025-10,1,1,Inactive,0,0,0,0.1955128205128205,0
18,Other,2,1,1,Referral,medium,Credit Card,iOS,6,155.86,27.22641509433962,0.1320754716981132,64.41,14.303999999999998,1.4220000000000002,0.0,0.0,0.0943396226415094,1,Q3,Mid-High,2023-05,2025-11,0,0,Recent,0,0,1,0.3819444444444444,4
45,Male,3,59,0,Ads,medium,Digital Wallet,Web,5,128.82,25.29318181818182,0.1818181818181818,36.3,15.0,2.9,0.0,0.0,0.0681818181818181,0,Q3,Mid-Low,2023-12,2025-12,1,1,Inactive,0,0,0,0.3504273504273504,0
59,Other,3,18,0,Organic,low,Debit Card,iOS,5,133.33,25.537254901960782,0.1764705882352941,65.92,14.775714285714288,5.3585714285714285,0.4500000000000002,0.0067801717643513,0.1372549019607843,1,Q3,High,2023-02,2025-12,0,0,Mid-Inactive,0,0,0,0.484508547008547,4
31,Female,3,3,0,Referral,medium,Credit Card,Web,6,140.34,25.097727272727276,0.0909090909090909,27.33,11.333333333333334,2.223333333333333,0.0,0.0,0.0681818181818181,0,Q3,Mid-Low,2023-02,2025-10,0,0,Recent,0,0,1,0.3643162393162393,2
20,Male,5,2,0,Referral,medium,Digital Wallet,Android,4,115.33,21.423809523809524,0.0714285714285714,27.58,15.5,1.71,0.5099999999999998,0.0181559273762904,0.0476190476190476,0,Q2,Low,2023-12,2025-10,0,0,Recent,0,0,1,0.4043803418803419,2
60,Male,0,32,0,Organic,medium,Debit Card,Android,4,121.58,25.27179487179487,0.2564102564102564,62.09,14.446666666666667,4.098333333333334,0.7799999999999994,0.0124065532050262,0.1538461538461538,1,Q3,High,2023-06,2025-11,1,1,Inactive,0,0,0,0.579059829059829,0
32,Male,1,7,1,Referral,medium,Debit Card,Android,3,111.91,21.445714285714285,0.1714285714285714,48.34,18.32,6.235,3.4399999999999995,0.0664349169563538,0.1142857142857142,1,Q2,Mid-High,2025-06,2025-12,0,0,Recent,0,0,1,0.3883547008547008,4
42,Male,5,7,0,Ads,high,Cash,iOS,8,259.67,25.22205882352941,0.1176470588235294,44.25,11.816,2.966,0.0,0.0,0.0735294117647058,0,Q4,Mid-Low,2025-08,2025-12,0,0,Recent,1,0,1,0.5502136752136753,1
46,Female,3,6,0,Ads,low,Cash,Web,2,78.67,23.166666666666668,0.1481481481481481,7.6,5.76,1.96,3.96,0.342560553633218,0.074074074074074,0,Q1,Mid-Low,2024-12,2025-12,0,0,Recent,0,0,1,0.3680555555555555,2
23,Male,9,14,0,Ads,high,Debit Card,iOS,7,260.2,22.19122807017544,0.1228070175438596,46.78,18.23,2.636666666666668,0.0,0.0,0.0526315789473684,0,Q4,Low,2024-05,2025-11,0,0,Mid-Recent,1,0,1,0.3157051282051282,1
65,Other,1,12,1,Organic,low,Cash,iOS,5,103.71,25.5175,0.2,49.39,13.023999999999996,3.146,1.7300000000000004,0.0338419405320813,0.125,1,Q2,High,2025-11,2025-12,0,0,Mid-Recent,0,0,1,0.22916666666666666,4
23,Other,4,16,0,Partnership,medium,Digital Wallet,Web,3,175.84,24.475510204081637,0.1428571428571428,55.8,17.32,3.37,5.42,0.0885331590983338,0.0816326530612244,0,Q4,Mid-Low,2024-06,2025-12,0,0,Mid-Inactive,1,0,0,0.5801282051282052,1
47,Male,3,7,0,Partnership,high,Cash,Android,5,167.03,23.9875,0.15,75.89,16.403333333333332,3.755,1.0599999999999987,0.0137751786874593,0.15,1,Q4,High,2023-10,2025-11,0,0,Recent,1,0,1,0.5138888888888888,1
40,Female,0,6,0,Referral,high,Cash,Web,3,162.97,24.365,0.1,5.16,9.0,3.84,3.73,0.419572553430821,0.025,0,Q3,Low,2023-03,2025-12,0,0,Recent,0,0,1,0.33333333333333326,2
32,Other,3,48,0,Partnership,medium,Cash,iOS,4,109.13,22.0,0.1176470588235294,36.39,15.0,2.87,1.3900000000000006,0.036791953414505,0.088235294117647,1,Q2,Mid-High,2024-03,2025-12,1,1,Inactive,0,0,0,0.5507478632478633,0
64,Other,1,22,1,Referral,medium,Debit Card,iOS,2,99.37,23.546875,0.03125,10.38,11.75,1.3699999999999992,2.460000000000001,0.191588785046729,0.03125,0,Q2,Low,2025-05,2025-12,1,0,Mid-Inactive,0,0,0,0.4241452991452991,2
54,Male,1,20,0,Ads,medium,Debit Card,Web,2,49.18,22.1125,0.125,11.23,12.28,1.049999999999999,12.760000000000002,0.531888286786161,0.0625,0,Q1,Mid-Low,2024-09,2025-12,1,0,Mid-Inactive,0,0,0,0.45299145299145294,2
66,Male,1,4,0,Ads,low,Digital Wallet,Android,5,98.1,24.97567567567568,0.1351351351351351,7.02,9.0,1.9800000000000004,3.1000000000000014,0.3063241106719369,0.027027027027027,0,Q2,Low,2024-06,2025-12,0,0,Recent,0,0,1,0.42467948717948717,2
44,Male,2,16,0,Ads,medium,Debit Card,Web,5,128.39,25.79375,0.1666666666666666,74.15,14.565,2.2066666666666666,0.2699999999999996,0.0036280569739317,0.125,1,Q3,High,2025-03,2025-12,0,0,Mid-Inactive,0,0,0,0.5897435897435896,4
65,Other,2,20,0,Organic,medium,Credit Card,iOS,6,125.12,25.342857142857145,0.1666666666666666,41.1,16.76,3.06,0.4800000000000004,0.0115440115440115,0.0714285714285714,0,Q3,Mid-Low,2023-01,2025-11,1,0,Mid-Inactive,0,0,0,0.4391025641025641,0
49,Male,1,22,0,Partnership,high,Digital Wallet,Android,8,233.89,27.07777777777778,0.1111111111111111,34.32,10.4175,1.8375,2.1499999999999995,0.0589525637510282,0.074074074074074,0,Q4,Mid-Low,2025-01,2025-12,1,0,Mid-Inactive,1,1,0,0.2959401709401709,3
38,Male,0,11,0,Organic,medium,Credit Card,Android,7,127.39,25.328888888888887,0.0666666666666666,46.46,20.33333333333333,4.846666666666667,1.3200000000000005,0.0276266220175805,0.0666666666666666,0,Q3,Mid-Low,2023-02,2025-12,0,0,Mid-Recent,0,0,1,0.45192307692307687,2
65,Male,5,21,0,Referral,high,Cash,Web,4,159.97,26.45,0.1842105263157894,36.17,9.134,1.9,7.25,0.1669737448180561,0.131578947368421,1,Q3,High,2025-07,2025-12,1,0,Mid-Inactive,0,0,0,0.4706196581196581,4
28,Male,5,26,0,Referral,medium,Digital Wallet,iOS,9,154.51,23.857894736842105,0.1403508771929824,71.17,15.86,1.6259999999999994,0.0,0.0,0.087719298245614,1,Q3,Mid-High,2023-12,2025-12,1,0,Mid-Inactive,0,0,0,0.3573717948717949,4
44,Male,1,0,0,Partnership,high,Cash,Android,7,181.03,25.18723404255319,0.1489361702127659,33.15,8.443999999999999,1.814,0.0,0.0,0.1063829787234042,1,Q4,Mid-High,2023-10,2025-11,0,0,Recent,1,0,1,0.34935897435897434,1
46,Male,5,15,0,Organic,medium,Cash,Android,5,71.06,24.348148148148148,0.1851851851851851,28.18,10.583333333333334,1.1900000000000002,4.93,0.148897614013893,0.1111111111111111,1,Q1,Mid-High,2025-02,2025-12,0,0,Mid-Inactive,0,0,0,0.4583333333333333,4
26,Female,6,1,0,Referral,medium,Cash,Android,7,130.97,25.306122448979597,0.0816326530612244,31.16,10.76,0.3733333333333328,2.869999999999999,0.0843373493975903,0.0612244897959183,0,Q3,Mid-Low,2025-03,2025-12,0,0,Recent,0,0,1,0.3995726495726496,2
30,Male,3,9,0,Ads,medium,Debit Card,iOS,1,62.97,24.756521739130434,0.0869565217391304,0.0,0.0,0.0,0.0,0.0,0.0,0,Q1,Low,2025-10,2025-12,0,0,Mid-Recent,0,0,1,0.17735042735042733,2
65,Male,2,9,0,Organic,high,Credit Card,iOS,5,334.3,24.461842105263155,0.131578947368421,72.0,13.48,3.1942857142857144,0.4200000000000004,0.0057995028997514,0.0921052631578947,1,Q4,Mid-High,2025-10,2025-12,0,0,Mid-Recent,1,0,1,0.39690170940170943,1
34,Male,2,39,1,Organic,medium,Cash,Web,1,140.85,20.35238095238095,0.1428571428571428,32.82,10.9,2.6950000000000003,1.82,0.0525404157043879,0.0952380952380952,1,Q3,Mid-High,2025-01,2025-12,1,1,Inactive,0,0,0,0.45299145299145294,0
51,Other,6,2,0,Ads,medium,Digital Wallet,Android,8,94.97,24.897142857142857,0.2,12.25,6.88,0.7549999999999999,0.8399999999999999,0.0641711229946524,0.0571428571428571,0,Q2,Low,2025-01,2025-12,0,0,Recent,0,0,1,0.23557692307692307,2
60,Male,5,31,0,Partnership,medium,Credit Card,iOS,4,153.95,24.433333333333334,0.1041666666666666,27.96,12.46,3.1399999999999992,4.749999999999999,0.1452155304188321,0.0625,0,Q3,Mid-Low,2023-09,2025-12,1,1,Inactive,0,0,0,0.5202991452991452,0
18,Male,6,18,0,Ads,medium,Debit Card,Android,9,204.24,23.34090909090909,0.1363636363636363,81.22,13.77125,3.61875,4.26,0.0498362189985961,0.1212121212121212,1,Q4,High,2025-02,2025-12,0,0,Mid-Inactive,1,0,0,0.48611111111111116,1
18,Other,3,1,0,Partnership,medium,Digital Wallet,iOS,7,99.26,24.7027027027027,0.081081081081081,15.06,7.8,0.2699999999999998,4.359999999999999,0.2245108135942327,0.054054054054054,0,Q2,Low,2025-09,2025-12,0,0,Recent,0,0,1,0.29967948717948717,2
43,Female,2,15,1,Partnership,medium,Digital Wallet,Web,2,60.73,26.25263157894737,0.0526315789473684,12.68,19.0,6.32,0.8300000000000001,0.0614359733530718,0.0526315789473684,0,Q1,Low,2024-08,2025-11,0,0,Mid-Inactive,0,0,0,0.44497863247863245,2
25,Other,1,2,0,Organic,low,Digital Wallet,iOS,1,102.19,25.59210526315789,0.0789473684210526,11.3,10.14,4.49,1.8099999999999987,0.1380625476735315,0.0526315789473684,0,Q2,Low,2025-04,2025-12,0,0,Recent,0,0,1,0.4081196581196581,2
39,Female,5,74,1,Referral,medium,Digital Wallet,Web,8,146.14,24.025,0.3035714285714285,126.44,12.716666666666669,2.18,1.2999999999999998,0.0101769218725536,0.2142857142857142,1,Q3,High,2024-01,2025-12,1,1,Inactive,0,0,0,0.5683760683760684,0
22,Female,6,14,0,Referral,medium,Debit Card,iOS,9,98.94,27.3972972972973,0.1351351351351351,29.61,13.366666666666667,3.4966666666666675,0.7999999999999998,0.0263071358105886,0.081081081081081,0,Q2,Mid-Low,2025-05,2025-12,0,0,Mid-Recent,0,0,1,0.34134615384615385,2
47,Male,1,42,1,Organic,medium,Debit Card,Android,5,265.49,26.985714285714288,0.1428571428571428,150.87,16.665454545454544,2.95,2.84,0.0184763515711404,0.1428571428571428,1,Q4,High,2025-06,2025-12,1,1,Inactive,1,1,0,0.6928418803418803,3
46,Female,1,34,0,Ads,medium,Cash,Web,2,34.72,22.4,0.1666666666666666,18.55,23.0,4.449999999999999,0.0199999999999995,0.0010770059235325,0.0833333333333333,0,Q1,Mid-Low,2025-03,2025-12,1,1,Inactive,0,0,0,0.37339743589743585,0
27,Other,4,3,0,Referral,medium,Debit Card,Web,7,154.69,23.52553191489362,0.1489361702127659,34.65,11.75,0.1999999999999998,4.069999999999999,0.1051136363636363,0.0638297872340425,0,Q3,Mid-Low,2024-03,2025-11,0,0,Recent,0,0,1,0.43963675213675213,2
51,Other,0,15,1,Referral,medium,Digital Wallet,Web,4,106.38,25.7275,0.2,25.71,10.586666666666666,2.016666666666666,8.7,0.2528334786399303,0.075,0,Q2,Mid-Low,2023-03,2025-12,0,0,Mid-Inactive,0,0,0,0.3402777777777778,2
62,Other,0,30,0,Organic,medium,Debit Card,iOS,8,164.67,21.70384615384615,0.1923076923076923,46.26,10.768,1.5159999999999998,4.39,0.0866732477788746,0.0961538461538461,1,Q3,Mid-High,2024-08,2025-12,1,1,Inactive,0,0,0,0.5443376068376068,0
58,Other,4,7,0,Ads,medium,Cash,iOS,4,163.14,27.057142857142857,0.1224489795918367,68.75,20.4,6.65,3.1099999999999994,0.0432785972724742,0.1020408163265306,1,Q3,Mid-High,2023-03,2025-11,0,0,Recent,0,0,1,0.5384615384615384,4
21,Female,2,17,1,Partnership,medium,Cash,Android,4,96.11,24.735294117647054,0.1176470588235294,38.76,15.733333333333334,2.813333333333334,0.0,0.0,0.088235294117647,1,Q2,Mid-High,2025-06,2025-12,0,0,Mid-Inactive,0,0,0,0.5299145299145298,4
38,Male,1,20,0,Referral,low,Credit Card,Android,4,80.61,23.196666666666665,0.1,23.94,17.0,5.03,3.9499999999999993,0.1416278235926855,0.0666666666666666,0,Q1,Mid-Low,2023-03,2025-11,1,0,Mid-Inactive,0,0,0,0.33920940170940167,2
60,Female,0,7,0,Referral,medium,Credit Card,Android,2,81.11,21.81,0.1666666666666666,24.67,11.215,5.047499999999999,0.0,0.0,0.1333333333333333,1,Q1,High,2023-06,2025-11,0,0,Recent,0,0,1,0.33920940170940167,4
27,Female,3,3,0,Ads,medium,Cash,iOS,9,119.0,26.6525,0.2,34.77,11.945,3.2525000000000004,2.89,0.0767392458842273,0.1,1,Q2,Mid-High,2023-05,2025-12,0,0,Recent,0,0,1,0.23611111111111108,4
43,Other,1,8,0,Ads,low,Digital Wallet,iOS,3,132.03,24.93877551020408,0.1428571428571428,53.35,11.816666666666665,2.9250000000000003,1.4700000000000002,0.02681503101058,0.1224489795918367,1,Q3,High,2025-05,2025-12,0,0,Mid-Recent,0,0,1,0.5106837606837606,4
35,Male,5,11,0,Referral,medium,Debit Card,iOS,9,169.5,25.863636363636363,0.1272727272727272,44.42,19.666666666666668,4.86,0.3200000000000003,0.0071524362986142,0.0545454545454545,0,Q4,Low,2023-02,2025-12,0,0,Mid-Recent,1,0,1,0.4321581196581197,1
27,Other,6,5,0,Organic,low,Credit Card,Web,3,147.75,23.318,0.16,40.72,11.47,1.29,0.0,0.0,0.08,0,Q3,Mid-Low,2025-06,2025-12,0,0,Recent,0,0,1,0.4107905982905983,2
51,Female,8,1,0,Partnership,high,Debit Card,Web,8,239.59,24.06551724137931,0.1034482758620689,40.2,14.333333333333334,0.9333333333333336,0.0,0.0,0.0517241379310344,0,Q4,Low,2024-10,2025-12,0,0,Recent,1,0,1,0.4935897435897436,1
37,Male,3,7,0,Ads,low,Credit Card,Web,4,86.51,25.51111111111111,0.2222222222222222,30.15,16.62,1.5450000000000008,0.0,0.0,0.0555555555555555,0,Q1,Low,2025-09,2025-12,0,0,Recent,0,0,1,0.3092948717948718,2
35,Male,5,11,1,Organic,medium,Credit Card,Web,4,103.41,29.025,0.15625,26.79,14.243333333333334,5.3133333333333335,10.87,0.2886351566648964,0.09375,1,Q2,Mid-High,2024-02,2025-11,0,0,Mid-Recent,0,0,1,0.25747863247863245,4
45,Other,6,10,0,Partnership,low,Digital Wallet,iOS,6,126.01,22.953333333333337,0.1333333333333333,41.82,25.0,4.090000000000001,1.2899999999999996,0.0299234516353514,0.0444444444444444,0,Q3,Low,2025-01,2025-12,0,0,Mid-Recent,0,0,1,0.36858974358974356,2
24,Male,3,4,0,Ads,medium,Cash,Web,3,50.74,25.86842105263158,0.2105263157894736,31.35,13.746666666666668,3.296666666666667,2.3599999999999994,0.070008899436369,0.1578947368421052,1,Q1,High,2024-11,2025-10,0,0,Recent,0,0,1,0.36858974358974356,4
44,Male,3,23,0,Organic,low,Digital Wallet,Android,4,85.83,26.08529411764706,0.2647058823529412,42.14,10.45,2.022,6.199999999999999,0.128258171286719,0.1470588235294117,1,Q1,High,2025-03,2025-12,1,0,Mid-Inactive,0,0,0,0.36324786324786323,4
39,Female,0,58,1,Organic,medium,Credit Card,iOS,9,119.86,23.328888888888887,0.1333333333333333,25.65,9.703333333333331,1.153333333333333,0.0,0.0,0.0666666666666666,0,Q2,Mid-Low,2024-02,2025-11,1,1,Inactive,0,0,0,0.2783119658119658,0
63,Female,1,32,0,Partnership,high,Debit Card,Web,6,135.42,23.075000000000003,0.1388888888888889,58.26,18.695,4.13,1.7799999999999994,0.0296469020652897,0.1111111111111111,1,Q3,Mid-High,2023-08,2025-12,1,1,Inactive,0,0,0,0.5454059829059829,0
60,Female,4,42,0,Partnership,low,Cash,Web,3,154.53,25.564285714285717,0.125,36.51,14.39,5.262499999999999,1.66,0.0434896515588158,0.0714285714285714,0,Q3,Mid-Low,2023-02,2025-11,1,1,Inactive,0,0,0,0.31143162393162394,0
60,Female,2,9,0,Referral,medium,Credit Card,Web,5,69.62,21.028,0.16,4.27,6.76,2.49,0.0,0.0,0.04,0,Q1,Low,2024-02,2025-12,0,0,Mid-Recent,0,0,1,0.49145299145299143,2
25,Male,6,4,1,Partnership,high,Cash,Web,6,251.48,27.9271186440678,0.1186440677966101,34.75,12.08,0.4966666666666661,1.54,0.0424359327638467,0.0508474576271186,0,Q4,Low,2023-05,2025-12,0,0,Recent,1,0,1,0.48397435897435903,1
40,Other,1,24,0,Partnership,high,Credit Card,Android,4,149.94,23.76388888888889,0.1111111111111111,25.31,10.1125,3.785,0.0,0.0,0.1111111111111111,1,Q3,Mid-High,2023-09,2025-11,1,0,Mid-Inactive,0,0,0,0.38568376068376065,0
60,Male,2,18,0,Ads,low,Credit Card,Web,3,114.42,26.542105263157897,0.1842105263157894,22.49,10.406666666666666,2.91,1.5199999999999996,0.0633069554352353,0.0789473684210526,0,Q2,Mid-Low,2023-11,2025-12,0,0,Mid-Inactive,0,0,0,0.42200854700854695,2
24,Female,7,9,0,Referral,medium,Cash,Android,10,119.16,27.269767441860463,0.1395348837209302,51.58,17.9375,5.0425,13.89,0.2121582404154574,0.0930232558139534,1,Q2,Mid-High,2023-04,2025-11,0,0,Mid-Recent,0,0,1,0.4503205128205128,4
61,Female,5,20,0,Ads,medium,Digital Wallet,Android,7,114.29,25.38478260869565,0.108695652173913,21.17,15.375,4.790000000000001,4.0,0.1589193484306714,0.0434782608695652,0,Q2,Low,2024-05,2025-11,1,0,Mid-Inactive,0,0,0,0.5603632478632479,2
38,Female,10,9,0,Ads,high,Debit Card,Web,8,285.51,24.964705882352945,0.1617647058823529,85.45,16.50142857142857,4.2942857142857145,0.0,0.0,0.1029411764705882,1,Q4,Mid-High,2024-03,2025-11,0,0,Mid-Recent,1,0,1,0.39743589743589747,1
59,Female,3,3,0,Organic,medium,Debit Card,Android,7,112.25,25.82702702702703,0.2162162162162162,59.23,16.44,1.6325,1.2400000000000002,0.0205060360509343,0.1081081081081081,1,Q2,Mid-High,2023-12,2025-12,0,0,Recent,0,0,1,0.4802350427350427,4
39,Female,0,65,1,Organic,high,Digital Wallet,iOS,4,122.27,26.096428571428568,0.1428571428571428,31.69,12.28,1.716666666666666,9.44,0.2295161682470216,0.1071428571428571,1,Q3,Mid-High,2025-07,2025-12,1,1,Inactive,0,0,0,0.4903846153846154,0
58,Female,3,24,0,Partnership,high,Debit Card,Android,2,168.38,28.51944444444445,0.0277777777777777,10.09,14.0,3.91,3.0,0.2291825821237586,0.0277777777777777,0,Q4,Low,2025-01,2025-11,1,0,Mid-Inactive,1,1,0,0.344017094017094,3
34,Other,8,56,1,Organic,medium,Digital Wallet,Android,8,223.17,24.965151515151515,0.106060606060606,78.68,20.312,4.576,0.1099999999999994,0.0013961162584084,0.0757575757575757,0,Q4,Mid-Low,2023-12,2025-12,1,1,Inactive,1,1,0,0.625,3
66,Male,6,0,0,Organic,medium,Credit Card,iOS,5,129.54,24.929166666666664,0.1458333333333333,29.56,15.52,5.666666666666667,0.75,0.0247443088089739,0.0625,0,Q3,Mid-Low,2025-03,2025-12,0,0,Recent,0,0,1,0.4091880341880342,2
55,Female,3,18,0,Ads,medium,Cash,Web,2,158.42000000000002,24.204444444444444,0.2666666666666666,21.19,7.5,0.4366666666666661,0.0,0.0,0.0666666666666666,0,Q3,Mid-Low,2025-03,2025-11,0,0,Mid-Inactive,0,0,0,0.45192307692307687,2
30,Male,10,63,0,Partnership,high,Digital Wallet,iOS,6,341.03,26.35185185185185,0.2222222222222222,135.98000000000002,14.833333333333334,3.5016666666666665,0.4799999999999995,0.0035175142899017,0.1481481481481481,1,Q4,High,2025-06,2025-12,1,1,Inactive,1,1,0,0.654380341880342,3
52,Female,5,32,0,Ads,medium,Cash,iOS,3,108.48,24.59705882352941,0.2352941176470588,54.85,13.1,3.9583333333333335,3.5700000000000003,0.06110920917494,0.1764705882352941,1,Q2,High,2023-04,2025-11,1,1,Inactive,0,0,0,0.47435897435897434,0
57,Other,3,27,0,Organic,medium,Debit Card,Android,4,128.21,23.977272727272727,0.1818181818181818,42.85,14.56,3.8475,3.52,0.0759111494500754,0.0909090909090909,1,Q3,Mid-High,2024-10,2025-12,1,0,Mid-Inactive,0,0,0,0.5379273504273504,4
33,Other,4,4,0,Organic,high,Credit Card,Android,8,238.6,24.124590163934425,0.0983606557377049,21.22,11.173333333333332,4.1000000000000005,0.0,0.0,0.0491803278688524,0,Q4,Low,2023-08,2025-12,0,0,Recent,1,0,1,0.5827991452991452,1
62,Male,9,9,1,Ads,medium,Cash,Web,4,189.68,23.488709677419354,0.1290322580645161,50.35,11.486,1.416,0.1500000000000003,0.0029702970297029,0.0806451612903225,0,Q4,Mid-Low,2023-03,2025-11,0,0,Mid-Recent,1,0,1,0.607905982905983,1
27,Male,1,27,0,Ads,medium,Credit Card,Web,4,209.22,25.38148148148148,0.2407407407407407,59.32,13.253333333333332,3.3666666666666667,5.01,0.0778796828851235,0.1111111111111111,1,Q4,Mid-High,2024-06,2025-12,1,0,Mid-Inactive,1,1,0,0.4556623931623931,3
46,Female,0,2,0,Partnership,low,Debit Card,Web,4,119.54,26.617073170731707,0.0975609756097561,40.99,15.666666666666666,2.0033333333333334,4.72,0.1032596805950557,0.073170731707317,0,Q2,Mid-Low,2024-11,2025-11,0,0,Recent,0,0,1,0.39316239316239315,2
43,Other,3,16,1,Organic,medium,Digital Wallet,Android,4,109.84,24.494444444444444,0.1388888888888889,46.83,12.4375,0.73,1.5799999999999983,0.0326378847345589,0.1111111111111111,1,Q2,Mid-High,2023-08,2025-12,0,0,Mid-Inactive,0,0,0,0.3787393162393162,4
41,Female,1,16,0,Organic,low,Digital Wallet,iOS,5,84.35000000000001,22.93125,0.3125,100.29,14.518571428571429,0.1914285714285715,4.41,0.0421203438395415,0.21875,1,Q1,High,2025-05,2025-11,0,0,Mid-Inactive,0,0,0,0.3060897435897436,4
38,Other,0,37,0,Ads,medium,Credit Card,Web,3,154.41,22.59777777777778,0.1555555555555555,41.63,14.676666666666668,0.8000000000000002,0.4500000000000002,0.0106939163498098,0.0666666666666666,0,Q3,Mid-Low,2025-01,2025-11,1,1,Inactive,0,0,0,0.5144230769230769,0
52,Female,6,10,0,Ads,low,Digital Wallet,Web,6,136.05,25.49074074074074,0.2407407407407407,97.62,12.247777777777776,1.4011111111111108,4.26,0.041813898704358,0.1666666666666666,1,Q3,High,2023-05,2025-11,0,0,Mid-Recent,0,0,1,0.6292735042735043,4
32,Female,1,22,1,Referral,medium,Cash,Web,8,39.01,26.55555555555556,0.1666666666666666,28.26,19.0,4.87,0.0,0.0,0.1111111111111111,1,Q1,Mid-High,2024-08,2025-11,1,0,Mid-Inactive,0,0,0,0.22542735042735046,4
49,Other,2,8,1,Referral,low,Debit Card,iOS,4,105.62,25.37777777777778,0.0555555555555555,2.93,4.76,1.83,3.01,0.5067340067340067,0.0277777777777777,0,Q2,Low,2024-11,2025-12,0,0,Mid-Recent,0,0,1,0.24679487179487178,2
46,Other,4,99,1,Organic,medium,Cash,Web,6,70.18,25.1,0.1,20.42,16.09,5.879999999999999,1.6000000000000014,0.072661217075386,0.0666666666666666,0,Q1,Mid-Low,2024-07,2025-11,1,1,Inactive,0,0,0,0.23504273504273504,0
22,Other,4,2,0,Referral,medium,Digital Wallet,Web,3,115.5,22.27837837837838,0.2972972972972973,86.05,13.755714285714284,1.4628571428571426,0.75,0.0086405529953917,0.1891891891891892,1,Q2,High,2023-08,2025-12,0,0,Recent,0,0,1,0.5010683760683761,4
64,Male,3,23,0,Partnership,medium,Debit Card,Android,8,158.3,22.922807017543857,0.1929824561403508,77.94,14.912857142857144,3.778571428571429,3.99,0.0487001098498718,0.1228070175438596,1,Q3,High,2023-12,2025-12,1,0,Mid-Inactive,0,0,0,0.405982905982906,4
60,Female,3,46,0,Organic,medium,Digital Wallet,iOS,6,145.41,23.132608695652173,0.1739130434782608,35.64,15.746666666666668,3.8666666666666663,1.8599999999999997,0.0495999999999999,0.0652173913043478,0,Q3,Mid-Low,2024-01,2025-12,1,1,Inactive,0,0,0,0.5950854700854701,0
50,Female,4,12,0,Organic,medium,Credit Card,Web,7,68.13,21.960714285714285,0.1428571428571428,23.64,13.62,1.7999999999999998,4.989999999999999,0.1742926999650715,0.0714285714285714,0,Q1,Mid-Low,2025-07,2025-12,0,0,Mid-Recent,0,0,1,0.34455128205128205,2
63,Female,0,28,0,Referral,high,Credit Card,Web,11,340.16,24.03076923076923,0.1923076923076923,83.69999999999999,11.572,3.2020000000000004,0.4199999999999999,0.0049928673323823,0.1282051282051282,1,Q4,High,2025-06,2025-12,1,0,Inactive,1,1,0,0.43322649572649574,3
64,Male,1,41,0,Ads,low,Debit Card,iOS,1,66.42,22.545454545454547,0.1818181818181818,30.71,20.0,4.6450000000000005,0.5299999999999994,0.0169654289372599,0.0909090909090909,1,Q1,Mid-High,2023-11,2025-10,1,1,Inactive,0,0,0,0.3466880341880342,0
59,Female,7,3,0,Organic,high,Credit Card,iOS,10,297.4,25.436486486486487,0.1216216216216216,87.56,13.295555555555556,3.566666666666666,2.83,0.0313087730943688,0.1216216216216216,1,Q4,High,2025-06,2025-12,0,0,Recent,1,0,1,0.5897435897435898,1
54,Other,2,93,1,Partnership,low,Cash,Web,5,55.85,25.883333333333336,0.0833333333333333,28.76,16.88,2.5,9.11,0.2405598098758911,0.0833333333333333,0,Q1,Mid-Low,2024-08,2025-12,1,1,Inactive,0,0,0,0.3552350427350427,0
26,Female,0,24,0,Referral,low,Digital Wallet,Android,3,126.06,25.20888888888889,0.2222222222222222,126.75,21.0,2.8928571428571423,3.81,0.0291819852941176,0.1555555555555555,1,Q3,High,2024-04,2025-12,1,0,Mid-Inactive,0,0,0,0.5908119658119658,4
63,Female,4,42,0,Partnership,medium,Credit Card,iOS,1,131.75,22.65833333333333,0.1944444444444444,33.1,14.52,3.4866666666666664,0.8499999999999996,0.0250368188512518,0.0833333333333333,0,Q3,Mid-Low,2025-11,2025-12,1,1,Inactive,0,0,0,0.17735042735042733,0
43,Male,4,8,0,Organic,medium,Credit Card,Android,4,79.07000000000001,23.074074074074076,0.1851851851851851,40.61,14.52,0.9833333333333324,0.0,0.0,0.1111111111111111,1,Q1,Mid-High,2025-08,2025-12,0,0,Mid-Recent,0,0,1,0.3611111111111111,4
66,Male,1,24,0,Referral,low,Credit Card,Web,2,46.22,26.376470588235293,0.1176470588235294,27.75,26.0,-1.75,3.35,0.107717041800643,0.0588235294117647,0,Q1,Mid-Low,2024-05,2025-12,1,0,Mid-Inactive,0,0,0,0.43643162393162394,0
61,Female,3,16,0,Ads,high,Credit Card,Web,8,276.35,24.423809523809524,0.1111111111111111,51.76,13.19,0.2500000000000001,1.92,0.0357675111773472,0.0634920634920634,0,Q4,Mid-Low,2024-07,2025-12,0,0,Mid-Inactive,1,0,0,0.5288461538461539,1
18,Female,5,1,0,Organic,high,Credit Card,Web,11,244.93,27.496923076923075,0.1384615384615384,69.08,14.158333333333331,2.645,1.85,0.0260820527280417,0.0923076923076923,1,Q4,Mid-High,2024-06,2025-12,0,0,Recent,1,0,1,0.5373931623931624,1
41,Male,6,17,1,Ads,medium,Cash,iOS,6,102.73,28.141176470588235,0.2352941176470588,46.010000000000005,14.185,2.6825,5.359999999999999,0.1043410550905197,0.1176470588235294,1,Q2,High,2024-12,2025-12,0,0,Mid-Inactive,0,0,0,0.28685897435897434,4
31,Female,4,0,1,Ads,medium,Digital Wallet,Web,7,97.53,27.272222222222226,0.2222222222222222,37.38,10.6925,1.3474999999999997,3.12,0.077037037037037,0.1111111111111111,1,Q2,Mid-High,2024-05,2025-12,0,0,Recent,0,0,1,0.48290598290598286,4
46,Other,5,101,1,Ads,medium,Cash,iOS,7,172.19,27.05192307692308,0.0769230769230769,26.68,8.313333333333333,-0.58,1.3499999999999996,0.0481626828398144,0.0576923076923076,0,Q4,Mid-Low,2023-04,2025-11,1,1,Inactive,1,1,0,0.32905982905982906,3
20,Other,2,22,0,Organic,medium,Digital Wallet,iOS,6,129.25,23.90869565217391,0.1956521739130435,42.34,12.39,1.8049999999999995,6.5600000000000005,0.1341513292433537,0.0869565217391304,0,Q3,Mid-Low,2025-08,2025-12,1,0,Mid-Inactive,0,0,0,0.5256410256410257,0
61,Male,1,6,0,Referral,medium,Cash,iOS,8,127.06,27.422916666666666,0.1041666666666666,19.23,14.14,4.525,4.629999999999999,0.1940486169321039,0.0416666666666666,0,Q3,Low,2025-10,2025-12,0,0,Recent,0,0,1,0.2564102564102564,2
27,Other,1,62,0,Partnership,medium,Cash,Android,4,50.34,23.285,0.2,34.730000000000004,15.07,3.4933333333333327,1.4299999999999995,0.0395464601769911,0.15,1,Q1,High,2025-01,2025-11,1,1,Inactive,0,0,0,0.3589743589743589,0
60,Other,11,54,0,Organic,high,Debit Card,Android,8,339.0,24.91794871794872,0.1794871794871795,108.74,16.89875,3.3062499999999995,0.7799999999999994,0.0071219868517165,0.1025641025641025,1,Q4,Mid-High,2024-08,2025-12,1,1,Inactive,1,1,0,0.6207264957264957,3
33,Female,0,10,0,Partnership,medium,Credit Card,Android,6,184.67,25.527272727272727,0.0727272727272727,28.54,17.5,3.2300000000000004,5.84,0.1698662012798138,0.0363636363636363,0,Q4,Low,2023-05,2025-11,0,0,Mid-Recent,1,0,1,0.3071581196581197,2
48,Other,6,6,0,Referral,high,Digital Wallet,Web,9,198.71,23.859183673469385,0.1632653061224489,30.95,10.576666666666666,0.2599999999999995,0.0,0.0,0.0612244897959183,0,Q4,Mid-Low,2025-07,2025-12,0,0,Recent,1,0,1,0.3926282051282052,1
54,Other,2,12,0,Ads,medium,Digital Wallet,Android,8,93.0,26.02647058823529,0.1176470588235294,16.88,7.893333333333333,2.266666666666667,1.0100000000000016,0.0564561207378424,0.088235294117647,1,Q2,Mid-High,2023-08,2025-11,0,0,Mid-Recent,0,0,1,0.48824786324786323,4
46,Male,3,12,1,Partnership,medium,Cash,Android,10,157.5,28.083673469387755,0.1020408163265306,46.1,12.536,3.3160000000000003,5.42,0.1052018633540372,0.1020408163265306,1,Q3,Mid-High,2023-02,2025-12,0,0,Mid-Recent,0,0,1,0.344017094017094,4
23,Female,1,12,0,Partnership,low,Credit Card,Android,3,116.18,22.95641025641025,0.1794871794871795,81.89,14.253333333333336,0.605,2.26,0.0268568033273915,0.1538461538461538,1,Q2,High,2025-07,2025-12,0,0,Mid-Recent,0,0,1,0.391559829059829,4
48,Other,1,15,1,Organic,medium,Cash,Android,9,85.55,25.322857142857146,0.2,48.89,12.445,0.2224999999999997,0.8000000000000007,0.0160998188770376,0.1142857142857142,1,Q1,Mid-High,2023-08,2025-12,0,0,Mid-Inactive,0,0,0,0.33279914529914534,4
51,Male,3,7,0,Referral,high,Digital Wallet,Web,4,163.7,22.834146341463416,0.1463414634146341,9.47,4.97,0.2349999999999998,6.960000000000001,0.4236153377967134,0.048780487804878,0,Q3,Low,2023-09,2025-11,0,0,Recent,0,0,1,0.4626068376068376,2
52,Male,1,32,0,Referral,medium,Credit Card,iOS,3,84.73,25.00333333333333,0.2,33.71,10.7275,2.3,2.450000000000001,0.067754424778761,0.1333333333333333,1,Q1,High,2025-05,2025-11,1,1,Inactive,0,0,0,0.31837606837606836,0
42,Male,1,42,0,Referral,medium,Cash,Web,2,70.98,26.28846153846154,0.1923076923076923,51.65,19.06,6.1475,2.3599999999999994,0.0436956119237178,0.1538461538461538,1,Q1,High,2024-03,2025-12,1,1,Inactive,0,0,0,0.3846153846153846,0
51,Male,0,10,0,Referral,medium,Debit Card,iOS,5,89.48,25.913888888888888,0.1111111111111111,16.22,9.503333333333332,4.096666666666667,0.75,0.0441956393635828,0.0833333333333333,0,Q1,Mid-Low,2024-08,2025-12,0,0,Mid-Recent,0,0,1,0.38568376068376065,2
29,Male,1,7,0,Referral,low,Debit Card,Android,3,91.71,25.60833333333333,0.1666666666666666,56.21,15.25,1.1974999999999998,3.3100000000000005,0.0556115591397849,0.1111111111111111,1,Q2,Mid-High,2023-01,2025-12,0,0,Recent,0,0,1,0.4273504273504273,4
54,Other,5,5,0,Referral,medium,Cash,iOS,6,181.54,24.677777777777777,0.1296296296296296,56.33,14.74,3.4739999999999998,3.209999999999999,0.0539133355727242,0.0925925925925925,1,Q4,Mid-High,2023-07,2025-12,0,0,Recent,1,0,1,0.532051282051282,1
36,Male,1,2,0,Organic,high,Debit Card,Android,9,256.29,25.016666666666666,0.1,25.45,10.486666666666666,2.0033333333333334,0.8300000000000001,0.0315829528158295,0.05,0,Q4,Low,2023-10,2025-11,0,0,Recent,1,0,1,0.5438034188034189,1
41,Female,1,20,0,Ads,medium,Debit Card,Web,4,137.85,28.57317073170732,0.1707317073170731,32.22,12.56,4.505,8.68,0.2122249388753056,0.0975609756097561,1,Q3,Mid-High,2023-09,2025-12,1,0,Mid-Inactive,0,0,0,0.3862179487179487,4
57,Other,1,6,0,Partnership,medium,Digital Wallet,iOS,4,130.01,22.975,0.0833333333333333,20.5,21.0,0.5,0.3800000000000008,0.0181992337164751,0.0277777777777777,0,Q3,Low,2023-10,2025-12,0,0,Recent,0,0,1,0.44818376068376065,2
44,Other,7,9,0,Partnership,medium,Cash,Android,4,110.68,26.41025641025641,0.1794871794871795,45.76,12.292,3.14,0.79,0.0169709989258861,0.1282051282051282,1,Q2,High,2023-03,2025-11,0,0,Mid-Recent,0,0,1,0.5860042735042734,4
30,Female,5,8,0,Referral,medium,Cash,iOS,4,135.05,27.62666666666667,0.0666666666666666,18.03,22.0,3.969999999999999,7.119999999999999,0.2831013916500994,0.0222222222222222,0,Q3,Low,2025-03,2025-12,0,0,Mid-Recent,0,0,1,0.26442307692307687,2
26,Other,2,5,0,Referral,low,Credit Card,iOS,2,61.32,26.432,0.04,0.0,0.0,0.0,0.0,0.0,0.0,0,Q1,Low,2024-05,2025-12,0,0,Recent,0,0,1,0.5122863247863247,2
68,Female,3,2,0,Ads,medium,Digital Wallet,iOS,3,157.0,25.993333333333336,0.0888888888888888,36.87,15.25,2.9600000000000004,0.0,0.0,0.0666666666666666,0,Q3,Mid-Low,2023-07,2025-11,0,0,Recent,0,0,1,0.5560897435897436,2
61,Other,0,15,1,Organic,medium,Digital Wallet,Android,6,111.69,25.55675675675676,0.1351351351351351,32.2,11.989999999999998,3.94,4.91,0.1323093505793586,0.1081081081081081,1,Q2,Mid-High,2023-07,2025-10,0,0,Mid-Inactive,0,0,0,0.30662393162393164,4
34,Male,6,33,0,Partnership,medium,Debit Card,iOS,4,111.55,23.488235294117647,0.1764705882352941,0.0,0.0,0.0,0.0,0.0,0.0,0,Q2,Low,2023-12,2025-10,1,1,Inactive,0,0,0,0.5299145299145298,0
49,Male,4,19,0,Referral,medium,Cash,Android,5,103.26,22.93783783783784,0.2162162162162162,57.61,14.807999999999998,3.286,3.73,0.060808607760026,0.1351351351351351,1,Q2,High,2024-12,2025-12,0,0,Mid-Inactive,0,0,0,0.4316239316239316,4
25,Male,8,8,0,Partnership,high,Debit Card,iOS,13,196.72,26.286538461538463,0.1346153846153846,76.57,14.251666666666663,1.49,2.6,0.0328407224958949,0.1153846153846153,1,Q4,Mid-High,2024-11,2025-11,0,0,Mid-Recent,1,0,1,0.37072649572649574,1
33,Female,7,28,0,Partnership,high,Debit Card,Android,3,217.76,26.66862745098039,0.1568627450980392,50.32,14.598000000000004,4.534,0.0,0.0,0.0980392156862745,1,Q4,Mid-High,2024-10,2025-12,1,0,Inactive,1,1,0,0.5192307692307692,3
67,Male,2,4,0,Ads,medium,Digital Wallet,iOS,4,101.73,23.27647058823529,0.1176470588235294,20.91,10.853333333333332,3.883333333333333,5.550000000000001,0.209750566893424,0.088235294117647,1,Q2,Mid-High,2025-08,2025-12,0,0,Recent,0,0,1,0.41880341880341876,2
18,Male,1,45,1,Organic,medium,Debit Card,Android,3,52.58,25.67619047619048,0.1904761904761904,7.15,12.28,5.129999999999999,0.0,0.0,0.0476190476190476,0,Q1,Low,2025-10,2025-12,1,1,Inactive,0,0,0,0.2382478632478633,0
30,Other,4,3,0,Partnership,low,Cash,iOS,4,86.8,26.790909090909093,0.0909090909090909,8.78,17.0,8.22,2.6,0.2284710017574692,0.0303030303030303,0,Q1,Low,2023-04,2025-11,0,0,Recent,0,0,1,0.3520299145299145,2
50,Male,7,3,0,Ads,medium,Debit Card,Android,9,140.46,24.994,0.1,22.34,12.59,1.42,4.869999999999999,0.1789783167952958,0.04,0,Q3,Low,2024-03,2025-12,0,0,Recent,0,0,1,0.2857905982905983,2
19,Female,2,19,0,Ads,low,Digital Wallet,Web,2,54.82,24.64,0.15,14.9,21.0,6.1,4.57,0.2347200821777093,0.05,0,Q1,Low,2023-11,2025-11,0,0,Mid-Inactive,0,0,0,0.4353632478632478,2
27,Other,1,28,1,Referral,medium,Credit Card,Web,3,120.82,29.23783783783784,0.1351351351351351,28.12,16.333333333333332,6.960000000000001,3.450000000000001,0.1092809629394995,0.081081081081081,0,Q2,Mid-Low,2023-09,2025-11,1,0,Inactive,0,0,0,0.48717948717948717,0
44,Other,4,56,0,Ads,high,Digital Wallet,Android,6,307.77,24.51710526315789,0.131578947368421,65.05,10.01625,1.885,4.76,0.0681850737716659,0.1052631578947368,1,Q4,Mid-High,2024-04,2025-12,1,1,Inactive,1,1,0,0.45245726495726496,3
27,Male,7,13,0,Referral,high,Cash,iOS,7,210.18,24.9265306122449,0.1224489795918367,45.83,10.918,1.7520000000000002,0.5999999999999996,0.0129226793021753,0.1020408163265306,1,Q4,Mid-High,2025-04,2025-12,0,0,Mid-Recent,1,0,1,0.5245726495726496,1
21,Female,2,4,0,Ads,medium,Credit Card,Web,5,126.33,27.354347826086958,0.0869565217391304,7.7,11.75,4.05,5.510000000000002,0.417108251324754,0.0217391304347826,0,Q3,Low,2024-05,2025-11,0,0,Recent,0,0,1,0.5048076923076923,2
22,Male,2,14,0,Partnership,medium,Digital Wallet,Web,9,136.94,24.727083333333336,0.0833333333333333,31.01,18.0,2.495000000000001,3.869999999999999,0.1109518348623853,0.0416666666666666,0,Q3,Low,2025-07,2025-12,0,0,Mid-Recent,0,0,1,0.2911324786324786,2
42,Female,8,11,0,Partnership,medium,Digital Wallet,Android,4,118.84,25.51707317073171,0.1707317073170731,40.73,10.704,2.558,7.77,0.1602061855670103,0.1219512195121951,1,Q2,High,2025-03,2025-12,0,0,Mid-Recent,0,0,1,0.41399572649572647,4
48,Male,6,6,0,Organic,low,Debit Card,iOS,4,131.13,27.91764705882353,0.0,0.0,0.0,0.0,0.0,0.0,0.0,0,Q3,Low,2025-08,2025-12,0,0,Recent,0,0,1,0.2831196581196581,2
58,Other,3,17,0,Partnership,medium,Digital Wallet,iOS,13,158.49,23.35483870967742,0.1290322580645161,55.69,18.184,7.046000000000001,0.0,0.0,0.0806451612903225,0,Q3,Mid-Low,2025-05,2025-12,0,0,Mid-Inactive,0,0,0,0.6009615384615384,1
65,Male,6,19,0,Organic,medium,Debit Card,iOS,6,98.02,26.53076923076923,0.1538461538461538,37.9,13.2325,3.7575,0.8300000000000001,0.0214304156984249,0.1025641025641025,1,Q2,Mid-High,2025-01,2025-12,0,0,Mid-Inactive,0,0,0,0.391559829059829,4
44,Other,3,11,0,Partnership,low,Debit Card,Web,3,132.11,25.718367346938777,0.1836734693877551,80.59,17.255,3.8233333333333337,4.559999999999999,0.053552554315913,0.1224489795918367,1,Q3,High,2025-05,2025-12,0,0,Mid-Recent,0,0,1,0.3648504273504274,4
31,Female,3,10,0,Partnership,medium,Cash,Web,2,59.28,24.09,0.2,29.16,13.839999999999998,4.12,1.5099999999999998,0.049233778937072,0.15,1,Q1,High,2025-10,2025-12,0,0,Mid-Recent,0,0,1,0.1784188034188034,4
46,Female,3,6,0,Organic,low,Digital Wallet,Android,3,75.19,21.32758620689655,0.1034482758620689,30.08,20.5,5.459999999999999,0.0599999999999996,0.001990710019907,0.0689655172413793,0,Q1,Mid-Low,2024-02,2025-11,0,0,Recent,0,0,1,0.3766025641025641,2
26,Other,0,24,0,Ads,low,Debit Card,Web,5,85.03,24.17878787878788,0.2121212121212121,99.55,18.83333333333333,2.2416666666666667,3.039999999999999,0.0296325177892582,0.1818181818181818,1,Q1,High,2023-03,2025-12,1,0,Mid-Inactive,0,0,0,0.5186965811965811,4
54,Male,1,21,0,Partnership,medium,Cash,Android,5,211.67,24.26774193548387,0.1129032258064516,12.58,5.98,1.7866666666666664,1.7400000000000002,0.1215083798882681,0.0483870967741935,0,Q4,Low,2024-11,2025-12,1,0,Mid-Inactive,1,1,0,0.6356837606837606,3
31,Female,3,58,1,Partnership,medium,Credit Card,Web,5,125.87,23.28809523809524,0.0952380952380952,23.03,19.5,7.984999999999999,5.24,0.1853555005305978,0.0476190476190476,0,Q3,Low,2023-12,2025-12,1,1,Inactive,0,0,0,0.45993589743589747,0
37,Other,2,17,0,Referral,low,Debit Card,iOS,7,146.7,24.354716981132075,0.1698113207547169,36.69,13.0,0.7699999999999999,0.0,0.0,0.0566037735849056,0,Q3,Low,2023-12,2025-12,0,0,Mid-Inactive,0,0,0,0.39583333333333337,2
53,Male,9,11,0,Partnership,medium,Debit Card,Android,8,170.48,24.66379310344828,0.1206896551724138,44.42,13.3725,2.2675,1.8600000000000003,0.0401901469317199,0.0689655172413793,0,Q4,Mid-Low,2024-11,2025-12,0,0,Mid-Recent,1,0,1,0.3685897435897436,1
62,Male,1,21,0,Ads,high,Digital Wallet,Web,8,193.54,23.86603773584906,0.2264150943396226,60.25,16.3125,1.25,6.38,0.0957526639651808,0.0754716981132075,0,Q4,Mid-Low,2024-04,2025-12,1,0,Mid-Inactive,1,1,0,0.4027777777777778,3
67,Male,2,44,0,Ads,medium,Debit Card,Android,1,40.12,23.98,0.1333333333333333,6.44,4.125,0.905,0.5099999999999998,0.0733812949640287,0.1333333333333333,1,Q1,High,2024-02,2025-09,1,1,Inactive,0,0,0,0.37927350427350426,0
47,Male,3,9,0,Partnership,medium,Digital Wallet,Web,4,87.31,24.35151515151515,0.0303030303030303,10.88,13.24,2.3599999999999994,0.0,0.0,0.0303030303030303,0,Q1,Low,2025-08,2025-12,0,0,Mid-Recent,0,0,1,0.4561965811965812,2
51,Other,1,42,0,Referral,medium,Credit Card,iOS,7,103.43,26.70555555555556,0.1666666666666666,57.15,16.939999999999998,2.6525000000000003,2.74,0.0457505426615461,0.1111111111111111,1,Q2,Mid-High,2024-11,2025-12,1,1,Inactive,0,0,0,0.28846153846153844,0
18,Male,6,12,0,Referral,high,Digital Wallet,Android,8,152.28,26.77560975609756,0.1951219512195122,81.37,16.115,2.553333333333333,0.0,0.0,0.1463414634146341,1,Q3,High,2024-02,2025-11,0,0,Mid-Recent,0,0,1,0.545940170940171,4
65,Male,3,38,0,Organic,medium,Credit Card,Android,9,221.46,25.248529411764707,0.1764705882352941,70.88,14.74,2.926666666666667,2.3200000000000003,0.0316939890710382,0.088235294117647,1,Q4,Mid-High,2023-03,2025-11,1,1,Inactive,1,1,0,0.41132478632478636,3
38,Other,4,18,0,Partnership,medium,Digital Wallet,Web,4,119.3,27.4825,0.15,26.950000000000003,8.09,1.3525,0.0,0.0,0.1,1,Q2,Mid-High,2023-07,2025-11,0,0,Mid-Inactive,0,0,0,0.24305555555555552,4
36,Female,3,14,0,Ads,medium,Debit Card,iOS,5,105.06,22.41290322580645,0.1935483870967742,59.18,14.654,2.818,0.0,0.0,0.1612903225806451,1,Q2,High,2025-01,2025-12,0,0,Mid-Recent,0,0,1,0.517094017094017,4
25,Other,1,34,0,Ads,low,Cash,Web,2,58.96,21.916666666666668,0.1666666666666666,23.99,11.2,3.203333333333333,2.28,0.0867910163684811,0.1666666666666666,1,Q1,High,2025-08,2025-12,1,1,Inactive,0,0,0,0.1907051282051282,0
62,Male,2,160,1,Ads,medium,Cash,iOS,5,129.72,24.595,0.1,16.29,9.106666666666667,3.6766666666666654,0.25,0.0151148730350665,0.075,0,Q3,Mid-Low,2023-08,2025-12,1,1,Inactive,0,0,0,0.38888888888888884,0
26,Female,5,9,1,Partnership,high,Cash,iOS,7,176.16,25.135555555555552,0.2888888888888888,94.48,11.7,2.252,2.3999999999999986,0.0247729149463253,0.2222222222222222,1,Q4,High,2023-01,2025-12,0,0,Mid-Recent,1,0,1,0.38247863247863245,4
55,Other,0,20,0,Partnership,high,Debit Card,Android,7,135.79,27.205882352941178,0.088235294117647,11.59,12.28,0.6899999999999995,1.58,0.1199696279422931,0.0294117647058823,0,Q3,Low,2024-01,2025-11,1,0,Mid-Inactive,0,0,0,0.35630341880341876,2
49,Other,4,21,0,Organic,high,Credit Card,Android,3,145.31,26.023529411764702,0.1176470588235294,27.74,15.12,1.2499999999999991,0.0,0.0,0.0588235294117647,0,Q3,Mid-Low,2025-10,2025-12,1,0,Mid-Inactive,0,0,0,0.35630341880341876,0
29,Male,7,0,0,Partnership,high,Debit Card,iOS,10,279.48,25.72238805970149,0.1641791044776119,56.11,12.660000000000002,3.3083333333333336,8.7,0.1342385434346551,0.0895522388059701,1,Q4,Mid-High,2023-04,2025-12,0,0,Recent,1,0,1,0.6014957264957266,1
58,Female,4,31,0,Referral,medium,Digital Wallet,Web,2,188.55,22.939622641509438,0.1509433962264151,41.02,14.8025,4.547499999999999,5.48,0.1178494623655914,0.0754716981132075,0,Q4,Mid-Low,2024-12,2025-12,1,1,Inactive,1,1,0,0.39583333333333337,3
19,Other,9,1,0,Ads,low,Digital Wallet,Android,2,161.87,24.808474576271188,0.1864406779661017,80.51,14.86285714285714,3.361428571428571,5.5200000000000005,0.0641636638381959,0.1186440677966101,1,Q3,High,2023-06,2025-12,0,0,Recent,0,0,1,0.33814102564102566,4
50,Female,3,41,0,Partnership,medium,Digital Wallet,iOS,9,158.97,25.26666666666667,0.2037037037037037,63.92,12.808571428571428,3.677142857142857,0.7200000000000002,0.0111386138613861,0.1296296296296296,1,Q3,High,2024-03,2025-11,1,1,Inactive,0,0,0,0.4487179487179487,0
59,Male,11,2,0,Organic,high,Cash,Android,9,338.17,26.566666666666663,0.0864197530864197,33.27,6.565,1.0200000000000002,1.1,0.0320046552225778,0.074074074074074,0,Q4,Mid-Low,2023-02,2025-12,0,0,Recent,1,0,1,0.654380341880342,1
20,Female,4,12,1,Referral,medium,Digital Wallet,Web,5,150.91,23.884313725490195,0.1568627450980392,32.5,13.846666666666666,3.013333333333333,2.95,0.083215796897038,0.0588235294117647,0,Q3,Mid-Low,2024-04,2025-12,0,0,Mid-Recent,0,0,1,0.2831196581196581,2
26,Other,1,28,0,Referral,high,Digital Wallet,Android,7,239.92,22.0765625,0.203125,60.04,13.62,3.613333333333333,2.74,0.0436444727620261,0.09375,1,Q4,Mid-High,2025-08,2025-12,1,0,Inactive,1,1,0,0.6372863247863247,3
48,Female,4,18,1,Referral,medium,Digital Wallet,Web,1,166.32,26.15531914893617,0.1914893617021276,67.59,13.67,2.405,5.02,0.0691364825781572,0.1276595744680851,1,Q4,High,2025-07,2025-12,0,0,Mid-Inactive,1,0,0,0.4882478632478632,1
39,Female,2,12,0,Partnership,low,Digital Wallet,iOS,0,59.28,25.035000000000004,0.25,49.8,15.084,5.124,2.41,0.0461597395135031,0.25,1,Q1,High,2023-07,2025-10,0,0,Mid-Recent,0,0,1,0.12286324786324786,4
64,Female,0,15,0,Partnership,medium,Digital Wallet,Android,4,110.94,25.402857142857144,0.2857142857142857,46.17,18.593333333333334,3.2033333333333327,5.960000000000001,0.1143295607136006,0.0857142857142857,0,Q2,Mid-Low,2023-09,2025-11,0,0,Mid-Inactive,0,0,0,0.423076923076923,4
46,Other,0,7,0,Organic,high,Credit Card,iOS,2,194.4,24.11063829787234,0.1276595744680851,0.0,0.0,0.0,0.0,0.0,0.0,0,Q4,Low,2025-02,2025-12,0,0,Recent,1,0,1,0.5299145299145299,2
66,Male,2,54,1,Referral,medium,Debit Card,Android,2,76.03,24.072727272727278,0.1363636363636363,0.0,0.0,0.0,0.0,0.0,0.0,0,Q1,Low,2023-08,2025-08,1,1,Inactive,0,0,0,0.37446581196581197,0
27,Other,7,27,0,Referral,high,Credit Card,iOS,9,197.03,24.328000000000003,0.16,72.66,17.056,2.524,0.0,0.0,0.1,1,Q4,Mid-High,2023-06,2025-11,1,0,Mid-Inactive,1,1,0,0.31356837606837606,3
65,Female,3,1,0,Ads,high,Cash,Web,7,204.7,25.38936170212766,0.1063829787234042,27.07,10.7675,4.0,0.9900000000000002,0.0352815395580898,0.0851063829787234,0,Q4,Mid-Low,2025-07,2025-12,0,0,Recent,1,0,1,0.32852564102564097,1
68,Other,3,7,1,Referral,medium,Credit Card,Web,10,137.53,25.20566037735849,0.1698113207547169,34.81,15.25,3.6466666666666665,3.809999999999999,0.0986535473847746,0.0566037735849056,0,Q3,Low,2025-03,2025-12,0,0,Recent,0,0,1,0.5138888888888888,2
30,Other,3,3,0,Ads,medium,Credit Card,Web,3,164.87,23.63695652173913,0.1304347826086956,20.68,11.39,1.0499999999999998,0.0,0.0,0.0434782608695652,0,Q3,Low,2023-10,2025-11,0,0,Recent,0,0,1,0.45619658119658113,2
18,Female,11,36,1,Ads,high,Credit Card,Web,7,332.44,26.22876712328767,0.1506849315068493,77.5,15.754285714285714,4.682857142857143,2.52,0.0314921269682579,0.0958904109589041,1,Q4,Mid-High,2024-12,2025-12,1,1,Inactive,1,1,0,0.5993589743589745,3
42,Female,2,4,0,Partnership,high,Debit Card,Web,8,189.97,26.825,0.1458333333333333,32.49,12.92,2.09,10.84,0.2501730902377106,0.0625,0,Q4,Mid-Low,2024-06,2025-12,0,0,Recent,1,0,1,0.4300213675213675,1
56,Other,1,77,1,Partnership,low,Digital Wallet,Web,5,87.04,24.84,0.1142857142857142,3.12,3.32,0.1999999999999997,0.2299999999999995,0.0686567164179103,0.0285714285714285,0,Q1,Low,2024-12,2025-12,1,1,Inactive,0,0,0,0.3466880341880342,0
21,Female,2,0,0,Referral,medium,Credit Card,iOS,6,101.32,28.775,0.1944444444444444,27.8,16.5,2.6,0.1099999999999994,0.0039412396990325,0.0555555555555555,0,Q2,Low,2023-02,2025-11,0,0,Recent,0,0,1,0.44818376068376065,2
34,Male,0,1,0,Referral,medium,Credit Card,iOS,1,79.48,25.17727272727273,0.1363636363636363,10.46,7.869999999999999,2.64,8.32,0.443024494142705,0.0909090909090909,1,Q1,Mid-High,2025-03,2025-11,0,0,Recent,0,0,1,0.4230769230769231,2
38,Male,5,14,0,Partnership,medium,Digital Wallet,Web,5,169.71,26.14423076923077,0.1153846153846153,42.72,15.6875,5.007499999999999,0.0,0.0,0.0769230769230769,0,Q4,Mid-Low,2023-10,2025-12,0,0,Mid-Recent,1,0,1,0.4610042735042735,1
50,Other,2,10,0,Ads,low,Cash,Android,6,122.51,28.16,0.1111111111111111,31.6,16.89,1.089999999999999,0.1600000000000001,0.0050377833753148,0.0444444444444444,0,Q3,Low,2023-06,2025-12,0,0,Mid-Recent,0,0,1,0.38247863247863245,2
65,Male,4,11,1,Organic,medium,Digital Wallet,iOS,2,142.86,23.75434782608696,0.0869565217391304,35.21,17.0,-0.6049999999999995,4.409999999999999,0.1113074204946996,0.0434782608695652,0,Q3,Low,2024-06,2025-12,0,0,Mid-Recent,0,0,1,0.5186965811965811,2
21,Male,3,2,0,Organic,high,Credit Card,Web,9,320.68,25.15731707317073,0.2073170731707317,145.73000000000002,12.372142857142858,1.9628571428571429,1.049999999999999,0.0071535631557432,0.1707317073170731,1,Q4,High,2024-03,2025-12,0,0,Recent,1,0,1,0.7350427350427351,1
23,Other,0,37,0,Referral,low,Credit Card,Android,4,86.13,23.846875,0.0625,11.4,12.28,0.879999999999999,0.0,0.0,0.03125,0,Q1,Low,2025-07,2025-12,1,1,Inactive,0,0,0,0.43803418803418803,0
67,Female,6,147,0,Organic,medium,Digital Wallet,Android,6,100.19,21.468571428571423,0.1714285714285714,36.35,23.0,4.824999999999999,6.66,0.1548477098349221,0.0571428571428571,0,Q2,Low,2023-07,2025-11,1,1,Inactive,0,0,0,0.2077991452991453,0
65,Female,8,144,1,Partnership,medium,Digital Wallet,Android,9,128.72,23.92452830188679,0.1886792452830188,101.79,16.25125,3.5275,0.25,0.0024500196001568,0.1509433962264151,1,Q3,High,2025-01,2025-12,1,1,Inactive,0,0,0,0.625,0
52,Other,3,39,0,Ads,medium,Debit Card,iOS,10,81.92,21.694117647058825,0.088235294117647,36.11,11.686666666666667,-0.3500000000000002,3.96,0.0988270526578487,0.088235294117647,1,Q1,Mid-High,2023-07,2025-12,1,1,Inactive,0,0,0,0.47435897435897434,0
44,Female,3,3,0,Organic,medium,Cash,Android,10,148.38,27.13157894736842,0.1052631578947368,40.6,13.21,3.06,8.46,0.1724419078679168,0.0701754385964912,0,Q3,Mid-Low,2025-10,2025-12,0,0,Recent,0,0,1,0.33653846153846156,2
46,Male,4,5,0,Partnership,low,Cash,iOS,5,138.93,26.258333333333336,0.1041666666666666,47.44,16.84,1.0266666666666664,2.99,0.0592901050961729,0.0625,0,Q3,Mid-Low,2025-03,2025-11,0,0,Recent,0,0,1,0.5272435897435896,2
68,Female,1,6,0,Ads,medium,Cash,Android,2,89.64,26.932,0.08,8.95,12.28,3.33,1.6900000000000013,0.1588345864661655,0.04,0,Q1,Low,2023-09,2025-11,0,0,Recent,0,0,1,0.4428418803418803,2
45,Other,3,23,0,Ads,high,Debit Card,iOS,11,225.73,21.894642857142856,0.1428571428571428,71.53,11.85,2.9087499999999995,0.4900000000000002,0.0068036656484309,0.1428571428571428,1,Q4,High,2024-08,2025-12,1,0,Mid-Inactive,1,1,0,0.5822649572649573,3
19,Female,6,57,0,Ads,high,Digital Wallet,Android,4,222.4,22.10576923076923,0.1923076923076923,82.79,15.787142857142856,3.96,0.0,0.0,0.1346153846153846,1,Q4,High,2024-07,2025-12,1,1,Inactive,1,1,0,0.5443376068376068,3
19,Female,7,2,0,Ads,medium,Digital Wallet,Web,8,187.99,23.975862068965515,0.0517241379310344,20.16,19.0,-1.16,0.0,0.0,0.0172413793103448,0,Q4,Low,2024-05,2025-12,0,0,Recent,1,0,1,0.3547008547008547,1
32,Male,0,9,0,Partnership,medium,Cash,Android,5,130.49,26.702439024390245,0.2195121951219512,53.32,12.856,2.192,0.3899999999999997,0.0072612176503444,0.1219512195121951,1,Q3,High,2025-10,2025-12,0,0,Mid-Recent,0,0,1,0.2473290598290598,4
49,Other,8,2,0,Organic,medium,Credit Card,iOS,8,198.42,25.346153846153847,0.1076923076923077,38.84,13.333333333333334,0.3866666666666661,1.83,0.0449963117777231,0.0461538461538461,0,Q4,Low,2024-11,2025-11,0,0,Recent,1,0,1,0.5860042735042735,1
63,Female,0,11,0,Ads,medium,Debit Card,Web,2,55.77,22.76,0.2,28.95,11.253333333333332,1.6033333333333335,0.0,0.0,0.15,1,Q1,High,2024-04,2025-12,0,0,Mid-Recent,0,0,1,0.20619658119658119,4
31,Female,0,43,0,Referral,low,Digital Wallet,Web,2,82.34,27.682142857142857,0.1071428571428571,18.12,22.0,3.879999999999999,3.3199999999999985,0.1548507462686566,0.0357142857142857,0,Q1,Low,2023-03,2025-11,1,1,Inactive,0,0,0,0.2681623931623932,0
39,Other,2,11,0,Partnership,medium,Credit Card,Web,1,109.06,24.22903225806452,0.1612903225806451,32.93,12.253333333333332,1.2766666666666666,0.0,0.0,0.0967741935483871,1,Q2,Mid-High,2024-02,2025-12,0,0,Mid-Recent,0,0,1,0.21848290598290596,4
51,Female,1,14,0,Organic,medium,Debit Card,Android,1,103.9,24.384848484848487,0.0606060606060606,8.83,12.28,3.4499999999999997,0.0,0.0,0.0303030303030303,0,Q2,Low,2023-09,2025-12,0,0,Mid-Recent,0,0,1,0.3173076923076923,2
48,Male,4,22,0,Partnership,medium,Digital Wallet,Android,5,110.0,24.78717948717949,0.1025641025641025,18.24,12.76,3.640000000000001,5.35,0.2267910131411615,0.0512820512820512,0,Q2,Low,2025-06,2025-12,1,0,Mid-Inactive,0,0,0,0.454059829059829,2
31,Female,1,92,0,Organic,medium,Cash,Android,2,128.2,22.635135135135137,0.1891891891891892,25.85,15.375,2.4499999999999997,0.5599999999999987,0.0212040893600908,0.054054054054054,0,Q3,Low,2024-08,2025-12,1,1,Inactive,0,0,0,0.21634615384615385,0
39,Other,0,0,0,Ads,medium,Debit Card,Android,2,38.48,26.72142857142857,0.1428571428571428,11.28,13.24,1.9600000000000009,2.8000000000000007,0.1988636363636364,0.0714285714285714,0,Q1,Mid-Low,2025-10,2025-12,0,0,Recent,0,0,1,0.1388888888888889,2
32,Other,6,5,0,Ads,medium,Cash,Web,8,132.04,27.025,0.0909090909090909,49.9,18.76,2.1266666666666665,0.0,0.0,0.0681818181818181,0,Q3,Mid-Low,2024-02,2025-12,0,0,Recent,0,0,1,0.280982905982906,2
19,Female,5,40,0,Partnership,low,Debit Card,Web,6,111.71,27.743589743589745,0.0769230769230769,15.21,13.97,-1.2400000000000002,3.67,0.1943855932203389,0.0256410256410256,0,Q2,Low,2024-06,2025-11,1,1,Inactive,0,0,0,0.3846153846153846,0
23,Other,3,6,0,Partnership,medium,Digital Wallet,iOS,9,76.3,27.95757575757576,0.1515151515151515,50.15,16.746666666666666,0.0299999999999999,0.0,0.0,0.0909090909090909,1,Q1,Mid-High,2023-10,2025-12,0,0,Recent,0,0,1,0.5534188034188035,4
42,Male,1,1,0,Ads,low,Digital Wallet,iOS,5,99.19,22.741463414634147,0.1219512195121951,32.34,13.24,2.4600000000000004,0.2899999999999991,0.0088875268158136,0.073170731707317,0,Q2,Mid-Low,2025-07,2025-12,0,0,Recent,0,0,1,0.48344017094017094,2
33,Male,4,8,0,Organic,low,Digital Wallet,Web,3,65.27,27.589655172413792,0.2413793103448276,42.83,12.185,1.4775000000000005,1.67,0.0375280898876404,0.1379310344827586,1,Q1,High,2025-02,2025-12,0,0,Mid-Recent,0,0,1,0.2932692307692308,4
53,Male,3,24,0,Organic,low,Cash,Android,7,59.97,25.05862068965517,0.2068965517241379,10.81,13.24,2.43,0.0,0.0,0.0344827586206896,0,Q1,Low,2025-09,2025-12,1,0,Mid-Inactive,0,0,0,0.327991452991453,0
52,Male,5,45,0,Referral,medium,Digital Wallet,Web,8,126.57,27.859523809523807,0.0714285714285714,60.02,22.26,2.2533333333333334,4.789999999999999,0.0739083474772411,0.0714285714285714,0,Q3,Mid-Low,2024-03,2025-12,1,1,Inactive,0,0,0,0.3766025641025641,0
65,Male,5,22,0,Ads,high,Cash,Android,12,273.03,24.77142857142857,0.1285714285714285,45.2,16.795,5.495,1.6,0.0341880341880341,0.0571428571428571,0,Q4,Low,2024-03,2025-12,1,0,Mid-Inactive,1,1,0,0.5657051282051282,3
37,Female,2,14,0,Ads,high,Digital Wallet,iOS,11,299.27,26.509722222222223,0.1805555555555555,119.4,16.80625,1.88125,5.029999999999999,0.0404243349674515,0.1111111111111111,1,Q4,Mid-High,2025-01,2025-12,0,0,Mid-Recent,1,0,1,0.6992521367521367,1
59,Other,1,9,1,Referral,high,Digital Wallet,Android,5,223.75,25.23584905660377,0.0754716981132075,7.59,5.66,1.865,4.43,0.3685524126455907,0.0377358490566037,0,Q4,Low,2024-04,2025-12,0,0,Mid-Recent,1,0,1,0.5069444444444444,2
46,Other,1,15,0,Ads,medium,Cash,Android,3,136.6,24.6775,0.1,46.89,14.71,2.9875,5.32,0.1018961884696418,0.1,1,Q3,Mid-High,2024-10,2025-12,0,0,Mid-Inactive,0,0,0,0.35416666666666663,4
35,Female,6,8,0,Ads,high,Cash,Android,4,194.93,23.55208333333333,0.125,41.41,14.839999999999998,1.036666666666667,0.3899999999999997,0.0093301435406698,0.0625,0,Q4,Mid-Low,2025-07,2025-12,0,0,Mid-Recent,1,0,1,0.5341880341880342,1
55,Male,8,7,1,Referral,medium,Credit Card,iOS,6,224.46,28.384848484848487,0.1212121212121212,69.72,14.340000000000002,2.72,1.370000000000001,0.0192713461808974,0.0909090909090909,1,Q4,Mid-High,2025-09,2025-12,0,0,Recent,1,0,1,0.40972222222222227,1
53,Female,1,0,0,Ads,medium,Digital Wallet,Web,6,110.32,24.413157894736845,0.1842105263157894,21.19,10.306666666666668,3.2433333333333336,0.6300000000000003,0.0288725939505041,0.0789473684210526,0,Q2,Mid-Low,2024-05,2025-12,0,0,Recent,0,0,1,0.48450854700854695,2
53,Male,3,2,0,Organic,low,Cash,iOS,4,95.52,25.144736842105264,0.1052631578947368,37.43,13.45,4.0925,12.41,0.2489967897271268,0.1052631578947368,1,Q2,Mid-High,2025-10,2025-12,0,0,Recent,0,0,1,0.22756410256410253,4
57,Male,0,4,0,Organic,medium,Credit Card,Web,5,127.51,26.19285714285714,0.119047619047619,40.12,19.33333333333333,5.960000000000001,2.709999999999999,0.0632734064907774,0.0714285714285714,0,Q3,Mid-Low,2024-11,2025-11,0,0,Recent,0,0,1,0.3557692307692307,2
64,Other,10,1,1,Partnership,high,Credit Card,iOS,10,215.35,24.938333333333333,0.1333333333333333,55.61,14.1075,0.205000000000001,6.789999999999999,0.1088141025641025,0.0666666666666666,0,Q4,Mid-Low,2023-12,2025-12,0,0,Recent,1,0,1,0.6063034188034189,1
27,Male,2,79,1,Ads,medium,Credit Card,Android,7,182.42,26.24210526315789,0.1403508771929824,72.39999999999999,18.75,4.2700000000000005,6.069999999999999,0.0773544029565439,0.087719298245614,1,Q4,Mid-High,2025-03,2025-12,1,1,Inactive,1,1,0,0.6073717948717948,3
39,Male,4,2,0,Organic,medium,Credit Card,Android,7,114.51,25.169565217391305,0.0869565217391304,45.150000000000006,13.3625,2.075,0.1300000000000003,0.0028710247349823,0.0869565217391304,0,Q2,Mid-Low,2023-04,2025-11,0,0,Recent,0,0,1,0.4770299145299145,2
52,Male,5,31,0,Partnership,low,Debit Card,Web,5,106.25,28.311627906976742,0.1860465116279069,68.13,12.973333333333334,1.618333333333333,1.5099999999999998,0.0216829408385985,0.1395348837209302,1,Q2,High,2023-12,2025-12,1,1,Inactive,0,0,0,0.485042735042735,0
31,Female,0,0,0,Referral,high,Digital Wallet,iOS,9,189.81,22.57708333333333,0.2083333333333333,62.43,12.76,2.3549999999999995,0.7599999999999998,0.0120272194967558,0.125,1,Q4,High,2023-11,2025-12,0,0,Recent,1,0,1,0.3952991452991453,1
21,Other,7,11,0,Referral,medium,Debit Card,Android,4,165.29,25.429411764705883,0.1764705882352941,69.17,14.86,1.0259999999999996,4.760000000000002,0.0643852292709319,0.0980392156862745,1,Q3,Mid-High,2023-08,2025-11,0,0,Mid-Recent,0,0,1,0.5747863247863247,4
20,Male,5,42,0,Ads,high,Debit Card,Web,5,201.13,25.740816326530613,0.1632653061224489,59.13,15.701999999999998,3.876,4.380000000000001,0.0689655172413793,0.1020408163265306,1,Q4,Mid-High,2024-08,2025-12,1,1,Inactive,1,1,0,0.35096153846153844,3
38,Female,1,0,0,Referral,medium,Digital Wallet,Android,8,163.12,25.856896551724137,0.1206896551724138,15.9,7.66,2.36,5.34,0.251412429378531,0.0517241379310344,0,Q3,Low,2023-12,2025-12,0,0,Recent,0,0,1,0.4033119658119658,2
60,Other,3,11,0,Referral,high,Credit Card,iOS,6,158.21,24.653658536585368,0.0975609756097561,20.17,11.226666666666668,4.503333333333333,7.119999999999999,0.2609014290949065,0.073170731707317,0,Q3,Mid-Low,2024-08,2025-12,0,0,Mid-Recent,0,0,1,0.545940170940171,2
20,Male,0,15,0,Partnership,medium,Credit Card,Android,4,55.77,21.595454545454547,0.1363636363636363,8.87,13.24,4.370000000000001,5.140000000000001,0.3668807994289793,0.0454545454545454,0,Q1,Low,2024-09,2025-12,0,0,Mid-Inactive,0,0,0,0.2702991452991453,2
55,Female,0,81,0,Partnership,high,Debit Card,iOS,5,184.6,27.393023255813954,0.0930232558139534,37.17,17.586666666666666,5.196666666666666,1.25,0.0325351379489849,0.0697674418604651,0,Q4,Mid-Low,2023-06,2025-12,1,1,Inactive,1,1,0,0.34615384615384615,3
18,Other,5,31,0,Organic,medium,Digital Wallet,Web,10,93.72,25.916666666666668,0.1666666666666666,23.1,10.646666666666668,2.9466666666666668,0.0,0.0,0.0833333333333333,0,Q2,Mid-Low,2024-05,2025-12,1,1,Inactive,0,0,0,0.4898504273504273,0
28,Male,5,20,1,Organic,low,Debit Card,Android,2,95.82,25.677142857142854,0.0571428571428571,16.28,19.0,2.719999999999999,0.0,0.0,0.0285714285714285,0,Q2,Low,2024-04,2025-12,1,0,Mid-Inactive,0,0,0,0.39529914529914534,2
43,Male,7,99,1,Partnership,medium,Credit Card,Android,4,133.02,28.626829268292685,0.1951219512195122,61.37,11.617142857142856,2.85,6.42,0.0947042336627821,0.1707317073170731,1,Q3,High,2023-02,2025-12,1,1,Inactive,0,0,0,0.5181623931623931,0
59,Other,6,5,1,Ads,medium,Debit Card,iOS,4,110.5,25.846153846153847,0.3076923076923077,117.44,17.157777777777778,4.108888888888889,0.9299999999999996,0.0078567204528174,0.2307692307692307,1,Q2,High,2023-05,2025-10,0,0,Recent,0,0,1,0.329059829059829,4
42,Male,2,45,0,Ads,high,Digital Wallet,Web,9,185.78,27.095744680851062,0.0425531914893617,10.41,13.24,2.83,0.1600000000000001,0.0151371807000946,0.0212765957446808,0,Q4,Low,2023-05,2025-11,1,1,Inactive,1,1,0,0.5090811965811965,3
55,Female,2,18,0,Partnership,medium,Credit Card,Web,1,90.66,23.70833333333333,0.0416666666666666,9.93,17.0,7.07,2.34,0.1907090464547677,0.0416666666666666,0,Q2,Low,2023-05,2025-12,0,0,Mid-Inactive,0,0,0,0.3899572649572649,2
54,Female,2,4,0,Referral,medium,Digital Wallet,iOS,2,151.94,24.55,0.1590909090909091,25.67,12.92,4.363333333333333,5.350000000000001,0.1724693745970342,0.0681818181818181,0,Q3,Mid-Low,2024-10,2025-11,0,0,Recent,0,0,1,0.4268162393162393,2
29,Female,0,3,0,Partnership,medium,Cash,Web,6,134.44,26.186956521739127,0.1956521739130435,26.5,8.67,2.045,10.16,0.2771412984178942,0.0869565217391304,0,Q3,Mid-Low,2024-06,2025-11,0,0,Recent,0,0,1,0.3450854700854701,2
47,Female,5,38,0,Partnership,medium,Cash,Web,4,77.28,26.92,0.2,47.59,16.2425,4.345000000000001,5.989999999999998,0.1117954460619634,0.1333333333333333,1,Q1,High,2023-04,2025-12,1,1,Inactive,0,0,0,0.40865384615384615,0
36,Other,9,3,0,Referral,medium,Credit Card,iOS,12,135.76,24.578000000000003,0.12,64.83,15.216,2.25,0.0,0.0,0.1,1,Q3,Mid-High,2025-08,2025-12,0,0,Recent,0,0,1,0.5288461538461539,4
57,Male,8,41,1,Organic,high,Credit Card,Android,8,239.21,22.42622950819672,0.180327868852459,116.56,13.652222222222225,0.7011111111111108,1.4500000000000002,0.0122870943140411,0.1475409836065573,1,Q4,High,2025-02,2025-12,1,1,Inactive,1,1,0,0.5827991452991452,3
42,Other,7,41,0,Referral,low,Credit Card,Android,5,126.97,26.408510638297876,0.2340425531914893,85.78,16.575,2.2783333333333338,1.2300000000000004,0.0141363061717044,0.1276595744680851,1,Q3,High,2023-04,2025-12,1,1,Inactive,0,0,0,0.4326923076923077,0
59,Male,3,13,0,Organic,medium,Credit Card,Android,7,142.8,27.565957446808508,0.1276595744680851,38.76,10.182,2.43,4.0,0.0935453695042095,0.1063829787234042,1,Q3,Mid-High,2023-08,2025-10,0,0,Mid-Recent,0,0,1,0.5090811965811965,4
59,Male,0,8,0,Referral,low,Credit Card,Android,8,123.65,23.93404255319149,0.2127659574468085,71.68,17.166666666666668,5.22,0.5800000000000001,0.0080265707168557,0.1276595744680851,1,Q3,High,2023-03,2025-11,0,0,Mid-Recent,0,0,1,0.5438034188034188,4
34,Female,0,43,1,Referral,medium,Credit Card,Android,6,106.0,25.47142857142857,0.0857142857142857,6.63,12.0,5.37,0.6300000000000008,0.0867768595041323,0.0285714285714285,0,Q2,Low,2024-05,2025-12,1,1,Inactive,0,0,0,0.22863247863247863,0
18,Male,0,0,0,Ads,medium,Cash,Web,2,67.49000000000001,27.268181818181816,0.1818181818181818,32.64,17.14,0.8199999999999994,3.0599999999999987,0.0857142857142856,0.0909090909090909,1,Q1,Mid-High,2025-01,2025-11,0,0,Recent,0,0,1,0.3536324786324786,4
35,Female,2,19,0,Partnership,medium,Credit Card,Web,2,85.52,23.87333333333333,0.0,0.0,0.0,0.0,0.0,0.0,0.0,0,Q1,Low,2025-05,2025-12,0,0,Mid-Inactive,0,0,0,0.3878205128205128,2
31,Male,5,8,0,Partnership,medium,Credit Card,iOS,4,135.72,24.28048780487805,0.2439024390243902,96.29,16.21857142857143,2.462857142857143,0.0,0.0,0.1707317073170731,1,Q3,High,2023-10,2025-10,0,0,Mid-Recent,0,0,1,0.25427350427350426,4
45,Female,1,32,1,Ads,low,Credit Card,Web,3,128.71,24.30652173913043,0.0869565217391304,16.259999999999998,10.66,2.53,10.16,0.384557153671461,0.0434782608695652,0,Q3,Low,2024-07,2025-12,1,1,Inactive,0,0,0,0.33814102564102566,0
60,Male,5,85,0,Organic,high,Cash,iOS,12,296.76,25.57638888888889,0.1388888888888889,62.010000000000005,14.044285714285715,5.185714285714285,0.0,0.0,0.0972222222222222,1,Q4,Mid-High,2024-04,2025-12,1,1,Inactive,1,1,0,0.5325854700854701,3
19,Other,6,41,0,Ads,medium,Debit Card,Web,3,124.01,26.402564102564103,0.2307692307692307,88.5,18.361666666666668,3.611666666666666,1.59,0.0176490176490176,0.1538461538461538,1,Q3,High,2023-10,2025-10,1,1,Inactive,0,0,0,0.5443376068376068,0
18,Other,7,80,0,Partnership,low,Cash,iOS,4,136.73,24.03703703703704,0.1296296296296296,27.68,14.586666666666666,5.36,4.55,0.1411728203537077,0.0555555555555555,0,Q3,Low,2023-06,2025-12,1,1,Inactive,0,0,0,0.6014957264957265,0
36,Female,3,18,0,Organic,high,Cash,Android,4,88.54,26.941666666666663,0.1666666666666666,27.85,17.5,3.575,5.09,0.1545233758348512,0.0833333333333333,0,Q1,Mid-Low,2025-07,2025-12,0,0,Mid-Inactive,0,0,0,0.36912393162393164,2
28,Female,1,17,0,Ads,medium,Digital Wallet,Web,2,36.48,21.93636363636364,0.0,0.0,0.0,0.0,0.0,0.0,0.0,0,Q1,Low,2023-09,2025-11,0,0,Mid-Inactive,0,0,0,0.29967948717948717,2
44,Male,1,41,0,Organic,medium,Cash,Android,2,135.32,26.41428571428572,0.1666666666666666,50.93,18.093333333333334,1.116666666666666,0.0,0.0,0.0714285714285714,0,Q3,Mid-Low,2023-05,2025-12,1,1,Inactive,0,0,0,0.4668803418803419,0
27,Other,3,13,0,Partnership,medium,Digital Wallet,Android,5,63.67,22.830434782608695,0.1304347826086956,23.31,19.5,7.845,0.3900000000000005,0.0164556962025316,0.0869565217391304,0,Q1,Mid-Low,2023-03,2025-11,0,0,Mid-Recent,0,0,1,0.30929487179487175,2
56,Female,5,89,0,Organic,high,Digital Wallet,Web,9,319.19,26.044736842105262,0.1052631578947368,77.36,14.42,1.5266666666666673,1.3199999999999998,0.0167768174885612,0.0789473684210526,0,Q4,Mid-Low,2025-08,2025-12,1,1,Inactive,1,1,0,0.5774572649572649,3
46,Other,2,31,0,Referral,low,Digital Wallet,Web,6,71.36,27.0,0.2592592592592592,53.81,15.57,2.1175,0.0,0.0,0.1481481481481481,1,Q1,High,2025-04,2025-12,1,1,Inactive,0,0,0,0.3611111111111111,0
56,Female,3,12,0,Ads,medium,Debit Card,Web,3,93.04,23.55172413793104,0.1034482758620689,38.12,22.5,3.4400000000000004,7.52,0.1647677475898334,0.0689655172413793,0,Q2,Mid-Low,2023-02,2025-11,0,0,Mid-Recent,0,0,1,0.20993589743589744,2
23,Female,8,12,1,Referral,low,Credit Card,Web,5,143.6,25.96949152542373,0.2711864406779661,104.38,14.848888888888888,3.251111111111111,0.33,0.0031515614554483,0.1525423728813559,1,Q3,High,2025-01,2025-12,0,0,Mid-Recent,0,0,1,0.5742521367521367,4
34,Other,10,8,0,Ads,high,Digital Wallet,Android,13,286.65,26.036619718309858,0.1267605633802817,40.24,15.0675,5.0075,1.08,0.026137463697967,0.056338028169014,0,Q4,Low,2025-06,2025-12,0,0,Mid-Recent,1,0,1,0.5074786324786325,1
38,Other,2,17,0,Partnership,high,Cash,iOS,7,301.12,26.694366197183097,0.1971830985915492,91.51,16.714285714285715,3.6414285714285706,6.170000000000002,0.0631654381654381,0.0985915492957746,1,Q4,Mid-High,2023-12,2025-12,0,0,Mid-Inactive,1,0,0,0.5977564102564104,1
40,Other,3,21,0,Referral,medium,Debit Card,Web,2,86.42,25.64333333333333,0.1333333333333333,24.01,12.015,0.0099999999999997,0.0,0.0,0.0666666666666666,0,Q1,Mid-Low,2023-02,2025-12,1,0,Mid-Inactive,0,0,0,0.49893162393162394,0
27,Other,3,18,0,Referral,low,Credit Card,Android,7,92.1,27.237142857142857,0.1428571428571428,74.15,16.444,1.6139999999999994,2.96,0.0383867202697445,0.1428571428571428,1,Q2,High,2024-05,2025-12,0,0,Mid-Inactive,0,0,0,0.49946581196581197,4
22,Other,1,6,0,Ads,medium,Cash,Android,3,152.18,21.692682926829267,0.0975609756097561,21.17,30.0,8.829999999999998,4.610000000000001,0.1788207913110939,0.024390243902439,0,Q3,Low,2025-06,2025-12,0,0,Recent,0,0,1,0.5251068376068375,2
52,Other,0,45,0,Ads,medium,Credit Card,iOS,1,107.73,25.11,0.2333333333333333,44.08,15.7,4.68,0.3700000000000001,0.0083239595050618,0.1333333333333333,1,Q2,High,2025-02,2025-12,1,1,Inactive,0,0,0,0.25587606837606836,0
36,Male,4,6,1,Ads,high,Credit Card,iOS,7,271.61,26.85967741935484,0.1129032258064516,40.33,15.82,5.7375,2.6500000000000004,0.0616565844578874,0.064516129032258,0,Q4,Mid-Low,2024-04,2025-12,0,0,Recent,1,0,1,0.594017094017094,1
46,Male,7,7,0,Organic,medium,Cash,iOS,6,149.03,25.93653846153846,0.1346153846153846,83.83,21.32,0.3624999999999994,0.5,0.0059290881062492,0.0769230769230769,0,Q3,Mid-Low,2023-09,2025-12,0,0,Recent,0,0,1,0.6137820512820512,1
37,Female,0,28,0,Organic,medium,Debit Card,Android,2,86.63,24.65714285714285,0.2142857142857142,69.50999999999999,17.248,3.346,1.2599999999999998,0.0178041543026706,0.1785714285714285,1,Q1,High,2023-09,2025-11,1,0,Inactive,0,0,0,0.37232905982905984,4
57,Other,6,31,0,Referral,low,Cash,iOS,4,142.74,24.89444444444444,0.1481481481481481,42.01,12.28,3.8779999999999992,1.91,0.0434881602914389,0.0925925925925925,1,Q3,Mid-High,2025-10,2025-12,1,1,Inactive,0,0,0,0.35149572649572647,0
38,Female,3,80,1,Organic,low,Cash,Android,4,108.0,24.302777777777777,0.1944444444444444,45.49,14.13,2.7575,0.0,0.0,0.1111111111111111,1,Q2,Mid-High,2024-07,2025-12,1,1,Inactive,0,0,0,0.4412393162393162,0
67,Male,3,7,0,Organic,medium,Cash,iOS,6,74.06,24.585714285714285,0.1785714285714285,36.04,18.5,0.4800000000000004,6.710000000000001,0.1569590643274854,0.0714285714285714,0,Q1,Mid-Low,2023-12,2025-11,0,0,Recent,0,0,1,0.43482905982905984,2
20,Female,1,9,0,Partnership,low,Digital Wallet,Web,13,136.8,25.76833333333333,0.1166666666666666,38.07,13.07,3.5524999999999998,3.729999999999999,0.0892344497607655,0.0666666666666666,0,Q3,Mid-Low,2023-02,2025-12,0,0,Mid-Recent,0,0,1,0.641025641025641,2
23,Male,7,4,0,Partnership,high,Cash,Web,8,231.98,28.22258064516129,0.1612903225806451,80.15,11.2825,1.26375,3.91,0.0465143944801332,0.1290322580645161,1,Q4,High,2023-04,2025-12,0,0,Recent,1,0,1,0.6773504273504274,1
33,Other,0,0,0,Referral,medium,Digital Wallet,Android,3,119.48,28.76511627906977,0.0930232558139534,24.84,12.28,-0.1400000000000005,0.0,0.0,0.0465116279069767,0,Q2,Low,2025-09,2025-12,0,0,Recent,0,0,1,0.41559829059829057,2
67,Other,0,24,0,Ads,medium,Cash,iOS,5,75.1,28.985714285714288,0.1428571428571428,38.36,13.44,0.6533333333333332,4.57,0.1064523643139995,0.1071428571428571,1,Q1,Mid-High,2023-07,2025-12,1,0,Mid-Inactive,0,0,0,0.3653846153846154,4
61,Male,0,1,0,Partnership,high,Credit Card,Web,1,36.82,22.566666666666663,0.2222222222222222,19.04,12.28,2.76,3.4399999999999995,0.1530249110320284,0.2222222222222222,1,Q1,High,2025-10,2025-12,0,0,Recent,0,0,1,0.11057692307692306,4
47,Female,5,5,0,Referral,medium,Digital Wallet,Web,8,211.07,22.207462686567165,0.0746268656716417,5.13,8.0,2.87,4.620000000000001,0.473846153846154,0.0149253731343283,0,Q4,Low,2024-09,2025-12,0,0,Recent,1,0,1,0.3167735042735043,2
62,Other,4,30,0,Ads,high,Cash,Android,6,133.48,23.212903225806453,0.032258064516129,11.91,12.28,0.3699999999999992,0.0,0.0,0.032258064516129,0,Q3,Low,2023-05,2025-12,1,1,Inactive,0,0,0,0.3365384615384615,0
20,Female,0,97,1,Partnership,medium,Credit Card,Web,6,190.32,25.110169491525426,0.135593220338983,39.81,25.5,5.595000000000001,7.75,0.1629520605550883,0.0338983050847457,0,Q4,Low,2024-04,2025-12,1,1,Inactive,1,1,0,0.49786324786324787,3
22,Male,0,20,0,Partnership,medium,Debit Card,iOS,5,138.65,22.202380952380956,0.1428571428571428,52.19,14.58,1.5325000000000002,4.66,0.0819700967458223,0.0952380952380952,1,Q3,Mid-High,2023-03,2025-12,1,0,Mid-Inactive,0,0,0,0.3141025641025641,4
67,Other,3,11,0,Partnership,low,Credit Card,Android,2,121.32,25.19545454545454,0.1818181818181818,32.1,10.3,2.275,0.08,0.002486016159105,0.0909090909090909,1,Q2,Mid-High,2025-01,2025-12,0,0,Mid-Recent,0,0,1,0.5101495726495726,4
32,Female,4,20,0,Ads,medium,Cash,Web,6,119.99,25.614285714285717,0.119047619047619,44.150000000000006,15.926666666666668,1.2099999999999995,0.6699999999999999,0.0149486836233824,0.0714285714285714,0,Q2,Mid-Low,2023-11,2025-12,1,0,Mid-Inactive,0,0,0,0.4321581196581197,0
24,Male,4,19,0,Ads,high,Credit Card,Android,2,153.42,26.81935483870968,0.1612903225806451,80.91,21.0,0.7725000000000009,0.0,0.0,0.1290322580645161,1,Q3,High,2025-06,2025-12,0,0,Mid-Inactive,0,0,0,0.3226495726495726,4
41,Other,5,3,0,Referral,low,Digital Wallet,Web,6,102.25,23.772093023255817,0.1395348837209302,64.09,16.084,3.2660000000000005,3.13,0.046563522761083,0.1162790697674418,1,Q2,Mid-High,2025-08,2025-12,0,0,Recent,0,0,1,0.4919871794871795,4
24,Female,1,31,0,Referral,medium,Digital Wallet,Android,7,121.32,23.365116279069767,0.2093023255813953,28.49,17.14,2.8950000000000005,1.0599999999999987,0.0358714043993231,0.0465116279069767,0,Q2,Low,2025-05,2025-12,1,1,Inactive,0,0,0,0.5267094017094017,0
62,Female,4,19,0,Referral,medium,Credit Card,Android,3,84.05,26.87307692307693,0.2307692307692307,55.45,14.6725,0.8099999999999992,7.49,0.1190022243406418,0.1538461538461538,1,Q1,High,2023-10,2025-11,0,0,Mid-Inactive,0,0,0,0.16933760683760685,4
48,Female,8,89,0,Ads,medium,Credit Card,iOS,2,136.25,23.238636363636363,0.1136363636363636,54.64,17.7575,4.0975,6.880000000000001,0.1118335500650195,0.0909090909090909,1,Q3,Mid-High,2025-03,2025-12,1,1,Inactive,0,0,0,0.4198717948717949,0
23,Other,5,25,0,Ads,medium,Cash,Web,7,263.4,24.68875,0.2,115.6,12.452727272727271,1.943636363636364,1.5099999999999998,0.0128938604730595,0.1375,1,Q4,High,2024-07,2025-12,1,0,Mid-Inactive,1,1,0,0.670940170940171,3
41,Other,5,14,0,Partnership,medium,Credit Card,Web,9,78.46000000000001,22.76875,0.09375,8.49,16.0,7.51,8.29,0.4940405244338497,0.03125,0,Q1,Low,2025-09,2025-12,0,0,Mid-Recent,0,0,1,0.3408119658119658,2
55,Female,2,6,1,Referral,medium,Debit Card,iOS,5,84.24,27.074074074074076,0.2222222222222222,14.73,4.935,1.2525,0.7899999999999991,0.05090206185567,0.1481481481481481,1,Q1,High,2024-10,2025-09,0,0,Recent,0,0,1,0.45138888888888884,4
37,Male,3,76,1,Referral,medium,Digital Wallet,iOS,3,158.47,25.18139534883721,0.0930232558139534,33.57,10.9975,2.6050000000000004,4.31,0.113780359028511,0.0930232558139534,1,Q3,Mid-High,2024-04,2025-10,1,1,Inactive,0,0,0,0.3947649572649572,0
68,Male,2,106,0,Organic,medium,Credit Card,Android,5,81.67,26.25,0.2666666666666666,87.21000000000001,18.576666666666668,4.041666666666667,0.0,0.0,0.2,1,Q1,High,2023-04,2025-10,1,1,Inactive,0,0,0,0.5267094017094017,0
38,Male,7,16,0,Ads,medium,Debit Card,Web,4,214.55,27.287096774193547,0.3225806451612903,111.53,13.916,2.7629999999999995,9.8,0.0807714497651034,0.1612903225806451,1,Q4,High,2025-08,2025-12,0,0,Mid-Inactive,1,0,0,0.3717948717948718,1
48,Female,2,18,0,Referral,low,Debit Card,Android,4,129.13,25.702222222222225,0.1111111111111111,31.15,13.666666666666666,3.283333333333333,0.0,0.0,0.0666666666666666,0,Q3,Mid-Low,2024-05,2025-12,0,0,Mid-Inactive,0,0,0,0.5213675213675213,2
58,Other,4,2,0,Ads,medium,Debit Card,Web,3,91.57,22.259375,0.09375,22.81,18.0,6.595000000000001,3.17,0.1220169361046959,0.0625,0,Q2,Mid-Low,2024-06,2025-11,0,0,Recent,0,0,1,0.44497863247863245,2
66,Male,0,9,0,Referral,medium,Debit Card,iOS,2,187.78,25.27,0.18,45.120000000000005,14.0,2.72,5.81,0.1140781464755546,0.08,0,Q4,Mid-Low,2023-07,2025-12,0,0,Mid-Recent,1,0,1,0.4246794871794871,1
58,Female,2,10,0,Organic,low,Cash,iOS,2,109.98,22.3925,0.175,47.2,12.232,2.7920000000000003,2.19,0.044340959708443,0.125,1,Q2,High,2025-03,2025-12,0,0,Mid-Recent,0,0,1,0.5347222222222222,4
20,Female,4,10,1,Referral,low,Debit Card,Web,4,120.0,24.219047619047625,0.1666666666666666,32.14,10.575,2.54,1.7100000000000009,0.0505169867060561,0.0952380952380952,1,Q2,Mid-High,2025-05,2025-12,0,0,Mid-Recent,0,0,1,0.4113247863247863,4
43,Female,1,31,0,Ads,medium,Cash,Web,5,104.42,25.697222222222223,0.1111111111111111,19.59,12.62,2.825,0.0,0.0,0.0555555555555555,0,Q2,Low,2024-04,2025-10,1,1,Inactive,0,0,0,0.4620726495726496,0
44,Other,0,0,0,Ads,medium,Digital Wallet,Android,2,55.95,23.37368421052632,0.2105263157894736,22.97,15.0,3.515000000000001,1.6199999999999992,0.0658804392029279,0.1052631578947368,1,Q1,Mid-High,2024-02,2025-11,0,0,Recent,0,0,1,0.39636752136752135,4
45,Other,2,48,0,Partnership,high,Credit Card,Web,4,231.06,24.816666666666663,0.0555555555555555,25.65,12.76,-0.0649999999999995,4.579999999999999,0.1515051273569302,0.037037037037037,0,Q4,Low,2024-03,2025-12,1,1,Inactive,1,1,0,0.37927350427350426,3
63,Male,0,10,0,Organic,high,Digital Wallet,Android,8,254.75,26.68983050847458,0.0338983050847457,0.0,0.0,0.0,0.0,0.0,0.0,0,Q4,Low,2023-09,2025-11,0,0,Mid-Recent,1,0,1,0.36591880341880345,2
47,Other,9,7,1,Organic,medium,Digital Wallet,Android,7,151.33,23.549122807017543,0.1228070175438596,65.39,10.79,-0.108333333333333,0.0,0.0,0.1052631578947368,1,Q3,Mid-High,2024-06,2025-12,0,0,Recent,0,0,1,0.6073717948717948,4
50,Female,0,27,0,Ads,low,Cash,Android,3,55.84,27.33333333333333,0.1428571428571428,18.0,14.38,5.380000000000001,4.640000000000001,0.2049469964664311,0.0952380952380952,1,Q1,Mid-High,2023-11,2025-12,1,0,Mid-Inactive,0,0,0,0.48130341880341876,0
62,Female,3,5,0,Referral,high,Digital Wallet,Web,5,133.27,29.453125,0.09375,6.17,12.28,6.109999999999999,1.5300000000000011,0.1987012987012988,0.03125,0,Q3,Low,2025-10,2025-12,0,0,Recent,0,0,1,0.22275641025641024,2
35,Female,0,77,1,Organic,medium,Digital Wallet,iOS,1,100.65,23.967857142857145,0.0714285714285714,8.27,12.0,3.73,0.4799999999999995,0.0548571428571428,0.0357142857142857,0,Q2,Low,2023-10,2025-11,1,1,Inactive,0,0,0,0.27510683760683763,0
30,Female,1,34,0,Ads,medium,Digital Wallet,Web,1,108.25,21.53428571428572,0.2571428571428571,85.75,21.156,4.005999999999999,0.0,0.0,0.1428571428571428,1,Q2,High,2023-01,2025-11,1,1,Inactive,0,0,0,0.31196581196581197,0
35,Female,3,4,1,Ads,low,Debit Card,Web,2,67.38,28.34,0.12,3.07,4.76,1.69,0.31,0.0917159763313609,0.04,0,Q1,Low,2024-10,2025-12,0,0,Recent,0,0,1,0.3942307692307692,2
30,Other,1,15,0,Organic,medium,Debit Card,Android,3,94.55,24.78125,0.28125,45.010000000000005,12.95,1.6974999999999998,0.7699999999999996,0.0168195718654434,0.125,1,Q2,High,2025-04,2025-12,0,0,Mid-Inactive,0,0,0,0.4310897435897436,4
51,Male,3,8,0,Organic,medium,Debit Card,iOS,5,84.42,26.33,0.0666666666666666,11.44,22.0,10.56,2.46,0.176978417266187,0.0333333333333333,0,Q1,Low,2024-08,2025-12,0,0,Mid-Recent,0,0,1,0.42254273504273504,2
68,Other,1,34,0,Ads,medium,Cash,Android,5,137.79,26.297826086956523,0.1956521739130435,116.99,17.458750000000002,2.8350000000000004,0.0,0.0,0.1739130434782608,1,Q3,High,2024-04,2025-12,1,1,Inactive,0,0,0,0.49786324786324787,0
43,Female,4,42,0,Partnership,medium,Digital Wallet,iOS,6,150.18,23.545454545454547,0.1818181818181818,48.98,13.807999999999998,4.012,1.3099999999999996,0.0260489162855438,0.1136363636363636,1,Q3,Mid-High,2025-01,2025-12,1,1,Inactive,0,0,0,0.2879273504273504,0
56,Male,3,32,0,Referral,medium,Cash,Web,2,80.93,24.604347826086958,0.1739130434782608,30.56,14.0,3.813333333333333,1.4699999999999998,0.0458944739306899,0.1304347826086956,1,Q1,High,2024-05,2025-11,1,1,Inactive,0,0,0,0.3787393162393162,0
18,Male,4,9,0,Organic,low,Cash,Android,2,111.28,25.855,0.075,12.64,10.88,4.56,9.48,0.4285714285714285,0.05,0,Q2,Low,2024-01,2025-12,0,0,Mid-Recent,0,0,1,0.41666666666666663,2
55,Female,3,9,0,Ads,medium,Digital Wallet,iOS,0,71.38,26.00909090909091,0.1363636363636363,16.78,14.38,5.99,5.76,0.2555456965394853,0.0909090909090909,1,Q1,Mid-High,2023-03,2025-11,0,0,Mid-Recent,0,0,1,0.2564102564102564,2
58,Female,0,11,0,Partnership,low,Cash,Android,4,110.84,23.92439024390244,0.0975609756097561,24.61,11.153333333333334,2.9500000000000006,2.09,0.0782771535580524,0.073170731707317,0,Q2,Mid-Low,2024-11,2025-12,0,0,Mid-Recent,0,0,1,0.39316239316239315,2
25,Male,0,27,1,Referral,medium,Digital Wallet,iOS,7,121.36,23.720454545454547,0.1818181818181818,44.84,15.9825,4.7725,1.42,0.0306960657155209,0.0909090909090909,1,Q2,Mid-High,2023-05,2025-11,1,0,Mid-Inactive,0,0,0,0.3087606837606838,4
22,Female,3,18,0,Organic,high,Debit Card,iOS,5,228.39,24.801666666666662,0.1166666666666666,73.24000000000001,18.04,3.3919999999999995,7.93,0.0976961931748182,0.0833333333333333,0,Q4,Mid-Low,2024-07,2025-12,0,0,Mid-Inactive,1,0,0,0.4396367521367522,1
31,Male,2,13,0,Referral,low,Credit Card,Android,7,51.49,22.02857142857143,0.0476190476190476,15.1,19.0,3.9,5.800000000000001,0.2775119617224881,0.0476190476190476,0,Q1,Low,2024-05,2025-10,0,0,Mid-Recent,0,0,1,0.4326923076923077,2
64,Female,4,62,1,Partnership,medium,Debit Card,iOS,0,94.97,22.836666666666662,0.1666666666666666,30.15,10.58,3.0425,1.5800000000000003,0.0497951465490072,0.1333333333333333,1,Q2,High,2025-06,2025-12,1,1,Inactive,0,0,0,0.49893162393162394,0
57,Other,3,3,0,Organic,medium,Debit Card,iOS,2,136.38,24.6075,0.125,53.01,16.0,2.7475000000000005,2.51,0.0452089337175792,0.1,1,Q3,Mid-High,2024-07,2025-11,0,0,Recent,0,0,1,0.3194444444444444,4
53,Other,9,16,0,Ads,high,Debit Card,Android,6,307.9,24.506944444444443,0.1111111111111111,59.27,13.746,1.892,2.38,0.0386050283860502,0.0694444444444444,0,Q4,Mid-Low,2023-10,2025-12,0,0,Mid-Inactive,1,0,0,0.39369658119658124,1
52,Other,1,78,0,Ads,medium,Credit Card,Web,6,189.87,23.205172413793104,0.0689655172413793,43.97,16.919999999999998,2.2633333333333336,0.6999999999999993,0.0156704723528094,0.0517241379310344,0,Q4,Low,2023-05,2025-11,1,1,Inactive,1,1,0,0.5213675213675213,3
35,Female,0,18,0,Referral,medium,Debit Card,Android,4,100.41,23.53611111111111,0.1666666666666666,55.99,18.9375,4.94,0.0,0.0,0.1111111111111111,1,Q2,Mid-High,2023-08,2025-12,0,0,Mid-Inactive,0,0,0,0.41346153846153844,4
33,Female,1,13,1,Ads,medium,Debit Card,Android,7,133.52,24.28478260869565,0.1304347826086956,62.54,15.76,3.252,4.98,0.0737559241706161,0.108695652173913,1,Q3,Mid-High,2025-08,2025-12,0,0,Mid-Recent,0,0,1,0.36591880341880345,4
18,Male,4,19,0,Partnership,high,Cash,Android,8,249.28,24.9344262295082,0.1967213114754098,135.59,16.637,3.0779999999999994,4.399999999999999,0.0314308164868919,0.1639344262295081,1,Q4,High,2025-07,2025-12,0,0,Mid-Inactive,1,0,0,0.6036324786324787,1
32,Male,1,68,0,Partnership,medium,Cash,Android,8,146.63,23.96122448979592,0.1428571428571428,48.05,15.6275,3.615,0.1800000000000001,0.0037321169396641,0.0816326530612244,0,Q3,Mid-Low,2025-01,2025-11,1,1,Inactive,0,0,0,0.3023504273504274,0
65,Female,1,6,0,Referral,medium,Digital Wallet,iOS,4,187.79,24.705,0.2,76.92999999999999,11.745714285714286,0.7557142857142856,1.91,0.0242262810755961,0.1166666666666666,1,Q4,High,2023-10,2025-12,0,0,Recent,1,0,1,0.4465811965811966,1
45,Other,0,0,1,Organic,low,Credit Card,Android,3,88.17,25.80555555555556,0.1944444444444444,36.9,13.57,4.345,0.3599999999999999,0.0096618357487922,0.1111111111111111,1,Q1,Mid-High,2024-02,2025-11,0,0,Recent,0,0,1,0.2676282051282051,4
57,Female,4,8,1,Ads,medium,Digital Wallet,iOS,5,109.48,27.92,0.0571428571428571,11.69,13.24,1.5500000000000007,2.6700000000000017,0.185933147632312,0.0285714285714285,0,Q2,Low,2025-09,2025-12,0,0,Mid-Recent,0,0,1,0.33279914529914534,2
56,Other,1,13,0,Ads,high,Cash,iOS,8,161.57999999999998,23.38780487804878,0.0975609756097561,41.1,19.25333333333333,5.553333333333334,2.1900000000000004,0.0505890505890505,0.073170731707317,0,Q3,Mid-Low,2024-10,2025-12,0,0,Mid-Recent,0,0,1,0.31677350427350426,2
38,Female,1,31,1,Organic,medium,Debit Card,Web,4,134.57999999999998,24.692500000000003,0.275,55.11,14.552,3.53,0.0,0.0,0.125,1,Q3,High,2023-12,2025-12,1,1,Inactive,0,0,0,0.5902777777777777,0
32,Female,1,3,0,Referral,medium,Debit Card,Web,6,73.14,24.68275862068965,0.1034482758620689,7.29,12.28,4.989999999999999,0.7000000000000002,0.0876095118898623,0.0344827586206896,0,Q1,Low,2025-08,2025-12,0,0,Recent,0,0,1,0.4182692307692308,2
46,Other,4,25,0,Partnership,high,Digital Wallet,Android,5,157.38,25.06341463414634,0.1219512195121951,29.16,12.2425,4.952500000000001,0.0899999999999998,0.003076923076923,0.0975609756097561,1,Q3,Mid-High,2025-08,2025-12,1,0,Mid-Inactive,0,0,0,0.27510683760683763,0
19,Female,0,10,0,Partnership,low,Cash,iOS,4,66.8,24.6,0.2,44.72,13.26,2.08,5.140000000000001,0.103088648215002,0.16,1,Q1,High,2025-03,2025-12,0,0,Mid-Recent,0,0,1,0.172008547008547,4
34,Female,7,42,0,Organic,low,Digital Wallet,Android,5,142.02,25.09622641509434,0.1132075471698113,25.23,12.485,-0.1299999999999999,0.0,0.0,0.0377358490566037,0,Q3,Low,2025-05,2025-12,1,1,Inactive,0,0,0,0.45833333333333337,0
28,Male,1,1,0,Ads,low,Credit Card,Android,2,64.64,30.14642857142857,0.0714285714285714,7.54,9.0,1.46,4.389999999999999,0.3679798826487845,0.0357142857142857,0,Q1,Low,2023-08,2025-10,0,0,Recent,0,0,1,0.3167735042735043,2
21,Male,7,5,0,Ads,medium,Credit Card,Web,6,142.6,25.926,0.16,93.9,19.648000000000003,0.868,0.7599999999999998,0.0080287344179167,0.1,1,Q3,Mid-High,2024-11,2025-12,0,0,Recent,0,0,1,0.43162393162393164,4
21,Female,5,40,0,Organic,medium,Cash,iOS,3,110.68,24.61315789473684,0.1842105263157894,43.55,13.024,4.314,0.0,0.0,0.131578947368421,1,Q2,High,2025-11,2025-12,1,1,Inactive,0,0,0,0.19284188034188032,0
27,Female,2,23,1,Ads,medium,Debit Card,Android,13,181.9,28.68955223880597,0.1791044776119403,129.97,15.0,2.003,6.32,0.0463717073886565,0.1492537313432835,1,Q4,High,2025-04,2025-12,1,0,Mid-Inactive,1,1,0,0.4070512820512821,3
28,Other,1,43,1,Ads,medium,Credit Card,Web,8,132.28,24.428260869565214,0.108695652173913,35.76,12.06,0.1399999999999997,2.12,0.0559662090813094,0.0652173913043478,0,Q3,Mid-Low,2023-11,2025-11,1,1,Inactive,0,0,0,0.46314102564102566,0
54,Other,1,15,0,Organic,high,Cash,Android,3,237.56,23.3875,0.25,68.35,14.368571428571428,4.604285714285714,2.9499999999999997,0.0413744740532959,0.125,1,Q4,High,2024-07,2025-12,0,0,Mid-Inactive,1,0,0,0.5544871794871795,1
33,Male,3,20,0,Referral,medium,Credit Card,iOS,6,172.97,21.811764705882357,0.2549019607843137,114.27,17.8275,3.54375,2.549999999999999,0.0218284540318438,0.1568627450980392,1,Q4,High,2024-12,2025-12,1,0,Mid-Inactive,1,1,0,0.6025641025641025,3
68,Male,5,11,0,Partnership,medium,Digital Wallet,Web,10,104.13,23.23414634146341,0.0975609756097561,58.42,16.560000000000002,1.955,0.25,0.0042611215271859,0.0975609756097561,1,Q2,Mid-High,2023-11,2025-11,0,0,Mid-Recent,0,0,1,0.42788461538461536,4
27,Other,0,23,0,Ads,medium,Credit Card,Android,3,80.61,25.063333333333333,0.1333333333333333,21.62,14.14,3.329999999999999,2.299999999999999,0.0961538461538461,0.0666666666666666,0,Q1,Mid-Low,2025-11,2025-12,1,0,Mid-Inactive,0,0,0,0.17254273504273504,2
67,Female,1,19,0,Referral,medium,Cash,iOS,3,177.41,26.30943396226415,0.1886792452830188,47.26,9.072857142857142,2.321428571428572,0.3599999999999994,0.0075598488030239,0.1320754716981132,1,Q4,High,2024-03,2025-12,0,0,Mid-Inactive,1,0,0,0.5763888888888888,1
21,Female,0,12,0,Ads,medium,Debit Card,Web,4,140.42,24.52439024390244,0.0975609756097561,9.69,5.59,0.7450000000000001,8.22,0.4589614740368509,0.048780487804878,0,Q3,Low,2023-11,2025-11,0,0,Mid-Recent,0,0,1,0.35149572649572647,2
54,Female,1,2,0,Ads,medium,Cash,iOS,7,101.29,23.864102564102566,0.1025641025641025,29.53,18.5,3.7350000000000008,8.19,0.2171261930010604,0.0512820512820512,0,Q2,Low,2023-09,2025-12,0,0,Recent,0,0,1,0.4887820512820512,2
63,Male,5,3,0,Referral,high,Credit Card,Android,6,300.25,25.654285714285717,0.1714285714285714,57.29,12.568333333333332,3.02,2.93,0.0486549319163068,0.0857142857142857,0,Q4,Mid-Low,2025-03,2025-12,0,0,Recent,1,0,1,0.3712606837606838,1
18,Female,4,16,0,Partnership,medium,Cash,Web,5,188.93,25.24230769230769,0.1538461538461538,45.86,13.6325,2.1674999999999995,2.14,0.0445833333333333,0.0769230769230769,0,Q4,Mid-Low,2025-09,2025-12,0,0,Mid-Inactive,1,0,0,0.39155982905982906,1
64,Female,5,6,1,Organic,medium,Cash,Android,5,103.43,25.408571428571427,0.1428571428571428,61.85,18.75,3.2875000000000005,5.5,0.0816629547141796,0.1142857142857142,1,Q2,Mid-High,2023-02,2025-11,0,0,Recent,0,0,1,0.3883547008547008,4
44,Male,3,33,0,Ads,medium,Credit Card,iOS,3,124.54,22.742857142857144,0.1904761904761904,59.95,15.5,0.5124999999999993,4.01,0.0626954346466541,0.0952380952380952,1,Q3,Mid-High,2023-12,2025-10,1,1,Inactive,0,0,0,0.2793803418803419,0
56,Female,6,36,0,Referral,high,Cash,Android,4,163.08,22.11315789473684,0.2368421052631578,56.760000000000005,16.448,5.095999999999999,9.29,0.1406510219530658,0.131578947368421,1,Q3,High,2025-01,2025-12,1,1,Inactive,0,0,0,0.2761752136752137,0
37,Female,3,9,0,Organic,low,Cash,iOS,5,100.94,21.4125,0.175,30.87,14.253333333333332,3.963333333333333,5.49,0.1509900990099009,0.075,0,Q2,Mid-Low,2024-05,2025-12,0,0,Mid-Recent,0,0,1,0.3472222222222222,2
31,Female,5,54,1,Partnership,high,Debit Card,Web,5,144.6,26.00243902439024,0.2195121951219512,95.06,17.324285714285715,3.744285714285714,0.0,0.0,0.1707317073170731,1,Q3,High,2025-01,2025-12,1,1,Inactive,0,0,0,0.37232905982905984,0
43,Male,1,6,0,Referral,medium,Debit Card,Android,2,138.96,24.361538461538466,0.1025641025641025,29.9,12.586666666666666,2.620000000000001,0.0,0.0,0.0769230769230769,0,Q3,Mid-Low,2023-04,2025-12,0,0,Recent,0,0,1,0.40544871794871795,2
49,Female,7,22,0,Partnership,medium,Digital Wallet,iOS,6,132.81,27.26666666666667,0.1666666666666666,62.760000000000005,24.33333333333333,3.4133333333333327,1.0,0.0156838143036386,0.0714285714285714,0,Q3,Mid-Low,2023-01,2025-12,1,0,Mid-Inactive,0,0,0,0.4391025641025641,0
26,Female,0,0,0,Ads,low,Debit Card,Web,3,111.52,25.15128205128205,0.2564102564102564,97.65,14.67875,2.4725000000000006,2.01,0.0201685731487055,0.2051282051282051,1,Q2,High,2024-01,2025-12,0,0,Recent,0,0,1,0.391559829059829,4
36,Female,4,14,0,Organic,high,Cash,Android,9,375.11,23.643181818181816,0.125,90.02,15.44,4.1875,0.0399999999999991,0.0004441483455474,0.0909090909090909,1,Q4,Mid-High,2024-01,2025-12,0,0,Mid-Recent,1,0,1,0.6634615384615385,1
22,Other,7,13,1,Organic,low,Cash,iOS,4,166.09,25.41551724137931,0.1379310344827586,10.89,5.3133333333333335,1.6833333333333331,10.55,0.4920708955223881,0.0517241379310344,0,Q4,Low,2023-06,2025-12,0,0,Mid-Recent,1,0,1,0.47275641025641024,2
22,Female,3,23,0,Ads,low,Digital Wallet,Web,2,78.06,26.37777777777778,0.1111111111111111,14.55,10.64,3.365,0.0,0.0,0.074074074074074,0,Q1,Mid-Low,2024-12,2025-12,1,0,Mid-Inactive,0,0,0,0.47916666666666663,0
18,Male,0,21,1,Organic,medium,Credit Card,iOS,5,102.73,24.05454545454545,0.2727272727272727,70.00999999999999,13.565714285714288,3.564285714285714,0.0,0.0,0.2121212121212121,1,Q2,High,2024-06,2025-12,1,0,Mid-Inactive,0,0,0,0.31036324786324787,4
31,Other,1,54,1,Referral,medium,Cash,Android,1,64.02,22.913636363636364,0.1363636363636363,0.0,0.0,0.0,0.0,0.0,0.0,0,Q1,Low,2023-05,2025-12,1,1,Inactive,0,0,0,0.4577991452991453,0
57,Female,2,0,0,Organic,medium,Digital Wallet,Android,4,81.49,27.86875,0.1875,79.07,20.4,4.586,3.039999999999999,0.0370235050541955,0.15625,1,Q1,High,2025-01,2025-12,0,0,Recent,0,0,1,0.5144230769230769,4
51,Other,4,36,0,Partnership,high,Cash,Android,5,158.11,26.58974358974359,0.1025641025641025,37.32,16.583333333333332,4.1433333333333335,7.049999999999999,0.1588911426639621,0.0769230769230769,0,Q3,Mid-Low,2025-04,2025-12,1,1,Inactive,0,0,0,0.516559829059829,0
20,Other,3,24,1,Ads,medium,Cash,Android,10,92.81,28.35641025641026,0.2307692307692307,76.96000000000001,25.25,6.01,1.5,0.0191180219219984,0.1025641025641025,1,Q2,Mid-High,2024-09,2025-10,1,0,Mid-Inactive,0,0,0,0.28739316239316237,4
64,Other,0,5,1,Ads,low,Debit Card,iOS,4,58.98,29.196153846153848,0.1153846153846153,8.56,8.254999999999999,3.975,0.4299999999999997,0.0478309232480533,0.0769230769230769,0,Q1,Mid-Low,2023-01,2025-08,0,0,Recent,0,0,1,0.2248931623931624,2
57,Female,1,4,0,Partnership,high,Debit Card,iOS,6,84.44,26.456,0.16,34.05,20.0,2.9750000000000005,14.5,0.2986611740473738,0.08,0,Q1,Mid-Low,2023-06,2025-11,0,0,Recent,0,0,1,0.4358974358974359,2
37,Male,4,0,0,Ads,high,Cash,Web,5,128.53,25.71315789473684,0.1842105263157894,54.38,15.43,1.835,5.699999999999999,0.0948735019973368,0.1052631578947368,1,Q3,Mid-High,2024-12,2025-12,0,0,Recent,0,0,1,0.547008547008547,4
44,Male,1,20,0,Organic,medium,Debit Card,iOS,2,122.77,27.85833333333333,0.25,114.83,18.2275,3.87375,1.2300000000000004,0.010597966569016,0.2222222222222222,1,Q3,High,2024-02,2025-12,1,0,Mid-Inactive,0,0,0,0.35096153846153844,4
28,Male,3,31,0,Partnership,high,Credit Card,iOS,3,82.2,25.51363636363636,0.1363636363636363,13.54,13.24,-0.2999999999999989,3.68,0.213704994192799,0.0454545454545454,0,Q1,Low,2025-06,2025-12,1,1,Inactive,0,0,0,0.27724358974358976,0
28,Other,0,2,0,Referral,low,Credit Card,Web,5,69.58,28.582758620689653,0.1379310344827586,25.47,19.0,6.265000000000001,2.4899999999999984,0.0890557939914162,0.0689655172413793,0,Q1,Mid-Low,2024-10,2025-12,0,0,Recent,0,0,1,0.4460470085470085,2
39,Other,2,31,0,Partnership,low,Digital Wallet,Web,3,142.71,24.217647058823527,0.1176470588235294,49.66,17.689999999999998,5.275,1.5999999999999996,0.0312134217713616,0.0784313725490196,0,Q3,Mid-Low,2024-12,2025-12,1,1,Inactive,0,0,0,0.5053418803418803,0
53,Other,3,30,0,Organic,medium,Debit Card,Web,2,77.6,23.532,0.12,34.730000000000004,19.62,2.255,0.0,0.0,0.08,0,Q1,Mid-Low,2024-05,2025-11,1,1,Inactive,0,0,0,0.3525641025641026,0
51,Other,5,4,0,Ads,medium,Debit Card,iOS,9,107.29,25.98536585365854,0.073170731707317,19.27,9.473333333333334,3.0500000000000007,3.0700000000000003,0.1374216651745748,0.073170731707317,0,Q2,Mid-Low,2023-12,2025-12,0,0,Recent,0,0,1,0.27510683760683763,2
48,Female,3,29,1,Organic,low,Cash,Web,7,98.16,26.821052631578947,0.0789473684210526,12.59,12.0,-0.5899999999999999,0.5399999999999991,0.041127189642041,0.0263157894736842,0,Q2,Low,2024-07,2025-12,1,0,Inactive,0,0,0,0.5192307692307692,2
21,Other,1,39,0,Organic,low,Credit Card,iOS,7,118.41,25.55434782608696,0.1521739130434782,67.12,11.778333333333334,0.5916666666666667,5.83,0.0799177518848526,0.1304347826086956,1,Q2,High,2024-07,2025-12,1,1,Inactive,0,0,0,0.6089743589743589,0
32,Male,4,6,0,Partnership,medium,Debit Card,iOS,7,138.64,25.30638297872341,0.1276595744680851,58.9,13.084,1.304,0.0,0.0,0.1063829787234042,1,Q3,Mid-High,2023-01,2025-12,0,0,Recent,0,0,1,0.5854700854700854,4
50,Female,3,8,0,Partnership,medium,Cash,Web,3,110.67,24.345945945945942,0.1351351351351351,16.37,12.62,4.4350000000000005,0.0,0.0,0.054054054054054,0,Q2,Low,2024-12,2025-11,0,0,Mid-Recent,0,0,1,0.2857905982905983,2
37,Male,4,17,0,Ads,medium,Cash,Web,3,128.75,22.53428571428572,0.3428571428571428,34.89,10.97,2.2475,1.8200000000000005,0.0495777717243258,0.1142857142857142,1,Q3,Mid-High,2025-06,2025-12,0,0,Mid-Inactive,0,0,0,0.40224358974358976,4
67,Female,6,1,0,Partnership,high,Cash,Android,8,217.38,23.963157894736845,0.2456140350877192,67.14999999999999,11.75,2.157142857142857,1.8199999999999985,0.0263882847614904,0.1228070175438596,1,Q4,High,2023-09,2025-11,0,0,Recent,1,0,1,0.5101495726495726,1
44,Female,5,52,1,Organic,medium,Digital Wallet,iOS,6,135.05,25.29767441860465,0.2325581395348837,72.96,12.897142857142857,2.474285714285714,1.5700000000000005,0.0210653428149738,0.1627906976744186,1,Q3,High,2024-02,2025-12,1,1,Inactive,0,0,0,0.485042735042735,0
33,Female,5,8,0,Partnership,medium,Debit Card,Android,11,149.98,24.34042553191489,0.1489361702127659,48.95,11.96,2.1700000000000004,0.0,0.0,0.1063829787234042,1,Q3,Mid-High,2024-06,2025-12,0,0,Mid-Recent,0,0,1,0.4674145299145299,4
33,Female,4,4,0,Ads,low,Digital Wallet,iOS,4,116.73,25.12142857142857,0.2142857142857142,72.61,15.834285714285716,5.461428571428572,0.4299999999999997,0.0058871851040525,0.1666666666666666,1,Q2,High,2025-08,2025-12,0,0,Recent,0,0,1,0.3210470085470085,4
38,Other,6,30,0,Referral,medium,Credit Card,iOS,1,120.66,24.394594594594597,0.1891891891891892,65.23,14.88,4.008333333333333,0.75,0.0113670809336162,0.1621621621621621,1,Q2,High,2025-01,2025-12,1,1,Inactive,0,0,0,0.3482905982905983,0
68,Other,2,4,0,Ads,high,Cash,Android,4,123.4,21.161290322580644,0.064516129032258,0.0,0.0,0.0,0.0,0.0,0.0,0,Q3,Low,2024-11,2025-12,0,0,Recent,0,0,1,0.5448717948717948,2
68,Other,1,10,0,Referral,high,Credit Card,Android,5,242.05,25.76206896551724,0.2068965517241379,92.27,14.37625,2.8425,6.06,0.0616292077697549,0.1379310344827586,1,Q4,High,2023-06,2025-12,0,0,Mid-Recent,1,0,1,0.3338675213675214,1
20,Male,1,1,0,Organic,medium,Digital Wallet,Web,4,144.62,26.44285714285714,0.1428571428571428,30.380000000000003,12.68,2.5533333333333323,7.140000000000001,0.1902985074626865,0.0714285714285714,0,Q3,Mid-Low,2024-12,2025-12,0,0,Recent,0,0,1,0.4738247863247863,2
23,Male,1,8,0,Organic,medium,Digital Wallet,iOS,4,110.83,23.07619047619048,0.1666666666666666,20.77,11.0,0.6149999999999998,2.0700000000000003,0.090630472854641,0.0476190476190476,0,Q2,Low,2023-05,2025-11,0,0,Mid-Recent,0,0,1,0.2585470085470085,2
55,Male,3,20,0,Referral,high,Debit Card,iOS,6,181.13,26.832653061224487,0.1632653061224489,43.09,16.426666666666666,2.063333333333333,4.43,0.0932239057239057,0.0612244897959183,0,Q4,Mid-Low,2025-07,2025-12,1,0,Mid-Inactive,1,1,0,0.3926282051282052,3
49,Male,2,9,0,Organic,low,Credit Card,Web,7,122.31,25.318181818181817,0.1590909090909091,69.99,14.473333333333334,2.8083333333333336,4.600000000000001,0.0616704652098136,0.1363636363636363,1,Q3,High,2025-10,2025-12,0,0,Mid-Recent,0,0,1,0.27403846153846156,4
26,Male,1,10,0,Organic,medium,Debit Card,Web,9,124.48,25.41590909090909,0.2272727272727272,49.08,12.028,2.212,4.529999999999999,0.0844991606043648,0.1136363636363636,1,Q3,Mid-High,2023-11,2025-12,0,0,Mid-Recent,0,0,1,0.5101495726495726,4
24,Female,4,50,0,Organic,medium,Credit Card,Android,5,83.8,25.11290322580645,0.2580645161290322,50.21,11.458333333333334,3.09,3.639999999999999,0.0675951717734447,0.1935483870967742,1,Q1,High,2024-09,2025-12,1,1,Inactive,0,0,0,0.39209401709401703,0
60,Male,6,35,1,Partnership,medium,Digital Wallet,Web,9,177.82,24.64032258064516,0.1612903225806451,73.14,15.54,3.35,4.040000000000001,0.0523451671417465,0.0967741935483871,1,Q4,Mid-High,2023-07,2025-11,1,1,Inactive,1,1,0,0.531517094017094,3
36,Other,0,4,1,Partnership,medium,Debit Card,Android,4,33.37,22.8,0.0,0.0,0.0,0.0,0.0,0.0,0.0,0,Q1,Low,2023-11,2025-12,0,0,Recent,0,0,1,0.5042735042735043,2
31,Male,2,66,0,Ads,medium,Debit Card,iOS,6,93.11,25.666666666666668,0.1212121212121212,27.45,17.12,3.3950000000000005,0.0,0.0,0.0606060606060606,0,Q2,Mid-Low,2024-08,2025-12,1,1,Inactive,0,0,0,0.21314102564102563,0
21,Other,4,1,0,Ads,high,Credit Card,Android,7,160.58,28.388372093023257,0.1627906976744186,46.48,12.404,3.108,2.039999999999999,0.0420445177246496,0.1162790697674418,1,Q3,Mid-High,2024-07,2025-11,0,0,Recent,0,0,1,0.3044871794871795,4
27,Other,8,38,0,Organic,medium,Digital Wallet,Web,5,242.04,24.04383561643836,0.1643835616438356,57.43,13.438333333333333,3.8666666666666663,3.1,0.0512142739137617,0.0821917808219178,0,Q4,Mid-Low,2023-01,2025-12,1,1,Inactive,1,1,0,0.6896367521367521,3
55,Male,3,19,0,Partnership,medium,Cash,iOS,12,182.71,24.567123287671237,0.136986301369863,82.46000000000001,13.90857142857143,2.128571428571429,11.55,0.1228592702903946,0.0958904109589041,1,Q4,Mid-High,2025-10,2025-12,0,0,Mid-Inactive,1,0,0,0.38408119658119666,1
64,Other,0,2,1,Ads,medium,Cash,Web,2,76.27,20.875,0.25,7.79,11.75,3.96,0.0,0.0,0.0357142857142857,0,Q1,Low,2023-01,2025-11,0,0,Recent,0,0,1,0.48344017094017094,2
41,Male,1,17,0,Ads,high,Digital Wallet,iOS,4,259.25,23.51935483870968,0.1290322580645161,39.35,12.235,2.3975,0.0,0.0,0.064516129032258,0,Q4,Mid-Low,2023-08,2025-12,0,0,Mid-Inactive,1,0,0,0.4342948717948718,1
20,Female,1,4,0,Ads,high,Cash,Android,2,39.12,24.24,0.3,34.099999999999994,24.0,6.950000000000001,0.0,0.0,0.2,1,Q1,High,2023-12,2025-07,0,0,Recent,0,0,1,0.219017094017094,4
68,Other,1,4,0,Partnership,low,Debit Card,Android,2,75.53,20.32857142857143,0.25,57.51,15.648,4.146000000000001,0.0,0.0,0.1785714285714285,1,Q1,High,2023-08,2025-11,0,0,Recent,0,0,1,0.3653846153846154,4
60,Female,1,23,0,Referral,low,Debit Card,Android,3,90.38,22.038235294117644,0.1470588235294117,25.26,13.62,0.9900000000000002,1.0199999999999996,0.0388127853881278,0.0588235294117647,0,Q2,Mid-Low,2025-07,2025-12,1,0,Mid-Inactive,0,0,0,0.41880341880341876,0
23,Female,4,18,0,Ads,low,Credit Card,iOS,5,75.68,29.53333333333333,0.1,29.38,12.746666666666668,2.9533333333333336,0.0,0.0,0.1,1,Q1,Mid-High,2025-07,2025-12,0,0,Mid-Inactive,0,0,0,0.5197649572649572,4
50,Other,2,7,1,Organic,medium,Debit Card,Web,4,110.92,24.47142857142857,0.1714285714285714,35.85,12.666666666666666,0.7166666666666668,3.04,0.0781691951658524,0.0857142857142857,0,Q2,Mid-Low,2024-05,2025-11,0,0,Recent,0,0,1,0.43696581196581197,2
44,Male,1,11,0,Organic,medium,Digital Wallet,Web,7,154.93,24.927659574468084,0.1914893617021276,90.51,17.647142857142857,4.717142857142858,6.26,0.064689469877028,0.1489361702127659,1,Q3,High,2023-06,2025-12,0,0,Mid-Recent,0,0,1,0.5229700854700854,4
39,Male,1,5,0,Partnership,medium,Debit Card,iOS,6,87.15,28.241935483870968,0.1612903225806451,66.78,17.1875,0.4924999999999997,0.0899999999999998,0.0013458950201884,0.1290322580645161,1,Q1,High,2023-08,2025-09,0,0,Recent,0,0,1,0.3087606837606837,4
39,Other,1,70,0,Partnership,medium,Debit Card,Android,1,90.62,23.52,0.16,53.56,16.57,3.18,0.6500000000000004,0.0119904076738609,0.16,1,Q2,High,2025-11,2025-12,1,1,Inactive,0,0,0,0.1372863247863248,0
47,Other,4,33,0,Partnership,high,Credit Card,Android,7,218.55,24.096153846153847,0.1538461538461538,59.69,12.305,2.356666666666667,3.66,0.057774269928966,0.1153846153846153,1,Q4,Mid-High,2023-08,2025-11,1,1,Inactive,1,1,0,0.5512820512820513,3
19,Female,8,47,0,Partnership,medium,Cash,Android,11,188.53,22.940625,0.046875,22.01,12.015,1.009999999999999,0.9899999999999984,0.0430434782608694,0.03125,0,Q4,Low,2025-05,2025-12,1,1,Inactive,1,1,0,0.5470085470085471,3
54,Male,8,12,0,Ads,medium,Cash,Android,7,113.74,25.216666666666665,0.1666666666666666,26.39,13.093333333333334,4.296666666666667,7.09,0.2117682198327359,0.0714285714285714,0,Q2,Mid-Low,2023-05,2025-11,0,0,Mid-Recent,0,0,1,0.3141025641025641,2
59,Male,3,35,0,Organic,medium,Cash,Android,2,72.81,24.89583333333333,0.125,14.5,8.254999999999999,1.0050000000000003,5.549999999999999,0.2768079800498753,0.0833333333333333,0,Q1,Mid-Low,2024-07,2025-12,1,1,Inactive,0,0,0,0.20245726495726496,0
51,Male,1,1,0,Ads,high,Cash,iOS,6,262.27,24.95689655172414,0.1551724137931034,50.76,11.6,1.448,2.08,0.0393641180923542,0.0862068965517241,0,Q4,Mid-Low,2024-05,2025-11,0,0,Recent,1,0,1,0.43803418803418803,1
18,Female,1,84,0,Referral,low,Digital Wallet,Web,1,115.1,21.8725,0.15,46.85,11.448,2.078,0.0,0.0,0.125,1,Q2,High,2024-11,2025-12,1,1,Inactive,0,0,0,0.49305555555555547,0
44,Male,5,45,0,Referral,medium,Cash,Web,10,146.81,24.243396226415097,0.1132075471698113,34.21,11.56,3.0074999999999994,0.0,0.0,0.0754716981132075,0,Q3,Mid-Low,2023-10,2025-12,1,1,Inactive,0,0,0,0.4930555555555556,0
52,Other,0,41,0,Referral,medium,Debit Card,Android,4,144.61,26.788095238095234,0.1666666666666666,98.07,18.29,4.28,0.7100000000000009,0.0071876898157521,0.1666666666666666,1,Q3,High,2025-02,2025-12,1,1,Inactive,0,0,0,0.27243589743589747,0
64,Female,4,36,1,Ads,medium,Credit Card,Web,9,96.23,28.086842105263155,0.131578947368421,41.93,14.853333333333332,0.8766666666666664,0.9700000000000006,0.0226107226107226,0.0789473684210526,0,Q2,Mid-Low,2025-07,2025-12,1,1,Inactive,0,0,0,0.3317307692307692,0
23,Female,6,2,0,Partnership,low,Credit Card,iOS,1,120.28,21.98837209302325,0.1162790697674418,44.59,14.04,2.8925000000000005,6.59,0.1287612348573661,0.0930232558139534,1,Q2,Mid-High,2024-11,2025-12,0,0,Recent,0,0,1,0.34615384615384615,4
65,Other,2,20,0,Ads,medium,Digital Wallet,Web,5,155.12,23.32127659574468,0.1063829787234042,20.12,12.28,2.22,0.69,0.0331571359923113,0.0425531914893617,0,Q3,Low,2024-06,2025-12,1,0,Mid-Inactive,0,0,0,0.5715811965811965,2
44,Male,3,61,0,Ads,medium,Debit Card,Android,3,116.07,25.989473684210527,0.2105263157894736,75.3,12.851666666666668,0.3016666666666667,3.139999999999999,0.0400305966343702,0.1578947368421052,1,Q2,High,2023-03,2025-11,1,1,Inactive,0,0,0,0.40117521367521364,0
66,Female,4,16,0,Referral,high,Credit Card,iOS,4,242.69,24.32950819672131,0.1967213114754098,59.97,12.391666666666666,2.3966666666666665,5.41,0.0827470174365249,0.0983606557377049,1,Q4,Mid-High,2025-05,2025-12,0,0,Mid-Inactive,1,0,0,0.6452991452991452,1
18,Male,6,9,0,Organic,high,Debit Card,iOS,8,308.95,25.228947368421053,0.1578947368421052,97.99,15.26,3.01125,6.26,0.0600479616306954,0.1052631578947368,1,Q4,Mid-High,2024-08,2025-12,0,0,Mid-Recent,1,0,1,0.7024572649572649,1
39,Male,3,1,0,Referral,low,Cash,Web,3,88.19,24.22285714285714,0.2285714285714285,37.04,12.795,3.535,0.0,0.0,0.1142857142857142,1,Q1,Mid-High,2023-05,2025-11,0,0,Recent,0,0,1,0.30502136752136755,4
35,Male,0,31,0,Referral,medium,Digital Wallet,iOS,5,124.82,23.38571428571429,0.0952380952380952,15.51,29.0,13.49,1.9200000000000017,0.1101549053356283,0.0238095238095238,0,Q3,Low,2025-06,2025-12,1,1,Inactive,0,0,0,0.3766025641025641,0
30,Other,2,5,0,Referral,low,Credit Card,iOS,3,51.49,29.791666666666668,0.1666666666666666,22.96,22.0,-0.9600000000000009,3.03,0.1165833012697191,0.0416666666666666,0,Q1,Low,2024-09,2025-12,0,0,Recent,0,0,1,0.4107905982905983,2
27,Female,5,7,0,Ads,medium,Cash,Web,9,189.24,24.28095238095238,0.1269841269841269,29.53,12.28,2.436666666666666,1.5300000000000002,0.0492594977462974,0.0476190476190476,0,Q4,Low,2025-10,2025-12,0,0,Recent,1,0,1,0.3135683760683761,1
19,Female,7,49,1,Partnership,medium,Credit Card,Web,11,94.66,24.135897435897437,0.0769230769230769,5.32,9.0,3.68,2.59,0.327433628318584,0.0256410256410256,0,Q2,Low,2024-01,2025-12,1,1,Inactive,0,0,0,0.3012820512820513,0
31,Male,0,5,0,Partnership,low,Credit Card,Web,1,106.41,25.540625,0.15625,40.0,20.5,0.5,9.86,0.1977537103890894,0.0625,0,Q2,Mid-Low,2025-07,2025-12,0,0,Recent,0,0,1,0.4658119658119658,2
60,Female,5,5,1,Partnership,medium,Digital Wallet,Web,6,175.82999999999998,24.03148148148148,0.0925925925925925,31.16,18.0,2.420000000000001,7.75,0.199177589308661,0.037037037037037,0,Q4,Low,2023-03,2025-12,0,0,Recent,1,0,1,0.5876068376068376,1
30,Male,6,27,0,Partnership,medium,Debit Card,iOS,5,98.4,24.94117647058824,0.2647058823529412,70.88,12.541666666666666,0.7283333333333335,1.71,0.0235569637691142,0.1764705882352941,1,Q2,High,2024-06,2025-11,1,0,Mid-Inactive,0,0,0,0.5229700854700854,4
40,Male,1,28,0,Organic,medium,Cash,Web,6,105.62,28.49761904761905,0.1428571428571428,35.45,13.08,1.2633333333333336,9.25,0.2069351230425055,0.0714285714285714,0,Q2,Mid-Low,2023-11,2025-12,1,0,Inactive,0,0,0,0.4738247863247863,2
38,Female,10,0,0,Ads,high,Credit Card,Web,8,279.31,25.66515151515152,0.1666666666666666,107.34,15.821111111111112,3.894444444444445,2.890000000000001,0.0262179080105234,0.1363636363636363,1,Q4,High,2024-04,2025-12,0,0,Recent,1,0,1,0.6111111111111112,1
53,Male,5,16,0,Partnership,medium,Cash,Web,3,98.43,21.88,0.3,76.0,14.26,4.76,0.6999999999999993,0.0091264667535853,0.2666666666666666,1,Q2,High,2025-09,2025-12,0,0,Mid-Inactive,0,0,0,0.39476495726495725,4
64,Female,5,44,0,Referral,medium,Digital Wallet,iOS,5,101.68,26.902631578947368,0.1842105263157894,13.29,9.0,2.355,9.28,0.4111652636242799,0.0526315789473684,0,Q2,Low,2024-12,2025-12,1,1,Inactive,0,0,0,0.5817307692307692,0
52,Female,7,0,0,Referral,medium,Credit Card,iOS,5,112.27,25.675,0.2,47.92,16.81,4.83,0.0,0.0,0.1,1,Q2,Mid-High,2024-05,2025-12,0,0,Recent,0,0,1,0.2708333333333333,4
60,Male,3,22,0,Partnership,medium,Debit Card,Android,6,93.85,23.424324324324324,0.1621621621621621,58.42,15.944,4.26,6.920000000000001,0.105907560453015,0.1351351351351351,1,Q2,High,2025-04,2025-12,1,0,Mid-Inactive,0,0,0,0.5288461538461539,4
44,Male,6,22,0,Referral,medium,Cash,Android,7,99.28,22.14864864864865,0.081081081081081,25.38,15.243333333333334,6.783333333333334,0.0,0.0,0.081081081081081,0,Q2,Mid-Low,2023-02,2025-10,1,0,Mid-Inactive,0,0,0,0.43856837606837606,0
44,Male,5,44,1,Organic,medium,Digital Wallet,iOS,8,134.33,24.25869565217392,0.1956521739130435,85.31,18.34,1.2780000000000002,2.1000000000000014,0.0240247111314495,0.108695652173913,1,Q3,Mid-High,2024-07,2025-12,1,1,Inactive,0,0,0,0.36591880341880345,0
26,Other,4,0,0,Organic,high,Credit Card,iOS,8,215.97,25.050943396226412,0.1132075471698113,30.58,12.333333333333334,2.14,4.09,0.1179694260167291,0.0566037735849056,0,Q4,Low,2024-03,2025-12,0,0,Recent,1,0,1,0.4444444444444444,1
67,Female,1,9,0,Referral,medium,Debit Card,Web,2,116.7,24.50294117647059,0.088235294117647,35.85,13.306666666666668,1.3566666666666656,0.0,0.0,0.088235294117647,1,Q2,Mid-High,2023-09,2025-12,0,0,Mid-Recent,0,0,1,0.41185897435897434,4
55,Male,0,24,0,Referral,medium,Digital Wallet,Android,5,112.8,26.947222222222223,0.2222222222222222,68.65,12.908333333333331,1.4666666666666666,2.5,0.0351370344342937,0.1666666666666666,1,Q2,High,2024-09,2025-12,1,0,Mid-Inactive,0,0,0,0.5106837606837606,4
66,Other,3,22,1,Organic,medium,Digital Wallet,iOS,5,128.93,23.544186046511623,0.1860465116279069,41.39,19.0,5.203333333333334,1.87,0.0432269995376791,0.0697674418604651,0,Q3,Mid-Low,2023-03,2025-12,1,0,Mid-Inactive,0,0,0,0.40865384615384615,0
66,Male,2,22,0,Partnership,low,Credit Card,Web,4,109.06,25.67441860465116,0.1162790697674418,0.0,0.0,0.0,0.0,0.0,0.0,0,Q2,Low,2024-10,2025-11,1,0,Mid-Inactive,0,0,0,0.5058760683760684,2
35,Other,7,11,0,Ads,medium,Credit Card,iOS,6,111.06,24.69047619047619,0.0952380952380952,58.3,17.13,2.555,6.83,0.104867188699524,0.0952380952380952,1,Q2,Mid-High,2023-11,2025-12,0,0,Mid-Recent,0,0,1,0.4807692307692307,4
18,Male,0,19,0,Referral,medium,Cash,Android,4,109.88,27.975,0.1666666666666666,53.4,16.259999999999998,2.91,1.41,0.0257252326217843,0.1111111111111111,1,Q2,Mid-High,2024-11,2025-12,0,0,Mid-Inactive,0,0,0,0.406517094017094,4
52,Male,3,7,1,Ads,low,Debit Card,iOS,5,80.47,21.041935483870965,0.1612903225806451,55.66,17.536,6.404000000000001,1.62,0.0282821229050279,0.1612903225806451,1,Q1,High,2023-06,2025-10,0,0,Recent,0,0,1,0.46848290598290593,4
28,Male,3,20,0,Referral,medium,Cash,iOS,6,162.16,25.115384615384617,0.1923076923076923,68.19,14.553999999999998,0.9160000000000004,0.0,0.0,0.0961538461538461,1,Q3,Mid-High,2023-07,2025-11,1,0,Mid-Inactive,0,0,0,0.5651709401709402,4
28,Other,3,43,0,Partnership,medium,Credit Card,Web,5,148.93,26.1,0.1,11.2,12.28,1.08,10.79,0.4906775807185084,0.02,0,Q3,Low,2025-07,2025-12,1,1,Inactive,0,0,0,0.6191239316239316,0
35,Other,7,21,0,Partnership,medium,Debit Card,iOS,1,124.59,20.88421052631579,0.1052631578947368,62.82000000000001,23.666666666666668,2.726666666666665,1.1499999999999986,0.0179771768016257,0.0789473684210526,0,Q3,Mid-Low,2023-01,2025-12,1,0,Mid-Inactive,0,0,0,0.5331196581196581,0
31,Other,2,26,0,Ads,low,Digital Wallet,Android,0,77.35,28.1,0.1379310344827586,11.87,8.52,2.585,0.0,0.0,0.0689655172413793,0,Q1,Mid-Low,2024-09,2025-12,1,0,Mid-Inactive,0,0,0,0.390491452991453,0
43,Other,2,76,0,Organic,medium,Digital Wallet,iOS,3,132.3,24.57435897435897,0.1538461538461538,42.08,15.9375,5.4175,4.0,0.0868055555555555,0.1025641025641025,1,Q3,Mid-High,2023-08,2025-12,1,1,Inactive,0,0,0,0.25267094017094016,0
25,Other,0,2,1,Organic,medium,Cash,iOS,4,80.44,22.90740740740741,0.2222222222222222,72.04,18.0,3.592,0.8100000000000005,0.0111187371310912,0.1851851851851851,1,Q1,High,2023-04,2025-12,0,0,Recent,0,0,1,0.2569444444444444,4
43,Other,1,1,0,Organic,high,Debit Card,Web,4,162.24,26.941666666666663,0.0833333333333333,26.86,12.426666666666668,3.4733333333333327,9.29,0.256984785615491,0.0833333333333333,0,Q3,Mid-Low,2023-01,2025-11,0,0,Recent,0,0,1,0.4898504273504273,2
59,Other,1,32,0,Ads,medium,Debit Card,Web,3,130.77,23.41351351351351,0.1081081081081081,15.75,7.813333333333333,2.563333333333333,3.24,0.1706161137440758,0.081081081081081,0,Q3,Mid-Low,2024-01,2025-12,1,1,Inactive,0,0,0,0.26495726495726496,0
32,Male,2,52,0,Referral,high,Cash,iOS,8,159.35,26.88205128205129,0.1025641025641025,58.19,19.23,4.682500000000001,0.8299999999999983,0.0140630294815316,0.1025641025641025,1,Q3,Mid-High,2023-07,2025-10,1,1,Inactive,0,0,0,0.391559829059829,0
35,Male,0,12,0,Ads,medium,Credit Card,Web,4,166.03,27.120833333333334,0.1666666666666666,49.22,18.13,5.825,0.0,0.0,0.0833333333333333,0,Q3,Mid-Low,2025-08,2025-12,0,0,Mid-Recent,0,0,1,0.5758547008547008,4
44,Male,1,17,0,Ads,high,Cash,iOS,5,109.63,20.82413793103448,0.2413793103448276,4.92,3.335,0.8750000000000001,3.3099999999999987,0.4021871202916159,0.0689655172413793,0,Q2,Mid-Low,2024-05,2025-12,0,0,Mid-Inactive,0,0,0,0.22382478632478633,2
64,Other,0,17,0,Organic,medium,Digital Wallet,Android,3,129.66,22.38048780487805,0.0975609756097561,44.05,16.563333333333333,1.88,4.06,0.0843899397214716,0.073170731707317,0,Q3,Mid-Low,2023-11,2025-11,0,0,Mid-Inactive,0,0,0,0.4487179487179487,2
60,Other,1,18,0,Partnership,low,Debit Card,Web,2,115.16,23.184615384615388,0.0769230769230769,31.37,17.12,1.4349999999999996,1.93,0.0579579579579579,0.0512820512820512,0,Q2,Low,2023-10,2025-11,0,0,Mid-Inactive,0,0,0,0.31517094017094016,2
31,Female,2,11,1,Ads,medium,Debit Card,Android,1,120.16,23.409375,0.125,21.200000000000003,11.875,1.2749999999999997,0.0,0.0,0.0625,0,Q2,Mid-Low,2024-11,2025-12,0,0,Mid-Recent,0,0,1,0.2297008547008547,2
35,Female,6,0,0,Organic,low,Credit Card,Android,3,139.05,24.097727272727276,0.0909090909090909,38.12,11.77,2.24,0.0,0.0,0.0909090909090909,1,Q3,Mid-High,2024-04,2025-12,0,0,Recent,0,0,1,0.530982905982906,4
28,Male,0,28,0,Partnership,low,Digital Wallet,iOS,2,88.79,22.844827586206897,0.1379310344827586,61.54,19.746666666666663,-0.7666666666666663,0.0,0.0,0.1034482758620689,1,Q1,Mid-High,2024-11,2025-12,1,0,Inactive,0,0,0,0.3488247863247863,0
25,Female,4,31,0,Organic,low,Digital Wallet,iOS,2,92.93,26.005714285714287,0.2,59.61,14.656,2.7339999999999995,1.09,0.0179571663920922,0.1428571428571428,1,Q2,High,2025-09,2025-12,1,1,Inactive,0,0,0,0.27029914529914534,0
67,Male,5,3,0,Referral,low,Cash,Android,2,102.83,24.450000000000003,0.1666666666666666,12.0,7.885,1.885,4.050000000000001,0.2523364485981308,0.0555555555555555,0,Q2,Low,2025-01,2025-12,0,0,Recent,0,0,1,0.33012820512820507,2
59,Male,4,2,0,Ads,medium,Digital Wallet,Android,4,118.69,24.08,0.15,32.58,8.75,0.6049999999999999,5.72,0.1493472584856396,0.1,1,Q2,Mid-High,2023-04,2025-11,0,0,Recent,0,0,1,0.38888888888888884,4
35,Male,2,25,0,Ads,low,Cash,iOS,2,56.31,26.47826086956522,0.1304347826086956,3.8,3.49,-0.3099999999999996,3.25,0.4609929078014184,0.0434782608695652,0,Q1,Low,2024-08,2025-11,1,0,Mid-Inactive,0,0,0,0.4412393162393162,2
67,Male,3,40,0,Partnership,high,Debit Card,Web,6,192.95,26.160416666666663,0.125,19.81,16.875,6.97,0.0,0.0,0.0416666666666666,0,Q4,Low,2024-12,2025-12,1,1,Inactive,1,1,0,0.4091880341880342,3
59,Male,1,13,0,Organic,medium,Digital Wallet,Web,7,75.15,26.982142857142858,0.0357142857142857,12.41,12.28,-0.1300000000000007,4.859999999999999,0.2814128546612622,0.0357142857142857,0,Q1,Low,2024-08,2025-12,0,0,Mid-Recent,0,0,1,0.35844017094017094,2
62,Male,1,4,0,Organic,medium,Cash,iOS,6,192.46,26.446666666666665,0.1166666666666666,38.54,19.5,0.2300000000000008,2.14,0.0526057030481809,0.0333333333333333,0,Q4,Low,2023-11,2025-11,0,0,Recent,1,0,1,0.3424145299145299,1
54,Male,0,18,1,Organic,high,Digital Wallet,iOS,4,190.95,26.28125,0.1041666666666666,26.21,21.12,8.015,2.08,0.0735242135030046,0.0416666666666666,0,Q4,Low,2025-07,2025-12,0,0,Mid-Inactive,1,0,0,0.2841880341880342,1
57,Other,8,15,0,Partnership,medium,Credit Card,iOS,4,137.99,22.66744186046512,0.1162790697674418,42.13,12.9425,2.41,4.460000000000001,0.0957286971453101,0.0930232558139534,1,Q3,Mid-High,2025-06,2025-12,0,0,Mid-Inactive,0,0,0,0.3044871794871795,4
38,Other,5,38,1,Organic,high,Credit Card,Android,6,236.63,24.96,0.1636363636363636,62.66,12.004285714285714,3.0528571428571425,1.4299999999999995,0.0223123732251521,0.1272727272727272,1,Q4,High,2024-11,2025-12,1,1,Inactive,1,1,0,0.5918803418803419,3
29,Male,4,40,1,Partnership,medium,Digital Wallet,Web,4,156.37,28.38181818181818,0.1363636363636363,23.24,16.12,4.5,4.0,0.1468428781204111,0.0454545454545454,0,Q3,Low,2025-08,2025-12,1,1,Inactive,0,0,0,0.4268162393162393,0
55,Male,1,57,0,Organic,medium,Credit Card,Android,4,78.07,27.120689655172413,0.1379310344827586,23.59,8.1325,2.2350000000000003,0.25,0.010486577181208,0.1379310344827586,1,Q1,High,2025-01,2025-12,1,1,Inactive,0,0,0,0.4807692307692308,0
57,Male,2,24,0,Organic,low,Credit Card,Android,5,116.75,23.906976744186046,0.0465116279069767,10.51,19.0,8.49,1.12,0.0963026655202063,0.0232558139534883,0,Q2,Low,2023-10,2025-11,1,0,Mid-Inactive,0,0,0,0.5961538461538461,2
48,Male,6,50,0,Partnership,medium,Debit Card,Android,7,128.18,25.7,0.2,50.34,15.32,2.7349999999999994,1.6899999999999995,0.0324812608110705,0.0888888888888888,1,Q3,Mid-High,2024-12,2025-12,1,1,Inactive,0,0,0,0.5908119658119658,0
19,Other,2,27,0,Referral,medium,Debit Card,iOS,9,83.09,25.0375,0.1875,56.88,17.07,2.8499999999999988,4.93,0.0797605565442484,0.125,1,Q1,High,2023-11,2025-12,1,0,Mid-Inactive,0,0,0,0.4033119658119658,4
20,Male,4,0,1,Partnership,low,Credit Card,iOS,4,102.51,25.28108108108108,0.1081081081081081,51.16,17.080000000000002,0.0266666666666672,1.33,0.025338159649457,0.081081081081081,0,Q2,Mid-Low,2025-04,2025-12,0,0,Recent,0,0,1,0.3482905982905983,2
46,Other,1,26,1,Ads,medium,Debit Card,iOS,5,75.87,27.44074074074074,0.2962962962962963,61.06,12.464999999999998,2.2883333333333327,0.8099999999999987,0.0130919670276385,0.2222222222222222,1,Q1,High,2024-03,2025-12,1,0,Mid-Inactive,0,0,0,0.38888888888888884,4
24,Male,1,26,0,Referral,medium,Cash,iOS,5,101.05,24.767567567567568,0.1351351351351351,31.84,11.623333333333331,1.0099999999999998,0.0,0.0,0.081081081081081,0,Q2,Mid-Low,2023-06,2025-11,1,0,Mid-Inactive,0,0,0,0.34134615384615385,0
59,Other,2,4,0,Ads,medium,Credit Card,Android,4,114.04,26.756410256410252,0.1794871794871795,39.48,11.82,3.924,7.31,0.1562299636674503,0.1282051282051282,1,Q2,High,2025-01,2025-12,0,0,Recent,0,0,1,0.24572649572649571,4
57,Male,2,7,0,Organic,medium,Debit Card,iOS,5,149.5,24.25,0.175,47.45,16.333333333333332,0.5166666666666663,3.28,0.064656022077666,0.075,0,Q3,Mid-Low,2023-02,2025-12,0,0,Recent,0,0,1,0.3055555555555556,2
62,Female,0,9,0,Referral,low,Cash,iOS,9,136.4,26.53684210526316,0.1403508771929824,48.94,16.939999999999998,4.705,6.699999999999999,0.1204169662113587,0.0701754385964912,0,Q3,Mid-Low,2024-02,2025-11,0,0,Mid-Recent,0,0,1,0.6490384615384616,2
39,Male,2,27,1,Ads,low,Digital Wallet,iOS,2,85.12,24.353571428571428,0.2142857142857142,8.6,5.04,0.74,2.54,0.2280071813285457,0.0714285714285714,0,Q1,Mid-Low,2024-10,2025-12,1,0,Mid-Inactive,0,0,0,0.27510683760683763,2
62,Female,0,29,1,Partnership,low,Debit Card,iOS,8,132.03,26.601960784313725,0.1764705882352941,117.6,17.28,2.58,2.02,0.0168868082260491,0.1568627450980392,1,Q3,High,2023-05,2025-10,1,0,Inactive,0,0,0,0.4011752136752137,4
58,Other,1,20,0,Organic,high,Debit Card,iOS,8,193.4,25.969565217391303,0.1956521739130435,77.66,16.79,1.2580000000000005,0.8599999999999994,0.0109526235354049,0.108695652173913,1,Q4,Mid-High,2024-10,2025-11,1,0,Mid-Inactive,1,1,0,0.49091880341880345,3
32,Other,2,25,1,Ads,medium,Debit Card,iOS,3,118.13,25.35151515151515,0.1515151515151515,62.75,20.82,5.1325,3.09,0.0469319562575941,0.1212121212121212,1,Q2,High,2023-09,2025-11,1,0,Mid-Inactive,0,0,0,0.3520299145299145,4
26,Female,2,69,0,Referral,medium,Cash,iOS,2,81.07,24.817857142857143,0.0714285714285714,1.95,3.18,1.2300000000000002,1.2899999999999991,0.398148148148148,0.0357142857142857,0,Q1,Low,2023-12,2025-11,1,1,Inactive,0,0,0,0.40010683760683763,0
26,Male,2,5,0,Ads,medium,Digital Wallet,Web,5,113.45,23.605128205128207,0.2564102564102564,14.29,12.88,5.734999999999999,7.92,0.3565961278703287,0.0512820512820512,0,Q2,Low,2025-02,2025-12,0,0,Recent,0,0,1,0.579059829059829,2
61,Female,5,28,0,Referral,medium,Debit Card,Android,3,83.02,22.267857142857142,0.2857142857142857,72.74,13.293333333333337,1.1699999999999997,4.380000000000001,0.0567946058091286,0.2142857142857142,1,Q1,High,2024-09,2025-12,1,0,Inactive,0,0,0,0.2681623931623932,4
18,Male,2,5,0,Referral,low,Debit Card,Web,1,87.02,22.33333333333333,0.1333333333333333,19.81,9.693333333333332,3.09,1.85,0.0854108956602031,0.1,1,Q1,Mid-High,2024-01,2025-12,0,0,Recent,0,0,1,0.2767094017094017,4
24,Male,4,57,0,Ads,low,Credit Card,iOS,8,137.92,23.15636363636364,0.2727272727272727,91.54,13.475,2.0325,1.4299999999999995,0.0153813057975691,0.1454545454545454,1,Q3,High,2023-09,2025-12,1,1,Inactive,0,0,0,0.3002136752136752,0
24,Female,2,13,0,Ads,low,Digital Wallet,Web,12,128.2,24.058490566037733,0.1509433962264151,37.94,11.1275,1.6425,0.73,0.0188776829583656,0.0754716981132075,0,Q3,Mid-Low,2023-08,2025-12,0,0,Mid-Recent,0,0,1,0.3472222222222222,2
63,Other,0,14,0,Partnership,medium,Debit Card,Web,2,84.42,22.730434782608693,0.1304347826086956,14.41,13.24,-1.17,2.01,0.1224116930572472,0.0434782608695652,0,Q1,Low,2024-09,2025-11,0,0,Mid-Recent,0,0,1,0.21901709401709402,2
60,Other,4,9,0,Partnership,medium,Cash,iOS,5,98.12,22.33333333333333,0.0303030303030303,5.9,11.75,5.85,4.879999999999999,0.4526901669758812,0.0303030303030303,0,Q2,Low,2024-03,2025-11,0,0,Mid-Recent,0,0,1,0.5395299145299146,2
68,Female,2,7,1,Organic,medium,Digital Wallet,Web,2,86.46,21.321428571428573,0.1785714285714285,35.81,12.853333333333332,0.916666666666666,0.0,0.0,0.1071428571428571,1,Q1,Mid-High,2025-11,2025-12,0,0,Recent,0,0,1,0.15705128205128205,4
64,Male,1,8,0,Partnership,medium,Digital Wallet,Android,9,154.85,26.00408163265306,0.1224489795918367,21.17,12.76,2.175,11.85,0.3588734100545124,0.0408163265306122,0,Q3,Low,2025-09,2025-12,0,0,Mid-Recent,0,0,1,0.469017094017094,2
47,Male,8,8,0,Ads,medium,Credit Card,iOS,5,144.68,25.047916666666666,0.1458333333333333,39.06,13.39,3.625,2.710000000000001,0.0648790998324156,0.0833333333333333,0,Q3,Mid-Low,2025-08,2025-12,0,0,Mid-Recent,0,0,1,0.4647435897435897,2
25,Other,4,0,0,Partnership,medium,Debit Card,iOS,2,80.23,27.96666666666667,0.1111111111111111,39.12,15.186666666666667,2.1466666666666665,3.9,0.0906555090655509,0.1111111111111111,1,Q1,Mid-High,2025-03,2025-11,0,0,Recent,0,0,1,0.1736111111111111,4
29,Other,1,4,0,Ads,medium,Debit Card,iOS,2,36.39,23.77857142857143,0.0714285714285714,17.91,17.0,-0.91,4.619999999999999,0.2050599201065246,0.0714285714285714,0,Q1,Mid-Low,2023-02,2025-09,0,0,Recent,0,0,1,0.2777777777777778,2
56,Other,9,6,0,Ads,medium,Credit Card,Android,14,131.51,24.352941176470587,0.1372549019607843,77.3,18.152,2.692,0.0,0.0,0.0980392156862745,1,Q3,Mid-High,2025-04,2025-12,0,0,Recent,0,0,1,0.4636752136752137,4
52,Male,1,10,0,Organic,medium,Digital Wallet,Web,3,89.48,26.21379310344828,0.1034482758620689,8.21,14.78,6.569999999999999,4.609999999999999,0.3595943837753509,0.0344827586206896,0,Q1,Low,2025-08,2025-12,0,0,Mid-Recent,0,0,1,0.4252136752136752,2
29,Male,2,21,0,Partnership,medium,Debit Card,iOS,8,172.76,25.238596491228076,0.1403508771929824,28.55,10.003333333333332,0.4866666666666665,2.37,0.0766494178525226,0.0526315789473684,0,Q4,Low,2023-10,2025-11,1,0,Mid-Inactive,1,1,0,0.5726495726495726,3
62,Other,5,6,0,Ads,medium,Cash,iOS,2,153.42,24.982222222222223,0.1333333333333333,42.22,10.68,2.2359999999999998,2.84,0.0630270750110963,0.1111111111111111,1,Q3,Mid-High,2025-07,2025-12,0,0,Recent,0,0,1,0.43108974358974356,4
64,Other,3,18,1,Organic,low,Cash,iOS,4,150.32,22.730188679245284,0.2075471698113207,61.78,13.456,1.1,1.2999999999999998,0.0206087507926442,0.0943396226415094,1,Q3,Mid-High,2024-06,2025-12,0,0,Mid-Inactive,0,0,0,0.5902777777777778,4
39,Male,0,3,0,Referral,medium,Credit Card,Web,13,156.77,24.4948275862069,0.1896551724137931,135.29000000000002,16.85666666666667,1.824444444444444,2.6999999999999997,0.0195666352634248,0.1551724137931034,1,Q3,High,2023-03,2025-12,0,0,Recent,0,0,1,0.5908119658119658,4
64,Male,4,8,0,Organic,high,Debit Card,Web,7,281.26,23.52,0.0615384615384615,3.63,3.49,-0.1399999999999996,2.9800000000000004,0.4508320726172466,0.0153846153846153,0,Q4,Low,2024-03,2025-12,0,0,Mid-Recent,1,0,1,0.6207264957264957,2
23,Male,0,8,0,Partnership,medium,Credit Card,Android,4,52.67,22.29523809523809,0.0952380952380952,22.34,12.28,1.1099999999999994,0.4499999999999993,0.0197455024133391,0.0952380952380952,1,Q1,Mid-High,2025-10,2025-12,0,0,Mid-Recent,0,0,1,0.20352564102564102,4
59,Female,0,4,0,Referral,medium,Debit Card,Android,5,107.72,24.17567567567568,0.1891891891891892,43.88,13.48,2.51,3.68,0.0773759461732548,0.1081081081081081,1,Q2,Mid-High,2024-08,2025-12,0,0,Recent,0,0,1,0.3830128205128205,4
42,Other,1,9,1,Organic,medium,Digital Wallet,Android,5,102.52,25.62,0.1142857142857142,46.24,13.21,1.6499999999999997,6.640000000000001,0.1255673222390317,0.1142857142857142,1,Q2,Mid-High,2025-11,2025-12,0,0,Mid-Recent,0,0,1,0.1591880341880342,4
23,Other,0,40,0,Partnership,medium,Digital Wallet,Android,2,47.71,25.766666666666666,0.0,0.0,0.0,0.0,0.0,0.0,0.0,0,Q1,Low,2024-01,2025-11,1,1,Inactive,0,0,0,0.40705128205128205,0
67,Male,0,70,1,Ads,medium,Digital Wallet,Web,7,79.47,22.6125,0.125,29.75,19.0,4.125,0.0,0.0,0.0625,0,Q1,Mid-Low,2024-12,2025-12,1,1,Inactive,0,0,0,0.20886752136752135,0
68,Male,7,5,0,Partnership,medium,Cash,iOS,8,100.84,24.534146341463416,0.073170731707317,0.0,0.0,0.0,0.0,0.0,0.0,0,Q2,Low,2024-04,2025-12,0,0,Recent,0,0,1,0.2264957264957265,2
45,Female,2,32,0,Referral,medium,Credit Card,iOS,8,90.69,26.84285714285714,0.1428571428571428,51.74,19.08,1.833333333333334,3.92,0.0704275961192957,0.0857142857142857,0,Q2,Mid-Low,2024-12,2025-11,1,1,Inactive,0,0,0,0.4161324786324786,0
33,Female,0,60,0,Organic,medium,Credit Card,Android,6,124.76,24.997826086956525,0.1521739130434782,39.150000000000006,11.8075,2.02,8.6,0.1801047120418847,0.0869565217391304,0,Q3,Mid-Low,2024-01,2025-12,1,1,Inactive,0,0,0,0.5881410256410255,0
35,Other,2,33,0,Partnership,medium,Cash,Web,4,117.31,27.013513513513512,0.1621621621621621,50.97,12.698,2.5040000000000004,1.0999999999999996,0.0211254081044747,0.1351351351351351,1,Q2,High,2024-10,2025-12,1,1,Inactive,0,0,0,0.5844017094017094,0
33,Female,3,30,1,Organic,high,Debit Card,Android,6,212.55,26.326415094339623,0.1886792452830188,43.05,12.654,4.043999999999999,3.74,0.0799316093182303,0.0943396226415094,1,Q4,Mid-High,2024-05,2025-10,1,1,Inactive,1,1,0,0.36111111111111116,3
60,Male,3,18,0,Organic,medium,Debit Card,Web,6,128.04,24.063043478260877,0.1521739130434782,38.67,17.919999999999998,5.03,1.9499999999999995,0.0480059084194977,0.0652173913043478,0,Q3,Mid-Low,2023-05,2025-11,0,0,Mid-Inactive,0,0,0,0.5534188034188035,2
64,Male,4,19,0,Partnership,low,Credit Card,Android,4,95.89,25.69142857142857,0.0857142857142857,11.03,11.75,0.7200000000000006,4.789999999999999,0.3027812895069532,0.0285714285714285,0,Q2,Low,2023-01,2025-11,0,0,Mid-Inactive,0,0,0,0.2911324786324786,2
33,Female,0,2,0,Organic,medium,Credit Card,Web,7,202.5,24.04126984126984,0.2539682539682539,155.85,16.52307692307692,4.5346153846153845,1.9700000000000009,0.0124825750855404,0.2063492063492063,1,Q4,High,2023-03,2025-12,0,0,Recent,1,0,1,0.577457264957265,1
29,Male,5,4,0,Referral,medium,Digital Wallet,iOS,2,92.33,22.673333333333336,0.1333333333333333,13.8,13.24,-0.5600000000000005,0.0,0.0,0.0333333333333333,0,Q2,Low,2025-05,2025-12,0,0,Recent,0,0,1,0.34615384615384615,2
43,Female,6,40,0,Referral,high,Digital Wallet,Web,9,279.48,26.49857142857143,0.1714285714285714,59.39,13.415,3.516666666666667,0.5,0.0083486391718149,0.0857142857142857,0,Q4,Mid-Low,2024-10,2025-12,1,1,Inactive,1,1,0,0.5934829059829061,3
59,Male,1,19,0,Partnership,medium,Debit Card,Web,8,180.78,23.134375,0.171875,45.36,8.18,1.6999999999999995,7.92,0.1486486486486486,0.109375,1,Q4,Mid-High,2023-10,2025-11,0,0,Mid-Inactive,1,0,0,0.6303418803418803,1
42,Other,0,25,1,Referral,medium,Cash,Android,2,135.57999999999998,22.74,0.125,74.38,20.194,5.318,3.91,0.0499425213948141,0.125,1,Q3,High,2025-04,2025-12,1,0,Mid-Inactive,0,0,0,0.22916666666666666,4
27,Other,4,0,0,Ads,medium,Cash,Web,4,162.18,28.30217391304348,0.0652173913043478,42.73,15.08,0.8366666666666666,1.25,0.0284220100045475,0.0652173913043478,0,Q3,Mid-Low,2025-05,2025-12,0,0,Recent,0,0,1,0.3520299145299145,2
64,Male,2,12,0,Partnership,medium,Digital Wallet,iOS,7,190.0,25.44848484848485,0.1515151515151515,85.69,22.956,5.818,2.6000000000000014,0.0294484086533016,0.0757575757575757,0,Q4,Mid-Low,2025-02,2025-12,0,0,Mid-Recent,1,0,1,0.6458333333333334,1
33,Female,2,12,0,Organic,high,Cash,iOS,8,232.64,24.68166666666667,0.1,72.50999999999999,17.712,3.21,0.4199999999999999,0.0057589469354175,0.0833333333333333,0,Q4,Mid-Low,2025-06,2025-12,0,0,Mid-Recent,1,0,1,0.5438034188034189,1
37,Female,2,23,0,Partnership,high,Credit Card,Android,10,345.02,23.65897435897436,0.1538461538461538,114.77,16.324444444444445,3.572222222222222,1.69,0.0145114202301219,0.1153846153846153,1,Q4,Mid-High,2023-01,2025-12,1,0,Mid-Inactive,1,1,0,0.7457264957264957,3
58,Female,0,58,1,Organic,medium,Digital Wallet,Android,8,75.46000000000001,23.76333333333333,0.1,30.82,16.875,1.4650000000000007,8.8,0.2221100454316002,0.0666666666666666,0,Q1,Mid-Low,2023-03,2025-12,1,1,Inactive,0,0,0,0.40865384615384615,0
29,Female,5,64,1,Organic,high,Digital Wallet,Web,3,345.38,24.792857142857144,0.1714285714285714,88.17,15.413333333333332,0.7183333333333332,0.0,0.0,0.0857142857142857,0,Q4,Mid-Low,2024-12,2025-12,1,1,Inactive,1,1,0,0.46153846153846156,3
36,Male,0,17,1,Referral,medium,Cash,Android,4,71.15,25.568181818181817,0.1818181818181818,21.18,12.35,1.7599999999999991,0.3099999999999996,0.0144253140995811,0.0909090909090909,1,Q1,Mid-High,2023-03,2025-10,0,0,Mid-Inactive,0,0,0,0.16613247863247863,4
44,Female,2,6,0,Referral,medium,Debit Card,Web,3,96.44,27.12903225806452,0.064516129032258,21.23,26.0,4.77,0.0,0.0,0.032258064516129,0,Q2,Low,2024-04,2025-11,0,0,Recent,0,0,1,0.3643162393162393,2
41,Male,3,43,0,Organic,high,Digital Wallet,Web,2,165.94,25.27435897435897,0.1025641025641025,24.73,12.76,0.3949999999999996,9.05,0.2679100059206631,0.0512820512820512,0,Q3,Low,2025-09,2025-12,1,1,Inactive,0,0,0,0.34989316239316237,0
47,Other,4,11,0,Organic,medium,Credit Card,Android,6,98.51,27.46,0.1428571428571428,27.41,8.66,1.8075,0.129999999999999,0.0047204066811909,0.1142857142857142,1,Q2,Mid-High,2025-06,2025-12,0,0,Mid-Recent,0,0,1,0.4508547008547008,4
36,Male,4,6,0,Ads,high,Debit Card,Android,7,213.0,24.626785714285717,0.125,33.2,9.686,3.0460000000000003,0.4599999999999999,0.0136660724896018,0.0892857142857142,1,Q4,Mid-High,2024-03,2025-12,0,0,Recent,1,0,1,0.5544871794871795,1
51,Female,2,45,1,Referral,medium,Cash,Web,2,142.69,23.387179487179488,0.2307692307692307,94.85,16.588333333333335,0.7799999999999994,0.379999999999999,0.0039903391788301,0.1538461538461538,1,Q3,High,2023-01,2025-11,1,1,Inactive,0,0,0,0.23183760683760682,0
27,Male,1,24,0,Referral,medium,Cash,Web,8,175.79,26.78813559322034,0.2033898305084746,97.01,14.147777777777778,3.368888888888889,3.0699999999999985,0.0306754596322941,0.1525423728813559,1,Q4,High,2025-06,2025-12,1,0,Mid-Inactive,1,1,0,0.49786324786324787,3
64,Male,5,5,0,Ads,low,Debit Card,Web,4,101.73,23.967441860465115,0.1860465116279069,18.41,15.5,6.295,3.18,0.1472904122278832,0.0465116279069767,0,Q2,Low,2023-08,2025-11,0,0,Recent,0,0,1,0.3947649572649572,2
58,Other,0,31,0,Partnership,high,Debit Card,iOS,1,84.7,25.33,0.1,9.98,13.24,3.26,1.69,0.144815766923736,0.05,0,Q1,Low,2024-05,2025-11,1,1,Inactive,0,0,0,0.4978632478632478,0
59,Female,3,17,0,Referral,low,Cash,iOS,6,83.6,23.388571428571428,0.3142857142857143,90.45,17.571428571428573,4.65,0.0,0.0,0.2,1,Q1,High,2023-12,2025-12,0,0,Mid-Inactive,0,0,0,0.3189102564102564,4
23,Other,1,13,1,Organic,high,Cash,iOS,3,219.74,23.871111111111112,0.2,61.61,16.304000000000002,3.9819999999999993,10.07,0.1404854910714285,0.1111111111111111,1,Q4,Mid-High,2023-05,2025-11,0,0,Mid-Recent,1,0,1,0.41025641025641024,1
50,Female,3,33,0,Referral,low,Debit Card,iOS,3,100.34,25.05,0.1842105263157894,46.85,18.666666666666668,3.0500000000000003,0.0,0.0,0.0789473684210526,0,Q2,Mid-Low,2024-09,2025-12,1,1,Inactive,0,0,0,0.3456196581196581,0
19,Other,11,24,0,Organic,high,Cash,iOS,8,277.42,24.997014925373133,0.1940298507462686,89.83999999999999,12.6575,1.4275000000000004,4.210000000000001,0.0447634237107921,0.1194029850746268,1,Q4,High,2023-03,2025-11,1,0,Mid-Inactive,1,1,0,0.6362179487179487,3
26,Other,2,0,0,Ads,medium,Cash,Android,7,95.28,24.597435897435897,0.2307692307692307,61.44,10.777142857142858,2.0,4.379999999999999,0.0665451230628988,0.1794871794871795,1,Q2,High,2023-08,2025-10,0,0,Recent,0,0,1,0.454059829059829,4
58,Other,0,5,0,Organic,low,Digital Wallet,Web,2,79.06,23.268965517241377,0.2413793103448276,27.84,14.643333333333333,5.363333333333333,8.12,0.2258064516129032,0.1034482758620689,1,Q1,Mid-High,2023-03,2025-12,0,0,Recent,0,0,1,0.4807692307692308,4
64,Female,1,6,0,Ads,high,Cash,Android,4,72.14999999999999,25.041176470588237,0.1764705882352941,43.36,14.093333333333334,-0.3600000000000006,3.1999999999999997,0.0687285223367697,0.1764705882352941,1,Q1,High,2023-07,2025-12,0,0,Recent,0,0,1,0.1794871794871795,4
68,Female,0,4,0,Referral,medium,Credit Card,Android,6,54.77,24.913636363636364,0.1818181818181818,13.26,22.0,8.74,2.19,0.141747572815534,0.0454545454545454,0,Q1,Low,2025-02,2025-11,0,0,Recent,0,0,1,0.22168803418803418,2
22,Male,2,12,1,Referral,medium,Digital Wallet,iOS,8,134.79,22.3531914893617,0.1276595744680851,51.95,14.57,1.5824999999999996,1.0299999999999994,0.0194412986032464,0.0851063829787234,0,Q3,Mid-Low,2025-11,2025-12,0,0,Mid-Recent,0,0,1,0.2174145299145299,2
43,Other,1,3,0,Organic,medium,Credit Card,Web,4,109.73,30.7125,0.09375,43.11,23.5,1.9450000000000005,0.0,0.0,0.0625,0,Q2,Mid-Low,2023-06,2025-11,0,0,Recent,0,0,1,0.4310897435897436,2
66,Female,0,0,0,Ads,medium,Debit Card,iOS,3,140.2,24.30454545454546,0.0909090909090909,35.38,13.496666666666668,1.703333333333333,0.0,0.0,0.0681818181818181,0,Q3,Mid-Low,2023-12,2025-11,0,0,Recent,0,0,1,0.2532051282051282,2
56,Other,3,20,0,Referral,medium,Debit Card,Android,3,75.65,20.33913043478261,0.0869565217391304,2.04,3.18,1.14,0.08,0.0377358490566038,0.0434782608695652,0,Q1,Low,2024-06,2025-12,1,0,Mid-Inactive,0,0,0,0.44818376068376065,2
39,Female,5,140,0,Referral,medium,Credit Card,Android,3,97.51,24.947058823529414,0.1470588235294117,46.57,15.952000000000002,6.638,0.0,0.0,0.1470588235294117,1,Q2,High,2025-08,2025-12,1,1,Inactive,0,0,0,0.46047008547008544,0
62,Other,1,23,1,Ads,high,Cash,Web,14,205.21,23.88888888888889,0.1111111111111111,41.7,13.186000000000002,4.846,1.2799999999999994,0.0297812936249418,0.0925925925925925,1,Q4,Mid-High,2024-06,2025-12,1,0,Mid-Inactive,1,1,0,0.4556623931623931,3
41,Other,5,25,0,Organic,high,Debit Card,Android,5,218.62,27.53673469387755,0.1020408163265306,15.92,11.16,3.2,0.6500000000000004,0.0392275196137598,0.0408163265306122,0,Q4,Low,2023-08,2025-11,1,0,Mid-Inactive,1,1,0,0.3231837606837607,3
45,Female,5,17,0,Referral,low,Credit Card,Web,12,126.73,22.65357142857143,0.1607142857142857,63.98,15.423333333333332,4.760000000000001,1.120000000000001,0.0172043010752688,0.1071428571428571,1,Q3,Mid-High,2024-04,2025-12,0,0,Mid-Inactive,0,0,0,0.4225427350427351,4
45,Male,4,25,0,Ads,medium,Credit Card,Web,6,199.05,25.32033898305085,0.1186440677966101,38.06,15.0725,5.5575,1.88,0.0470706059088632,0.0677966101694915,0,Q4,Mid-Low,2023-10,2025-10,1,0,Mid-Inactive,1,1,0,0.5325854700854701,3
41,Female,0,18,1,Referral,medium,Credit Card,Android,6,207.81,25.093939393939397,0.1818181818181818,54.87,11.134285714285712,3.295714285714286,1.7599999999999998,0.0310789334275119,0.106060606060606,1,Q4,Mid-High,2024-08,2025-12,0,0,Mid-Inactive,1,0,0,0.45833333333333337,1
61,Female,0,1,0,Organic,medium,Debit Card,iOS,1,105.11,25.49655172413793,0.2068965517241379,51.510000000000005,14.365,1.4874999999999998,1.6999999999999995,0.0319488817891373,0.1379310344827586,1,Q2,High,2023-12,2025-11,0,0,Recent,0,0,1,0.5016025641025641,4
67,Male,2,25,1,Organic,medium,Digital Wallet,iOS,1,80.66,24.891666666666666,0.1666666666666666,18.48,22.0,3.52,1.0499999999999998,0.053763440860215,0.0416666666666666,0,Q1,Low,2024-01,2025-10,1,0,Mid-Inactive,0,0,0,0.3552350427350427,0
50,Other,2,43,0,Partnership,low,Credit Card,Android,2,46.4,24.53333333333333,0.1666666666666666,9.88,12.0,2.119999999999999,3.16,0.2423312883435582,0.0555555555555555,0,Q1,Low,2024-05,2025-11,1,1,Inactive,0,0,0,0.3573717948717949,0
45,Other,0,7,0,Ads,low,Digital Wallet,Android,4,88.78,22.946875,0.1875,32.08,13.02,2.3266666666666658,1.5099999999999998,0.0449538553140815,0.09375,1,Q1,Mid-High,2024-01,2025-12,0,0,Recent,0,0,1,0.47275641025641024,4
25,Male,5,8,1,Referral,high,Cash,iOS,5,302.8,26.815942028985507,0.1594202898550724,119.88,15.131,3.143,9.21,0.0713455728561468,0.144927536231884,1,Q4,High,2025-03,2025-12,0,0,Mid-Recent,1,0,1,0.5753205128205128,1
37,Male,6,15,0,Ads,medium,Cash,iOS,1,117.36,24.69736842105263,0.1578947368421052,41.03,14.765,4.5075,0.8900000000000001,0.0212309160305343,0.1052631578947368,1,Q2,Mid-High,2025-08,2025-12,0,0,Mid-Inactive,0,0,0,0.2761752136752137,4
32,Other,2,34,0,Referral,medium,Credit Card,iOS,7,163.3,27.125490196078434,0.2156862745098039,63.09,17.994,5.376,4.0,0.0596214040840661,0.0980392156862745,1,Q3,Mid-High,2025-06,2025-12,1,1,Inactive,0,0,0,0.4706196581196581,0
46,Other,6,4,0,Referral,medium,Digital Wallet,Web,8,117.94,23.026190476190475,0.119047619047619,16.08,22.0,5.920000000000002,6.18,0.2776280323450135,0.0238095238095238,0,Q2,Low,2023-04,2025-10,0,0,Recent,0,0,1,0.5710470085470085,2
63,Male,1,3,0,Organic,medium,Debit Card,iOS,5,89.72,26.53125,0.125,24.73,12.62,0.2549999999999999,0.0,0.0,0.0625,0,Q1,Mid-Low,2025-07,2025-12,0,0,Recent,0,0,1,0.5144230769230769,2
34,Other,4,15,0,Partnership,low,Cash,Web,5,89.99,24.21,0.2,41.17,12.62,2.3275,0.0,0.0,0.1,1,Q1,Mid-High,2023-08,2025-12,0,0,Mid-Inactive,0,0,0,0.548611111111111,4
42,Other,3,35,0,Partnership,medium,Credit Card,Web,2,52.23,26.22941176470588,0.3529411764705882,69.50999999999999,18.806,4.904000000000001,0.0799999999999983,0.0011495904583991,0.2941176470588235,1,Q1,High,2025-01,2025-12,1,1,Inactive,0,0,0,0.3392094017094017,4
27,Other,6,2,0,Partnership,medium,Debit Card,iOS,6,138.03,24.293478260869566,0.1304347826086956,32.16,11.13,3.09,3.870000000000001,0.1074104912572856,0.0869565217391304,0,Q3,Mid-Low,2024-04,2025-12,0,0,Recent,0,0,1,0.5811965811965811,2
54,Male,3,1,0,Referral,medium,Digital Wallet,Web,6,186.42,24.225,0.1333333333333333,88.58000000000001,18.26,3.496666666666666,5.31,0.056555543721376,0.1,1,Q4,Mid-High,2023-08,2025-12,0,0,Recent,1,0,1,0.6340811965811965,1
68,Male,1,5,1,Ads,medium,Credit Card,iOS,3,110.54,27.42285714285714,0.0571428571428571,29.25,15.5,0.8750000000000009,5.25,0.1521739130434782,0.0571428571428571,0,Q2,Low,2024-12,2025-11,0,0,Recent,0,0,1,0.2911324786324786,2
36,Male,1,8,1,Partnership,medium,Credit Card,Android,3,133.63,25.64102564102564,0.1025641025641025,30.23,12.6,2.523333333333333,0.54,0.0175495612609684,0.0769230769230769,0,Q3,Mid-Low,2025-09,2025-12,0,0,Mid-Recent,0,0,1,0.4887820512820512,2
62,Male,3,4,1,Ads,medium,Cash,Web,6,70.02,24.23333333333333,0.037037037037037,0.0,0.0,0.0,0.0,0.0,0.0,0,Q1,Low,2025-04,2025-12,0,0,Recent,0,0,1,0.3333333333333333,2
47,Female,5,23,0,Partnership,high,Debit Card,Web,6,200.26,24.585416666666664,0.2083333333333333,67.6,14.196000000000002,0.6759999999999997,0.0,0.0,0.1041666666666666,1,Q4,Mid-High,2023-12,2025-11,1,0,Mid-Inactive,1,1,0,0.49946581196581197,3
37,Other,6,24,0,Ads,medium,Digital Wallet,Web,4,155.56,25.375,0.1363636363636363,27.27,13.875,0.2400000000000002,5.59,0.1701156421180767,0.0454545454545454,0,Q3,Low,2023-05,2025-11,1,0,Mid-Inactive,0,0,0,0.3990384615384615,2
41,Other,1,5,0,Ads,medium,Credit Card,Android,5,80.25999999999999,22.58333333333333,0.1,25.57,10.44,1.9166666666666656,1.5199999999999996,0.0561092654115909,0.1,1,Q1,Mid-High,2025-02,2025-12,0,0,Recent,0,0,1,0.40865384615384615,4
40,Female,2,37,0,Ads,high,Cash,Android,4,204.29,25.56041666666667,0.1666666666666666,58.43,12.9,3.161666666666666,0.8300000000000001,0.0140060749240634,0.125,1,Q4,High,2025-11,2025-12,1,1,Inactive,1,1,0,0.26335470085470086,3
53,Male,0,83,0,Organic,high,Debit Card,Android,3,248.38,27.03703703703704,0.1111111111111111,36.45,8.904,1.614,0.0099999999999997,0.0002742731760833,0.0925925925925925,1,Q4,Mid-High,2023-06,2025-11,1,1,Inactive,1,1,0,0.4209401709401709,3
23,Other,0,19,0,Partnership,medium,Digital Wallet,Android,4,104.71,28.22702702702703,0.2162162162162162,38.15,8.234,0.6040000000000002,3.65,0.0873205741626794,0.1351351351351351,1,Q2,High,2024-07,2025-10,0,0,Mid-Inactive,0,0,0,0.4732905982905983,4
31,Male,9,35,1,Partnership,high,Credit Card,Web,16,287.73,24.556578947368426,0.0263157894736842,15.13,22.0,6.869999999999999,0.2600000000000002,0.0168940870695256,0.0131578947368421,0,Q4,Low,2025-04,2025-12,1,1,Inactive,1,1,0,0.6469017094017093,3
67,Male,3,18,0,Organic,medium,Credit Card,Android,6,167.19,21.602,0.04,15.19,21.0,5.8100000000000005,8.15,0.3491859468723222,0.02,0,Q4,Low,2023-03,2025-11,0,0,Mid-Inactive,1,0,0,0.43856837606837606,2
67,Female,1,5,0,Ads,medium,Debit Card,Web,1,101.95,24.292857142857144,0.1071428571428571,14.47,14.0,-0.4700000000000006,1.1300000000000008,0.0724358974358974,0.0357142857142857,0,Q2,Low,2024-10,2025-12,0,0,Recent,0,0,1,0.4139957264957265,2
50,Female,4,26,0,Referral,medium,Debit Card,Android,1,94.76,24.94333333333333,0.1,18.47,9.365,0.1299999999999999,3.25,0.1496316758747698,0.0666666666666666,0,Q2,Mid-Low,2023-02,2025-11,1,0,Mid-Inactive,0,0,0,0.4503205128205128,2
18,Male,8,42,0,Partnership,medium,Cash,iOS,6,218.94,25.98769230769231,0.0769230769230769,29.24,10.76,1.013333333333333,0.0,0.0,0.0461538461538461,0,Q4,Low,2024-03,2025-12,1,1,Inactive,1,1,0,0.41933760683760685,3
25,Female,10,36,0,Referral,high,Credit Card,Web,4,293.44,22.633846153846157,0.1384615384615384,44.32,8.738333333333333,1.3516666666666663,0.0,0.0,0.0923076923076923,1,Q4,Mid-High,2024-06,2025-12,1,1,Inactive,1,1,0,0.5026709401709402,3
57,Female,5,2,0,Referral,medium,Credit Card,Android,4,147.17,25.56086956521739,0.1956521739130435,99.62,14.85375,2.40125,5.220000000000001,0.0497901564288439,0.1739130434782608,1,Q3,High,2025-03,2025-12,0,0,Recent,0,0,1,0.49091880341880345,4
21,Other,2,2,0,Referral,medium,Digital Wallet,Web,6,99.9,22.726315789473684,0.2631578947368421,54.66,11.417142857142858,3.608571428571428,2.51,0.0439041455308728,0.1842105263157894,1,Q2,High,2025-02,2025-12,0,0,Recent,0,0,1,0.48450854700854695,4
22,Other,2,6,0,Referral,medium,Cash,Android,2,58.64,27.52608695652174,0.0869565217391304,0.0,0.0,0.0,0.0,0.0,0.0,0,Q1,Low,2025-07,2025-12,0,0,Recent,0,0,1,0.3301282051282051,2
58,Other,3,2,0,Partnership,medium,Cash,Web,3,139.14,23.64871794871795,0.0769230769230769,15.13,7.82,2.776666666666667,0.0,0.0,0.0769230769230769,0,Q3,Mid-Low,2024-06,2025-12,0,0,Recent,0,0,1,0.329059829059829,2
21,Other,4,6,0,Ads,medium,Digital Wallet,Android,4,152.87,25.628888888888888,0.0888888888888888,21.6,9.116666666666667,1.9166666666666663,2.960000000000001,0.1205211726384365,0.0666666666666666,0,Q3,Mid-Low,2025-04,2025-12,0,0,Recent,0,0,1,0.41025641025641024,2
49,Female,0,13,0,Organic,high,Cash,iOS,7,247.24,24.726666666666667,0.1666666666666666,50.4,12.884,2.804,0.2699999999999996,0.0053285968028419,0.0833333333333333,0,Q4,Mid-Low,2024-01,2025-11,0,0,Mid-Recent,1,0,1,0.6479700854700854,1
63,Female,13,39,0,Partnership,high,Cash,Web,17,318.91,24.807407407407407,0.1728395061728395,64.94,12.51,3.2328571428571427,3.4700000000000006,0.050723578424207,0.0864197530864197,0,Q4,Mid-Low,2024-10,2025-12,1,1,Inactive,1,1,0,0.716880341880342,3
56,Male,0,15,0,Referral,medium,Credit Card,Web,3,100.54,24.633333333333333,0.2962962962962963,57.94,14.608,3.02,12.47,0.1771055247834114,0.1851851851851851,1,Q2,High,2025-07,2025-12,0,0,Mid-Inactive,0,0,0,0.4305555555555555,4
64,Other,2,13,0,Partnership,low,Credit Card,iOS,5,69.44,25.25,0.1153846153846153,25.3,14.345,1.6949999999999994,2.58,0.0925394548063127,0.0769230769230769,0,Q1,Mid-Low,2024-08,2025-11,0,0,Mid-Recent,0,0,1,0.41933760683760685,2
62,Other,0,19,0,Organic,medium,Credit Card,Android,3,90.79,28.3,0.1666666666666666,29.33,19.5,4.835000000000001,2.58,0.0808523973675963,0.0666666666666666,0,Q2,Mid-Low,2023-05,2025-09,0,0,Mid-Inactive,0,0,0,0.5405982905982906,2
61,Other,0,45,0,Referral,medium,Debit Card,iOS,5,106.74,25.515384615384612,0.1538461538461538,25.86,10.853333333333332,2.2333333333333334,10.24,0.2836565096952908,0.0769230769230769,0,Q2,Mid-Low,2023-10,2025-12,1,1,Inactive,0,0,0,0.5582264957264956,0
47,Male,1,7,0,Ads,medium,Digital Wallet,Android,5,108.45,24.646341463414632,0.0975609756097561,17.34,12.09,3.4200000000000004,7.35,0.2976913730255164,0.048780487804878,0,Q2,Low,2023-06,2025-11,0,0,Recent,0,0,1,0.37232905982905984,2
30,Female,7,6,0,Referral,medium,Cash,Web,8,190.62,26.52203389830508,0.135593220338983,37.55,14.06,1.543333333333333,3.790000000000001,0.0916787614900822,0.0508474576271186,0,Q4,Low,2023-10,2025-12,0,0,Recent,1,0,1,0.5186965811965812,1
47,Male,9,8,1,Ads,high,Credit Card,iOS,4,298.58,25.29189189189189,0.1216216216216216,60.32,14.418333333333331,4.365,4.07,0.0632085727597453,0.081081081081081,0,Q4,Mid-Low,2024-08,2025-12,0,0,Mid-Recent,1,0,1,0.6591880341880343,1
28,Male,2,9,1,Referral,medium,Debit Card,Android,0,82.83,22.48076923076923,0.0769230769230769,6.0,3.97,0.97,6.06,0.5024875621890548,0.0769230769230769,0,Q1,Mid-Low,2024-08,2025-12,0,0,Mid-Recent,0,0,1,0.4332264957264957,2
50,Other,3,13,0,Ads,medium,Cash,Android,3,140.77,25.17727272727273,0.2045454545454545,45.24,10.394,1.3459999999999996,2.91,0.060436137071651,0.1136363636363636,1,Q3,Mid-High,2024-11,2025-12,0,0,Mid-Recent,0,0,1,0.4476495726495726,4
54,Female,4,0,0,Referral,medium,Debit Card,iOS,4,92.68,27.34857142857143,0.0571428571428571,3.52,6.76,3.24,0.0,0.0,0.0285714285714285,0,Q2,Low,2025-01,2025-12,0,0,Recent,0,0,1,0.43002136752136755,2
22,Other,4,40,1,Organic,low,Digital Wallet,Web,2,107.23,29.03888888888889,0.1388888888888889,24.62,13.38,1.0699999999999992,1.4499999999999993,0.0556194859992328,0.0555555555555555,0,Q2,Low,2024-11,2025-12,1,1,Inactive,0,0,0,0.5176282051282051,0
64,Male,8,2,0,Referral,high,Debit Card,Android,13,347.1,26.53294117647059,0.1411764705882353,80.45,12.71625,2.66,11.739999999999998,0.1273456990996854,0.0941176470588235,1,Q4,Mid-High,2023-01,2025-12,0,0,Recent,1,0,1,0.5048076923076923,1
50,Male,2,36,1,Partnership,medium,Digital Wallet,Android,1,143.65,26.383333333333336,0.0833333333333333,27.01,13.0,3.996666666666666,0.04,0.0014787430683918,0.0625,0,Q3,Mid-Low,2023-01,2025-12,1,1,Inactive,0,0,0,0.43696581196581197,0
33,Female,2,0,0,Organic,high,Credit Card,Android,5,53.96,25.26875,0.25,28.16,13.093333333333334,3.706666666666667,2.1899999999999995,0.072158154859967,0.1875,1,Q1,High,2025-05,2025-11,0,0,Recent,0,0,1,0.1543803418803419,4
52,Male,5,3,1,Partnership,low,Cash,Web,7,101.25,25.8,0.1463414634146341,25.51,10.093333333333334,1.59,1.19,0.0445692883895131,0.073170731707317,0,Q2,Mid-Low,2024-08,2025-12,0,0,Recent,0,0,1,0.23344017094017094,2
28,Male,7,29,0,Referral,medium,Debit Card,Web,4,145.37,24.471428571428568,0.1224489795918367,54.98,15.24,1.4950000000000006,0.0,0.0,0.0816326530612244,0,Q3,Mid-Low,2025-01,2025-12,1,0,Inactive,0,0,0,0.5454059829059829,0
49,Other,1,1,0,Referral,high,Debit Card,Android,5,240.66,25.798076923076923,0.1153846153846153,34.47,9.254,2.3600000000000003,2.5700000000000003,0.0693844492440604,0.0961538461538461,1,Q4,Mid-High,2024-03,2025-12,0,0,Recent,1,0,1,0.5721153846153846,1
44,Male,0,0,0,Partnership,medium,Cash,iOS,4,53.98,26.165,0.0,0.0,0.0,0.0,0.0,0.0,0.0,0,Q1,Low,2023-04,2025-12,0,0,Recent,0,0,1,0.40758547008547,2
32,Other,2,49,1,Referral,low,Debit Card,Web,3,106.32,29.165,0.2,59.69,10.16,1.6328571428571428,2.0,0.0324201653428432,0.175,1,Q2,High,2024-10,2025-12,1,1,Inactive,0,0,0,0.5,0
44,Male,3,31,1,Ads,medium,Cash,Web,6,80.6,25.94814814814815,0.074074074074074,0.0,0.0,0.0,0.0,0.0,0.0,0,Q1,Low,2025-10,2025-12,1,1,Inactive,0,0,0,0.2708333333333333,0
49,Other,1,7,0,Partnership,high,Credit Card,Android,11,234.79,23.24516129032258,0.1451612903225806,84.77,16.433333333333334,2.305,0.69,0.0080739527264217,0.0967741935483871,1,Q4,Mid-High,2025-03,2025-12,0,0,Recent,1,0,1,0.3579059829059829,1
62,Male,0,12,1,Partnership,low,Debit Card,Android,5,92.44,26.82,0.1,22.79,18.0,6.605,0.0,0.0,0.05,0,Q2,Low,2023-02,2025-11,0,0,Mid-Recent,0,0,1,0.2777777777777778,2
67,Male,6,30,1,Organic,medium,Credit Card,Android,2,81.16,21.75483870967742,0.064516129032258,29.08,15.64,1.0999999999999988,6.23,0.1764372698952138,0.064516129032258,0,Q1,Mid-Low,2025-09,2025-12,1,1,Inactive,0,0,0,0.3087606837606837,0
27,Male,4,9,0,Ads,medium,Debit Card,Web,8,78.56,24.15806451612903,0.1290322580645161,14.76,9.73,2.35,0.4200000000000017,0.0276679841897234,0.064516129032258,0,Q1,Mid-Low,2025-03,2025-12,0,0,Mid-Recent,0,0,1,0.3295940170940171,2
38,Other,5,0,0,Referral,medium,Cash,Web,4,92.3,26.815625,0.0625,0.0,0.0,0.0,0.0,0.0,0.0,0,Q2,Low,2023-01,2025-11,0,0,Recent,0,0,1,0.22275641025641024,2
18,Female,1,17,1,Referral,medium,Digital Wallet,Android,4,138.32999999999998,26.94883720930233,0.1860465116279069,66.38,11.79,2.307142857142857,1.0500000000000007,0.0155717039893222,0.1627906976744186,1,Q3,High,2023-10,2025-11,0,0,Mid-Inactive,0,0,0,0.40865384615384615,4
27,Other,7,4,0,Ads,medium,Credit Card,Web,11,110.96,24.20625,0.1458333333333333,70.07,12.965714285714284,2.955714285714286,0.0,0.0,0.1458333333333333,1,Q2,High,2023-10,2025-12,0,0,Recent,0,0,1,0.3814102564102564,4
38,Other,4,10,0,Partnership,medium,Credit Card,Web,3,115.68,24.9,0.2058823529411764,26.5,15.0,6.166666666666667,6.02,0.1851168511685117,0.088235294117647,1,Q2,Mid-High,2023-03,2025-11,0,0,Mid-Recent,0,0,1,0.27297008547008544,4
52,Other,0,2,0,Ads,medium,Cash,Web,4,64.33,22.37826086956522,0.1304347826086956,22.68,15.0,3.66,2.17,0.0873239436619718,0.0869565217391304,0,Q1,Mid-Low,2024-09,2025-12,0,0,Recent,0,0,1,0.36485042735042733,2
52,Female,4,12,0,Ads,medium,Debit Card,iOS,3,70.49,22.496296296296297,0.1481481481481481,23.31,12.76,1.1049999999999995,5.649999999999999,0.1950966850828728,0.074074074074074,0,Q1,Mid-Low,2025-10,2025-12,0,0,Mid-Recent,0,0,1,0.2708333333333333,2
20,Other,2,30,0,Partnership,medium,Digital Wallet,Web,8,67.0,24.3,0.1851851851851851,51.11,15.46,2.6825,5.3,0.0939549725226023,0.1481481481481481,1,Q1,High,2025-06,2025-12,1,1,Inactive,0,0,0,0.18055555555555552,0
59,Male,5,54,0,Organic,medium,Credit Card,Web,6,119.1,24.73076923076923,0.1794871794871795,42.51,14.333333333333334,0.163333333333334,2.12,0.0475016804839793,0.0769230769230769,0,Q2,Mid-Low,2023-08,2025-12,1,1,Inactive,0,0,0,0.4471153846153846,0
36,Female,7,87,1,Partnership,high,Credit Card,Web,11,388.05,23.35,0.1222222222222222,66.03,14.55,1.344,0.0,0.0,0.0555555555555555,0,Q4,Low,2023-09,2025-10,1,1,Inactive,1,1,0,0.6511752136752137,3
23,Female,1,5,0,Ads,low,Cash,Android,4,135.34,25.20212765957447,0.0851063829787234,6.130000000000001,4.04,0.9749999999999996,5.5,0.4729148753224419,0.0425531914893617,0,Q3,Low,2024-11,2025-12,0,0,Recent,0,0,1,0.28685897435897434,2
48,Male,4,3,0,Referral,low,Cash,Android,5,70.62,23.627586206896552,0.1724137931034483,24.54,16.485,4.215,1.3200000000000005,0.0510440835266821,0.0689655172413793,0,Q1,Mid-Low,2023-01,2025-12,0,0,Recent,0,0,1,0.4113247863247863,2
67,Male,2,9,0,Partnership,low,Cash,Web,2,72.28,25.59583333333333,0.2083333333333333,37.29,12.0,2.6775,5.880000000000001,0.1362056984016678,0.1666666666666666,1,Q1,High,2025-03,2025-12,0,0,Mid-Recent,0,0,1,0.45940170940170943,4
49,Female,0,2,0,Partnership,medium,Cash,Web,8,66.01,21.096153846153847,0.1538461538461538,23.55,26.0,2.4499999999999997,1.4700000000000006,0.0587529976019184,0.0384615384615384,0,Q1,Low,2023-11,2025-12,0,0,Recent,0,0,1,0.23878205128205127,2
26,Female,3,32,0,Partnership,medium,Credit Card,Web,6,141.05,22.71666666666667,0.119047619047619,35.09,12.253333333333332,0.5566666666666666,0.9299999999999996,0.0258189894503053,0.0714285714285714,0,Q3,Mid-Low,2023-03,2025-12,1,1,Inactive,0,0,0,0.2932692307692308,0
38,Other,3,3,0,Partnership,medium,Debit Card,Web,4,120.38,21.38918918918919,0.1081081081081081,21.18,13.0,2.41,2.91,0.1207970112079701,0.054054054054054,0,Q2,Low,2023-12,2025-12,0,0,Recent,0,0,1,0.3969017094017094,2
41,Male,1,9,0,Referral,medium,Digital Wallet,Android,7,107.56,25.427027027027027,0.081081081081081,19.58,19.0,-0.5799999999999983,1.4399999999999995,0.0685061845861084,0.027027027027027,0,Q2,Low,2024-02,2025-12,0,0,Mid-Recent,0,0,1,0.34134615384615385,2
64,Other,5,0,0,Partnership,low,Credit Card,iOS,6,98.63,24.2125,0.125,12.28,7.88,1.739999999999999,2.719999999999999,0.1813333333333332,0.05,0,Q2,Low,2023-11,2025-12,0,0,Recent,0,0,1,0.4722222222222222,2
28,Female,2,41,1,Organic,high,Digital Wallet,Android,8,295.22,22.36231884057971,0.1304347826086956,54.92,17.06,3.33,0.77,0.0138265397737475,0.0579710144927536,0,Q4,Mid-Low,2025-04,2025-12,1,1,Inactive,1,1,0,0.4294871794871795,3
29,Other,4,91,1,Partnership,medium,Cash,iOS,6,193.74,25.1984126984127,0.2063492063492063,97.97,12.259,2.462,3.4000000000000004,0.033540495215547,0.1587301587301587,1,Q4,High,2024-03,2025-11,1,1,Inactive,1,1,0,0.6469017094017094,3
40,Other,0,46,0,Ads,medium,Debit Card,Web,2,9.52,30.44,0.0,0.0,0.0,0.0,0.0,0.0,0.0,0,Q1,Low,2023-04,2025-12,1,1,Inactive,0,0,0,0.3782051282051282,0
61,Other,8,5,0,Partnership,medium,Debit Card,iOS,4,232.82,22.58695652173913,0.1594202898550724,68.88,14.968,1.1919999999999995,4.700000000000001,0.0638760532753465,0.072463768115942,0,Q4,Mid-Low,2025-06,2025-12,0,0,Recent,1,0,1,0.6239316239316239,1
54,Male,1,22,0,Partnership,medium,Debit Card,Android,11,103.72,26.307894736842105,0.2105263157894736,70.56,12.502857142857142,2.4228571428571426,2.6500000000000004,0.0361972408140964,0.1842105263157894,1,Q2,High,2024-05,2025-11,1,0,Mid-Inactive,0,0,0,0.22756410256410253,4
61,Other,2,18,0,Ads,high,Digital Wallet,Web,10,195.05,26.11372549019608,0.196078431372549,38.49,18.33333333333333,5.503333333333333,0.5999999999999996,0.0153491941673062,0.0588235294117647,0,Q4,Mid-Low,2025-05,2025-12,0,0,Mid-Inactive,1,0,0,0.5261752136752137,1
29,Female,4,7,0,Ads,low,Debit Card,Android,5,93.24,25.00857142857143,0.1142857142857142,38.13,14.99,2.28,0.0,0.0,0.0857142857142857,0,Q2,Mid-Low,2023-07,2025-10,0,0,Recent,0,0,1,0.33974358974358976,2
32,Other,3,10,1,Organic,medium,Digital Wallet,iOS,5,47.32,24.573684210526316,0.1052631578947368,22.53,15.64,4.374999999999999,4.949999999999999,0.1801310043668122,0.1052631578947368,1,Q1,Mid-High,2025-09,2025-12,0,0,Mid-Recent,0,0,1,0.30608974358974356,4
50,Male,5,80,1,Organic,medium,Digital Wallet,iOS,7,212.94,25.20483870967742,0.0806451612903225,62.28,19.1875,3.6175,1.4300000000000002,0.0224454559723748,0.064516129032258,0,Q4,Mid-Low,2023-07,2025-12,1,1,Inactive,1,1,0,0.4967948717948718,3
51,Female,5,29,0,Organic,low,Credit Card,Web,5,142.54,22.57755102040816,0.2040816326530612,30.33,22.0,6.835000000000001,0.0,0.0,0.0408163265306122,0,Q3,Low,2023-01,2025-11,1,0,Inactive,0,0,0,0.35096153846153844,0
66,Female,3,6,0,Organic,medium,Debit Card,iOS,3,100.43,22.07272727272727,0.1818181818181818,13.32,5.306666666666667,0.8666666666666667,0.0,0.0,0.0909090909090909,1,Q2,Mid-High,2024-12,2025-12,0,0,Recent,0,0,1,0.4006410256410256,4
37,Other,7,20,0,Referral,medium,Credit Card,Android,4,208.94,26.548333333333336,0.1666666666666666,89.89,16.147142857142857,3.3057142857142856,3.29,0.0353080060098733,0.1166666666666666,1,Q4,High,2024-11,2025-12,1,0,Mid-Inactive,1,1,0,0.6688034188034189,3
48,Male,1,1,0,Ads,medium,Digital Wallet,Web,5,53.22,26.956521739130437,0.217391304347826,20.17,13.0,2.915,4.79,0.1919070512820512,0.0869565217391304,0,Q1,Mid-Low,2024-06,2025-12,0,0,Recent,0,0,1,0.42040598290598286,2
35,Male,2,10,0,Organic,medium,Debit Card,Android,4,102.68,26.44333333333333,0.1666666666666666,43.24,12.63,1.8200000000000005,6.0600000000000005,0.122920892494929,0.1333333333333333,1,Q2,High,2023-11,2025-12,0,0,Mid-Recent,0,0,1,0.41559829059829057,4
23,Female,7,2,0,Partnership,medium,Credit Card,Android,6,165.65,23.789285714285715,0.1428571428571428,41.97,16.666666666666668,2.6766666666666663,4.299999999999999,0.092932785822347,0.0535714285714285,0,Q3,Low,2023-08,2025-12,0,0,Recent,0,0,1,0.5614316239316239,2
30,Male,0,11,0,Ads,medium,Digital Wallet,Web,11,139.71,25.230188679245284,0.2075471698113207,49.64,11.994,2.066,1.99,0.0385434824714313,0.0943396226415094,1,Q3,Mid-High,2025-01,2025-12,0,0,Mid-Recent,0,0,1,0.5,4
44,Female,1,1,0,Ads,medium,Cash,Android,4,114.05,21.83125,0.1875,19.08,14.0,4.46,0.0,0.0,0.0625,0,Q2,Mid-Low,2023-04,2025-11,0,0,Recent,0,0,1,0.45192307692307687,2
20,Male,3,26,0,Ads,medium,Credit Card,Android,9,158.22,25.289285714285715,0.1071428571428571,42.41,13.0775,2.474999999999999,10.510000000000002,0.1986016628873771,0.0714285714285714,0,Q3,Mid-Low,2025-04,2025-12,1,0,Mid-Inactive,0,0,0,0.5822649572649573,2
20,Female,10,7,0,Partnership,high,Cash,Web,11,357.33,25.745652173913044,0.1195652173913043,47.63,11.75,3.811666666666667,4.539999999999999,0.0870231934061721,0.0652173913043478,0,Q4,Mid-Low,2024-08,2025-12,0,0,Recent,1,0,1,0.7847222222222222,1
25,Other,4,45,0,Referral,medium,Debit Card,Android,10,82.73,24.25,0.0294117647058823,21.97,20.0,-1.9699999999999989,0.8699999999999992,0.0380910683012258,0.0294117647058823,0,Q1,Low,2025-04,2025-12,1,1,Inactive,0,0,0,0.43963675213675213,0
35,Female,9,20,0,Ads,high,Digital Wallet,Android,9,255.91,27.21692307692308,0.1538461538461538,48.73,9.574285714285711,2.6128571428571425,5.280000000000001,0.0977596741344195,0.1076923076923077,1,Q4,Mid-High,2024-10,2025-12,1,0,Mid-Inactive,1,1,0,0.40544871794871795,3
26,Female,0,2,0,Partnership,medium,Credit Card,Android,9,175.72,26.807407407407407,0.1851851851851851,32.04,12.6,1.9199999999999997,0.2400000000000002,0.0074349442379182,0.0555555555555555,0,Q4,Low,2025-06,2025-12,0,0,Recent,1,0,1,0.5251068376068376,1
50,Female,0,44,0,Partnership,medium,Digital Wallet,Android,1,0.46,28.4,1.0,16.66,22.0,5.34,7.119999999999999,0.2994112699747687,1.0,1,Q1,High,2024-12,2025-09,1,1,Inactive,0,0,0,0.09027777777777776,4
26,Female,4,0,0,Organic,medium,Digital Wallet,Web,5,125.07,24.34,0.1,32.980000000000004,12.59,4.345,3.08,0.0854132002218524,0.1,1,Q3,Mid-High,2024-02,2025-12,0,0,Recent,0,0,1,0.29166666666666663,4
64,Other,0,6,0,Organic,medium,Digital Wallet,Web,8,152.19,23.809615384615384,0.173076923076923,88.89,14.177142857142856,1.4785714285714284,1.42,0.0157236186468829,0.1346153846153846,1,Q3,High,2025-01,2025-12,0,0,Recent,0,0,1,0.6068376068376068,4
36,Male,2,9,0,Organic,medium,Credit Card,iOS,1,50.66,19.88,0.2,26.39,19.0,5.805,0.629999999999999,0.0233160621761657,0.1333333333333333,1,Q1,High,2023-09,2025-11,0,0,Mid-Recent,0,0,1,0.30982905982905984,4
39,Male,2,21,0,Referral,low,Credit Card,iOS,4,121.16,23.16744186046512,0.0930232558139534,31.59,15.656666666666666,5.126666666666667,0.0,0.0,0.0697674418604651,0,Q2,Mid-Low,2023-01,2025-12,1,0,Mid-Inactive,0,0,0,0.4572649572649572,0
37,Female,3,36,0,Ads,medium,Credit Card,iOS,2,160.82,25.51086956521739,0.1521739130434782,55.91,14.0,2.8180000000000005,1.3899999999999988,0.0242582897033158,0.108695652173913,1,Q3,Mid-High,2024-01,2025-12,1,1,Inactive,0,0,0,0.5742521367521367,0
59,Male,5,18,1,Organic,medium,Credit Card,iOS,6,181.73,24.31132075471698,0.1320754716981132,88.34,19.331666666666667,4.608333333333333,0.0,0.0,0.1132075471698113,1,Q4,Mid-High,2023-04,2025-11,0,0,Mid-Inactive,1,0,0,0.3125,1
38,Female,5,36,0,Referral,high,Debit Card,Web,3,189.62,26.004444444444445,0.0666666666666666,4.05,4.76,0.71,3.69,0.4767441860465116,0.0222222222222222,0,Q4,Low,2024-06,2025-12,1,1,Inactive,1,1,0,0.5699786324786325,3
53,Other,7,0,0,Referral,low,Digital Wallet,Android,6,129.06,29.606,0.16,71.06,11.177142857142856,1.0257142857142854,7.26,0.0926966292134831,0.14,1,Q3,High,2023-04,2025-12,0,0,Recent,0,0,1,0.26495726495726496,4
51,Other,2,45,0,Partnership,medium,Cash,iOS,3,121.6,27.44,0.175,41.53,11.09,0.7074999999999998,1.38,0.0321603355861104,0.1,1,Q3,Mid-High,2025-02,2025-12,1,1,Inactive,0,0,0,0.42361111111111105,0
62,Male,4,94,0,Partnership,low,Cash,Web,6,107.72,23.95675675675676,0.1621621621621621,43.41,14.6875,3.835,0.0,0.0,0.1081081081081081,1,Q2,Mid-High,2024-06,2025-11,1,1,Inactive,0,0,0,0.32745726495726496,0
59,Female,2,17,0,Referral,medium,Debit Card,Android,4,49.03,24.928571428571427,0.1904761904761904,39.52,15.94,6.0600000000000005,5.050000000000001,0.1133049136190262,0.1904761904761904,1,Q1,High,2023-02,2025-11,0,0,Mid-Inactive,0,0,0,0.25213675213675213,4
65,Other,1,49,1,Organic,medium,Digital Wallet,iOS,3,106.17,23.99142857142857,0.1428571428571428,7.19,5.109999999999999,1.515,7.6,0.5138607167004733,0.0571428571428571,0,Q2,Low,2025-02,2025-11,1,1,Inactive,0,0,0,0.5064102564102564,0
51,Male,7,6,0,Referral,high,Debit Card,iOS,7,157.68,24.064444444444447,0.0888888888888888,9.36,7.869999999999999,3.1899999999999995,9.11,0.4932322685435842,0.0444444444444444,0,Q3,Low,2024-12,2025-12,0,0,Recent,0,0,1,0.5213675213675213,2
26,Male,8,12,0,Referral,high,Digital Wallet,Web,10,206.22,26.22280701754386,0.1052631578947368,19.22,11.0,1.3899999999999997,0.0,0.0,0.0350877192982456,0,Q4,Low,2023-11,2025-12,0,0,Mid-Recent,1,0,1,0.5379273504273504,1
21,Female,0,30,1,Referral,high,Debit Card,Android,1,247.0,25.943859649122807,0.1228070175438596,55.92,12.088333333333331,2.768333333333333,6.109999999999999,0.0985007254554247,0.1052631578947368,1,Q4,Mid-High,2023-07,2025-11,1,1,Inactive,1,1,0,0.4823717948717948,3
49,Male,9,54,1,Partnership,medium,Digital Wallet,iOS,5,172.81,23.303448275862067,0.1206896551724138,29.42,13.773333333333332,3.9666666666666672,6.48,0.1805013927576602,0.0517241379310344,0,Q4,Low,2023-06,2025-12,1,1,Inactive,1,1,0,0.4797008547008547,3
28,Female,0,1,0,Referral,medium,Cash,iOS,4,91.24,23.50625,0.25,47.3,17.333333333333332,1.5666666666666658,1.89,0.0384224435860947,0.09375,1,Q2,Mid-High,2023-03,2025-09,0,0,Recent,0,0,1,0.41025641025641024,4
40,Female,7,5,0,Organic,medium,Digital Wallet,Web,8,224.08,25.224615384615383,0.123076923076923,68.64,17.6,3.872,0.8899999999999997,0.0128002301164964,0.0769230769230769,0,Q4,Mid-Low,2024-06,2025-11,0,0,Recent,1,0,1,0.43322649572649574,1
53,Other,6,7,0,Partnership,medium,Debit Card,Android,8,110.03,24.16,0.125,6.71,13.24,6.53,0.9099999999999996,0.1194225721784776,0.025,0,Q2,Low,2023-05,2025-11,0,0,Recent,0,0,1,0.4097222222222222,2
54,Male,1,5,0,Ads,medium,Credit Card,Web,5,128.05,27.115,0.225,46.64,12.472,3.144,1.88,0.0387469084913437,0.125,1,Q3,High,2025-10,2025-12,0,0,Recent,0,0,1,0.22916666666666666,4
42,Other,3,18,0,Referral,low,Cash,iOS,4,60.39,25.192,0.12,18.3,20.0,1.6999999999999993,5.84,0.2419221209610604,0.04,0,Q1,Low,2025-08,2025-12,0,0,Mid-Inactive,0,0,0,0.4567307692307692,2
29,Other,3,25,0,Referral,medium,Cash,iOS,5,130.3,25.43255813953488,0.1395348837209302,51.95,15.112,4.722,0.0,0.0,0.1162790697674418,1,Q3,Mid-High,2025-10,2025-12,1,0,Mid-Inactive,0,0,0,0.34615384615384615,4
47,Other,9,6,0,Ads,high,Cash,Web,11,335.11,28.74,0.0933333333333333,43.42,10.133333333333333,2.8966666666666665,8.28,0.1601547388781431,0.08,0,Q4,Mid-Low,2024-03,2025-12,0,0,Recent,1,0,1,0.46901709401709407,1
54,Other,6,0,0,Referral,medium,Digital Wallet,iOS,8,179.39,24.68035714285714,0.1607142857142857,79.45,15.695,2.453333333333333,2.5700000000000003,0.0313338210192635,0.1071428571428571,1,Q4,Mid-High,2024-05,2025-12,0,0,Recent,1,0,1,0.6586538461538461,1
27,Other,1,23,0,Partnership,medium,Debit Card,iOS,3,200.43,27.343859649122805,0.0701754385964912,35.49,17.26,5.43,0.0,0.0,0.0526315789473684,0,Q4,Low,2023-07,2025-12,1,0,Mid-Inactive,1,1,0,0.4198717948717948,3
38,Other,1,4,0,Organic,low,Debit Card,Web,6,166.65,25.003225806451614,0.2096774193548387,68.69,11.745,3.15875,1.1300000000000008,0.0161844743626468,0.1290322580645161,1,Q4,High,2025-01,2025-11,0,0,Recent,1,0,1,0.344017094017094,1
27,Male,1,11,0,Organic,medium,Digital Wallet,Web,2,88.39,22.855172413793102,0.1724137931034483,51.620000000000005,15.26,2.3549999999999995,6.5600000000000005,0.1127535235476108,0.1379310344827586,1,Q1,High,2025-01,2025-12,0,0,Mid-Recent,0,0,1,0.24465811965811968,4
68,Other,1,1,0,Organic,medium,Digital Wallet,Android,5,188.14,27.92105263157895,0.2280701754385964,145.8,17.305555555555557,1.1055555555555554,9.29,0.0599007028177187,0.1578947368421052,1,Q4,High,2024-03,2025-12,0,0,Recent,1,0,1,0.4198717948717948,1
25,Female,1,0,0,Partnership,low,Debit Card,iOS,7,125.46,25.8125,0.2291666666666666,48.57,11.446,1.732,6.18,0.1128767123287671,0.1041666666666666,1,Q3,Mid-High,2024-03,2025-11,0,0,Recent,0,0,1,0.5827991452991452,4
36,Male,0,3,0,Organic,low,Digital Wallet,Android,1,52.04,19.49411764705882,0.2941176470588235,31.08,12.926666666666668,2.566666666666667,8.95,0.2235823132650511,0.1764705882352941,1,Q1,High,2025-04,2025-11,0,0,Recent,0,0,1,0.3322649572649572,4
67,Female,0,6,1,Ads,medium,Cash,Web,5,53.3,22.095,0.15,4.22,4.76,0.54,4.93,0.5387978142076503,0.05,0,Q1,Low,2024-10,2025-11,0,0,Recent,0,0,1,0.4006410256410256,2
46,Male,2,13,0,Ads,medium,Cash,iOS,3,105.38,22.785714285714285,0.2571428571428571,44.04,14.586666666666666,-0.0933333333333334,6.529999999999999,0.129127941467273,0.0857142857142857,0,Q2,Mid-Low,2023-11,2025-12,0,0,Mid-Recent,0,0,1,0.30502136752136755,2
21,Female,1,63,0,Partnership,medium,Cash,Web,5,134.65,25.8531914893617,0.1489361702127659,47.79,12.848,3.29,7.98,0.14308768154922,0.1063829787234042,1,Q3,Mid-High,2025-03,2025-12,1,1,Inactive,0,0,0,0.32852564102564097,0
31,Female,1,9,0,Ads,high,Debit Card,iOS,8,207.77,26.406,0.06,33.08,17.62,1.0799999999999992,1.38,0.0400464306442251,0.04,0,Q4,Low,2023-06,2025-11,0,0,Mid-Recent,1,0,1,0.4107905982905983,1
19,Other,1,9,0,Ads,medium,Digital Wallet,Android,2,105.8,24.54516129032258,0.2580645161290322,41.37,10.385,0.0424999999999999,0.91,0.021523178807947,0.1290322580645161,1,Q2,High,2024-12,2025-12,0,0,Mid-Recent,0,0,1,0.5101495726495726,4
53,Male,0,13,1,Referral,high,Credit Card,Android,8,280.78,23.153623188405795,0.1304347826086956,79.17,16.576,0.7419999999999998,0.0,0.0,0.072463768115942,0,Q4,Mid-Low,2025-05,2025-12,0,0,Mid-Recent,1,0,1,0.7003205128205128,1
49,Other,7,33,1,Partnership,medium,Digital Wallet,Web,1,111.15,25.87297297297297,0.2162162162162162,123.35,19.66714285714286,2.0457142857142854,2.91,0.0230476793917313,0.1891891891891892,1,Q2,High,2023-03,2025-10,1,1,Inactive,0,0,0,0.5288461538461539,0
62,Other,6,38,0,Organic,medium,Debit Card,iOS,4,183.15,26.67142857142857,0.2653061224489796,96.64,10.922,1.258,1.6199999999999997,0.016486871565235,0.2040816326530612,1,Q4,High,2023-09,2025-11,1,1,Inactive,1,1,0,0.44818376068376065,3
43,Male,2,0,0,Ads,medium,Credit Card,Android,5,138.87,25.92708333333333,0.1458333333333333,58.55,14.206,2.4960000000000004,0.25,0.0042517006802721,0.1041666666666666,1,Q3,Mid-High,2024-04,2025-12,0,0,Recent,0,0,1,0.4786324786324786,4
33,Female,4,39,0,Organic,medium,Credit Card,Android,9,75.7,27.783870967741933,0.1612903225806451,31.59,12.6,2.07,7.34,0.188543539686617,0.0967741935483871,1,Q1,Mid-High,2025-10,2025-12,1,1,Inactive,0,0,0,0.2601495726495726,0
40,Male,2,7,0,Referral,high,Credit Card,iOS,4,215.27,25.3531914893617,0.1489361702127659,50.45,13.04,2.95,5.3100000000000005,0.0952295552367288,0.1063829787234042,1,Q4,Mid-High,2024-06,2025-12,0,0,Recent,1,0,1,0.5854700854700854,1
28,Other,3,16,0,Referral,medium,Credit Card,Android,8,97.13,22.422857142857143,0.1714285714285714,39.31,13.5075,3.68,3.7200000000000006,0.0864513130374157,0.1142857142857142,1,Q2,Mid-High,2025-01,2025-11,0,0,Mid-Inactive,0,0,0,0.49946581196581197,4
48,Female,4,1,0,Referral,medium,Debit Card,iOS,6,104.98,26.15,0.0833333333333333,3.32,4.76,1.44,7.22,0.6850094876660342,0.0277777777777777,0,Q2,Low,2024-01,2025-12,0,0,Recent,0,0,1,0.281517094017094,2
44,Female,0,20,0,Ads,medium,Cash,iOS,7,67.51,23.578571428571426,0.1428571428571428,15.03,8.004999999999999,0.4899999999999999,2.66,0.1503674392312041,0.0714285714285714,0,Q1,Mid-Low,2023-09,2025-12,1,0,Mid-Inactive,0,0,0,0.46955128205128205,2
25,Male,3,35,0,Referral,medium,Debit Card,Web,1,103.3,22.593939393939397,0.2121212121212121,61.77,16.253333333333334,5.958333333333333,1.7599999999999998,0.0277034471903037,0.1818181818181818,1,Q2,High,2023-05,2025-11,1,1,Inactive,0,0,0,0.3520299145299145,0
25,Male,7,21,0,Referral,medium,Cash,Android,6,223.93,28.13088235294118,0.1470588235294117,39.66,12.196000000000002,4.264,4.960000000000001,0.1111609143881667,0.0735294117647058,0,Q4,Mid-Low,2024-09,2025-12,1,0,Mid-Inactive,1,1,0,0.5779914529914529,3
66,Other,8,17,0,Referral,low,Credit Card,Web,6,146.72,23.766037735849054,0.1509433962264151,64.23,14.303999999999998,1.4580000000000002,0.0,0.0,0.0943396226415094,1,Q3,Mid-High,2023-02,2025-10,0,0,Mid-Inactive,0,0,0,0.38888888888888884,4
25,Male,9,0,0,Partnership,high,Credit Card,iOS,10,302.22,25.21710526315789,0.1447368421052631,81.55,14.148571428571428,2.498571428571428,6.59,0.07476741547538,0.0921052631578947,1,Q4,Mid-High,2025-09,2025-12,0,0,Recent,1,0,1,0.35523504273504275,1
20,Male,5,50,1,Partnership,medium,Debit Card,Web,0,124.16,25.889473684210525,0.0526315789473684,45.68000000000001,26.0,3.1599999999999984,4.82,0.0954455445544554,0.0526315789473684,0,Q3,Low,2023-08,2025-12,1,1,Inactive,0,0,0,0.2761752136752137,0
60,Other,5,12,0,Ads,medium,Debit Card,Web,3,115.18,27.26923076923077,0.1538461538461538,21.52,12.23,1.4700000000000009,5.510000000000002,0.2038475767665557,0.0512820512820512,0,Q2,Low,2024-09,2025-12,0,0,Mid-Recent,0,0,1,0.5373931623931624,2
20,Female,2,12,0,Partnership,medium,Cash,Android,6,175.19,24.70892857142857,0.0714285714285714,9.85,4.97,0.0450000000000001,2.01,0.169477234401349,0.0357142857142857,0,Q4,Low,2024-01,2025-12,0,0,Mid-Recent,1,0,1,0.5336538461538461,2
52,Male,4,15,1,Partnership,medium,Digital Wallet,Web,3,109.2,27.05806451612903,0.064516129032258,0.0,0.0,0.0,0.0,0.0,0.0,0,Q2,Low,2025-01,2025-12,0,0,Mid-Inactive,0,0,0,0.1907051282051282,2
27,Female,4,4,1,Referral,high,Credit Card,Android,1,117.04,24.44074074074074,0.2592592592592592,34.53,10.32,3.414,3.5799999999999983,0.0939385987929676,0.1851851851851851,1,Q2,High,2024-04,2025-12,0,0,Recent,0,0,1,0.4236111111111111,4
68,Other,1,2,0,Ads,high,Digital Wallet,iOS,2,134.05,25.07741935483871,0.1935483870967742,50.46,16.57,3.955,10.9,0.1776401564537157,0.1290322580645161,1,Q3,High,2025-10,2025-12,0,0,Recent,0,0,1,0.16987179487179485,4
60,Female,3,32,0,Ads,medium,Digital Wallet,Android,4,48.27,24.1,0.1666666666666666,48.28,25.5,1.3600000000000012,0.4599999999999999,0.0094378334017234,0.1111111111111111,1,Q1,Mid-High,2024-04,2025-12,1,1,Inactive,0,0,0,0.3782051282051282,0
19,Other,4,5,1,Organic,medium,Digital Wallet,Web,5,174.74,25.081818181818186,0.2,74.75,14.921666666666669,2.4633333333333334,3.700000000000001,0.047163798597833,0.109090909090909,1,Q4,Mid-High,2024-03,2025-11,0,0,Recent,1,0,1,0.4807692307692308,1
68,Male,0,43,0,Ads,low,Digital Wallet,iOS,1,91.19,23.873529411764707,0.088235294117647,43.24,15.839999999999998,1.4266666666666663,10.99,0.2026553568135718,0.088235294117647,1,Q2,Mid-High,2025-07,2025-12,1,1,Inactive,0,0,0,0.37713675213675213,0
49,Male,0,18,0,Ads,medium,Cash,iOS,6,57.65,22.65416666666667,0.0416666666666666,15.32,13.97,-1.3499999999999996,0.0,0.0,0.0416666666666666,0,Q1,Low,2024-11,2025-12,0,0,Mid-Inactive,0,0,0,0.17467948717948717,2
35,Male,0,11,0,Organic,medium,Digital Wallet,Web,7,120.44,23.124324324324323,0.027027027027027,0.0,0.0,0.0,0.0,0.0,0.0,0,Q2,Low,2023-10,2025-11,0,0,Mid-Recent,0,0,1,0.5080128205128205,2
42,Female,5,30,0,Ads,medium,Credit Card,Android,3,96.61,28.227272727272727,0.1818181818181818,30.4,16.0,0.7999999999999998,0.0700000000000002,0.0022973416475221,0.0606060606060606,0,Q2,Mid-Low,2023-12,2025-12,1,1,Inactive,0,0,0,0.5395299145299146,0
65,Male,4,10,0,Ads,high,Cash,iOS,7,140.04,24.45675675675676,0.1081081081081081,35.54,15.26,3.4133333333333327,2.66,0.0696335078534031,0.081081081081081,0,Q3,Mid-Low,2023-04,2025-10,0,0,Mid-Recent,0,0,1,0.23023504273504272,2
25,Female,3,51,0,Partnership,low,Debit Card,Web,4,81.32000000000001,24.313333333333333,0.1333333333333333,12.03,11.75,-0.2799999999999993,0.6500000000000004,0.0512618296529968,0.0333333333333333,0,Q1,Low,2024-11,2025-11,1,1,Inactive,0,0,0,0.31837606837606836,0
35,Male,0,13,0,Referral,low,Cash,Web,2,31.05,28.05,0.0714285714285714,0.0,0.0,0.0,0.0,0.0,0.0,0,Q1,Low,2024-02,2025-10,0,0,Mid-Recent,0,0,1,0.09722222222222222,2
45,Female,9,31,0,Partnership,high,Debit Card,iOS,8,220.99,26.28793103448276,0.1724137931034483,66.8,20.4375,3.7375,0.75,0.0111028867505551,0.0689655172413793,0,Q4,Mid-Low,2024-11,2025-12,1,1,Inactive,1,1,0,0.4449786324786325,3
36,Other,3,4,0,Organic,medium,Digital Wallet,Android,3,194.09,23.312727272727276,0.0909090909090909,16.35,13.345,5.17,3.54,0.1779788838612368,0.0363636363636363,0,Q4,Low,2023-03,2025-11,0,0,Recent,1,0,1,0.5154914529914529,2
61,Other,5,62,0,Ads,medium,Digital Wallet,iOS,0,164.93,28.724444444444444,0.1555555555555555,22.89,10.403333333333334,2.773333333333333,3.67,0.1381777108433735,0.0666666666666666,0,Q3,Mid-Low,2024-03,2025-12,1,1,Inactive,0,0,0,0.5352564102564102,0
21,Male,4,9,0,Organic,medium,Cash,Android,0,181.48,24.16851851851852,0.1851851851851851,49.22,11.328333333333331,3.1250000000000004,1.59,0.0312930525487108,0.1111111111111111,1,Q4,Mid-High,2024-09,2025-12,0,0,Mid-Recent,1,0,1,0.657051282051282,1
67,Other,3,88,0,Organic,medium,Cash,Android,2,98.23,22.91290322580645,0.064516129032258,13.38,22.0,8.62,1.34,0.0910326086956521,0.032258064516129,0,Q2,Low,2025-03,2025-12,1,1,Inactive,0,0,0,0.4129273504273504,0
22,Female,6,3,0,Organic,medium,Digital Wallet,Android,6,131.78,26.477777777777774,0.1333333333333333,34.190000000000005,11.285,2.7375,8.81,0.2048837209302325,0.0888888888888888,1,Q3,Mid-High,2024-08,2025-11,0,0,Recent,0,0,1,0.5491452991452992,4
29,Male,1,20,0,Partnership,low,Credit Card,iOS,8,74.04,25.03333333333333,0.1212121212121212,19.63,10.993333333333334,4.45,5.350000000000001,0.2141713370696557,0.0909090909090909,1,Q1,Mid-High,2024-05,2025-12,1,0,Mid-Inactive,0,0,0,0.5395299145299146,0
47,Female,4,9,0,Referral,medium,Credit Card,Web,7,153.99,26.825000000000003,0.1346153846153846,42.68,14.14,3.47,2.7600000000000016,0.0607394366197183,0.0769230769230769,0,Q3,Mid-Low,2025-10,2025-12,0,0,Mid-Recent,0,0,1,0.28739316239316237,2
67,Male,4,2,1,Referral,high,Debit Card,iOS,7,376.22,23.10581395348837,0.1395348837209302,96.68,19.125,3.0116666666666667,0.9899999999999998,0.0101361728268659,0.0697674418604651,0,Q4,Mid-Low,2024-03,2025-12,0,0,Recent,1,0,1,0.7868589743589743,1
53,Male,1,11,0,Partnership,low,Cash,Android,3,146.61,23.19787234042553,0.1489361702127659,53.54,13.898,3.1899999999999995,1.1800000000000002,0.0215643274853801,0.1063829787234042,1,Q3,Mid-High,2025-08,2025-12,0,0,Mid-Recent,0,0,1,0.5368589743589743,4
49,Male,6,1,0,Referral,high,Credit Card,Web,6,213.38,24.95714285714286,0.2244897959183673,105.5,20.33333333333333,2.75,1.4400000000000013,0.0134654946699083,0.1224489795918367,1,Q4,High,2023-08,2025-11,0,0,Recent,1,0,1,0.42040598290598286,1
64,Other,4,3,1,Partnership,high,Credit Card,iOS,7,229.39,28.226785714285715,0.25,110.38,12.327,1.289,0.0,0.0,0.1785714285714285,1,Q4,High,2024-07,2025-12,0,0,Recent,1,0,1,0.6169871794871795,1
19,Other,1,62,1,Organic,medium,Credit Card,Android,4,75.81,23.042857142857144,0.1785714285714285,25.93,10.76,2.1166666666666667,1.2200000000000006,0.0449355432780847,0.1071428571428571,1,Q1,Mid-High,2025-03,2025-11,1,1,Inactive,0,0,0,0.39316239316239315,0
30,Other,4,8,0,Partnership,high,Cash,iOS,12,322.16,25.33846153846154,0.0897435897435897,96.28,14.922857142857143,1.1685714285714288,3.4399999999999995,0.0344965904532691,0.0897435897435897,1,Q4,Mid-High,2024-06,2025-12,0,0,Mid-Recent,1,0,1,0.43322649572649574,1
21,Female,2,0,0,Organic,medium,Credit Card,iOS,7,125.07,25.558536585365857,0.2439024390243902,76.09,12.3975,2.88625,4.16,0.0518380062305295,0.1951219512195122,1,Q3,High,2024-05,2025-11,0,0,Recent,0,0,1,0.5945512820512819,4
41,Other,5,9,0,Partnership,medium,Digital Wallet,iOS,6,98.15,23.07714285714286,0.2571428571428571,41.39,13.82,3.4725,6.959999999999999,0.1439503619441571,0.1142857142857142,1,Q2,Mid-High,2024-05,2025-11,0,0,Mid-Recent,0,0,1,0.33279914529914534,4
29,Male,3,115,1,Referral,low,Credit Card,Web,6,74.01,25.24642857142857,0.25,79.52,15.410000000000002,2.1566666666666667,2.0,0.0245338567222767,0.2142857142857142,1,Q1,High,2023-07,2025-12,1,1,Inactive,0,0,0,0.49732905982905984,0
29,Female,3,39,1,Partnership,low,Cash,Web,6,103.51,27.395,0.05,11.9,14.0,2.1,0.3200000000000003,0.0261865793780687,0.025,0,Q2,Low,2023-01,2025-11,1,1,Inactive,0,0,0,0.48611111111111105,0
56,Female,0,6,1,Referral,low,Debit Card,iOS,3,93.88,24.2125,0.125,17.93,12.245,3.28,3.979999999999999,0.1816522136010953,0.0625,0,Q2,Mid-Low,2023-11,2025-11,0,0,Recent,0,0,1,0.44497863247863245,2
18,Female,4,21,0,Ads,medium,Cash,iOS,6,55.73,24.069230769230767,0.1923076923076923,26.17,11.333333333333334,2.6100000000000003,0.2299999999999999,0.0087121212121212,0.1153846153846153,1,Q1,Mid-High,2024-11,2025-12,1,0,Mid-Inactive,0,0,0,0.30822649572649574,4
34,Female,5,26,1,Partnership,low,Debit Card,iOS,9,121.19,21.414,0.14,34.05,7.616666666666667,1.9416666666666669,1.95,0.0541666666666666,0.12,1,Q2,High,2024-01,2025-12,1,0,Mid-Inactive,0,0,0,0.3482905982905983,0
55,Male,1,10,0,Ads,medium,Cash,iOS,5,116.43,24.28918918918919,0.2162162162162162,83.54,14.657142857142857,2.722857142857142,6.42,0.0713650511338372,0.1891891891891892,1,Q2,High,2025-07,2025-12,0,0,Mid-Recent,0,0,1,0.2857905982905983,4
21,Female,3,48,0,Partnership,high,Cash,iOS,6,187.08,24.544897959183675,0.1224489795918367,58.64,12.6,2.826666666666666,3.3099999999999987,0.0534301856335754,0.1224489795918367,1,Q4,High,2025-10,2025-12,1,1,Inactive,1,1,0,0.2606837606837607,3
39,Other,3,7,0,Referral,medium,Credit Card,iOS,10,135.3,26.28627450980392,0.2156862745098039,85.83,18.495,4.19,3.01,0.0338811346240432,0.1176470588235294,1,Q3,High,2025-04,2025-12,0,0,Recent,0,0,1,0.2761752136752137,4
55,Female,1,26,0,Referral,low,Digital Wallet,iOS,4,114.74,26.141463414634146,0.1463414634146341,11.07,12.0,0.9299999999999996,5.94,0.3492063492063492,0.024390243902439,0,Q2,Low,2023-09,2025-10,1,0,Mid-Inactive,0,0,0,0.4348290598290598,2
65,Other,2,11,0,Ads,high,Credit Card,Web,13,227.96,23.085245901639347,0.1639344262295081,26.36,9.66,0.8733333333333327,0.0,0.0,0.0491803278688524,0,Q4,Low,2024-09,2025-12,0,0,Mid-Recent,1,0,1,0.49946581196581197,1
66,Other,7,21,0,Referral,medium,Digital Wallet,iOS,8,136.11,27.04583333333333,0.125,60.56,20.58333333333333,0.3966666666666665,0.0,0.0,0.0625,0,Q3,Mid-Low,2023-08,2025-12,1,0,Mid-Inactive,0,0,0,0.4091880341880342,0
38,Male,8,20,0,Organic,high,Credit Card,Web,10,221.41,24.61896551724138,0.1724137931034483,22.6,5.3100000000000005,0.7900000000000003,5.789999999999999,0.2039450510743219,0.0862068965517241,0,Q4,Mid-Low,2024-03,2025-12,1,0,Mid-Inactive,1,1,0,0.3269230769230769,3
59,Other,3,26,1,Partnership,medium,Cash,Web,9,113.43,25.295454545454547,0.1590909090909091,81.78,15.793333333333331,2.1633333333333336,0.0,0.0,0.1363636363636363,1,Q2,High,2023-05,2025-10,1,0,Mid-Inactive,0,0,0,0.5379273504273504,4
59,Male,2,25,1,Partnership,medium,Cash,Web,4,74.79,25.71153846153846,0.1153846153846153,21.14,20.0,-1.1400000000000006,6.1000000000000005,0.223935389133627,0.0384615384615384,0,Q1,Low,2023-09,2025-12,1,0,Mid-Inactive,0,0,0,0.25961538461538464,2
44,Female,3,16,0,Referral,high,Cash,Android,7,274.0,24.42096774193548,0.064516129032258,52.39,17.093333333333334,-0.3699999999999998,0.5099999999999998,0.009640831758034,0.0483870967741935,0,Q4,Low,2025-07,2025-12,0,0,Mid-Inactive,1,0,0,0.3370726495726496,1
27,Male,1,17,0,Organic,high,Credit Card,Android,5,302.62,25.452380952380956,0.2063492063492063,68.32000000000001,12.422857142857142,2.6628571428571424,0.0,0.0,0.1111111111111111,1,Q4,Mid-High,2024-02,2025-12,0,0,Mid-Inactive,1,0,0,0.5357905982905984,1
54,Female,0,34,0,Ads,low,Debit Card,Android,5,125.97,21.434,0.12,25.39,12.806666666666668,4.343333333333333,0.0,0.0,0.06,0,Q3,Mid-Low,2024-04,2025-12,1,1,Inactive,0,0,0,0.5288461538461539,0
29,Male,1,31,1,Referral,low,Cash,iOS,5,95.94,25.991891891891893,0.1351351351351351,26.96,11.586666666666666,2.6,7.1,0.2084556664709336,0.081081081081081,0,Q2,Mid-Low,2024-01,2025-11,1,1,Inactive,0,0,0,0.40384615384615385,0
63,Female,5,2,0,Partnership,high,Debit Card,iOS,4,194.53,26.135416666666668,0.1666666666666666,49.13,11.586,1.7600000000000002,0.5999999999999996,0.012065151819827,0.1041666666666666,1,Q4,Mid-High,2023-03,2025-11,0,0,Recent,1,0,1,0.5272435897435896,1
47,Male,2,31,0,Ads,medium,Credit Card,iOS,3,171.88,23.582978723404256,0.1063829787234042,39.6,12.76,2.8599999999999994,2.53,0.0600522193211488,0.0851063829787234,0,Q4,Mid-Low,2024-11,2025-12,1,1,Inactive,1,1,0,0.5090811965811965,3
21,Male,4,23,0,Organic,low,Credit Card,Web,3,91.08,25.90909090909091,0.1212121212121212,8.34,6.88,2.71,0.0,0.0,0.0606060606060606,0,Q2,Mid-Low,2024-08,2025-12,1,0,Mid-Inactive,0,0,0,0.22008547008547008,2
33,Female,1,10,0,Ads,high,Credit Card,iOS,7,275.02,25.166129032258063,0.1774193548387097,70.63,14.905,3.133333333333333,2.19,0.0300741554517989,0.0967741935483871,1,Q4,Mid-High,2024-11,2025-11,0,0,Mid-Recent,1,0,1,0.3648504273504274,1
19,Other,9,15,0,Referral,low,Credit Card,Web,7,166.29,25.5875,0.125,36.53,14.76,2.5833333333333326,2.629999999999999,0.0671603677221654,0.046875,0,Q4,Low,2024-01,2025-12,0,0,Mid-Inactive,1,0,0,0.3942307692307693,1
34,Female,2,1,0,Ads,low,Credit Card,Android,5,138.29,27.81153846153846,0.1346153846153846,29.28,14.68,4.919999999999999,0.0,0.0,0.0576923076923076,0,Q3,Mid-Low,2024-11,2025-12,0,0,Recent,0,0,1,0.39155982905982906,2
51,Other,1,3,1,Partnership,medium,Digital Wallet,Android,5,43.29,27.794444444444444,0.0555555555555555,0.0,0.0,0.0,0.0,0.0,0.0,0,Q1,Low,2024-11,2025-12,0,0,Recent,0,0,1,0.4823717948717949,2
52,Male,2,9,0,Referral,high,Digital Wallet,Web,9,255.63,25.942857142857143,0.1111111111111111,60.66,13.96,1.828,2.5700000000000003,0.0406452633243713,0.0793650793650793,0,Q4,Mid-Low,2025-10,2025-12,0,0,Mid-Recent,1,0,1,0.34134615384615385,1
44,Female,5,42,0,Partnership,high,Credit Card,iOS,3,129.27,28.44848484848485,0.2727272727272727,37.74,8.308333333333334,2.018333333333333,0.0,0.0,0.1818181818181818,1,Q3,High,2023-12,2025-11,1,1,Inactive,0,0,0,0.49786324786324787,0
42,Other,5,59,0,Organic,medium,Cash,iOS,2,115.75,22.8,0.1111111111111111,55.09,18.32,4.547499999999999,6.34,0.1032069021650659,0.1111111111111111,1,Q2,Mid-High,2024-05,2025-12,1,1,Inactive,0,0,0,0.33012820512820507,0
28,Other,5,0,0,Organic,high,Debit Card,Web,10,225.01,29.748387096774195,0.1612903225806451,100.93,14.10125,1.485,5.9,0.0552279322287746,0.1290322580645161,1,Q4,High,2024-05,2025-12,0,0,Recent,1,0,1,0.5523504273504274,1
53,Other,3,9,0,Partnership,low,Cash,Web,4,65.78,22.12962962962963,0.1481481481481481,34.81,14.14,2.536666666666666,6.5600000000000005,0.1585690113608895,0.1111111111111111,1,Q1,Mid-High,2023-08,2025-10,0,0,Mid-Recent,0,0,1,0.19444444444444442,4
60,Other,0,12,0,Organic,low,Credit Card,Web,5,91.62,23.102941176470587,0.088235294117647,12.87,22.0,9.13,10.75,0.4551227773073666,0.0294117647058823,0,Q2,Low,2025-06,2025-12,0,0,Mid-Recent,0,0,1,0.5576923076923077,2
32,Other,1,104,0,Organic,medium,Credit Card,Web,6,179.77,28.513793103448275,0.1724137931034483,46.35,11.871666666666668,4.1466666666666665,0.7199999999999989,0.0152963671128106,0.1034482758620689,1,Q4,Mid-High,2024-07,2025-12,1,1,Inactive,1,1,0,0.5144230769230769,3
25,Female,4,32,0,Referral,low,Cash,Web,6,182.2,25.422727272727272,0.106060606060606,52.93,13.918,3.3319999999999994,7.17,0.1193011647254575,0.0757575757575757,0,Q4,Mid-Low,2024-04,2025-12,1,1,Inactive,1,1,0,0.35416666666666674,3
29,Female,7,0,1,Ads,medium,Digital Wallet,Web,5,252.38,25.655555555555555,0.0972222222222222,17.53,9.66,0.8949999999999998,4.629999999999999,0.2089350180505414,0.0277777777777777,0,Q4,Low,2023-07,2025-12,0,0,Recent,1,0,1,0.5742521367521367,1
40,Male,5,9,1,Partnership,low,Debit Card,Android,2,108.53,28.786486486486485,0.1351351351351351,89.72,24.5,2.0699999999999994,4.970000000000001,0.0524870630478403,0.1081081081081081,1,Q2,Mid-High,2023-02,2025-12,0,0,Mid-Recent,0,0,1,0.46634615384615385,4
56,Female,1,1,1,Partnership,high,Cash,Web,8,189.97,24.79,0.18,88.58,19.756,2.04,4.950000000000001,0.0529241954453116,0.1,1,Q4,Mid-High,2023-09,2025-12,0,0,Recent,1,0,1,0.5219017094017094,1
64,Female,8,29,0,Referral,medium,Digital Wallet,Android,4,227.31,26.311764705882357,0.0735294117647058,39.92,12.32,2.34,2.26,0.0535798956851588,0.0588235294117647,0,Q4,Mid-Low,2024-04,2025-12,1,0,Inactive,1,1,0,0.5710470085470085,3
37,Male,0,43,1,Partnership,medium,Credit Card,iOS,0,14.55,18.83333333333333,0.0,0.0,0.0,0.0,0.0,0.0,0.0,0,Q1,Low,2023-01,2025-04,1,1,Inactive,0,0,0,0.2932692307692308,0
39,Male,3,32,0,Ads,medium,Debit Card,Android,3,99.42,27.445714285714285,0.2,21.49,7.745,2.3725,0.6400000000000001,0.0289200180750113,0.1142857142857142,1,Q2,Mid-High,2023-08,2025-09,1,1,Inactive,0,0,0,0.5966880341880342,0
66,Male,0,57,0,Organic,medium,Debit Card,iOS,7,115.78,27.09047619047619,0.1428571428571428,47.72,21.666666666666668,5.759999999999999,3.379999999999999,0.0661448140900195,0.0714285714285714,0,Q2,Mid-Low,2024-10,2025-12,1,1,Inactive,0,0,0,0.45993589743589747,0
54,Male,1,39,0,Partnership,medium,Debit Card,Web,11,123.36,24.082978723404256,0.1276595744680851,26.22,14.985,1.8749999999999991,0.0,0.0,0.0425531914893617,0,Q3,Low,2023-03,2025-12,1,1,Inactive,0,0,0,0.4674145299145299,0
45,Male,5,28,1,Partnership,high,Cash,iOS,6,299.11,24.373972602739727,0.0958904109589041,40.86,12.37,2.155,2.879999999999999,0.0658436213991769,0.0547945205479452,0,Q4,Low,2024-07,2025-11,1,0,Inactive,1,1,0,0.6965811965811965,3
46,Other,1,38,1,Partnership,medium,Credit Card,Web,7,94.32,25.68235294117647,0.0588235294117647,3.21,3.18,-0.0299999999999998,6.48,0.6687306501547987,0.0294117647058823,0,Q2,Low,2023-03,2025-12,1,1,Inactive,0,0,0,0.5576923076923077,0
23,Female,1,14,0,Ads,high,Credit Card,Web,7,178.87,21.228571428571428,0.2619047619047619,41.650000000000006,12.8725,2.4599999999999995,0.54,0.012799241526428,0.0952380952380952,1,Q4,Mid-High,2024-04,2025-12,0,0,Mid-Recent,1,0,1,0.4182692307692307,1
40,Other,1,9,0,Ads,medium,Cash,iOS,6,77.3,26.375,0.2142857142857142,52.63,18.8675,5.71,0.0,0.0,0.1428571428571428,1,Q1,High,2023-10,2025-11,0,0,Mid-Recent,0,0,1,0.37232905982905984,4
31,Female,3,0,0,Referral,medium,Digital Wallet,iOS,9,243.8,26.42236842105263,0.2236842105263158,73.38,13.038571428571428,2.5557142857142856,1.5799999999999998,0.0210779082177161,0.0921052631578947,1,Q4,Mid-High,2023-06,2025-11,0,0,Recent,1,0,1,0.43856837606837606,1
20,Female,2,25,1,Referral,medium,Cash,Android,3,96.52,26.142424242424244,0.1515151515151515,61.08,17.25,1.98,0.0,0.0,0.1212121212121212,1,Q2,High,2023-01,2025-12,1,0,Mid-Inactive,0,0,0,0.24786324786324787,4
28,Female,3,16,0,Organic,high,Cash,iOS,4,200.35,25.12,0.1,33.730000000000004,19.0,2.135,6.0,0.1510193808205386,0.04,0,Q4,Low,2023-07,2025-11,0,0,Mid-Inactive,1,0,0,0.4802350427350427,1
25,Other,2,31,0,Partnership,medium,Digital Wallet,Web,6,99.21,23.014705882352946,0.2058823529411764,73.06,15.295000000000002,3.1183333333333336,0.0,0.0,0.1764705882352941,1,Q2,High,2024-09,2025-12,1,1,Inactive,0,0,0,0.37713675213675213,0
30,Other,3,9,0,Organic,high,Credit Card,Web,9,339.37,24.767857142857142,0.2023809523809523,104.61,11.17,2.4525,1.7799999999999994,0.0167308957608797,0.1428571428571428,1,Q4,High,2024-04,2025-12,0,0,Mid-Recent,1,0,1,0.5491452991452992,1
43,Male,2,98,0,Partnership,low,Credit Card,Web,5,101.2,23.36590909090909,0.2272727272727272,46.45,19.25,3.766666666666666,2.1999999999999997,0.0452209660842754,0.0681818181818181,0,Q2,Mid-Low,2023-10,2025-12,1,1,Inactive,0,0,0,0.5101495726495726,0
62,Female,6,28,0,Referral,medium,Cash,Android,4,185.93,26.047272727272727,0.1818181818181818,87.93,16.011666666666667,1.3566666666666662,1.4000000000000004,0.0156722265756184,0.109090909090909,1,Q4,Mid-High,2025-03,2025-12,1,0,Inactive,1,1,0,0.38354700854700857,3
27,Male,4,25,1,Referral,medium,Cash,Android,5,138.3,26.681818181818183,0.1590909090909091,81.82,19.056,2.692,5.15,0.0592158215476601,0.1136363636363636,1,Q3,Mid-High,2024-06,2025-11,1,0,Mid-Inactive,0,0,0,0.3295940170940171,4
51,Male,1,18,0,Organic,low,Debit Card,Android,5,90.37,23.391666666666666,0.1388888888888889,33.53,13.726666666666668,2.5500000000000003,0.0,0.0,0.0833333333333333,0,Q1,Mid-Low,2023-11,2025-11,0,0,Mid-Inactive,0,0,0,0.28846153846153844,2
34,Other,0,11,0,Ads,low,Cash,Web,6,64.72,21.853571428571428,0.1785714285714285,42.010000000000005,18.41333333333333,4.41,6.109999999999999,0.1269742310889443,0.1071428571428571,1,Q1,Mid-High,2023-04,2025-10,0,0,Mid-Recent,0,0,1,0.5181623931623932,4
53,Female,3,29,0,Partnership,medium,Digital Wallet,Web,7,136.43,24.768,0.1,56.35,14.57,0.4825000000000004,1.8500000000000012,0.031786941580756,0.08,0,Q3,Mid-Low,2025-08,2025-12,1,0,Inactive,0,0,0,0.5774572649572649,0
38,Female,4,13,1,Organic,high,Credit Card,iOS,4,192.72,25.323913043478264,0.2391304347826087,107.43,16.15125,2.7225,1.0799999999999996,0.0099529997235277,0.1739130434782608,1,Q4,High,2024-03,2025-11,0,0,Mid-Recent,1,0,1,0.2895299145299145,1
57,Male,4,1,1,Referral,high,Cash,Android,9,247.11,28.049206349206347,0.1904761904761904,43.64,12.4825,1.5724999999999991,0.0,0.0,0.0634920634920634,0,Q4,Mid-Low,2023-08,2025-12,0,0,Recent,1,0,1,0.5566239316239316,1
62,Female,0,34,0,Organic,medium,Credit Card,iOS,3,131.01,26.014285714285712,0.0714285714285714,25.69,14.0,1.1549999999999994,2.5699999999999985,0.0909412597310686,0.0476190476190476,0,Q3,Low,2024-03,2025-12,1,1,Inactive,0,0,0,0.2863247863247863,0
23,Female,5,3,0,Ads,low,Cash,iOS,10,152.09,29.175,0.1333333333333333,57.12,15.136,3.712,1.8800000000000008,0.031864406779661,0.0833333333333333,0,Q3,Mid-Low,2023-02,2025-11,0,0,Recent,0,0,1,0.4674145299145299,2
38,Male,0,5,0,Ads,low,Credit Card,Web,2,104.32,24.572222222222223,0.0277777777777777,0.0,0.0,0.0,0.0,0.0,0.0,0,Q2,Low,2024-12,2025-12,0,0,Recent,0,0,1,0.28846153846153844,2
34,Female,2,15,0,Referral,medium,Cash,Android,4,78.59,24.451612903225808,0.064516129032258,30.8,15.64,0.2399999999999993,8.73,0.2208449279028586,0.064516129032258,0,Q1,Mid-Low,2025-10,2025-12,0,0,Mid-Inactive,0,0,0,0.2115384615384615,2
21,Male,7,20,0,Ads,high,Digital Wallet,Web,8,224.4,26.159322033898302,0.1694915254237288,74.92,14.115,4.75,1.7100000000000009,0.0223150202270651,0.135593220338983,1,Q4,High,2025-01,2025-12,1,0,Mid-Inactive,1,1,0,0.45619658119658124,3
34,Male,2,9,0,Organic,medium,Cash,Android,3,50.0,25.325,0.125,15.0,19.0,4.0,7.42,0.3309545049063336,0.0625,0,Q1,Mid-Low,2023-04,2025-11,0,0,Mid-Recent,0,0,1,0.1613247863247863,2
68,Other,8,16,0,Partnership,medium,Cash,Android,8,136.93,24.01489361702128,0.0851063829787234,15.9,7.8,-0.1500000000000001,0.6999999999999993,0.0421686746987951,0.0425531914893617,0,Q3,Low,2024-06,2025-12,0,0,Mid-Inactive,0,0,0,0.4326923076923077,2
38,Female,9,13,0,Ads,high,Credit Card,Android,9,235.79,24.24576271186441,0.1525423728813559,73.77,17.115,4.82,3.67,0.0473915289256198,0.1016949152542373,1,Q4,Mid-High,2023-03,2025-12,0,0,Mid-Recent,1,0,1,0.6714743589743589,1
45,Female,4,9,1,Partnership,medium,Digital Wallet,Web,6,110.7,26.68095238095238,0.1904761904761904,82.60000000000001,14.5,2.7,5.499999999999999,0.0624290578887627,0.1666666666666666,1,Q2,High,2023-05,2025-09,0,0,Mid-Recent,0,0,1,0.39049145299145294,4
54,Female,4,40,0,Organic,high,Debit Card,iOS,4,178.08,26.43243243243243,0.2162162162162162,69.38000000000001,16.466666666666665,4.903333333333333,0.0,0.0,0.1621621621621621,1,Q4,High,2023-03,2025-11,1,1,Inactive,1,1,0,0.5080128205128205,3
56,Male,0,9,1,Ads,medium,Debit Card,Android,2,52.34,26.677777777777777,0.1666666666666666,5.52,3.25,0.49,2.47,0.309136420525657,0.1111111111111111,1,Q1,Mid-High,2023-05,2025-10,0,0,Mid-Recent,0,0,1,0.3504273504273504,2
43,Female,0,12,0,Ads,medium,Cash,Android,8,94.62,23.88048780487805,0.2195121951219512,87.55,18.434285714285718,5.927142857142857,2.9800000000000004,0.0329172649950292,0.1707317073170731,1,Q2,High,2024-10,2025-11,0,0,Mid-Recent,0,0,1,0.532051282051282,4
21,Male,4,8,0,Organic,medium,Digital Wallet,iOS,3,80.96,24.52962962962963,0.1111111111111111,25.86,13.656666666666666,5.036666666666666,0.0,0.0,0.1111111111111111,1,Q1,Mid-High,2024-11,2025-11,0,0,Mid-Recent,0,0,1,0.2638888888888889,4
18,Other,8,39,0,Ads,high,Debit Card,iOS,5,220.3,22.113793103448277,0.1206896551724138,62.02,14.88,4.543333333333333,2.18,0.0339563862928348,0.1034482758620689,1,Q4,Mid-High,2024-02,2025-12,1,1,Inactive,1,1,0,0.3547008547008547,3
27,Female,9,2,0,Partnership,medium,Cash,Android,8,242.55,23.73623188405797,0.144927536231884,82.22,17.385,3.681666666666666,7.25,0.0810327484072873,0.0869565217391304,0,Q4,Mid-Low,2025-05,2025-12,0,0,Recent,1,0,1,0.5544871794871795,1
37,Female,2,8,0,Organic,low,Credit Card,Android,5,102.59,23.347368421052632,0.1052631578947368,24.98,19.12,6.630000000000001,4.449999999999999,0.1512062521236833,0.0526315789473684,0,Q2,Low,2023-05,2025-11,0,0,Mid-Recent,0,0,1,0.2831196581196581,2
24,Male,1,3,0,Organic,high,Credit Card,iOS,9,219.49,22.47962962962963,0.1111111111111111,46.39,14.6275,3.03,9.6,0.171459189140918,0.074074074074074,0,Q4,Mid-Low,2024-09,2025-12,0,0,Recent,1,0,1,0.37232905982905984,1
50,Female,4,5,0,Referral,medium,Credit Card,Web,1,145.62,24.354761904761904,0.1666666666666666,50.97,21.093333333333334,4.1033333333333335,3.5700000000000003,0.0654565456545654,0.0714285714285714,0,Q3,Mid-Low,2023-06,2025-11,0,0,Recent,0,0,1,0.23771367521367523,2
24,Female,6,10,0,Partnership,high,Cash,Web,3,156.15,26.26341463414634,0.1951219512195122,36.54,17.353333333333335,5.173333333333333,5.390000000000001,0.1285475792988314,0.073170731707317,0,Q3,Mid-Low,2023-05,2025-11,0,0,Mid-Recent,0,0,1,0.40705128205128205,2
30,Male,3,32,1,Organic,medium,Cash,iOS,3,99.34,24.2551724137931,0.1724137931034483,30.21,13.173333333333332,3.103333333333333,4.379999999999999,0.1266261925411968,0.1034482758620689,1,Q2,Mid-High,2025-04,2025-12,1,1,Inactive,0,0,0,0.3835470085470085,0
46,Male,1,11,0,Organic,medium,Debit Card,Web,5,124.35,25.467441860465115,0.1395348837209302,59.26,14.008,2.156,1.92,0.0313828048381824,0.1162790697674418,1,Q3,Mid-High,2025-07,2025-12,0,0,Mid-Recent,0,0,1,0.5128205128205128,4
22,Male,1,1,0,Ads,low,Credit Card,iOS,6,117.53,27.217777777777776,0.1111111111111111,62.97,20.31,4.5675,1.96,0.0301863545356537,0.0888888888888888,1,Q2,Mid-High,2025-03,2025-12,0,0,Recent,0,0,1,0.5283119658119657,4
34,Male,5,1,0,Organic,medium,Debit Card,Android,10,144.14,23.506122448979596,0.2448979591836734,72.48,14.708333333333334,2.6283333333333334,1.84,0.0247578040904198,0.1224489795918367,1,Q3,High,2025-04,2025-12,0,0,Recent,0,0,1,0.38568376068376065,4
62,Other,2,18,0,Referral,medium,Cash,Web,13,103.36,21.690243902439025,0.2439024390243902,71.73,14.376,0.03,0.0,0.0,0.1219512195121951,1,Q2,High,2025-04,2025-12,0,0,Mid-Inactive,0,0,0,0.5876068376068375,4
58,Male,6,41,0,Organic,medium,Debit Card,Android,3,121.45,24.82926829268293,0.0975609756097561,33.38,13.586666666666666,2.4599999999999995,0.0,0.0,0.073170731707317,0,Q2,Mid-Low,2023-03,2025-12,1,1,Inactive,0,0,0,0.4626068376068376,0
25,Other,1,25,0,Organic,medium,Digital Wallet,Android,7,153.0,25.115686274509805,0.1568627450980392,44.41,11.254,2.372,1.6399999999999988,0.0356134636264929,0.0980392156862745,1,Q3,Mid-High,2024-11,2025-12,1,0,Mid-Inactive,0,0,0,0.6025641025641025,4
21,Male,0,46,0,Organic,medium,Digital Wallet,Web,5,112.52,25.88809523809524,0.238095238095238,105.32,13.532222222222222,1.83,1.9800000000000004,0.018452935694315,0.2142857142857142,1,Q2,High,2023-07,2025-11,1,1,Inactive,0,0,0,0.4113247863247863,0
36,Other,3,10,1,Organic,medium,Debit Card,iOS,4,110.47,25.735000000000003,0.2,39.1,15.493333333333334,2.4600000000000004,6.039999999999999,0.1338059370846256,0.075,0,Q2,Mid-Low,2025-02,2025-12,0,0,Mid-Recent,0,0,1,0.5138888888888888,2
25,Male,4,14,0,Ads,high,Cash,Android,6,321.2,25.32133333333333,0.1333333333333333,73.95,13.8,1.475,6.449999999999999,0.0802238805970149,0.08,0,Q4,Mid-Low,2024-07,2025-12,0,0,Mid-Recent,1,0,1,0.5870726495726496,1
57,Other,3,0,0,Referral,medium,Cash,Android,3,113.75,25.486486486486488,0.1081081081081081,32.480000000000004,18.0,1.7599999999999998,6.34,0.1633178773827923,0.054054054054054,0,Q2,Low,2023-11,2025-11,0,0,Recent,0,0,1,0.40384615384615385,2
66,Male,1,12,0,Organic,low,Debit Card,Android,8,117.35,26.362222222222226,0.0888888888888888,22.12,12.28,1.2199999999999989,0.0099999999999997,0.000451875282422,0.0444444444444444,0,Q2,Low,2025-08,2025-12,0,0,Mid-Recent,0,0,1,0.28525641025641024,2
19,Male,9,32,1,Ads,medium,Credit Card,Android,13,215.97,25.085714285714285,0.1428571428571428,61.1,11.65,2.921428571428572,2.09,0.0330748536160784,0.1,1,Q4,Mid-High,2025-04,2025-12,1,1,Inactive,1,1,0,0.6351495726495726,3
63,Male,1,24,0,Referral,medium,Cash,iOS,7,176.76,25.857142857142858,0.1111111111111111,43.41,11.464,2.782,0.0,0.0,0.0793650793650793,0,Q4,Mid-Low,2025-09,2025-12,1,0,Mid-Inactive,1,1,0,0.39690170940170943,3
34,Female,0,3,0,Referral,high,Cash,Web,8,196.43,27.2843137254902,0.0980392156862745,45.42,15.94,4.585,2.49,0.0519724483406386,0.0784313725490196,0,Q4,Mid-Low,2024-11,2025-12,0,0,Recent,1,0,1,0.5956196581196581,1
38,Other,0,21,1,Organic,medium,Debit Card,Android,5,162.67,25.258823529411767,0.0784313725490196,12.36,19.0,6.640000000000001,4.969999999999999,0.2867859203693017,0.0196078431372549,0,Q3,Low,2023-07,2025-11,1,0,Mid-Inactive,0,0,0,0.4011752136752137,2
37,Male,5,5,0,Referral,medium,Credit Card,Web,6,121.21,25.771052631578947,0.131578947368421,3.23,3.32,0.0899999999999998,4.85,0.6002475247524752,0.0263157894736842,0,Q2,Low,2025-03,2025-11,0,0,Recent,0,0,1,0.48450854700854695,2
46,Female,0,9,0,Referral,low,Cash,Android,4,108.6,24.64210526315789,0.1578947368421052,35.82,20.5,2.59,0.5800000000000001,0.0159340659340659,0.0526315789473684,0,Q2,Low,2024-01,2025-10,0,0,Mid-Recent,0,0,1,0.5400641025641025,2
35,Female,5,13,0,Organic,medium,Digital Wallet,Android,6,185.24,25.06842105263158,0.1578947368421052,54.65,9.83,0.721666666666667,0.0899999999999998,0.0016441359152356,0.1052631578947368,1,Q4,Mid-High,2024-05,2025-11,0,0,Mid-Recent,1,0,1,0.3295940170940171,1
21,Other,4,3,0,Organic,low,Credit Card,Android,1,84.71000000000001,24.642424242424244,0.1818181818181818,32.87,10.5325,2.3149999999999995,0.0,0.0,0.1212121212121212,1,Q1,High,2025-05,2025-11,0,0,Recent,0,0,1,0.2686965811965812,4
57,Male,1,22,0,Referral,medium,Credit Card,Web,6,87.23,23.18,0.1333333333333333,16.5,12.495,4.245,1.0,0.0571428571428571,0.0666666666666666,0,Q1,Mid-Low,2025-02,2025-12,1,0,Mid-Inactive,0,0,0,0.44337606837606836,0
33,Other,2,18,0,Ads,medium,Cash,Web,9,93.62,25.99473684210526,0.2631578947368421,95.55,13.7775,1.8337499999999995,2.289999999999999,0.0234055600981193,0.2105263157894736,1,Q2,High,2024-11,2025-12,0,0,Mid-Inactive,0,0,0,0.547008547008547,4
60,Female,5,1,0,Partnership,medium,Debit Card,Web,10,166.89,22.518965517241377,0.1896551724137931,59.3,10.04142857142857,1.5700000000000005,0.0,0.0,0.1206896551724138,1,Q4,High,2025-01,2025-12,0,0,Recent,1,0,1,0.3685897435897436,1
21,Female,3,3,0,Partnership,medium,Debit Card,Android,5,89.16,26.89032258064516,0.2258064516129032,34.75,10.24,3.29,0.4100000000000001,0.0116609783845278,0.1612903225806451,1,Q1,High,2023-07,2025-12,0,0,Recent,0,0,1,0.2393162393162393,4
35,Female,6,0,0,Organic,high,Cash,iOS,6,169.29,26.227906976744183,0.0930232558139534,15.94,11.09,3.12,2.33,0.1275314723590585,0.0465116279069767,0,Q4,Low,2024-02,2025-12,0,0,Recent,1,0,1,0.3322649572649573,2
23,Other,0,19,0,Organic,high,Debit Card,Android,6,263.93,23.77878787878788,0.1969696969696969,56.760000000000005,13.648,2.2960000000000003,2.460000000000001,0.0415400202634245,0.0757575757575757,0,Q4,Mid-Low,2023-03,2025-11,0,0,Mid-Inactive,1,0,0,0.638888888888889,1
31,Other,3,20,0,Partnership,medium,Debit Card,Web,3,187.26,24.58235294117647,0.1176470588235294,24.51,9.643333333333333,1.4733333333333334,1.42,0.0547628229849595,0.0588235294117647,0,Q4,Mid-Low,2023-12,2025-12,1,0,Mid-Inactive,1,1,0,0.4358974358974359,3
33,Other,5,9,1,Ads,medium,Credit Card,Web,1,143.79,23.9725,0.125,6.84,12.28,5.44,0.7599999999999998,0.0999999999999999,0.025,0,Q3,Low,2024-08,2025-12,0,0,Mid-Recent,0,0,1,0.3055555555555556,2
49,Male,9,0,0,Ads,medium,Debit Card,iOS,8,151.11,25.30555555555556,0.2037037037037037,50.33,12.71,2.644,4.94,0.0893794101682648,0.0925925925925925,1,Q3,Mid-High,2025-08,2025-12,0,0,Recent,0,0,1,0.5251068376068376,4
50,Male,5,87,0,Ads,medium,Debit Card,iOS,8,105.25,26.0925,0.15,49.81,15.065,2.6125,0.0,0.0,0.1,1,Q2,Mid-High,2023-12,2025-11,1,1,Inactive,0,0,0,0.38888888888888884,0
25,Male,5,165,1,Ads,high,Debit Card,iOS,6,181.74,24.628888888888888,0.0444444444444444,0.0,0.0,0.0,0.0,0.0,0.0,0,Q4,Low,2024-02,2025-12,1,1,Inactive,1,1,0,0.40331196581196577,3
22,Other,10,5,0,Partnership,high,Cash,Android,10,245.58,27.01044776119403,0.1641791044776119,57.49,12.986,1.488,0.2400000000000002,0.0041572839078468,0.0746268656716417,0,Q4,Mid-Low,2023-04,2025-11,0,0,Recent,1,0,1,0.33760683760683763,1
20,Male,2,20,0,Partnership,high,Credit Card,iOS,8,239.56,24.37903225806452,0.0967741935483871,56.28,11.456,0.1999999999999996,1.04,0.0181437543614794,0.0806451612903225,0,Q4,Mid-Low,2023-09,2025-12,1,0,Mid-Inactive,1,1,0,0.3787393162393162,3
23,Female,4,14,0,Organic,medium,Cash,iOS,6,135.32,22.94,0.1777777777777777,53.72,10.99,2.036666666666666,0.75,0.013769047181935,0.1333333333333333,1,Q3,High,2024-03,2025-12,0,0,Mid-Recent,0,0,1,0.47275641025641024,4
21,Other,0,4,0,Organic,medium,Digital Wallet,Web,0,39.75,20.933333333333334,0.0,0.0,0.0,0.0,0.0,0.0,0.0,0,Q1,Low,2025-10,2025-12,0,0,Recent,0,0,1,0.0827991452991453,2
59,Male,4,27,0,Partnership,medium,Digital Wallet,Android,0,134.92000000000002,24.42285714285714,0.0857142857142857,5.19,9.0,3.81,10.66,0.6725552050473186,0.0285714285714285,0,Q3,Low,2024-01,2025-12,1,0,Mid-Inactive,0,0,0,0.2841880341880342,2
59,Male,4,1,0,Organic,medium,Digital Wallet,Android,7,114.36,23.71627906976744,0.2558139534883721,56.61,13.54,2.218,0.0,0.0,0.1162790697674418,1,Q2,Mid-High,2024-04,2025-11,0,0,Recent,0,0,1,0.485042735042735,4
38,Other,0,24,0,Referral,medium,Credit Card,iOS,6,100.67,23.772727272727277,0.3333333333333333,87.75,14.984285714285717,2.448571428571429,0.0,0.0,0.2121212121212121,1,Q2,High,2023-05,2025-11,1,0,Mid-Inactive,0,0,0,0.4770299145299145,4
47,Female,2,17,0,Referral,high,Digital Wallet,Android,10,344.37,25.3,0.1125,44.58,11.72,2.804,5.43,0.1085782843431313,0.0625,0,Q4,Mid-Low,2024-10,2025-12,0,0,Mid-Inactive,1,0,0,0.7264957264957265,1
65,Other,1,10,1,Partnership,medium,Credit Card,Android,4,79.84,25.224137931034484,0.2413793103448276,48.47,12.416,2.722,4.800000000000001,0.0901070020649521,0.1724137931034483,1,Q1,High,2024-02,2025-11,0,0,Mid-Recent,0,0,1,0.4252136752136752,4
62,Male,1,17,0,Partnership,high,Cash,Android,4,174.03,24.3,0.1463414634146341,45.71,11.664,2.522,0.0,0.0,0.1219512195121951,1,Q4,High,2023-11,2025-11,0,0,Mid-Inactive,1,0,0,0.40705128205128205,1
23,Male,2,11,0,Partnership,medium,Digital Wallet,Android,6,68.56,22.316,0.08,16.68,12.5,4.16,1.5999999999999996,0.0875273522975929,0.08,0,Q1,Mid-Low,2024-11,2025-12,0,0,Mid-Recent,0,0,1,0.3178418803418803,2
63,Male,1,2,0,Organic,high,Credit Card,Android,7,205.41,23.96,0.08,35.36,20.5,2.8200000000000003,5.690000000000001,0.1386114494518879,0.04,0,Q4,Low,2025-04,2025-12,0,0,Recent,1,0,1,0.32745726495726496,1
38,Male,9,2,0,Organic,medium,Cash,iOS,8,163.06,23.00172413793103,0.1724137931034483,52.13,12.116666666666667,3.428333333333333,1.4300000000000002,0.0266990291262135,0.1034482758620689,1,Q3,Mid-High,2024-08,2025-11,0,0,Recent,0,0,1,0.4172008547008547,4
57,Male,8,61,1,Ads,medium,Cash,Android,7,140.02,25.60204081632653,0.1020408163265306,36.08,19.14,1.0999999999999988,4.48,0.1104536489151873,0.0408163265306122,0,Q3,Low,2025-09,2025-12,1,1,Inactive,0,0,0,0.4898504273504274,0
30,Female,4,49,0,Partnership,medium,Cash,iOS,6,59.15,23.939285714285717,0.2142857142857142,25.43,10.75,4.3925,2.1999999999999997,0.0796235975389069,0.1428571428571428,1,Q1,High,2023-10,2025-12,1,1,Inactive,0,0,0,0.5042735042735043,0
56,Female,3,13,0,Ads,low,Cash,Web,3,63.88,24.75925925925926,0.1481481481481481,17.58,9.725,0.9349999999999996,8.61,0.3287514318442153,0.074074074074074,0,Q1,Mid-Low,2024-09,2025-12,0,0,Mid-Recent,0,0,1,0.4097222222222222,2
51,Other,3,0,0,Partnership,medium,Cash,Web,6,123.52,24.538636363636364,0.1363636363636363,45.9,12.102,2.922,2.02,0.0421535893155258,0.1136363636363636,1,Q3,Mid-High,2024-08,2025-12,0,0,Recent,0,0,1,0.2532051282051282,4
41,Male,1,68,0,Partnership,high,Debit Card,Android,3,95.87,25.06086956521739,0.1304347826086956,25.48,17.5,4.760000000000001,2.380000000000001,0.0854271356783919,0.0869565217391304,0,Q2,Mid-Low,2023-04,2025-10,1,1,Inactive,0,0,0,0.23985042735042733,0
22,Other,3,6,0,Partnership,low,Credit Card,Web,1,84.55,25.848387096774196,0.1935483870967742,32.370000000000005,15.253333333333332,4.463333333333334,9.01,0.2177380376993716,0.0967741935483871,1,Q1,Mid-High,2023-04,2025-12,0,0,Recent,0,0,1,0.2601495726495726,4
33,Male,1,31,1,Referral,medium,Debit Card,Android,9,119.73,24.3225,0.05,0.0,0.0,0.0,0.0,0.0,0.0,0,Q2,Low,2025-04,2025-12,1,1,Inactive,0,0,0,0.45138888888888884,0
47,Other,5,22,1,Partnership,medium,Credit Card,Android,4,106.88,27.15882352941176,0.1176470588235294,37.84,25.5,6.58,1.99,0.0499623399447652,0.0588235294117647,0,Q2,Mid-Low,2023-06,2025-12,1,0,Mid-Inactive,0,0,0,0.49519230769230765,0
53,Male,6,13,0,Ads,high,Credit Card,Android,8,271.61,24.13968253968254,0.0793650793650793,40.27,14.253333333333332,0.8300000000000004,2.58,0.0602100350058343,0.0476190476190476,0,Q4,Low,2024-01,2025-11,0,0,Mid-Recent,1,0,1,0.6260683760683761,1
39,Other,2,1,0,Referral,medium,Cash,Android,9,126.37,23.51276595744681,0.1914893617021276,42.3,12.52,1.9449999999999996,1.67,0.0379804412099158,0.0851063829787234,0,Q3,Mid-Low,2025-08,2025-12,0,0,Recent,0,0,1,0.44658119658119655,2
36,Other,1,30,0,Ads,low,Cash,Android,1,71.58,26.3625,0.25,27.15,11.586666666666666,2.536666666666666,0.0,0.0,0.125,1,Q1,High,2023-03,2025-12,1,1,Inactive,0,0,0,0.16773504273504272,0
56,Male,3,72,1,Referral,low,Debit Card,Android,3,173.88,25.764912280701758,0.1403508771929824,57.22,13.816,2.372,0.0,0.0,0.087719298245614,1,Q4,Mid-High,2025-06,2025-12,1,1,Inactive,1,1,0,0.5657051282051282,3
56,Other,5,13,0,Ads,high,Cash,Android,6,124.13,25.30540540540541,0.1621621621621621,41.68,14.9425,4.5225,4.05,0.0885633063634375,0.1081081081081081,1,Q3,Mid-High,2023-03,2025-07,0,0,Mid-Recent,0,0,1,0.35523504273504275,4
28,Male,6,135,1,Organic,medium,Credit Card,Android,6,179.48,24.9125,0.125,5.53,8.0,2.47,6.140000000000001,0.5261353898886032,0.0178571428571428,0,Q4,Low,2023-01,2025-11,1,1,Inactive,1,1,0,0.47809829059829057,3
63,Female,7,25,0,Organic,high,Debit Card,iOS,9,235.3,24.456666666666667,0.1666666666666666,97.89,18.33333333333333,2.018333333333333,4.370000000000001,0.0427342069235282,0.1,1,Q4,Mid-High,2023-04,2025-12,1,0,Mid-Inactive,1,1,0,0.4535256410256411,3
40,Other,3,10,0,Organic,medium,Cash,iOS,4,97.46,26.648387096774197,0.1290322580645161,34.4,11.06,-0.406666666666666,6.83,0.1656560756730536,0.0967741935483871,1,Q2,Mid-High,2024-05,2025-12,0,0,Mid-Recent,0,0,1,0.21848290598290596,4
45,Other,1,10,0,Referral,medium,Debit Card,iOS,9,107.72,24.71333333333333,0.2,42.18,18.666666666666668,4.6066666666666665,3.4700000000000006,0.076013143483023,0.0666666666666666,0,Q2,Mid-Low,2024-09,2025-12,0,0,Mid-Recent,0,0,1,0.39636752136752135,2
49,Male,8,1,0,Referral,medium,Credit Card,Web,11,131.62,24.846,0.14,41.72,17.593333333333334,3.6866666666666656,8.13,0.1630892678034102,0.06,0,Q3,Mid-Low,2023-11,2025-11,0,0,Recent,0,0,1,0.5566239316239316,2
32,Other,1,0,0,Partnership,low,Digital Wallet,iOS,4,104.72,26.23589743589744,0.2051282051282051,69.72,10.815714285714284,0.8557142857142855,0.0,0.0,0.1794871794871795,1,Q2,High,2024-10,2025-11,0,0,Recent,0,0,1,0.516559829059829,4
28,Male,5,30,1,Organic,low,Cash,iOS,6,97.22,25.53488372093023,0.1395348837209302,59.150000000000006,18.6875,3.9,0.4399999999999995,0.0073837892263802,0.0930232558139534,1,Q2,Mid-High,2023-10,2025-12,1,1,Inactive,0,0,0,0.5197649572649572,0
28,Other,2,17,0,Organic,medium,Credit Card,iOS,2,151.89,25.295744680851065,0.1063829787234042,42.16,11.485,0.9449999999999996,1.87,0.0424710424710424,0.0851063829787234,0,Q3,Mid-Low,2023-12,2025-11,0,0,Mid-Inactive,0,0,0,0.4604700854700854,2
49,Other,0,60,1,Ads,high,Digital Wallet,Web,3,245.33,24.174074074074078,0.1296296296296296,68.22,15.576666666666668,4.206666666666667,0.0,0.0,0.1111111111111111,1,Q4,Mid-High,2023-02,2025-11,1,1,Inactive,1,1,0,0.33760683760683763,3
33,Male,3,39,0,Partnership,low,Credit Card,Android,4,120.44,26.367441860465117,0.1627906976744186,53.93,13.18,4.191666666666666,4.94,0.0839137081705452,0.1395348837209302,1,Q2,High,2024-11,2025-11,1,1,Inactive,0,0,0,0.5544871794871795,0
68,Female,3,11,0,Partnership,medium,Credit Card,iOS,5,62.69,25.688,0.16,46.01,15.57,4.067500000000001,4.690000000000001,0.0925049309664694,0.16,1,Q1,High,2025-11,2025-12,0,0,Mid-Recent,0,0,1,0.10950854700854702,4
53,Other,5,39,0,Referral,medium,Credit Card,Web,5,122.18,23.453658536585365,0.0975609756097561,23.03,15.5,3.985,3.66,0.1371300112401648,0.048780487804878,0,Q3,Low,2025-01,2025-12,1,1,Inactive,0,0,0,0.48344017094017094,0
18,Other,0,14,1,Partnership,medium,Credit Card,Web,5,140.71,22.363265306122447,0.2244897959183673,106.41,14.943333333333335,3.12,2.25,0.0207067918277194,0.1836734693877551,1,Q3,High,2025-08,2025-12,0,0,Mid-Recent,0,0,1,0.469017094017094,4
38,Male,2,31,1,Referral,high,Credit Card,Web,2,133.48,24.066666666666663,0.0909090909090909,60.47,20.33333333333333,0.176666666666667,1.629999999999999,0.0262479871175523,0.0909090909090909,1,Q3,Mid-High,2025-10,2025-12,1,1,Inactive,0,0,0,0.20619658119658119,0
32,Female,3,1,0,Ads,medium,Debit Card,iOS,4,56.260000000000005,27.890476190476196,0.1428571428571428,8.35,9.0,0.6500000000000004,0.0,0.0,0.0476190476190476,0,Q1,Low,2024-10,2025-11,0,0,Recent,0,0,1,0.2104700854700855,2
47,Male,5,0,0,Organic,high,Credit Card,iOS,7,141.45,22.871794871794872,0.282051282051282,82.46000000000001,14.882857142857144,3.1028571428571428,0.0,0.0,0.1794871794871795,1,Q3,High,2024-04,2025-11,0,0,Recent,0,0,1,0.5373931623931624,4
34,Other,4,14,0,Organic,low,Digital Wallet,Web,9,100.4,22.82790697674419,0.0465116279069767,36.98,21.0,2.5100000000000007,2.3599999999999994,0.0599898322318251,0.0465116279069767,0,Q2,Low,2023-01,2025-11,0,0,Mid-Recent,0,0,1,0.5822649572649573,2
32,Other,4,28,0,Partnership,medium,Cash,Web,2,72.24,25.14444444444444,0.1481481481481481,19.09,13.24,3.6950000000000007,4.1,0.1768003449762828,0.074074074074074,0,Q1,Mid-Low,2025-07,2025-12,1,0,Inactive,0,0,0,0.4583333333333333,0
54,Male,0,40,0,Organic,medium,Debit Card,Web,6,76.49,23.917241379310347,0.1034482758620689,39.85,15.926666666666668,2.643333333333333,2.72,0.0638947615691801,0.1034482758620689,1,Q1,Mid-High,2023-12,2025-11,1,1,Inactive,0,0,0,0.4946581196581197,0
35,Female,2,6,1,Partnership,medium,Credit Card,Web,5,143.43,26.801960784313728,0.196078431372549,86.6,17.44,0.1199999999999999,11.03,0.1129775683703779,0.0980392156862745,1,Q3,Mid-High,2025-06,2025-12,0,0,Recent,0,0,1,0.5261752136752137,4
27,Female,2,36,0,Organic,medium,Credit Card,iOS,7,88.43,29.40285714285714,0.2285714285714285,11.31,3.61,0.7825000000000001,3.92,0.2573867367038739,0.1142857142857142,1,Q1,Mid-High,2024-02,2025-12,1,1,Inactive,0,0,0,0.4091880341880342,0
20,Female,3,35,0,Referral,high,Debit Card,Android,6,197.73,26.31020408163265,0.1632653061224489,67.12,14.865,3.678333333333333,0.0,0.0,0.1224489795918367,1,Q4,High,2024-02,2025-10,1,1,Inactive,1,1,0,0.5592948717948718,3
60,Other,3,4,0,Ads,medium,Debit Card,iOS,6,59.76,23.75,0.2272727272727272,41.19,15.343333333333334,1.6133333333333333,4.4,0.0965123930686554,0.1363636363636363,1,Q1,High,2024-09,2025-11,0,0,Recent,0,0,1,0.22168803418803418,4
36,Male,4,7,0,Partnership,low,Digital Wallet,Web,3,128.47,23.747619047619047,0.2857142857142857,70.44,13.51,4.705,0.0,0.0,0.1904761904761904,1,Q3,High,2023-01,2025-10,0,0,Recent,0,0,1,0.2793803418803419,4
39,Male,6,8,0,Referral,medium,Cash,Android,2,191.61,27.63653846153846,0.1923076923076923,80.78,16.005714285714284,4.465714285714285,0.4899999999999997,0.0060292850990525,0.1346153846153846,1,Q4,High,2023-03,2025-12,0,0,Mid-Recent,1,0,1,0.5721153846153846,1
45,Male,1,11,0,Partnership,medium,Debit Card,Web,13,119.59,24.68541666666667,0.0625,16.24,19.0,2.7600000000000016,4.17,0.2043116119549241,0.0208333333333333,0,Q2,Low,2023-10,2025-12,0,0,Mid-Recent,0,0,1,0.4855769230769231,2
32,Other,1,27,0,Organic,medium,Debit Card,Web,7,112.48,24.713636363636365,0.2045454545454545,30.46,10.533333333333331,0.3799999999999999,0.0,0.0,0.0681818181818181,0,Q2,Mid-Low,2025-06,2025-12,1,0,Mid-Inactive,0,0,0,0.4754273504273504,0
29,Female,3,1,0,Partnership,medium,Digital Wallet,Android,1,66.22,25.3,0.1111111111111111,21.26,17.985,7.355,1.1999999999999993,0.0534283170080142,0.074074074074074,0,Q1,Mid-Low,2023-04,2025-12,0,0,Recent,0,0,1,0.4305555555555555,2
52,Male,4,28,0,Organic,medium,Credit Card,Android,2,173.94,25.034,0.14,67.24000000000001,17.0,0.1899999999999999,4.09,0.0573391279966353,0.08,0,Q4,Mid-Low,2024-02,2025-12,1,0,Inactive,1,1,0,0.3205128205128205,3
35,Other,4,0,0,Partnership,low,Digital Wallet,Android,2,117.59,22.978947368421053,0.2894736842105263,92.19,13.97875,2.455,2.969999999999999,0.0312105926860025,0.2105263157894736,1,Q2,High,2025-02,2025-12,0,0,Recent,0,0,1,0.2831196581196581,4
39,Female,3,20,0,Organic,medium,Cash,iOS,6,78.01,24.30625,0.28125,12.04,5.739999999999999,1.7266666666666666,1.9,0.1362984218077474,0.09375,1,Q1,Mid-High,2024-12,2025-12,1,0,Mid-Inactive,0,0,0,0.2019230769230769,4
54,Male,3,8,0,Referral,medium,Digital Wallet,Android,3,171.2,22.425,0.2083333333333333,57.98,10.474285714285712,2.191428571428572,3.5700000000000003,0.0580016246953696,0.1458333333333333,1,Q4,High,2025-01,2025-12,0,0,Mid-Recent,1,0,1,0.5272435897435896,1
20,Female,4,15,0,Referral,high,Credit Card,iOS,3,127.17,25.53793103448276,0.0689655172413793,0.0,0.0,0.0,0.0,0.0,0.0,0,Q3,Low,2025-04,2025-12,0,0,Mid-Inactive,0,0,0,0.4321581196581197,2
23,Male,8,0,0,Partnership,high,Credit Card,Web,8,237.28,26.544262295081968,0.1639344262295081,46.88,10.063333333333333,2.25,5.029999999999999,0.096898478135234,0.0983606557377049,1,Q4,Mid-High,2024-05,2025-12,0,0,Recent,1,0,1,0.31891025641025644,1
27,Female,3,7,0,Partnership,high,Cash,iOS,10,237.22,24.950819672131143,0.1967213114754098,82.33,14.141666666666666,0.4199999999999999,0.0,0.0,0.0983606557377049,1,Q4,Mid-High,2025-05,2025-12,0,0,Recent,1,0,1,0.6175213675213675,1
28,Other,5,21,1,Partnership,medium,Digital Wallet,iOS,4,131.76,23.9075,0.2,73.82,14.64,2.3366666666666664,1.21,0.0161268825803012,0.15,1,Q3,High,2025-09,2025-12,1,0,Mid-Inactive,0,0,0,0.29861111111111105,4
35,Other,3,1,0,Ads,medium,Credit Card,iOS,6,87.77,23.475757575757576,0.1515151515151515,11.14,9.0,3.43,3.379999999999999,0.2327823691460054,0.0606060606060606,0,Q1,Mid-Low,2024-10,2025-12,0,0,Recent,0,0,1,0.21314102564102563,2
29,Female,7,4,0,Organic,medium,Credit Card,iOS,2,170.17,24.51020408163265,0.2653061224489796,67.85,12.755714285714284,3.0628571428571427,0.2699999999999996,0.0039635936582501,0.1428571428571428,1,Q4,High,2024-12,2025-12,0,0,Recent,1,0,1,0.5870726495726496,1
44,Other,7,37,0,Referral,medium,Digital Wallet,iOS,12,199.3,25.649253731343283,0.1492537313432835,59.13,14.96,3.1340000000000003,0.8599999999999994,0.0143357226204367,0.0746268656716417,0,Q4,Mid-Low,2025-09,2025-12,1,1,Inactive,1,1,0,0.49732905982905984,3
31,Other,3,25,0,Organic,medium,Digital Wallet,Android,8,132.74,23.890196078431373,0.1568627450980392,71.85,11.301428571428572,1.0371428571428571,6.32,0.0808494307279007,0.1372549019607843,1,Q3,High,2024-03,2025-12,1,0,Mid-Inactive,0,0,0,0.6372863247863247,4
39,Male,0,36,0,Organic,medium,Credit Card,Android,4,24.71,23.481818181818184,0.1818181818181818,16.44,22.0,5.559999999999999,1.799999999999999,0.0986842105263157,0.0909090909090909,1,Q1,Mid-High,2025-05,2025-11,1,1,Inactive,0,0,0,0.3691239316239316,0
66,Female,0,42,1,Ads,high,Cash,Web,10,282.63,25.904,0.2,82.17,15.035714285714286,3.2971428571428567,2.129999999999999,0.0252669039145907,0.0933333333333333,1,Q4,Mid-High,2025-05,2025-12,1,1,Inactive,1,1,0,0.6912393162393162,3
21,Female,5,40,0,Referral,medium,Debit Card,Web,5,112.96,25.44473684210526,0.1842105263157894,44.790000000000006,11.112,2.1539999999999995,7.109999999999999,0.1369942196531791,0.131578947368421,1,Q2,High,2023-11,2025-10,1,1,Inactive,0,0,0,0.49839743589743585,0
21,Male,4,4,0,Organic,high,Debit Card,Android,5,212.12,25.72307692307692,0.0961538461538461,15.31,7.66,0.0049999999999996,2.200000000000001,0.125642490005711,0.0384615384615384,0,Q4,Low,2023-06,2025-12,0,0,Recent,1,0,1,0.5998931623931624,1
31,Other,4,1,0,Referral,high,Digital Wallet,Android,7,276.0,20.99333333333333,0.1,61.75,11.74,1.4483333333333333,5.640000000000001,0.083691942424692,0.1,1,Q4,Mid-High,2025-03,2025-12,0,0,Recent,1,0,1,0.3354700854700855,1
20,Male,3,20,1,Referral,medium,Digital Wallet,iOS,7,187.74,28.12962962962963,0.1111111111111111,24.07,11.333333333333334,3.31,1.09,0.043322734499205,0.0555555555555555,0,Q4,Low,2025-01,2025-12,1,0,Mid-Inactive,1,1,0,0.37232905982905984,3
52,Female,6,3,0,Ads,high,Digital Wallet,Web,12,276.75,24.09718309859155,0.1549295774647887,79.22,11.9825,2.08,8.79,0.0998750142029314,0.1126760563380281,1,Q4,Mid-High,2023-06,2025-12,0,0,Recent,1,0,1,0.5352564102564104,1
29,Other,3,15,0,Organic,medium,Debit Card,Android,7,74.55,25.37586206896552,0.2068965517241379,57.97,14.806,3.212,0.4199999999999999,0.0071930125021407,0.1724137931034483,1,Q1,High,2024-10,2025-11,0,0,Mid-Inactive,0,0,0,0.4946581196581197,4
39,Male,2,23,0,Organic,medium,Cash,iOS,3,103.04,26.686486486486487,0.1891891891891892,62.55,13.728,1.2180000000000002,12.29,0.1642169962586852,0.1351351351351351,1,Q2,High,2023-11,2025-12,1,0,Mid-Inactive,0,0,0,0.5357905982905983,4
21,Female,3,7,0,Referral,high,Credit Card,Android,5,198.4,24.416,0.18,40.38,10.985,0.8900000000000003,4.300000000000001,0.0962399283795882,0.08,0,Q4,Mid-Low,2025-02,2025-12,0,0,Recent,1,0,1,0.33440170940170943,1
45,Other,5,6,0,Referral,medium,Cash,Web,5,120.39,27.200000000000003,0.1463414634146341,47.33,14.89,3.0575,3.84,0.0750439710768028,0.0975609756097561,1,Q2,Mid-High,2025-09,2025-12,0,0,Recent,0,0,1,0.35149572649572647,4
48,Female,4,8,0,Ads,low,Cash,Web,6,142.25,23.690196078431374,0.0784313725490196,32.629999999999995,14.186666666666667,3.31,3.01,0.0844556677890011,0.0588235294117647,0,Q3,Mid-Low,2025-07,2025-12,0,0,Mid-Recent,0,0,1,0.3733974358974359,2
62,Other,9,49,1,Ads,medium,Debit Card,Web,8,166.49,22.998214285714287,0.125,44.77,15.173333333333332,0.2500000000000006,5.069999999999999,0.1017255216693418,0.0535714285714285,0,Q4,Low,2025-07,2025-12,1,1,Inactive,1,1,0,0.5892094017094017,3
37,Other,3,5,0,Ads,medium,Credit Card,iOS,6,88.52,26.377142857142857,0.2285714285714285,38.79,11.3175,1.6199999999999997,2.11,0.0515892420537897,0.1142857142857142,1,Q1,Mid-High,2025-01,2025-12,0,0,Recent,0,0,1,0.49252136752136755,4
49,Female,2,8,0,Ads,low,Digital Wallet,Android,6,71.57,26.914814814814815,0.1851851851851851,5.98,11.75,5.77,0.8400000000000003,0.1231671554252199,0.037037037037037,0,Q1,Low,2025-03,2025-12,0,0,Mid-Recent,0,0,1,0.1875,2
31,Male,6,18,0,Referral,high,Credit Card,Android,3,178.56,27.73333333333333,0.2619047619047619,91.28,13.772222222222222,3.63,7.24,0.073487616727568,0.2142857142857142,1,Q4,High,2023-02,2025-11,0,0,Mid-Inactive,1,0,0,0.6196581196581197,1
42,Female,3,23,0,Ads,medium,Cash,iOS,2,172.34,23.014,0.14,81.51,16.45,2.865,2.879999999999999,0.0341272662637753,0.12,1,Q4,High,2023-01,2025-11,1,0,Mid-Inactive,1,1,0,0.2927350427350427,3
24,Female,4,11,0,Ads,medium,Credit Card,Web,3,74.23,23.423076923076923,0.1153846153846153,40.96,17.583333333333332,3.93,0.0,0.0,0.1153846153846153,1,Q1,Mid-High,2025-05,2025-12,0,0,Mid-Recent,0,0,1,0.45405982905982906,4
60,Other,1,11,0,Ads,medium,Debit Card,Android,5,125.7,26.640476190476196,0.0952380952380952,20.6,16.0,5.7,1.0399999999999991,0.0480591497227356,0.0476190476190476,0,Q3,Low,2023-05,2025-11,0,0,Mid-Recent,0,0,1,0.3488247863247863,2
24,Male,4,20,0,Referral,medium,Credit Card,Web,7,78.28999999999999,27.58235294117647,0.1470588235294117,24.51,13.38,1.1249999999999996,3.93,0.1381856540084388,0.0588235294117647,0,Q1,Mid-Low,2024-11,2025-12,1,0,Mid-Inactive,0,0,0,0.2938034188034188,2
61,Male,0,40,0,Ads,low,Credit Card,Web,4,86.63,24.09705882352941,0.2058823529411764,61.46,20.0,4.635,4.970000000000001,0.0748155953635405,0.1176470588235294,1,Q1,High,2023-08,2025-10,1,1,Inactive,0,0,0,0.48130341880341876,0
53,Female,1,74,1,Ads,medium,Credit Card,iOS,7,63.33,26.338461538461537,0.1538461538461538,23.21,7.923333333333333,0.1866666666666664,0.0,0.0,0.1153846153846153,1,Q1,Mid-High,2025-05,2025-12,1,1,Inactive,0,0,0,0.25267094017094016,0
23,Female,5,25,0,Partnership,high,Debit Card,iOS,8,164.78,22.690243902439025,0.1463414634146341,44.88,16.439999999999998,5.220000000000001,1.1100000000000003,0.0241356816699282,0.0975609756097561,1,Q3,Mid-High,2024-09,2025-12,1,0,Mid-Inactive,0,0,0,0.5598290598290598,4
18,Female,2,29,0,Partnership,medium,Digital Wallet,Web,2,89.88,22.196153846153848,0.1923076923076923,2.77,4.76,1.99,0.0,0.0,0.0384615384615384,0,Q1,Low,2024-05,2025-12,1,0,Inactive,0,0,0,0.23878205128205127,0
68,Other,3,26,0,Organic,medium,Debit Card,iOS,3,80.45,24.948275862068964,0.1724137931034483,31.0,10.51,2.76,3.69,0.1063707120207552,0.1379310344827586,1,Q1,High,2024-03,2025-11,1,0,Mid-Inactive,0,0,0,0.452991452991453,4
55,Other,3,40,1,Organic,medium,Debit Card,Android,5,206.01,25.757894736842108,0.1929824561403508,32.55,13.253333333333332,2.403333333333333,3.51,0.0973377703826955,0.0526315789473684,0,Q4,Low,2024-04,2025-12,1,1,Inactive,1,1,0,0.4476495726495726,3
32,Male,2,45,0,Ads,high,Credit Card,Web,3,100.81,25.23636363636364,0.0454545454545454,11.33,11.75,0.4199999999999999,1.6999999999999993,0.1304681504221028,0.0454545454545454,0,Q2,Low,2025-05,2025-12,1,1,Inactive,0,0,0,0.3605769230769231,0
47,Female,2,13,0,Ads,medium,Credit Card,Android,4,136.28,25.375609756097564,0.1463414634146341,30.0,7.965,0.4649999999999994,4.15,0.1215226939970717,0.0975609756097561,1,Q3,Mid-High,2024-03,2025-11,0,0,Mid-Recent,0,0,1,0.29594017094017094,4
47,Male,2,2,0,Referral,low,Cash,iOS,4,84.65,26.687878787878788,0.1515151515151515,7.07,9.0,1.93,2.630000000000001,0.2711340206185567,0.0303030303030303,0,Q1,Low,2024-05,2025-12,0,0,Recent,0,0,1,0.3659188034188034,2
40,Male,4,12,0,Referral,high,Debit Card,iOS,6,227.64,24.816981132075476,0.2075471698113207,65.14,14.488333333333332,3.6316666666666655,1.049999999999999,0.0158634234778667,0.1132075471698113,1,Q4,Mid-High,2023-07,2025-11,0,0,Mid-Recent,1,0,1,0.7222222222222222,1
62,Male,1,3,0,Ads,low,Credit Card,Android,1,130.07,24.40232558139535,0.2093023255813953,103.28,24.6,3.944,9.83,0.0869065511449032,0.1162790697674418,1,Q3,Mid-High,2024-09,2025-12,0,0,Recent,0,0,1,0.4503205128205128,4
68,Male,5,6,0,Referral,medium,Digital Wallet,Web,8,93.49,25.71351351351351,0.1621621621621621,34.75,11.83,0.246666666666666,0.0,0.0,0.081081081081081,0,Q2,Mid-Low,2023-01,2025-10,0,0,Recent,0,0,1,0.37606837606837606,2
45,Male,2,10,0,Partnership,high,Debit Card,Web,6,248.33,24.38103448275862,0.1206896551724138,39.99,12.81,2.8125,1.7100000000000009,0.0410071942446043,0.0689655172413793,0,Q4,Mid-Low,2024-01,2025-12,0,0,Mid-Recent,1,0,1,0.5422008547008548,1
39,Other,3,10,1,Organic,medium,Cash,Web,5,121.72,22.170731707317078,0.1951219512195122,54.620000000000005,13.168,2.243999999999999,4.34,0.0736092265943012,0.1219512195121951,1,Q3,High,2025-04,2025-12,0,0,Mid-Recent,0,0,1,0.35149572649572647,4
28,Other,3,1,0,Partnership,low,Credit Card,Web,5,93.23,23.7125,0.15625,25.81,15.0,2.095,0.9299999999999996,0.0347793567688855,0.0625,0,Q2,Mid-Low,2024-06,2025-11,0,0,Recent,0,0,1,0.500534188034188,2
66,Female,1,37,1,Partnership,high,Debit Card,iOS,6,215.38,22.510909090909088,0.2181818181818181,70.12,12.66125,3.89625,6.039999999999999,0.0793067226890756,0.1454545454545454,1,Q4,High,2024-12,2025-12,1,1,Inactive,1,1,0,0.5710470085470085,3
42,Other,7,8,0,Partnership,medium,Debit Card,Web,10,106.1,24.6475,0.2,61.45,14.25,1.96,1.0500000000000005,0.0168,0.125,1,Q2,High,2023-10,2025-11,0,0,Mid-Recent,0,0,1,0.3194444444444444,4
39,Female,0,31,1,Referral,medium,Debit Card,iOS,3,61.99,22.495,0.3,41.13,12.2425,1.9599999999999995,0.0,0.0,0.2,1,Q1,High,2025-07,2025-12,1,1,Inactive,0,0,0,0.3173076923076923,0
28,Male,1,25,0,Ads,low,Debit Card,Web,6,96.17,26.71707317073171,0.1951219512195122,88.39999999999999,14.648571428571428,2.02,4.0,0.0432900432900432,0.1707317073170731,1,Q2,High,2024-01,2025-12,1,0,Mid-Inactive,0,0,0,0.5528846153846154,4
52,Male,2,16,0,Ads,medium,Debit Card,iOS,4,130.18,23.33076923076923,0.1538461538461538,23.46,11.533333333333331,3.713333333333333,4.699999999999999,0.166903409090909,0.0769230769230769,0,Q3,Mid-Low,2024-03,2025-12,0,0,Mid-Inactive,0,0,0,0.5373931623931624,2
23,Female,2,2,0,Partnership,medium,Digital Wallet,Web,6,127.13,24.45853658536585,0.0975609756097561,25.33,16.12,3.455,1.7699999999999996,0.0653136531365313,0.048780487804878,0,Q3,Low,2024-05,2025-12,0,0,Recent,0,0,1,0.5806623931623931,2
64,Male,2,12,0,Referral,medium,Cash,Android,10,259.26,27.42875,0.175,50.370000000000005,11.692,1.618,1.09,0.0211815001943256,0.0625,0,Q4,Mid-Low,2023-11,2025-12,0,0,Mid-Recent,1,0,1,0.4764957264957265,1
56,Other,0,63,1,Referral,medium,Debit Card,Web,9,124.04,25.26,0.1333333333333333,66.56,14.55,1.238,0.1799999999999997,0.0026970332634102,0.1111111111111111,1,Q3,Mid-High,2023-09,2025-12,1,1,Inactive,0,0,0,0.48664529914529914,0
26,Male,0,47,0,Referral,high,Digital Wallet,Web,8,405.22,24.167032967032966,0.1098901098901098,51.84,12.904,2.5360000000000005,11.52,0.1818181818181818,0.0549450549450549,0,Q4,Low,2023-08,2025-12,1,1,Inactive,1,1,0,0.5096153846153847,3
32,Male,3,1,0,Partnership,medium,Cash,Android,9,206.14,25.06153846153846,0.1538461538461538,37.6,10.303999999999998,2.784,0.8599999999999994,0.0223608944357774,0.0769230769230769,0,Q4,Mid-Low,2024-10,2025-12,0,0,Recent,1,0,1,0.5512820512820513,1
62,Male,4,1,0,Organic,medium,Debit Card,iOS,4,123.23,23.26111111111111,0.0555555555555555,13.96,9.0,2.0200000000000005,0.5300000000000002,0.0365769496204279,0.0555555555555555,0,Q3,Low,2023-05,2025-12,0,0,Recent,0,0,1,0.21207264957264957,2
50,Male,3,33,0,Organic,medium,Credit Card,Android,1,105.23,27.86428571428572,0.1071428571428571,0.0,0.0,0.0,0.0,0.0,0.0,0,Q2,Low,2025-05,2025-12,1,1,Inactive,0,0,0,0.26121794871794873,0
43,Male,3,9,0,Referral,medium,Digital Wallet,Web,2,112.07,24.78,0.0571428571428571,18.81,12.28,2.875,0.91,0.0461460446247464,0.0571428571428571,0,Q2,Low,2025-11,2025-12,0,0,Mid-Recent,0,0,1,0.1591880341880342,2
32,Female,1,27,0,Partnership,medium,Digital Wallet,Android,3,63.24,27.5625,0.3333333333333333,35.8,10.6575,1.7075000000000002,4.449999999999999,0.1105590062111801,0.1666666666666666,1,Q1,High,2023-02,2025-12,1,0,Mid-Inactive,0,0,0,0.4802350427350427,4
24,Other,1,33,0,Ads,medium,Credit Card,Web,1,44.64,26.12857142857143,0.2142857142857142,11.89,12.0,0.1099999999999994,0.6800000000000002,0.0540970564836913,0.0714285714285714,0,Q1,Mid-Low,2023-05,2025-09,1,1,Inactive,0,0,0,0.3680555555555556,0
59,Male,4,10,1,Partnership,high,Credit Card,Android,8,302.87,26.907894736842103,0.1578947368421052,56.41,10.95,1.548333333333333,5.989999999999999,0.0959935897435897,0.0789473684210526,0,Q4,Mid-Low,2024-06,2025-12,0,0,Mid-Recent,1,0,1,0.5010683760683761,1
42,Other,4,6,0,Ads,medium,Debit Card,iOS,7,117.22,21.85128205128205,0.0256410256410256,18.71,19.0,0.2899999999999991,2.789999999999999,0.129767441860465,0.0256410256410256,0,Q2,Low,2025-05,2025-12,0,0,Recent,0,0,1,0.4818376068376068,2
34,Male,4,1,0,Referral,high,Cash,Android,3,213.97,26.067346938775508,0.1632653061224489,85.65,19.165000000000003,4.89,0.0900000000000003,0.0010496850944716,0.1224489795918367,1,Q4,High,2024-07,2025-12,0,0,Recent,1,0,1,0.47596153846153844,1
27,Other,3,21,0,Ads,medium,Credit Card,Android,8,118.78,25.90526315789474,0.2105263157894736,69.19,22.06,4.762500000000001,0.0,0.0,0.1052631578947368,1,Q2,Mid-High,2024-04,2025-12,1,0,Mid-Inactive,0,0,0,0.49145299145299143,4
18,Other,1,50,1,Organic,low,Cash,Web,4,80.33,26.886206896551727,0.2068965517241379,41.49,17.76,3.93,0.2799999999999993,0.0067033756284414,0.1034482758620689,1,Q1,Mid-High,2025-06,2025-12,1,1,Inactive,0,0,0,0.202991452991453,0
44,Female,6,22,1,Referral,medium,Cash,iOS,7,112.87,24.560526315789478,0.2894736842105263,111.73,15.471111111111112,3.056666666666666,2.93,0.0255538112680969,0.2368421052631578,1,Q2,High,2025-04,2025-11,1,0,Mid-Inactive,0,0,0,0.5400641025641025,4
